ISO-10303-21;
HEADER;
FILE_DESCRIPTION (( 'STEP AP214' ),
    '1' );
FILE_NAME ('NMR_Mainboard.STEP',
    '2025-02-27T20:41:15',
    ( '' ),
    ( '' ),
    'SwSTEP 2.0',
    'SolidWorks 2024',
    '' );
FILE_SCHEMA (( 'AUTOMOTIVE_DESIGN' ));
ENDSEC;

DATA;
#1 = FACE_OUTER_BOUND ( 'NONE', #299, .T. ) ;
#2 = AXIS2_PLACEMENT_3D ( 'NONE', #338, #1376, #542 ) ;
#3 = MANIFOLD_SOLID_BREP ( 'Cut-Extrude2', #836 ) ;
#4 = ORIENTED_EDGE ( 'NONE', *, *, #370, .F. ) ;
#5 = CIRCLE ( 'NONE', #1141, 4.000000000000003553 ) ;
#6 = LINE ( 'NONE', #2365, #1997 ) ;
#7 = ADVANCED_FACE ( 'NONE', ( #481 ), #328, .F. ) ;
#8 = ADVANCED_FACE ( 'NONE', ( #2142 ), #1884, .T. ) ;
#9 = VECTOR ( 'NONE', #1063, 1000.000000000000000 ) ;
#10 = ORIENTED_EDGE ( 'NONE', *, *, #1878, .T. ) ;
#11 = DIRECTION ( 'NONE',  ( -1.000000000000000000, 0.000000000000000000, 1.734723475976808475E-15 ) ) ;
#12 = CIRCLE ( 'NONE', #1659, 1.500000000000001332 ) ;
#13 = CARTESIAN_POINT ( 'NONE',  ( -14.89231211737907046, 1.600000000000000089, 17.25026153596406786 ) ) ;
#14 = EDGE_LOOP ( 'NONE', ( #253, #2085, #816, #2333 ) ) ;
#15 = CIRCLE ( 'NONE', #889, 4.000000000000003553 ) ;
#16 = FACE_OUTER_BOUND ( 'NONE', #442, .T. ) ;
#17 = DIRECTION ( 'NONE',  ( 0.000000000000000000, -0.000000000000000000, -1.000000000000000000 ) ) ;
#18 = CARTESIAN_POINT ( 'NONE',  ( 92.30768788262092528, 9.600000000000001421, -71.74973846403592859 ) ) ;
#19 = EDGE_LOOP ( 'NONE', ( #2149, #1372 ) ) ;
#20 = DIRECTION ( 'NONE',  ( 0.000000000000000000, 0.000000000000000000, 1.000000000000000000 ) ) ;
#21 =( GEOMETRIC_REPRESENTATION_CONTEXT ( 3 ) GLOBAL_UNCERTAINTY_ASSIGNED_CONTEXT ( ( #2117 ) ) GLOBAL_UNIT_ASSIGNED_CONTEXT ( ( #1583, #1397, #592 ) ) REPRESENTATION_CONTEXT ( 'NONE', 'WORKASPACE' ) );
#22 = ORIENTED_EDGE ( 'NONE', *, *, #2092, .F. ) ;
#23 = DIRECTION ( 'NONE',  ( -0.000000000000000000, -1.000000000000000000, -0.000000000000000000 ) ) ;
#24 = AXIS2_PLACEMENT_3D ( 'NONE', #1309, #1269, #1483 ) ;
#25 = EDGE_CURVE ( 'NONE', #34, #2003, #492, .T. ) ;
#26 = DIRECTION ( 'NONE',  ( 0.000000000000000000, 1.000000000000000000, 0.000000000000000000 ) ) ;
#27 = EDGE_CURVE ( 'NONE', #1073, #695, #2206, .T. ) ;
#28 = VECTOR ( 'NONE', #2223, 1000.000000000000000 ) ;
#29 = CARTESIAN_POINT ( 'NONE',  ( 30.50768788262092457, 62.09999999999999432, -16.94973846403593143 ) ) ;
#30 = CARTESIAN_POINT ( 'NONE',  ( 57.30768788262092528, 9.600000000000001421, -71.74973846403592859 ) ) ;
#31 = FACE_OUTER_BOUND ( 'NONE', #2190, .T. ) ;
#32 = VERTEX_POINT ( 'NONE', #1909 ) ;
#33 = DIRECTION ( 'NONE',  ( 0.000000000000000000, -1.000000000000000000, 0.000000000000000000 ) ) ;
#34 = VERTEX_POINT ( 'NONE', #2548 ) ;
#35 = DIRECTION ( 'NONE',  ( -1.000000000000000000, 0.000000000000000000, 0.000000000000000000 ) ) ;
#36 = DIRECTION ( 'NONE',  ( 1.000000000000000000, 0.000000000000000000, -0.000000000000000000 ) ) ;
#37 = CARTESIAN_POINT ( 'NONE',  ( 124.8076878826209253, 1.600000000000000089, -71.74973846403592859 ) ) ;
#38 = EDGE_CURVE ( 'NONE', #1598, #1349, #1937, .T. ) ;
#39 = DIRECTION ( 'NONE',  ( -1.000000000000000000, 0.000000000000000000, 0.000000000000000000 ) ) ;
#40 = LINE ( 'NONE', #1666, #622 ) ;
#41 = ORIENTED_EDGE ( 'NONE', *, *, #2033, .T. ) ;
#42 = DIRECTION ( 'NONE',  ( 0.000000000000000000, -0.000000000000000000, 1.000000000000000000 ) ) ;
#43 = EDGE_LOOP ( 'NONE', ( #302, #280, #932, #1294 ) ) ;
#44 = AXIS2_PLACEMENT_3D ( 'NONE', #1393, #2589, #978 ) ;
#45 = DIRECTION ( 'NONE',  ( 1.000000000000000000, 0.000000000000000000, 0.000000000000000000 ) ) ;
#46 = CARTESIAN_POINT ( 'NONE',  ( -14.89231211737907579, 1.600000000000000089, -71.74973846403592859 ) ) ;
#47 = AXIS2_PLACEMENT_3D ( 'NONE', #2343, #913, #1726 ) ;
#48 = LINE ( 'NONE', #834, #67 ) ;
#49 = AXIS2_PLACEMENT_3D ( 'NONE', #2347, #2334, #1680 ) ;
#50 = CARTESIAN_POINT ( 'NONE',  ( -14.89231211737907046, 1.600000000000000089, 17.25026153596406786 ) ) ;
#51 = EDGE_CURVE ( 'NONE', #741, #1745, #412, .T. ) ;
#52 = EDGE_CURVE ( 'NONE', #1596, #2536, #1522, .T. ) ;
#53 = DIRECTION ( 'NONE',  ( -0.000000000000000000, 1.000000000000000000, -0.000000000000000000 ) ) ;
#54 = VERTEX_POINT ( 'NONE', #503 ) ;
#55 = DIRECTION ( 'NONE',  ( 0.000000000000000000, 1.000000000000000000, 0.000000000000000000 ) ) ;
#56 = ORIENTED_EDGE ( 'NONE', *, *, #27, .T. ) ;
#57 = ORIENTED_EDGE ( 'NONE', *, *, #1840, .T. ) ;
#58 = CYLINDRICAL_SURFACE ( 'NONE', #2556, 4.000000000000003553 ) ;
#59 = DIRECTION ( 'NONE',  ( -1.000000000000000000, 0.000000000000000000, 0.000000000000000000 ) ) ;
#60 = AXIS2_PLACEMENT_3D ( 'NONE', #733, #1175, #1351 ) ;
#61 = CARTESIAN_POINT ( 'NONE',  ( -10.29231211737907614, -0.3999999999999999667, 11.15026153596406644 ) ) ;
#62 = VECTOR ( 'NONE', #1828, 1000.000000000000000 ) ;
#63 = DIRECTION ( 'NONE',  ( 0.000000000000000000, 1.000000000000000000, 0.000000000000000000 ) ) ;
#64 = CARTESIAN_POINT ( 'NONE',  ( -14.89231211737907046, 1.600000000000000089, 17.25026153596406786 ) ) ;
#65 = ORIENTED_EDGE ( 'NONE', *, *, #429, .T. ) ;
#66 = ADVANCED_FACE ( 'NONE', ( #1310 ), #2351, .F. ) ;
#67 = VECTOR ( 'NONE', #2424, 1000.000000000000000 ) ;
#68 = CARTESIAN_POINT ( 'NONE',  ( -10.29231211737907614, 1.600000000000000089, 14.15026153596406822 ) ) ;
#69 = VERTEX_POINT ( 'NONE', #1737 ) ;
#70 = EDGE_CURVE ( 'NONE', #1671, #777, #517, .T. ) ;
#71 = EDGE_LOOP ( 'NONE', ( #2164, #1780, #1880, #1112 ) ) ;
#72 = FACE_OUTER_BOUND ( 'NONE', #1390, .T. ) ;
#73 = DIRECTION ( 'NONE',  ( -0.000000000000000000, -1.000000000000000000, -0.000000000000000000 ) ) ;
#74 = CARTESIAN_POINT ( 'NONE',  ( -14.89231211737907579, 0.000000000000000000, -71.74973846403592859 ) ) ;
#75 = DIRECTION ( 'NONE',  ( 1.000000000000000000, 0.000000000000000000, -0.000000000000000000 ) ) ;
#76 = DIRECTION ( 'NONE',  ( -0.000000000000000000, -1.000000000000000000, -0.000000000000000000 ) ) ;
#77 = CARTESIAN_POINT ( 'NONE',  ( 24.00768788262092102, 11.09999999999999964, 13.25026153596406786 ) ) ;
#78 = ORIENTED_EDGE ( 'NONE', *, *, #444, .F. ) ;
#79 = CARTESIAN_POINT ( 'NONE',  ( 88.30768788262091107, 5.600000000000000533, -81.24973846403592859 ) ) ;
#80 = VERTEX_POINT ( 'NONE', #669 ) ;
#81 = EDGE_LOOP ( 'NONE', ( #465, #463, #2247, #2032 ) ) ;
#82 = DIRECTION ( 'NONE',  ( -0.000000000000000000, -0.000000000000000000, -1.000000000000000000 ) ) ;
#83 =( NAMED_UNIT ( * ) PLANE_ANGLE_UNIT ( ) SI_UNIT ( $, .RADIAN. ) );
#84 = CARTESIAN_POINT ( 'NONE',  ( 1.307687882620922615, 1.600000000000000089, 9.250261535964067861 ) ) ;
#85 = EDGE_CURVE ( 'NONE', #2158, #2047, #1435, .T. ) ;
#86 = EDGE_CURVE ( 'NONE', #540, #54, #1087, .T. ) ;
#87 = AXIS2_PLACEMENT_3D ( 'NONE', #797, #1030, #17 ) ;
#88 = LINE ( 'NONE', #1702, #769 ) ;
#89 = PLANE ( 'NONE',  #925 ) ;
#90 = CARTESIAN_POINT ( 'NONE',  ( 57.30768788262092528, 9.600000000000001421, -71.74973846403592859 ) ) ;
#91 = AXIS2_PLACEMENT_3D ( 'NONE', #617, #1431, #416 ) ;
#92 = ORIENTED_EDGE ( 'NONE', *, *, #1457, .T. ) ;
#93 = VECTOR ( 'NONE', #2585, 1000.000000000000000 ) ;
#94 = DIRECTION ( 'NONE',  ( -1.000000000000000000, 0.000000000000000000, 2.668805347656626185E-16 ) ) ;
#95 = EDGE_LOOP ( 'NONE', ( #405, #2375, #1108 ) ) ;
#96 = VERTEX_POINT ( 'NONE', #1698 ) ;
#97 = DIRECTION ( 'NONE',  ( -0.000000000000000000, -0.000000000000000000, 1.000000000000000000 ) ) ;
#98 =( LENGTH_UNIT ( ) NAMED_UNIT ( * ) SI_UNIT ( .MILLI., .METRE. ) );
#99 = PLANE ( 'NONE',  #1995 ) ;
#100 = EDGE_CURVE ( 'NONE', #531, #540, #2510, .T. ) ;
#101 = CARTESIAN_POINT ( 'NONE',  ( 39.80768788262092528, 9.600000000000001421, -71.74973846403592859 ) ) ;
#102 = VECTOR ( 'NONE', #2100, 1000.000000000000000 ) ;
#103 = FACE_BOUND ( 'NONE', #1155, .T. ) ;
#104 = CARTESIAN_POINT ( 'NONE',  ( 74.80768788262092528, 1.600000000000000089, -63.74973846403592148 ) ) ;
#105 = VECTOR ( 'NONE', #2038, 1000.000000000000000 ) ;
#106 = ORIENTED_EDGE ( 'NONE', *, *, #2275, .T. ) ;
#107 = FACE_OUTER_BOUND ( 'NONE', #545, .T. ) ;
#108 = VERTEX_POINT ( 'NONE', #2315 ) ;
#109 = ORIENTED_EDGE ( 'NONE', *, *, #115, .T. ) ;
#110 = LINE ( 'NONE', #1497, #1115 ) ;
#111 = DIRECTION ( 'NONE',  ( 0.000000000000000000, 0.000000000000000000, 1.000000000000000000 ) ) ;
#112 = CARTESIAN_POINT ( 'NONE',  ( 14.82609412710778329, 11.09999999999999964, 9.250261535964067861 ) ) ;
#113 = LINE ( 'NONE', #1901, #822 ) ;
#114 = ADVANCED_FACE ( 'NONE', ( #1806 ), #1594, .F. ) ;
#115 = EDGE_CURVE ( 'NONE', #123, #741, #2194, .T. ) ;
#116 = ORIENTED_EDGE ( 'NONE', *, *, #290, .F. ) ;
#117 = DIRECTION ( 'NONE',  ( 0.000000000000000000, 0.000000000000000000, -1.000000000000000000 ) ) ;
#118 = VERTEX_POINT ( 'NONE', #1192 ) ;
#119 = ORIENTED_EDGE ( 'NONE', *, *, #2064, .T. ) ;
#120 = LINE ( 'NONE', #1883, #601 ) ;
#121 = DIRECTION ( 'NONE',  ( 0.000000000000000000, -1.000000000000000000, 0.000000000000000000 ) ) ;
#122 = DIRECTION ( 'NONE',  ( 0.000000000000000000, 1.000000000000000000, 0.000000000000000000 ) ) ;
#123 = VERTEX_POINT ( 'NONE', #368 ) ;
#124 = EDGE_LOOP ( 'NONE', ( #2429, #2395, #2293, #1681 ) ) ;
#125 = CARTESIAN_POINT ( 'NONE',  ( 124.8076878826209395, 21.60000000000000142, 7.250261535964062531 ) ) ;
#126 = CARTESIAN_POINT ( 'NONE',  ( -14.89231211737907046, 1.600000000000000089, 17.25026153596406786 ) ) ;
#127 = ORIENTED_EDGE ( 'NONE', *, *, #986, .F. ) ;
#128 = ADVANCED_FACE ( 'NONE', ( #1176 ), #1382, .T. ) ;
#129 = ADVANCED_FACE ( 'NONE', ( #2604 ), #380, .T. ) ;
#130 = CARTESIAN_POINT ( 'NONE',  ( 14.30768788262091995, 5.600000000000001421, -81.24973846403592859 ) ) ;
#131 = ORIENTED_EDGE ( 'NONE', *, *, #414, .F. ) ;
#132 = VECTOR ( 'NONE', #1890, 1000.000000000000000 ) ;
#133 = EDGE_LOOP ( 'NONE', ( #1692, #78, #782, #2295 ) ) ;
#134 = CARTESIAN_POINT ( 'NONE',  ( 45.30768788262091817, 11.09999999999999964, -55.74973846403592148 ) ) ;
#135 = LINE ( 'NONE', #993, #876 ) ;
#136 = FACE_OUTER_BOUND ( 'NONE', #133, .T. ) ;
#137 = EDGE_LOOP ( 'NONE', ( #131, #1734, #1219 ) ) ;
#138 = ORIENTED_EDGE ( 'NONE', *, *, #2307, .F. ) ;
#139 = PLANE ( 'NONE',  #415 ) ;
#140 = DIRECTION ( 'NONE',  ( 0.000000000000000000, 1.000000000000000000, 0.000000000000000000 ) ) ;
#141 = ORIENTED_EDGE ( 'NONE', *, *, #1851, .T. ) ;
#142 = VECTOR ( 'NONE', #1074, 1000.000000000000000 ) ;
#143 = CARTESIAN_POINT ( 'NONE',  ( 14.82609412710778329, 1.600000000000000089, 9.250261535964067861 ) ) ;
#144 = EDGE_CURVE ( 'NONE', #2003, #2086, #1991, .T. ) ;
#145 = ORIENTED_EDGE ( 'NONE', *, *, #1767, .T. ) ;
#146 = CARTESIAN_POINT ( 'NONE',  ( 24.00768788262092102, 1.600000000000000089, -10.44973846403593143 ) ) ;
#147 = APPLICATION_CONTEXT ( 'automotive_design' ) ;
#148 = CARTESIAN_POINT ( 'NONE',  ( 57.30768788262092528, 1.600000000000000089, -71.74973846403592859 ) ) ;
#149 = DIRECTION ( 'NONE',  ( -0.000000000000000000, -0.000000000000000000, 1.000000000000000000 ) ) ;
#150 = EDGE_CURVE ( 'NONE', #1333, #228, #1165, .T. ) ;
#151 = EDGE_CURVE ( 'NONE', #2559, #2047, #788, .T. ) ;
#152 = AXIS2_PLACEMENT_3D ( 'NONE', #1288, #2105, #2148 ) ;
#153 = ORIENTED_EDGE ( 'NONE', *, *, #835, .T. ) ;
#154 = CARTESIAN_POINT ( 'NONE',  ( -14.89231211737907579, 1.600000000000000089, -71.74973846403592859 ) ) ;
#155 = VERTEX_POINT ( 'NONE', #178 ) ;
#156 = CARTESIAN_POINT ( 'NONE',  ( 17.50768788262092102, 62.09999999999999432, -16.94973846403593143 ) ) ;
#157 = ORIENTED_EDGE ( 'NONE', *, *, #2565, .T. ) ;
#158 = LINE ( 'NONE', #2584, #1777 ) ;
#159 = CARTESIAN_POINT ( 'NONE',  ( 49.30768788262092528, 9.600000000000001421, -63.74973846403592148 ) ) ;
#160 = ORIENTED_EDGE ( 'NONE', *, *, #1380, .T. ) ;
#161 = CARTESIAN_POINT ( 'NONE',  ( 0.000000000000000000, 9.600000000000001421, 0.000000000000000000 ) ) ;
#162 = LINE ( 'NONE', #570, #2075 ) ;
#163 = DIRECTION ( 'NONE',  ( 0.000000000000000000, 0.000000000000000000, 1.000000000000000000 ) ) ;
#164 = ORIENTED_EDGE ( 'NONE', *, *, #1538, .F. ) ;
#165 = DIRECTION ( 'NONE',  ( -1.000000000000000000, 0.000000000000000000, -0.000000000000000000 ) ) ;
#166 = EDGE_CURVE ( 'NONE', #2418, #1121, #135, .T. ) ;
#167 = ADVANCED_FACE ( 'NONE', ( #1564 ), #2392, .T. ) ;
#168 = ADVANCED_FACE ( 'NONE', ( #2415 ), #734, .F. ) ;
#169 = ORIENTED_EDGE ( 'NONE', *, *, #2110, .F. ) ;
#170 = LINE ( 'NONE', #335, #1540 ) ;
#171 = EDGE_LOOP ( 'NONE', ( #2407, #2555, #106, #1796 ) ) ;
#172 = LINE ( 'NONE', #1418, #2163 ) ;
#173 = LINE ( 'NONE', #376, #1699 ) ;
#174 = CIRCLE ( 'NONE', #216, 4.000000000000000000 ) ;
#175 = ORIENTED_EDGE ( 'NONE', *, *, #1427, .F. ) ;
#176 = VECTOR ( 'NONE', #2299, 1000.000000000000000 ) ;
#177 = DIRECTION ( 'NONE',  ( 0.000000000000000000, 0.000000000000000000, 1.000000000000000000 ) ) ;
#178 = CARTESIAN_POINT ( 'NONE',  ( 95.80768788262093949, 21.60000000000000142, 7.250261535964066972 ) ) ;
#179 = PLANE ( 'NONE',  #2043 ) ;
#180 = VECTOR ( 'NONE', #518, 1000.000000000000000 ) ;
#181 = ORIENTED_EDGE ( 'NONE', *, *, #902, .F. ) ;
#182 = ORIENTED_EDGE ( 'NONE', *, *, #2275, .F. ) ;
#183 = EDGE_CURVE ( 'NONE', #1903, #2607, #1763, .T. ) ;
#184 = DIRECTION ( 'NONE',  ( 0.000000000000000000, 0.000000000000000000, 1.000000000000000000 ) ) ;
#185 = ORIENTED_EDGE ( 'NONE', *, *, #1342, .T. ) ;
#186 = CARTESIAN_POINT ( 'NONE',  ( 92.30768788262092528, 1.600000000000000089, -71.74973846403592859 ) ) ;
#187 = ORIENTED_EDGE ( 'NONE', *, *, #86, .F. ) ;
#188 = DIRECTION ( 'NONE',  ( 0.000000000000000000, 1.000000000000000000, 0.000000000000000000 ) ) ;
#189 = CARTESIAN_POINT ( 'NONE',  ( 74.80768788262092528, 9.600000000000001421, -71.74973846403592859 ) ) ;
#190 = CYLINDRICAL_SURFACE ( 'NONE', #2380, 4.000000000000003553 ) ;
#191 = VERTEX_POINT ( 'NONE', #2183 ) ;
#192 = SHAPE_DEFINITION_REPRESENTATION ( #1525, #1392 ) ;
#193 = CARTESIAN_POINT ( 'NONE',  ( 101.8076878826209253, -0.3999999999999999667, -66.94973846403593143 ) ) ;
#194 = VERTEX_POINT ( 'NONE', #2562 ) ;
#195 = AXIS2_PLACEMENT_3D ( 'NONE', #235, #2028, #2445 ) ;
#196 = PLANE ( 'NONE',  #1116 ) ;
#197 = ORIENTED_EDGE ( 'NONE', *, *, #1653, .T. ) ;
#198 = CARTESIAN_POINT ( 'NONE',  ( 88.30768788262091107, 5.600000000000000533, -81.24973846403592859 ) ) ;
#199 = EDGE_CURVE ( 'NONE', #695, #2167, #162, .T. ) ;
#200 = LINE ( 'NONE', #1225, #1859 ) ;
#201 = APPLICATION_CONTEXT ( 'automotive_design' ) ;
#202 = VERTEX_POINT ( 'NONE', #358 ) ;
#203 = DIRECTION ( 'NONE',  ( 0.000000000000000000, 0.000000000000000000, 1.000000000000000000 ) ) ;
#204 = ORIENTED_EDGE ( 'NONE', *, *, #1215, .F. ) ;
#205 = FACE_OUTER_BOUND ( 'NONE', #1174, .T. ) ;
#206 = CARTESIAN_POINT ( 'NONE',  ( 30.50768788262092812, 62.09999999999999432, -3.949738464035928764 ) ) ;
#207 = CARTESIAN_POINT ( 'NONE',  ( -14.89231211737907579, 1.600000000000000089, -71.74973846403592859 ) ) ;
#208 = EDGE_LOOP ( 'NONE', ( #2238, #116, #2451, #2268 ) ) ;
#209 = CARTESIAN_POINT ( 'NONE',  ( -10.29231211737907614, 0.000000000000000000, -66.94973846403593143 ) ) ;
#210 = AXIS2_PLACEMENT_3D ( 'NONE', #1464, #53, #2256 ) ;
#211 = DIRECTION ( 'NONE',  ( 0.000000000000000000, 0.000000000000000000, 1.000000000000000000 ) ) ;
#212 = DIRECTION ( 'NONE',  ( 0.000000000000000000, 1.000000000000000000, 0.000000000000000000 ) ) ;
#213 = VECTOR ( 'NONE', #1950, 1000.000000000000000 ) ;
#214 = VERTEX_POINT ( 'NONE', #588 ) ;
#215 = EDGE_CURVE ( 'NONE', #2536, #355, #1549, .T. ) ;
#216 = AXIS2_PLACEMENT_3D ( 'NONE', #1003, #1812, #2242 ) ;
#217 = DIRECTION ( 'NONE',  ( -0.000000000000000000, -1.000000000000000000, -0.000000000000000000 ) ) ;
#218 = VERTEX_POINT ( 'NONE', #1353 ) ;
#219 = CYLINDRICAL_SURFACE ( 'NONE', #1498, 4.000000000000000000 ) ;
#220 = VECTOR ( 'NONE', #2269, 1000.000000000000000 ) ;
#221 = DIRECTION ( 'NONE',  ( 1.000000000000000000, 0.000000000000000000, 0.000000000000000000 ) ) ;
#222 = FACE_OUTER_BOUND ( 'NONE', #225, .T. ) ;
#223 = DIRECTION ( 'NONE',  ( -1.000000000000000000, -0.000000000000000000, -0.000000000000000000 ) ) ;
#224 = DIRECTION ( 'NONE',  ( 0.000000000000000000, 0.000000000000000000, 1.000000000000000000 ) ) ;
#225 = EDGE_LOOP ( 'NONE', ( #1756, #2213, #892, #1868, #549 ) ) ;
#226 = CARTESIAN_POINT ( 'NONE',  ( 49.30768788262092528, 9.600000000000001421, -71.74973846403592859 ) ) ;
#227 = EDGE_CURVE ( 'NONE', #752, #1761, #723, .T. ) ;
#228 = VERTEX_POINT ( 'NONE', #1966 ) ;
#229 = DIRECTION ( 'NONE',  ( 0.000000000000000000, 0.000000000000000000, -1.000000000000000000 ) ) ;
#230 = AXIS2_PLACEMENT_3D ( 'NONE', #146, #1381, #2182 ) ;
#231 = DIRECTION ( 'NONE',  ( 0.000000000000000000, 0.000000000000000000, -1.000000000000000000 ) ) ;
#232 = EDGE_CURVE ( 'NONE', #228, #1264, #962, .T. ) ;
#233 = ADVANCED_FACE ( 'NONE', ( #746 ), #1250, .F. ) ;
#234 = AXIS2_PLACEMENT_3D ( 'NONE', #2452, #229, #2239 ) ;
#235 = CARTESIAN_POINT ( 'NONE',  ( 45.30768788262091817, 1.600000000000000089, -51.74973846403592148 ) ) ;
#236 = AXIS2_PLACEMENT_3D ( 'NONE', #126, #349, #2000 ) ;
#237 = DIRECTION ( 'NONE',  ( 0.000000000000000000, 0.000000000000000000, -1.000000000000000000 ) ) ;
#238 = DIRECTION ( 'NONE',  ( -1.000000000000000000, 0.000000000000000000, 1.734723475976808475E-15 ) ) ;
#239 = ORIENTED_EDGE ( 'NONE', *, *, #1002, .T. ) ;
#240 = CARTESIAN_POINT ( 'NONE',  ( -6.692312117379077385, 1.600000000000000089, 9.250261535964067861 ) ) ;
#241 = VERTEX_POINT ( 'NONE', #802 ) ;
#242 = FACE_OUTER_BOUND ( 'NONE', #2202, .T. ) ;
#243 = CARTESIAN_POINT ( 'NONE',  ( 70.80768788262092528, 5.600000000000000533, -71.74973846403592859 ) ) ;
#244 = AXIS2_PLACEMENT_3D ( 'NONE', #2402, #2205, #379 ) ;
#245 = EDGE_CURVE ( 'NONE', #677, #694, #794, .T. ) ;
#246 = EDGE_CURVE ( 'NONE', #850, #1869, #2285, .T. ) ;
#247 = LINE ( 'NONE', #2623, #2475 ) ;
#248 = LINE ( 'NONE', #2045, #1735 ) ;
#249 = DIRECTION ( 'NONE',  ( -1.000000000000000000, 0.000000000000000000, 0.000000000000000000 ) ) ;
#250 = VERTEX_POINT ( 'NONE', #1959 ) ;
#251 = CARTESIAN_POINT ( 'NONE',  ( 0.000000000000000000, 21.60000000000000142, 0.000000000000000000 ) ) ;
#252 = ORIENTED_EDGE ( 'NONE', *, *, #246, .T. ) ;
#253 = ORIENTED_EDGE ( 'NONE', *, *, #258, .F. ) ;
#254 = FACE_OUTER_BOUND ( 'NONE', #2361, .T. ) ;
#255 = LINE ( 'NONE', #46, #9 ) ;
#256 = VECTOR ( 'NONE', #698, 1000.000000000000000 ) ;
#257 = PLANE ( 'NONE',  #1324 ) ;
#258 = EDGE_CURVE ( 'NONE', #947, #2546, #352, .T. ) ;
#259 = VECTOR ( 'NONE', #628, 1000.000000000000000 ) ;
#260 = FACE_BOUND ( 'NONE', #1799, .T. ) ;
#261 = DIRECTION ( 'NONE',  ( -1.000000000000000000, -0.000000000000000000, -0.000000000000000000 ) ) ;
#262 = VERTEX_POINT ( 'NONE', #364 ) ;
#263 = CARTESIAN_POINT ( 'NONE',  ( -10.29231211737907614, 0.000000000000000000, 12.65026153596406822 ) ) ;
#264 = ORIENTED_EDGE ( 'NONE', *, *, #1877, .F. ) ;
#265 = ORIENTED_EDGE ( 'NONE', *, *, #1686, .T. ) ;
#266 = DIRECTION ( 'NONE',  ( 1.000000000000000000, 0.000000000000000000, 0.000000000000000000 ) ) ;
#267 = DIRECTION ( 'NONE',  ( -1.000000000000000000, -0.000000000000000000, -0.000000000000000000 ) ) ;
#268 = CIRCLE ( 'NONE', #24, 4.000000000000000000 ) ;
#269 = LINE ( 'NONE', #1472, #2264 ) ;
#270 = VECTOR ( 'NONE', #767, 1000.000000000000000 ) ;
#271 = CIRCLE ( 'NONE', #426, 4.000000000000000000 ) ;
#272 = DIRECTION ( 'NONE',  ( 1.000000000000000000, 0.000000000000000000, -0.000000000000000000 ) ) ;
#273 = DIRECTION ( 'NONE',  ( 1.000000000000000000, -0.000000000000000000, -1.734723475976808475E-15 ) ) ;
#274 = AXIS2_PLACEMENT_3D ( 'NONE', #1078, #1107, #2539 ) ;
#275 = ORIENTED_EDGE ( 'NONE', *, *, #1341, .T. ) ;
#276 = EDGE_CURVE ( 'NONE', #1826, #531, #158, .T. ) ;
#277 = ADVANCED_FACE ( 'NONE', ( #758 ), #1575, .F. ) ;
#278 = CARTESIAN_POINT ( 'NONE',  ( 57.30768788262092528, 1.600000000000000089, -71.74973846403592859 ) ) ;
#279 = ORIENTED_EDGE ( 'NONE', *, *, #1051, .F. ) ;
#280 = ORIENTED_EDGE ( 'NONE', *, *, #245, .F. ) ;
#281 = DIRECTION ( 'NONE',  ( -1.000000000000000000, 0.000000000000000000, 0.000000000000000000 ) ) ;
#282 = DIRECTION ( 'NONE',  ( -0.000000000000000000, -1.000000000000000000, -0.000000000000000000 ) ) ;
#283 = CARTESIAN_POINT ( 'NONE',  ( 31.80768788262092173, 9.600000000000001421, -71.74973846403592859 ) ) ;
#284 = CARTESIAN_POINT ( 'NONE',  ( 17.50768788262092102, 62.09999999999999432, -16.94973846403593143 ) ) ;
#285 = CARTESIAN_POINT ( 'NONE',  ( 1.307687882620922615, 1.600000000000000089, 17.25026153596406786 ) ) ;
#286 = LINE ( 'NONE', #1691, #992 ) ;
#287 = ORIENTED_EDGE ( 'NONE', *, *, #166, .T. ) ;
#288 = PLANE ( 'NONE',  #590 ) ;
#289 = ORIENTED_EDGE ( 'NONE', *, *, #2494, .T. ) ;
#290 = EDGE_CURVE ( 'NONE', #2621, #355, #172, .T. ) ;
#291 = ORIENTED_EDGE ( 'NONE', *, *, #386, .T. ) ;
#292 = LINE ( 'NONE', #1469, #2091 ) ;
#293 = DIRECTION ( 'NONE',  ( 0.000000000000000000, 0.000000000000000000, 1.000000000000000000 ) ) ;
#294 = VECTOR ( 'NONE', #2233, 1000.000000000000000 ) ;
#295 = DIRECTION ( 'NONE',  ( -0.000000000000000000, 1.000000000000000000, -0.000000000000000000 ) ) ;
#296 = CARTESIAN_POINT ( 'NONE',  ( 1.307687882620922615, 9.600000000000001421, 17.25026153596406786 ) ) ;
#297 = DIRECTION ( 'NONE',  ( -1.000000000000000000, 0.000000000000000000, 0.000000000000000000 ) ) ;
#298 = AXIS2_PLACEMENT_3D ( 'NONE', #693, #94, #1334 ) ;
#299 = EDGE_LOOP ( 'NONE', ( #1171, #1923, #2011, #1328 ) ) ;
#300 = CARTESIAN_POINT ( 'NONE',  ( -14.89231211737907579, 1.600000000000000089, -71.74973846403592859 ) ) ;
#301 = ORIENTED_EDGE ( 'NONE', *, *, #1687, .T. ) ;
#302 = ORIENTED_EDGE ( 'NONE', *, *, #658, .F. ) ;
#303 = CYLINDRICAL_SURFACE ( 'NONE', #351, 4.000000000000000000 ) ;
#304 = LINE ( 'NONE', #2549, #382 ) ;
#305 = EDGE_CURVE ( 'NONE', #941, #1316, #2410, .T. ) ;
#306 = CIRCLE ( 'NONE', #2228, 1.500000000000001332 ) ;
#307 = PLANE ( 'NONE',  #2076 ) ;
#308 = DIRECTION ( 'NONE',  ( 1.000000000000000000, 0.000000000000000000, 0.000000000000000000 ) ) ;
#309 = ORIENTED_EDGE ( 'NONE', *, *, #1438, .T. ) ;
#310 = PLANE ( 'NONE',  #974 ) ;
#311 = AXIS2_PLACEMENT_3D ( 'NONE', #1238, #814, #838 ) ;
#312 = ORIENTED_EDGE ( 'NONE', *, *, #51, .F. ) ;
#313 = ORIENTED_EDGE ( 'NONE', *, *, #2064, .F. ) ;
#314 = CIRCLE ( 'NONE', #2145, 4.000000000000000000 ) ;
#315 = LINE ( 'NONE', #1936, #142 ) ;
#316 = DIRECTION ( 'NONE',  ( 0.000000000000000000, 0.000000000000000000, -1.000000000000000000 ) ) ;
#317 = DIRECTION ( 'NONE',  ( 0.000000000000000000, 0.000000000000000000, 1.000000000000000000 ) ) ;
#318 = ORIENTED_EDGE ( 'NONE', *, *, #1290, .F. ) ;
#319 = EDGE_CURVE ( 'NONE', #202, #1375, #2438, .T. ) ;
#320 = ADVANCED_FACE ( 'NONE', ( #837 ), #1831, .F. ) ;
#321 = CARTESIAN_POINT ( 'NONE',  ( -10.29231211737907614, 0.000000000000000000, 11.15026153596406644 ) ) ;
#322 = DIRECTION ( 'NONE',  ( 0.000000000000000000, 1.000000000000000000, 0.000000000000000000 ) ) ;
#323 = ORIENTED_EDGE ( 'NONE', *, *, #27, .F. ) ;
#324 = DIRECTION ( 'NONE',  ( 0.000000000000000000, 0.000000000000000000, -1.000000000000000000 ) ) ;
#325 = ORIENTED_EDGE ( 'NONE', *, *, #1215, .T. ) ;
#326 = ORIENTED_EDGE ( 'NONE', *, *, #1149, .F. ) ;
#327 = CARTESIAN_POINT ( 'NONE',  ( -14.89231211737907579, 1.600000000000000089, -71.74973846403592859 ) ) ;
#328 = PLANE ( 'NONE',  #1054 ) ;
#329 = DIRECTION ( 'NONE',  ( 0.000000000000000000, -1.000000000000000000, 0.000000000000000000 ) ) ;
#330 = VERTEX_POINT ( 'NONE', #1853 ) ;
#331 = AXIS2_PLACEMENT_3D ( 'NONE', #2236, #1346, #1560 ) ;
#332 = VERTEX_POINT ( 'NONE', #1202 ) ;
#333 = FACE_BOUND ( 'NONE', #1679, .T. ) ;
#334 = EDGE_CURVE ( 'NONE', #764, #1279, #582, .T. ) ;
#335 = CARTESIAN_POINT ( 'NONE',  ( 22.30768788262092173, 9.600000000000001421, -71.74973846403592859 ) ) ;
#336 = ORIENTED_EDGE ( 'NONE', *, *, #738, .F. ) ;
#337 = AXIS2_PLACEMENT_3D ( 'NONE', #853, #2462, #1669 ) ;
#338 = CARTESIAN_POINT ( 'NONE',  ( 101.8076878826209253, 0.000000000000000000, -66.94973846403593143 ) ) ;
#339 = EDGE_CURVE ( 'NONE', #2529, #1264, #1842, .T. ) ;
#340 = EDGE_CURVE ( 'NONE', #80, #1907, #812, .T. ) ;
#341 = CARTESIAN_POINT ( 'NONE',  ( 14.30768788262091995, 9.600000000000001421, -71.74973846403592859 ) ) ;
#342 = ORIENTED_EDGE ( 'NONE', *, *, #150, .F. ) ;
#343 = LINE ( 'NONE', #773, #920 ) ;
#344 = DIRECTION ( 'NONE',  ( -0.000000000000000000, -1.000000000000000000, -0.000000000000000000 ) ) ;
#345 = LINE ( 'NONE', #1177, #1906 ) ;
#346 = ORIENTED_EDGE ( 'NONE', *, *, #671, .T. ) ;
#347 = CARTESIAN_POINT ( 'NONE',  ( 18.30768788262092173, 5.600000000000000533, -71.74973846403592859 ) ) ;
#348 = ORIENTED_EDGE ( 'NONE', *, *, #1002, .F. ) ;
#349 = DIRECTION ( 'NONE',  ( 0.000000000000000000, 0.000000000000000000, -1.000000000000000000 ) ) ;
#350 = VERTEX_POINT ( 'NONE', #2255 ) ;
#351 = AXIS2_PLACEMENT_3D ( 'NONE', #1113, #1924, #281 ) ;
#352 = LINE ( 'NONE', #1975, #1821 ) ;
#353 = CARTESIAN_POINT ( 'NONE',  ( 101.8076878826209253, -0.3999999999999999667, -66.94973846403593143 ) ) ;
#354 = ADVANCED_FACE ( 'NONE', ( #1602 ), #634, .F. ) ;
#355 = VERTEX_POINT ( 'NONE', #827 ) ;
#356 = EDGE_CURVE ( 'NONE', #1476, #2311, #1629, .T. ) ;
#357 = CARTESIAN_POINT ( 'NONE',  ( 57.30768788262093238, 5.600000000000000533, -81.24973846403592859 ) ) ;
#358 = CARTESIAN_POINT ( 'NONE',  ( 24.00768788262092102, 11.09999999999999964, -6.449738464035931429 ) ) ;
#359 = LINE ( 'NONE', #1166, #1952 ) ;
#360 = EDGE_LOOP ( 'NONE', ( #1661, #1786, #2157, #1340 ) ) ;
#361 = ORIENTED_EDGE ( 'NONE', *, *, #1006, .F. ) ;
#362 = DIRECTION ( 'NONE',  ( -0.000000000000000000, 1.000000000000000000, -0.000000000000000000 ) ) ;
#363 = EDGE_LOOP ( 'NONE', ( #1581, #564 ) ) ;
#364 = CARTESIAN_POINT ( 'NONE',  ( 92.30768788262092528, 5.600000000000000533, -71.74973846403592859 ) ) ;
#365 = LINE ( 'NONE', #742, #93 ) ;
#366 = ORIENTED_EDGE ( 'NONE', *, *, #2388, .F. ) ;
#367 = CARTESIAN_POINT ( 'NONE',  ( 70.80768788262092528, 5.600000000000000533, -71.74973846403592859 ) ) ;
#368 = CARTESIAN_POINT ( 'NONE',  ( 101.8076878826209253, 0.000000000000000000, 9.650261535964068216 ) ) ;
#369 = DIRECTION ( 'NONE',  ( 0.000000000000000000, 0.000000000000000000, 1.000000000000000000 ) ) ;
#370 = EDGE_CURVE ( 'NONE', #262, #943, #536, .T. ) ;
#371 = ORIENTED_EDGE ( 'NONE', *, *, #1913, .F. ) ;
#372 = ORIENTED_EDGE ( 'NONE', *, *, #505, .T. ) ;
#373 = DIRECTION ( 'NONE',  ( -0.000000000000000000, -0.000000000000000000, -1.000000000000000000 ) ) ;
#374 = VECTOR ( 'NONE', #1751, 1000.000000000000000 ) ;
#375 = ORIENTED_EDGE ( 'NONE', *, *, #1299, .T. ) ;
#376 = CARTESIAN_POINT ( 'NONE',  ( 49.30768788262092528, 9.600000000000001421, -71.74973846403592859 ) ) ;
#377 = AXIS2_PLACEMENT_3D ( 'NONE', #2330, #1665, #1873 ) ;
#378 = VERTEX_POINT ( 'NONE', #1405 ) ;
#379 = DIRECTION ( 'NONE',  ( 0.000000000000000000, 0.000000000000000000, 1.000000000000000000 ) ) ;
#380 = CYLINDRICAL_SURFACE ( 'NONE', #1649, 4.000000000000000000 ) ;
#381 = DIRECTION ( 'NONE',  ( -2.668805347656626185E-16, 0.000000000000000000, -1.000000000000000000 ) ) ;
#382 = VECTOR ( 'NONE', #724, 1000.000000000000000 ) ;
#383 = EDGE_LOOP ( 'NONE', ( #325, #466 ) ) ;
#384 = FACE_BOUND ( 'NONE', #363, .T. ) ;
#385 = ORIENTED_EDGE ( 'NONE', *, *, #1607, .F. ) ;
#386 = EDGE_CURVE ( 'NONE', #806, #1761, #2447, .T. ) ;
#387 = ADVANCED_FACE ( 'NONE', ( #2018 ), #2266, .T. ) ;
#388 = DIRECTION ( 'NONE',  ( 0.000000000000000000, 0.000000000000000000, 1.000000000000000000 ) ) ;
#389 = ORIENTED_EDGE ( 'NONE', *, *, #901, .F. ) ;
#390 = DIRECTION ( 'NONE',  ( -0.000000000000000000, -1.000000000000000000, -0.000000000000000000 ) ) ;
#391 = DIRECTION ( 'NONE',  ( -0.000000000000000000, -1.000000000000000000, -0.000000000000000000 ) ) ;
#392 = AXIS2_PLACEMENT_3D ( 'NONE', #2272, #443, #1255 ) ;
#393 = ORIENTED_EDGE ( 'NONE', *, *, #1998, .T. ) ;
#394 = DIRECTION ( 'NONE',  ( 0.000000000000000000, 1.000000000000000000, 0.000000000000000000 ) ) ;
#395 = EDGE_LOOP ( 'NONE', ( #2508, #1857, #175, #1157 ) ) ;
#396 = CARTESIAN_POINT ( 'NONE',  ( -6.692312117379077385, 1.600000000000000089, 17.25026153596406786 ) ) ;
#397 = DIRECTION ( 'NONE',  ( -1.000000000000000000, 0.000000000000000000, 0.000000000000000000 ) ) ;
#398 = EDGE_LOOP ( 'NONE', ( #1307, #2135, #1805, #56, #2349 ) ) ;
#399 = FACE_OUTER_BOUND ( 'NONE', #2355, .T. ) ;
#400 = EDGE_CURVE ( 'NONE', #2260, #202, #174, .T. ) ;
#401 = FACE_OUTER_BOUND ( 'NONE', #2342, .T. ) ;
#402 = DIRECTION ( 'NONE',  ( 0.000000000000000000, 1.000000000000000000, 0.000000000000000000 ) ) ;
#403 = EDGE_LOOP ( 'NONE', ( #1082, #2098, #393, #1094, #520 ) ) ;
#404 = FACE_OUTER_BOUND ( 'NONE', #1747, .T. ) ;
#405 = ORIENTED_EDGE ( 'NONE', *, *, #2162, .F. ) ;
#406 = CARTESIAN_POINT ( 'NONE',  ( 84.30768788262091107, 9.600000000000001421, -71.74973846403592859 ) ) ;
#407 = DIRECTION ( 'NONE',  ( -0.000000000000000000, -1.000000000000000000, -0.000000000000000000 ) ) ;
#408 = CARTESIAN_POINT ( 'NONE',  ( 22.30768788262092173, 5.600000000000000533, -81.24973846403592859 ) ) ;
#409 = EDGE_CURVE ( 'NONE', #1782, #2529, #2121, .T. ) ;
#410 = DIRECTION ( 'NONE',  ( 0.000000000000000000, 0.000000000000000000, -1.000000000000000000 ) ) ;
#411 = CARTESIAN_POINT ( 'NONE',  ( 24.00768788262092102, 11.09999999999999964, -14.44973846403593143 ) ) ;
#412 = CIRCLE ( 'NONE', #839, 1.499999999999997780 ) ;
#413 = ORIENTED_EDGE ( 'NONE', *, *, #2033, .F. ) ;
#414 = EDGE_CURVE ( 'NONE', #1740, #2003, #5, .T. ) ;
#415 = AXIS2_PLACEMENT_3D ( 'NONE', #1129, #2212, #982 ) ;
#416 = DIRECTION ( 'NONE',  ( 0.000000000000000000, 0.000000000000000000, 1.000000000000000000 ) ) ;
#417 = ORIENTED_EDGE ( 'NONE', *, *, #1069, .F. ) ;
#418 = LINE ( 'NONE', #2063, #28 ) ;
#419 = VECTOR ( 'NONE', #1354, 1000.000000000000000 ) ;
#420 = CYLINDRICAL_SURFACE ( 'NONE', #2542, 3.999999999999992450 ) ;
#421 = DIRECTION ( 'NONE',  ( 0.000000000000000000, 0.000000000000000000, -1.000000000000000000 ) ) ;
#422 = DIRECTION ( 'NONE',  ( -1.000000000000000000, 0.000000000000000000, 0.000000000000000000 ) ) ;
#423 = CARTESIAN_POINT ( 'NONE',  ( 17.50768788262092102, 62.09999999999999432, -16.94973846403593143 ) ) ;
#424 = ORIENTED_EDGE ( 'NONE', *, *, #954, .F. ) ;
#425 = DIRECTION ( 'NONE',  ( -0.000000000000000000, 1.000000000000000000, -0.000000000000000000 ) ) ;
#426 = AXIS2_PLACEMENT_3D ( 'NONE', #981, #2225, #1357 ) ;
#427 = CIRCLE ( 'NONE', #2467, 1.500000000000001332 ) ;
#428 = ADVANCED_FACE ( 'NONE', ( #401 ), #1247, .F. ) ;
#429 = EDGE_CURVE ( 'NONE', #916, #1187, #248, .T. ) ;
#430 = ORIENTED_EDGE ( 'NONE', *, *, #2153, .T. ) ;
#431 = EDGE_CURVE ( 'NONE', #32, #2051, #1052, .T. ) ;
#432 = CARTESIAN_POINT ( 'NONE',  ( 45.30768788262091817, 11.09999999999999964, -55.74973846403592148 ) ) ;
#433 = AXIS2_PLACEMENT_3D ( 'NONE', #598, #1041, #2230 ) ;
#434 = LINE ( 'NONE', #2088, #1478 ) ;
#435 = VECTOR ( 'NONE', #1636, 1000.000000000000000 ) ;
#436 = PLANE ( 'NONE',  #995 ) ;
#437 = DIRECTION ( 'NONE',  ( 0.000000000000000000, 0.000000000000000000, -1.000000000000000000 ) ) ;
#438 = LINE ( 'NONE', #1630, #1798 ) ;
#439 = EDGE_LOOP ( 'NONE', ( #2551, #605, #2235, #1143, #1994 ) ) ;
#440 = CARTESIAN_POINT ( 'NONE',  ( 1.307687882620922615, 9.600000000000001421, 17.25026153596406786 ) ) ;
#441 = ORIENTED_EDGE ( 'NONE', *, *, #2050, .F. ) ;
#442 = EDGE_LOOP ( 'NONE', ( #1810, #430, #2409, #2023, #983, #960, #2335, #2320 ) ) ;
#443 = DIRECTION ( 'NONE',  ( -0.000000000000000000, -0.000000000000000000, 1.000000000000000000 ) ) ;
#444 = EDGE_CURVE ( 'NONE', #540, #228, #2303, .T. ) ;
#445 = LINE ( 'NONE', #74, #1475 ) ;
#446 = FACE_OUTER_BOUND ( 'NONE', #2413, .T. ) ;
#447 = CARTESIAN_POINT ( 'NONE',  ( 0.000000000000000000, 1.600000000000000089, 0.000000000000000000 ) ) ;
#448 = PLANE ( 'NONE',  #1118 ) ;
#449 = ORIENTED_EDGE ( 'NONE', *, *, #1941, .F. ) ;
#450 = DIRECTION ( 'NONE',  ( -0.000000000000000000, -1.000000000000000000, -0.000000000000000000 ) ) ;
#451 = ORIENTED_EDGE ( 'NONE', *, *, #2384, .F. ) ;
#452 = VERTEX_POINT ( 'NONE', #2119 ) ;
#453 = CIRCLE ( 'NONE', #1993, 4.000000000000003553 ) ;
#454 = CARTESIAN_POINT ( 'NONE',  ( 39.80768788262092528, 9.600000000000001421, -71.74973846403592859 ) ) ;
#455 = FACE_OUTER_BOUND ( 'NONE', #1482, .T. ) ;
#456 = VECTOR ( 'NONE', #1154, 1000.000000000000000 ) ;
#457 = FACE_OUTER_BOUND ( 'NONE', #552, .T. ) ;
#458 = AXIS2_PLACEMENT_3D ( 'NONE', #143, #948, #1760 ) ;
#459 = EDGE_CURVE ( 'NONE', #943, #241, #2540, .T. ) ;
#460 = ADVANCED_FACE ( 'NONE', ( #1915 ), #872, .F. ) ;
#461 = CARTESIAN_POINT ( 'NONE',  ( 92.30768788262092528, 9.600000000000001421, -63.74973846403592148 ) ) ;
#462 = CARTESIAN_POINT ( 'NONE',  ( 22.30768788262092173, 1.600000000000000089, -63.74973846403592148 ) ) ;
#463 = ORIENTED_EDGE ( 'NONE', *, *, #1326, .F. ) ;
#464 = DIRECTION ( 'NONE',  ( 0.000000000000000000, 0.000000000000000000, 1.000000000000000000 ) ) ;
#465 = ORIENTED_EDGE ( 'NONE', *, *, #151, .F. ) ;
#466 = ORIENTED_EDGE ( 'NONE', *, *, #473, .T. ) ;
#467 = DIRECTION ( 'NONE',  ( -0.000000000000000000, -0.000000000000000000, 1.000000000000000000 ) ) ;
#468 = LINE ( 'NONE', #1088, #256 ) ;
#469 = VECTOR ( 'NONE', #82, 1000.000000000000000 ) ;
#470 = CARTESIAN_POINT ( 'NONE',  ( 92.30768788262092528, 1.600000000000000089, -71.74973846403592859 ) ) ;
#471 = VECTOR ( 'NONE', #1715, 1000.000000000000000 ) ;
#472 = CARTESIAN_POINT ( 'NONE',  ( 39.80768788262092528, 9.600000000000001421, -63.74973846403592148 ) ) ;
#473 = EDGE_CURVE ( 'NONE', #679, #2418, #1651, .T. ) ;
#474 = DIRECTION ( 'NONE',  ( -1.000000000000000000, 0.000000000000000000, 0.000000000000000000 ) ) ;
#475 = VECTOR ( 'NONE', #362, 1000.000000000000000 ) ;
#476 = ORIENTED_EDGE ( 'NONE', *, *, #1365, .F. ) ;
#477 = CARTESIAN_POINT ( 'NONE',  ( 92.30768788262092528, 9.600000000000001421, -71.74973846403592859 ) ) ;
#478 = EDGE_LOOP ( 'NONE', ( #2209, #1420, #164, #1765 ) ) ;
#479 = VERTEX_POINT ( 'NONE', #472 ) ;
#480 = DIRECTION ( 'NONE',  ( 0.000000000000000000, 0.000000000000000000, -1.000000000000000000 ) ) ;
#481 = FACE_OUTER_BOUND ( 'NONE', #1009, .T. ) ;
#482 = DIRECTION ( 'NONE',  ( -0.000000000000000000, 1.000000000000000000, -0.000000000000000000 ) ) ;
#483 = CYLINDRICAL_SURFACE ( 'NONE', #515, 1.500000000000001332 ) ;
#484 = DIRECTION ( 'NONE',  ( -1.000000000000000000, 0.000000000000000000, 0.000000000000000000 ) ) ;
#485 = CARTESIAN_POINT ( 'NONE',  ( -14.89231211737907579, 1.600000000000000089, -71.74973846403592859 ) ) ;
#486 = VERTEX_POINT ( 'NONE', #1274 ) ;
#487 = LINE ( 'NONE', #705, #672 ) ;
#488 = ORIENTED_EDGE ( 'NONE', *, *, #245, .T. ) ;
#489 = ADVANCED_FACE ( 'NONE', ( #1900 ), #89, .T. ) ;
#490 = ORIENTED_EDGE ( 'NONE', *, *, #1341, .F. ) ;
#491 = LINE ( 'NONE', #708, #469 ) ;
#492 = LINE ( 'NONE', #911, #1689 ) ;
#493 = DIRECTION ( 'NONE',  ( -0.000000000000000000, -1.000000000000000000, -0.000000000000000000 ) ) ;
#494 = AXIS2_PLACEMENT_3D ( 'NONE', #675, #2501, #1077 ) ;
#495 = CARTESIAN_POINT ( 'NONE',  ( 22.30768788262092173, 9.600000000000001421, -71.74973846403592859 ) ) ;
#496 = LINE ( 'NONE', #1917, #608 ) ;
#497 = AXIS2_PLACEMENT_3D ( 'NONE', #775, #1807, #203 ) ;
#498 = ORIENTED_EDGE ( 'NONE', *, *, #151, .T. ) ;
#499 = DIRECTION ( 'NONE',  ( 0.000000000000000000, 0.000000000000000000, -1.000000000000000000 ) ) ;
#500 = ORIENTED_EDGE ( 'NONE', *, *, #1817, .F. ) ;
#501 = ORIENTED_EDGE ( 'NONE', *, *, #52, .T. ) ;
#502 = PLANE ( 'NONE',  #640 ) ;
#503 = CARTESIAN_POINT ( 'NONE',  ( 57.30768788262092528, 9.600000000000001421, -71.74973846403592859 ) ) ;
#504 = DIRECTION ( 'NONE',  ( 0.000000000000000000, 0.000000000000000000, -1.000000000000000000 ) ) ;
#505 = EDGE_CURVE ( 'NONE', #250, #916, #2277, .T. ) ;
#506 = EDGE_CURVE ( 'NONE', #721, #194, #1261, .T. ) ;
#507 = ORIENTED_EDGE ( 'NONE', *, *, #1180, .F. ) ;
#508 = VECTOR ( 'NONE', #266, 1000.000000000000000 ) ;
#509 = LINE ( 'NONE', #1210, #1946 ) ;
#510 = CARTESIAN_POINT ( 'NONE',  ( 53.30768788262092528, 5.600000000000000533, -71.74973846403592859 ) ) ;
#511 = ORIENTED_EDGE ( 'NONE', *, *, #2210, .F. ) ;
#512 = PLANE ( 'NONE',  #2125 ) ;
#513 = ORIENTED_EDGE ( 'NONE', *, *, #1927, .T. ) ;
#514 = ORIENTED_EDGE ( 'NONE', *, *, #1101, .T. ) ;
#515 = AXIS2_PLACEMENT_3D ( 'NONE', #2468, #2512, #900 ) ;
#516 = FACE_OUTER_BOUND ( 'NONE', #95, .T. ) ;
#517 = LINE ( 'NONE', #1283, #1352 ) ;
#518 = DIRECTION ( 'NONE',  ( 0.000000000000000000, 0.000000000000000000, 1.000000000000000000 ) ) ;
#519 = EDGE_CURVE ( 'NONE', #1531, #2311, #2471, .T. ) ;
#520 = ORIENTED_EDGE ( 'NONE', *, *, #986, .T. ) ;
#521 = ADVANCED_FACE ( 'NONE', ( #2080 ), #307, .F. ) ;
#522 = DIRECTION ( 'NONE',  ( -1.559302000878028960E-16, -2.602085213965211135E-16, -1.000000000000000000 ) ) ;
#523 = CARTESIAN_POINT ( 'NONE',  ( -14.89231211737907046, 0.000000000000000000, 17.25026153596406786 ) ) ;
#524 = ORIENTED_EDGE ( 'NONE', *, *, #985, .T. ) ;
#525 = PLANE ( 'NONE',  #1571 ) ;
#526 = VERTEX_POINT ( 'NONE', #649 ) ;
#527 = VERTEX_POINT ( 'NONE', #1503 ) ;
#528 = LINE ( 'NONE', #2377, #1450 ) ;
#529 = DIRECTION ( 'NONE',  ( 1.559302000878028960E-16, 0.000000000000000000, 1.000000000000000000 ) ) ;
#530 = LINE ( 'NONE', #1383, #419 ) ;
#531 = VERTEX_POINT ( 'NONE', #2318 ) ;
#532 = MECHANICAL_DESIGN_GEOMETRIC_PRESENTATION_REPRESENTATION (  '', ( #749 ), #1990 ) ;
#533 = CARTESIAN_POINT ( 'NONE',  ( 57.30768788262092528, 9.600000000000001421, -71.74973846403592859 ) ) ;
#534 = VECTOR ( 'NONE', #1605, 1000.000000000000000 ) ;
#535 = ORIENTED_EDGE ( 'NONE', *, *, #2130, .F. ) ;
#536 = CIRCLE ( 'NONE', #2166, 4.000000000000003553 ) ;
#537 = CARTESIAN_POINT ( 'NONE',  ( 101.8076878826209253, 0.000000000000000000, -65.44973846403593143 ) ) ;
#538 = EDGE_CURVE ( 'NONE', #108, #947, #453, .T. ) ;
#539 = AXIS2_PLACEMENT_3D ( 'NONE', #2341, #1752, #111 ) ;
#540 = VERTEX_POINT ( 'NONE', #1677 ) ;
#541 = AXIS2_PLACEMENT_3D ( 'NONE', #2476, #652, #1620 ) ;
#542 = DIRECTION ( 'NONE',  ( 0.000000000000000000, 0.000000000000000000, 1.000000000000000000 ) ) ;
#543 = CYLINDRICAL_SURFACE ( 'NONE', #1363, 1.500000000000001332 ) ;
#544 = VECTOR ( 'NONE', #1603, 1000.000000000000000 ) ;
#545 = EDGE_LOOP ( 'NONE', ( #1568, #498, #513, #844 ) ) ;
#546 = CARTESIAN_POINT ( 'NONE',  ( 22.30768788262092173, 9.600000000000001421, -71.74973846403592859 ) ) ;
#547 = CARTESIAN_POINT ( 'NONE',  ( 45.30768788262091817, 11.09999999999999964, -47.74973846403592859 ) ) ;
#548 = CARTESIAN_POINT ( 'NONE',  ( 49.30768788262092528, 9.600000000000001421, -71.74973846403592859 ) ) ;
#549 = ORIENTED_EDGE ( 'NONE', *, *, #2286, .T. ) ;
#550 = ORIENTED_EDGE ( 'NONE', *, *, #2596, .F. ) ;
#551 = DIRECTION ( 'NONE',  ( -1.000000000000000000, 0.000000000000000000, 0.000000000000000000 ) ) ;
#552 = EDGE_LOOP ( 'NONE', ( #550, #1977, #1277, #2583 ) ) ;
#553 = AXIS2_PLACEMENT_3D ( 'NONE', #1164, #188, #2350 ) ;
#554 = EDGE_CURVE ( 'NONE', #2139, #1932, #1463, .T. ) ;
#555 = CARTESIAN_POINT ( 'NONE',  ( -14.89231211737907579, 1.600000000000000089, -71.74973846403592859 ) ) ;
#556 = LINE ( 'NONE', #2203, #1485 ) ;
#557 = AXIS2_PLACEMENT_3D ( 'NONE', #406, #45, #1220 ) ;
#558 = ORIENTED_EDGE ( 'NONE', *, *, #2497, .T. ) ;
#559 = CARTESIAN_POINT ( 'NONE',  ( 57.30768788262092528, 5.600000000000000533, -71.74973846403592859 ) ) ;
#560 = DIRECTION ( 'NONE',  ( 0.000000000000000000, 0.000000000000000000, 1.000000000000000000 ) ) ;
#561 = CARTESIAN_POINT ( 'NONE',  ( 124.8076878826209253, 21.60000000000000142, -61.74973846403593569 ) ) ;
#562 = VECTOR ( 'NONE', #249, 1000.000000000000000 ) ;
#563 = ORIENTED_EDGE ( 'NONE', *, *, #1701, .F. ) ;
#564 = ORIENTED_EDGE ( 'NONE', *, *, #1006, .T. ) ;
#565 = LINE ( 'NONE', #984, #1207 ) ;
#566 = ORIENTED_EDGE ( 'NONE', *, *, #459, .T. ) ;
#567 = DIRECTION ( 'NONE',  ( 1.000000000000000000, 0.000000000000000000, 0.000000000000000000 ) ) ;
#568 = ORIENTED_EDGE ( 'NONE', *, *, #882, .T. ) ;
#569 = DIRECTION ( 'NONE',  ( -0.000000000000000000, -0.000000000000000000, 1.000000000000000000 ) ) ;
#570 = CARTESIAN_POINT ( 'NONE',  ( -6.692312117379077385, 9.600000000000001421, 17.25026153596406786 ) ) ;
#571 = CARTESIAN_POINT ( 'NONE',  ( 30.50768788262092457, 11.09999999999999964, -16.94973846403593143 ) ) ;
#572 = ADVANCED_FACE ( 'NONE', ( #260, #1301, #103, #903, #1716, #2526, #1065, #699 ), #1513, .T. ) ;
#573 = EDGE_CURVE ( 'NONE', #721, #854, #660, .T. ) ;
#574 = ORIENTED_EDGE ( 'NONE', *, *, #1638, .F. ) ;
#575 = CARTESIAN_POINT ( 'NONE',  ( 22.30768788262092173, 9.600000000000001421, -63.74973846403592148 ) ) ;
#576 = DIRECTION ( 'NONE',  ( -1.000000000000000000, 0.000000000000000000, 0.000000000000000000 ) ) ;
#577 = VERTEX_POINT ( 'NONE', #461 ) ;
#578 = VECTOR ( 'NONE', #344, 1000.000000000000000 ) ;
#579 = DIRECTION ( 'NONE',  ( 0.000000000000000000, 1.000000000000000000, 0.000000000000000000 ) ) ;
#580 = VECTOR ( 'NONE', #1313, 1000.000000000000000 ) ;
#581 = VERTEX_POINT ( 'NONE', #1809 ) ;
#582 = LINE ( 'NONE', #1864, #711 ) ;
#583 = CYLINDRICAL_SURFACE ( 'NONE', #674, 4.000000000000003553 ) ;
#584 = AXIS2_PLACEMENT_3D ( 'NONE', #783, #1439, #1449 ) ;
#585 = ORIENTED_EDGE ( 'NONE', *, *, #506, .F. ) ;
#586 = VERTEX_POINT ( 'NONE', #2159 ) ;
#587 = VECTOR ( 'NONE', #2535, 1000.000000000000000 ) ;
#588 = CARTESIAN_POINT ( 'NONE',  ( 49.30768788262092528, 1.600000000000000089, -71.74973846403592859 ) ) ;
#589 = DIRECTION ( 'NONE',  ( -1.000000000000000000, 0.000000000000000000, 0.000000000000000000 ) ) ;
#590 = AXIS2_PLACEMENT_3D ( 'NONE', #865, #875, #117 ) ;
#591 = ORIENTED_EDGE ( 'NONE', *, *, #52, .F. ) ;
#592 =( NAMED_UNIT ( * ) SI_UNIT ( $, .STERADIAN. ) SOLID_ANGLE_UNIT ( ) );
#593 = EDGE_CURVE ( 'NONE', #1804, #1889, #792, .T. ) ;
#594 = EDGE_CURVE ( 'NONE', #712, #527, #1425, .T. ) ;
#595 = FACE_OUTER_BOUND ( 'NONE', #1974, .T. ) ;
#596 = ADVANCED_FACE ( 'NONE', ( #333, #1145, #384, #1956, #2026 ), #139, .F. ) ;
#597 = ORIENTED_EDGE ( 'NONE', *, *, #1456, .F. ) ;
#598 = CARTESIAN_POINT ( 'NONE',  ( 88.30768788262091107, 5.600000000000000533, -81.24973846403592859 ) ) ;
#599 = DIRECTION ( 'NONE',  ( 1.000000000000000000, -0.000000000000000000, -1.734723475976808475E-15 ) ) ;
#600 = DIRECTION ( 'NONE',  ( -0.000000000000000000, -0.000000000000000000, 1.000000000000000000 ) ) ;
#601 = VECTOR ( 'NONE', #896, 1000.000000000000000 ) ;
#602 = ORIENTED_EDGE ( 'NONE', *, *, #1730, .F. ) ;
#603 = DIRECTION ( 'NONE',  ( 0.000000000000000000, 0.000000000000000000, 1.000000000000000000 ) ) ;
#604 = AXIS2_PLACEMENT_3D ( 'NONE', #1614, #1416, #1015 ) ;
#605 = ORIENTED_EDGE ( 'NONE', *, *, #2578, .T. ) ;
#606 = CARTESIAN_POINT ( 'NONE',  ( 74.80768788262092528, 9.600000000000001421, -71.74973846403592859 ) ) ;
#607 = DIRECTION ( 'NONE',  ( -0.000000000000000000, -0.000000000000000000, -1.000000000000000000 ) ) ;
#608 = VECTOR ( 'NONE', #700, 1000.000000000000000 ) ;
#609 = ADVANCED_FACE ( 'NONE', ( #929 ), #1795, .F. ) ;
#610 = FACE_OUTER_BOUND ( 'NONE', #1562, .T. ) ;
#611 = EDGE_CURVE ( 'NONE', #452, #2051, #1902, .T. ) ;
#612 = ADVANCED_FACE ( 'NONE', ( #1610 ), #779, .T. ) ;
#613 = DIRECTION ( 'NONE',  ( -0.000000000000000000, -0.000000000000000000, 1.000000000000000000 ) ) ;
#614 = LINE ( 'NONE', #1429, #1421 ) ;
#615 = ORIENTED_EDGE ( 'NONE', *, *, #2321, .F. ) ;
#616 = PRODUCT ( 'NMR_Mainboard', 'NMR_Mainboard', '', ( #1970 ) ) ;
#617 = CARTESIAN_POINT ( 'NONE',  ( 24.00768788262092102, 1.600000000000000089, -10.44973846403593143 ) ) ;
#618 = ORIENTED_EDGE ( 'NONE', *, *, #2496, .F. ) ;
#619 = DIRECTION ( 'NONE',  ( 1.000000000000000000, 0.000000000000000000, 0.000000000000000000 ) ) ;
#620 = FACE_OUTER_BOUND ( 'NONE', #2544, .T. ) ;
#621 = CARTESIAN_POINT ( 'NONE',  ( -14.89231211737907046, 0.000000000000000000, 17.25026153596406786 ) ) ;
#622 = VECTOR ( 'NONE', #2472, 1000.000000000000000 ) ;
#623 = DIRECTION ( 'NONE',  ( 0.000000000000000000, 0.000000000000000000, 1.000000000000000000 ) ) ;
#624 = ADVANCED_FACE ( 'NONE', ( #808 ), #2421, .T. ) ;
#625 = EDGE_CURVE ( 'NONE', #2027, #2140, #2240, .T. ) ;
#626 = CARTESIAN_POINT ( 'NONE',  ( 14.30768788262091995, 9.600000000000001421, -71.74973846403592859 ) ) ;
#627 = ORIENTED_EDGE ( 'NONE', *, *, #1198, .F. ) ;
#628 = DIRECTION ( 'NONE',  ( -0.000000000000000000, -1.000000000000000000, -0.000000000000000000 ) ) ;
#629 = EDGE_LOOP ( 'NONE', ( #1371, #1705, #2188 ) ) ;
#630 = CARTESIAN_POINT ( 'NONE',  ( 24.00768788262092102, 11.09999999999999964, 9.250261535964067861 ) ) ;
#631 = CIRCLE ( 'NONE', #91, 4.000000000000000000 ) ;
#632 = CARTESIAN_POINT ( 'NONE',  ( 1.307687882620922615, 5.600000000000001421, 26.75026153596406786 ) ) ;
#633 = DIRECTION ( 'NONE',  ( 0.000000000000000000, 0.000000000000000000, 1.000000000000000000 ) ) ;
#634 = PLANE ( 'NONE',  #584 ) ;
#635 = LINE ( 'NONE', #1643, #645 ) ;
#636 = ORIENTED_EDGE ( 'NONE', *, *, #886, .T. ) ;
#637 = ADVANCED_FACE ( 'NONE', ( #2406 ), #1940, .F. ) ;
#638 = CARTESIAN_POINT ( 'NONE',  ( 14.82609412710778329, 1.600000000000000089, 13.25026153596406076 ) ) ;
#639 = EDGE_LOOP ( 'NONE', ( #2071, #2602 ) ) ;
#640 = AXIS2_PLACEMENT_3D ( 'NONE', #327, #1137, #1391 ) ;
#641 = EDGE_LOOP ( 'NONE', ( #810, #2618, #1190, #346 ) ) ;
#642 = DIRECTION ( 'NONE',  ( -1.000000000000000000, -0.000000000000000000, -0.000000000000000000 ) ) ;
#643 = AXIS2_PLACEMENT_3D ( 'NONE', #209, #579, #1650 ) ;
#644 = CARTESIAN_POINT ( 'NONE',  ( 39.80768788262092528, 1.600000000000000089, -71.74973846403592859 ) ) ;
#645 = VECTOR ( 'NONE', #1031, 1000.000000000000000 ) ;
#646 = DIRECTION ( 'NONE',  ( 0.000000000000000000, -0.000000000000000000, 1.000000000000000000 ) ) ;
#647 = ADVANCED_FACE ( 'NONE', ( #595 ), #1398, .F. ) ;
#648 = VECTOR ( 'NONE', #1000, 1000.000000000000000 ) ;
#649 = CARTESIAN_POINT ( 'NONE',  ( 30.50768788262092812, 11.09999999999999964, -3.949738464035928764 ) ) ;
#650 = CARTESIAN_POINT ( 'NONE',  ( 0.000000000000000000, 11.09999999999999964, 0.000000000000000000 ) ) ;
#651 = ORIENTED_EDGE ( 'NONE', *, *, #1167, .T. ) ;
#652 = DIRECTION ( 'NONE',  ( 0.000000000000000000, 0.000000000000000000, -1.000000000000000000 ) ) ;
#653 = ORIENTED_EDGE ( 'NONE', *, *, #2384, .T. ) ;
#654 = ORIENTED_EDGE ( 'NONE', *, *, #2306, .F. ) ;
#655 = LINE ( 'NONE', #2522, #944 ) ;
#656 = CARTESIAN_POINT ( 'NONE',  ( 14.30768788262091995, 1.600000000000000089, -63.74973846403592148 ) ) ;
#657 = EDGE_CURVE ( 'NONE', #1782, #1826, #714, .T. ) ;
#658 = EDGE_CURVE ( 'NONE', #694, #194, #509, .T. ) ;
#659 = DIRECTION ( 'NONE',  ( -0.000000000000000000, -0.000000000000000000, 1.000000000000000000 ) ) ;
#660 = LINE ( 'NONE', #1473, #841 ) ;
#661 = DIRECTION ( 'NONE',  ( -0.000000000000000000, -1.000000000000000000, -0.000000000000000000 ) ) ;
#662 = ORIENTED_EDGE ( 'NONE', *, *, #1767, .F. ) ;
#663 = LINE ( 'NONE', #2123, #1741 ) ;
#664 = AXIS2_PLACEMENT_3D ( 'NONE', #555, #1172, #1986 ) ;
#665 = ORIENTED_EDGE ( 'NONE', *, *, #867, .T. ) ;
#666 = EDGE_LOOP ( 'NONE', ( #1577, #507, #1948, #2362, #895, #2279, #1866, #591, #181, #1345, #2405, #2174, #1020, #1254, #279, #725, #1631, #2571, #1410, #342, #768, #2490, #1217, #1518, #726, #1001, #1194, #1876, #1539, #1770, #2519, #301, #654, #1574, #878 ) ) ;
#667 = VECTOR ( 'NONE', #1090, 1000.000000000000000 ) ;
#668 = CARTESIAN_POINT ( 'NONE',  ( 92.30768788262092528, 9.600000000000001421, -71.74973846403592859 ) ) ;
#669 = CARTESIAN_POINT ( 'NONE',  ( 84.30768788262091107, 1.600000000000000089, -71.74973846403592859 ) ) ;
#670 = CARTESIAN_POINT ( 'NONE',  ( 18.30768788262092173, 5.600000000000000533, -81.24973846403592859 ) ) ;
#671 = EDGE_CURVE ( 'NONE', #2607, #1584, #1330, .T. ) ;
#672 = VECTOR ( 'NONE', #2518, 1000.000000000000000 ) ;
#673 = DIRECTION ( 'NONE',  ( 0.000000000000000000, 0.000000000000000000, -1.000000000000000000 ) ) ;
#674 = AXIS2_PLACEMENT_3D ( 'NONE', #2360, #730, #2398 ) ;
#675 = CARTESIAN_POINT ( 'NONE',  ( -10.29231211737907614, 0.000000000000000000, 12.65026153596406822 ) ) ;
#676 = CARTESIAN_POINT ( 'NONE',  ( -2.692312117379077385, 5.600000000000000533, 26.75026153596406786 ) ) ;
#677 = VERTEX_POINT ( 'NONE', #2147 ) ;
#678 = CARTESIAN_POINT ( 'NONE',  ( 39.80768788262092528, 5.600000000000000533, -71.74973846403592859 ) ) ;
#679 = VERTEX_POINT ( 'NONE', #321 ) ;
#680 = ORIENTED_EDGE ( 'NONE', *, *, #1214, .T. ) ;
#681 = LINE ( 'NONE', #1521, #1158 ) ;
#682 = DIRECTION ( 'NONE',  ( 1.000000000000000000, -0.000000000000000000, -0.000000000000000000 ) ) ;
#683 = CARTESIAN_POINT ( 'NONE',  ( 18.30768788262092173, 5.600000000000000533, -81.24973846403592859 ) ) ;
#684 = VECTOR ( 'NONE', #1750, 1000.000000000000000 ) ;
#685 = CARTESIAN_POINT ( 'NONE',  ( 74.80768788262093949, 1.600000000000000089, -71.74973846403592859 ) ) ;
#686 = VECTOR ( 'NONE', #1673, 1000.000000000000000 ) ;
#687 = EDGE_CURVE ( 'NONE', #2222, #1971, #1743, .T. ) ;
#688 = DIRECTION ( 'NONE',  ( 0.000000000000000000, 0.000000000000000000, 1.000000000000000000 ) ) ;
#689 = LINE ( 'NONE', #2093, #776 ) ;
#690 = EDGE_CURVE ( 'NONE', #479, #1598, #1542, .T. ) ;
#691 = CIRCLE ( 'NONE', #274, 4.000000000000003553 ) ;
#692 = ORIENTED_EDGE ( 'NONE', *, *, #937, .T. ) ;
#693 = CARTESIAN_POINT ( 'NONE',  ( 30.50768788262092457, 62.09999999999999432, -16.94973846403593143 ) ) ;
#694 = VERTEX_POINT ( 'NONE', #632 ) ;
#695 = VERTEX_POINT ( 'NONE', #1860 ) ;
#696 = CARTESIAN_POINT ( 'NONE',  ( 35.80768788262092528, 9.600000000000001421, -71.74973846403592859 ) ) ;
#697 = DIRECTION ( 'NONE',  ( 0.000000000000000000, 1.000000000000000000, 0.000000000000000000 ) ) ;
#698 = DIRECTION ( 'NONE',  ( -1.000000000000000000, -0.000000000000000000, -0.000000000000000000 ) ) ;
#699 = FACE_BOUND ( 'NONE', #1905, .T. ) ;
#700 = DIRECTION ( 'NONE',  ( 0.000000000000000000, 0.000000000000000000, 1.000000000000000000 ) ) ;
#701 = ORIENTED_EDGE ( 'NONE', *, *, #1257, .T. ) ;
#702 = EDGE_CURVE ( 'NONE', #1441, #1584, #445, .T. ) ;
#703 = ADVANCED_FACE ( 'NONE', ( #620 ), #2453, .T. ) ;
#704 = EDGE_CURVE ( 'NONE', #1707, #712, #1471, .T. ) ;
#705 = CARTESIAN_POINT ( 'NONE',  ( 124.8076878826209253, 1.600000000000000089, -71.74973846403592859 ) ) ;
#706 = ORIENTED_EDGE ( 'NONE', *, *, #1490, .T. ) ;
#707 = ORIENTED_EDGE ( 'NONE', *, *, #2514, .T. ) ;
#708 = CARTESIAN_POINT ( 'NONE',  ( -6.692312117379077385, 5.600000000000000533, 26.75026153596406786 ) ) ;
#709 = CARTESIAN_POINT ( 'NONE',  ( 39.80768788262092528, 9.600000000000001421, -71.74973846403592859 ) ) ;
#710 = LINE ( 'NONE', #1322, #2454 ) ;
#711 = VECTOR ( 'NONE', #599, 1000.000000000000000 ) ;
#712 = VERTEX_POINT ( 'NONE', #1221 ) ;
#713 = AXIS2_PLACEMENT_3D ( 'NONE', #670, #2495, #2284 ) ;
#714 = LINE ( 'NONE', #2538, #1184 ) ;
#715 = DIRECTION ( 'NONE',  ( 0.000000000000000000, 0.000000000000000000, -1.000000000000000000 ) ) ;
#716 = VECTOR ( 'NONE', #450, 1000.000000000000000 ) ;
#717 = ORIENTED_EDGE ( 'NONE', *, *, #1180, .T. ) ;
#718 = LINE ( 'NONE', #1732, #1267 ) ;
#719 = ORIENTED_EDGE ( 'NONE', *, *, #339, .F. ) ;
#720 = EDGE_CURVE ( 'NONE', #2546, #1740, #799, .T. ) ;
#721 = VERTEX_POINT ( 'NONE', #1271 ) ;
#722 = CARTESIAN_POINT ( 'NONE',  ( -2.692312117379077385, 5.600000000000000533, 26.75026153596406786 ) ) ;
#723 = LINE ( 'NONE', #2169, #922 ) ;
#724 = DIRECTION ( 'NONE',  ( -0.000000000000000000, -0.000000000000000000, -1.000000000000000000 ) ) ;
#725 = ORIENTED_EDGE ( 'NONE', *, *, #1718, .F. ) ;
#726 = ORIENTED_EDGE ( 'NONE', *, *, #305, .F. ) ;
#727 = DIRECTION ( 'NONE',  ( -0.000000000000000000, -1.000000000000000000, -0.000000000000000000 ) ) ;
#728 = PLANE ( 'NONE',  #2016 ) ;
#729 = ORIENTED_EDGE ( 'NONE', *, *, #38, .T. ) ;
#730 = DIRECTION ( 'NONE',  ( -0.000000000000000000, -0.000000000000000000, 1.000000000000000000 ) ) ;
#731 = ORIENTED_EDGE ( 'NONE', *, *, #25, .F. ) ;
#732 = ORIENTED_EDGE ( 'NONE', *, *, #1470, .T. ) ;
#733 = CARTESIAN_POINT ( 'NONE',  ( -14.89231211737907579, 1.600000000000000089, -71.74973846403592859 ) ) ;
#734 = PLANE ( 'NONE',  #1517 ) ;
#735 = DIRECTION ( 'NONE',  ( 0.000000000000000000, 0.000000000000000000, -1.000000000000000000 ) ) ;
#736 = ORIENTED_EDGE ( 'NONE', *, *, #334, .T. ) ;
#737 = EDGE_CURVE ( 'NONE', #350, #2560, #1674, .T. ) ;
#738 = EDGE_CURVE ( 'NONE', #123, #2204, #2420, .T. ) ;
#739 = EDGE_LOOP ( 'NONE', ( #323, #1367, #1136 ) ) ;
#740 = FACE_OUTER_BOUND ( 'NONE', #739, .T. ) ;
#741 = VERTEX_POINT ( 'NONE', #1434 ) ;
#742 = CARTESIAN_POINT ( 'NONE',  ( 84.30768788262091107, 9.600000000000001421, -71.74973846403592859 ) ) ;
#743 = ORIENTED_EDGE ( 'NONE', *, *, #1167, .F. ) ;
#744 = ORIENTED_EDGE ( 'NONE', *, *, #1131, .T. ) ;
#745 = CARTESIAN_POINT ( 'NONE',  ( 35.80768788262092528, 5.600000000000000533, -71.74973846403592859 ) ) ;
#746 = FACE_OUTER_BOUND ( 'NONE', #874, .T. ) ;
#747 = FACE_OUTER_BOUND ( 'NONE', #1135, .T. ) ;
#748 = EDGE_LOOP ( 'NONE', ( #1881, #996, #1996, #651, #2594 ) ) ;
#749 = STYLED_ITEM ( 'NONE', ( #2523 ), #3 ) ;
#750 = FACE_OUTER_BOUND ( 'NONE', #2069, .T. ) ;
#751 = AXIS2_PLACEMENT_3D ( 'NONE', #1484, #2298, #2101 ) ;
#752 = VERTEX_POINT ( 'NONE', #2250 ) ;
#753 = ADVANCED_FACE ( 'NONE', ( #455 ), #420, .T. ) ;
#754 = LINE ( 'NONE', #1170, #475 ) ;
#755 = AXIS2_PLACEMENT_3D ( 'NONE', #243, #231, #59 ) ;
#756 = ORIENTED_EDGE ( 'NONE', *, *, #914, .F. ) ;
#757 = CIRCLE ( 'NONE', #2214, 4.000000000000003553 ) ;
#758 = FACE_OUTER_BOUND ( 'NONE', #1151, .T. ) ;
#759 = DIRECTION ( 'NONE',  ( 0.000000000000000000, 0.000000000000000000, 1.000000000000000000 ) ) ;
#760 = VERTEX_POINT ( 'NONE', #1235 ) ;
#761 = CARTESIAN_POINT ( 'NONE',  ( 124.8076878826209253, 21.60000000000000142, -61.74973846403593569 ) ) ;
#762 = CARTESIAN_POINT ( 'NONE',  ( -14.89231211737907579, 1.600000000000000089, -71.74973846403592859 ) ) ;
#763 = CARTESIAN_POINT ( 'NONE',  ( 53.30768788262092528, 5.600000000000000533, -81.24973846403592859 ) ) ;
#764 = VERTEX_POINT ( 'NONE', #2262 ) ;
#765 = LINE ( 'NONE', #533, #2465 ) ;
#766 = ORIENTED_EDGE ( 'NONE', *, *, #2050, .T. ) ;
#767 = DIRECTION ( 'NONE',  ( -0.000000000000000000, -1.000000000000000000, -0.000000000000000000 ) ) ;
#768 = ORIENTED_EDGE ( 'NONE', *, *, #1085, .F. ) ;
#769 = VECTOR ( 'NONE', #1501, 1000.000000000000000 ) ;
#770 = EDGE_CURVE ( 'NONE', #941, #1592, #255, .T. ) ;
#771 = DIRECTION ( 'NONE',  ( -0.000000000000000000, -1.000000000000000000, -0.000000000000000000 ) ) ;
#772 = ORIENTED_EDGE ( 'NONE', *, *, #1552, .T. ) ;
#773 = CARTESIAN_POINT ( 'NONE',  ( 39.80768788262093238, 5.600000000000000533, -81.24973846403592859 ) ) ;
#774 = DIRECTION ( 'NONE',  ( 1.000000000000000000, 0.000000000000000000, 0.000000000000000000 ) ) ;
#775 = CARTESIAN_POINT ( 'NONE',  ( 101.8076878826209253, -0.3999999999999999667, 11.15026153596406644 ) ) ;
#776 = VECTOR ( 'NONE', #2486, 1000.000000000000000 ) ;
#777 = VERTEX_POINT ( 'NONE', #1039 ) ;
#778 = LINE ( 'NONE', #2593, #942 ) ;
#779 = CYLINDRICAL_SURFACE ( 'NONE', #1263, 3.999999999999992450 ) ;
#780 = ORIENTED_EDGE ( 'NONE', *, *, #1179, .T. ) ;
#781 = CARTESIAN_POINT ( 'NONE',  ( 49.30768788262092528, 5.600000000000001421, -81.24973846403592859 ) ) ;
#782 = ORIENTED_EDGE ( 'NONE', *, *, #100, .F. ) ;
#783 = CARTESIAN_POINT ( 'NONE',  ( -14.89231211737907046, 1.600000000000000089, 17.25026153596406786 ) ) ;
#784 = CARTESIAN_POINT ( 'NONE',  ( -10.29231211737907614, 1.600000000000000089, 12.65026153596406822 ) ) ;
#785 = EDGE_CURVE ( 'NONE', #1609, #1508, #434, .T. ) ;
#786 = ORIENTED_EDGE ( 'NONE', *, *, #1753, .T. ) ;
#787 = EDGE_CURVE ( 'NONE', #80, #2086, #1685, .T. ) ;
#788 = LINE ( 'NONE', #547, #578 ) ;
#789 = CYLINDRICAL_SURFACE ( 'NONE', #497, 1.499999999999997780 ) ;
#790 = ORIENTED_EDGE ( 'NONE', *, *, #51, .T. ) ;
#791 = CARTESIAN_POINT ( 'NONE',  ( 124.8076878826209395, 1.600000000000000089, 7.250261535964067861 ) ) ;
#792 = LINE ( 'NONE', #1624, #2414 ) ;
#793 = ORIENTED_EDGE ( 'NONE', *, *, #1326, .T. ) ;
#794 = CIRCLE ( 'NONE', #331, 4.000000000000000000 ) ;
#795 = CARTESIAN_POINT ( 'NONE',  ( 101.8076878826209253, 1.600000000000000089, -68.44973846403593143 ) ) ;
#796 = VECTOR ( 'NONE', #2058, 1000.000000000000000 ) ;
#797 = CARTESIAN_POINT ( 'NONE',  ( 0.000000000000000000, 9.600000000000001421, 0.000000000000000000 ) ) ;
#798 = LINE ( 'NONE', #18, #562 ) ;
#799 = CIRCLE ( 'NONE', #755, 4.000000000000003553 ) ;
#800 = ORIENTED_EDGE ( 'NONE', *, *, #823, .F. ) ;
#801 = VECTOR ( 'NONE', #1660, 1000.000000000000000 ) ;
#802 = CARTESIAN_POINT ( 'NONE',  ( 88.30768788262091107, 9.600000000000001421, -71.74973846403592859 ) ) ;
#803 = CARTESIAN_POINT ( 'NONE',  ( 31.80768788262092173, 5.600000000000001421, -81.24973846403592859 ) ) ;
#804 = ADVANCED_FACE ( 'NONE', ( #858 ), #2483, .F. ) ;
#805 = VECTOR ( 'NONE', #975, 1000.000000000000000 ) ;
#806 = VERTEX_POINT ( 'NONE', #656 ) ;
#807 = CARTESIAN_POINT ( 'NONE',  ( 124.8076878826209395, 21.60000000000000142, 7.250261535964062531 ) ) ;
#808 = FACE_OUTER_BOUND ( 'NONE', #1601, .T. ) ;
#809 = ADVANCED_FACE ( 'NONE', ( #870 ), #1048, .T. ) ;
#810 = ORIENTED_EDGE ( 'NONE', *, *, #2417, .T. ) ;
#811 = FACE_OUTER_BOUND ( 'NONE', #1124, .T. ) ;
#812 = LINE ( 'NONE', #2457, #1566 ) ;
#813 = ADVANCED_FACE ( 'NONE', ( #2039 ), #1028, .F. ) ;
#814 = DIRECTION ( 'NONE',  ( 0.000000000000000000, 0.000000000000000000, 1.000000000000000000 ) ) ;
#815 = AXIS2_PLACEMENT_3D ( 'NONE', #880, #1736, #1320 ) ;
#816 = ORIENTED_EDGE ( 'NONE', *, *, #1599, .T. ) ;
#817 = LINE ( 'NONE', #1466, #1829 ) ;
#818 = CIRCLE ( 'NONE', #2020, 1.499999999999997780 ) ;
#819 = ORIENTED_EDGE ( 'NONE', *, *, #2487, .F. ) ;
#820 = DIRECTION ( 'NONE',  ( 0.000000000000000000, 0.000000000000000000, 1.000000000000000000 ) ) ;
#821 = DIRECTION ( 'NONE',  ( 0.000000000000000000, 0.000000000000000000, 1.000000000000000000 ) ) ;
#822 = VECTOR ( 'NONE', #1514, 1000.000000000000000 ) ;
#823 = EDGE_CURVE ( 'NONE', #854, #1804, #1663, .T. ) ;
#824 = ADVANCED_FACE ( 'NONE', ( #833 ), #99, .F. ) ;
#825 = ADVANCED_FACE ( 'NONE', ( #136 ), #1724, .F. ) ;
#826 = LINE ( 'NONE', #29, #62 ) ;
#827 = CARTESIAN_POINT ( 'NONE',  ( 95.80768788262093949, 1.600000000000000089, 7.250261535964071413 ) ) ;
#828 = CARTESIAN_POINT ( 'NONE',  ( 14.82609412710778329, 1.600000000000000089, 9.250261535964067861 ) ) ;
#829 = ORIENTED_EDGE ( 'NONE', *, *, #2613, .F. ) ;
#830 = CARTESIAN_POINT ( 'NONE',  ( 31.80768788262092173, 9.600000000000001421, -63.74973846403592148 ) ) ;
#831 = ORIENTED_EDGE ( 'NONE', *, *, #356, .T. ) ;
#832 = LINE ( 'NONE', #807, #435 ) ;
#833 = FACE_OUTER_BOUND ( 'NONE', #856, .T. ) ;
#834 = CARTESIAN_POINT ( 'NONE',  ( -14.89231211737907579, 1.600000000000000089, -71.74973846403592859 ) ) ;
#835 = EDGE_CURVE ( 'NONE', #118, #1110, #1500, .T. ) ;
#836 = CLOSED_SHELL ( 'NONE', ( #1025, #2078, #1964, #609, #2049, #1748, #753, #1315, #2401, #809, #2258, #167, #2274, #1816, #354, #1814, #277, #2527, #2435, #168, #2131, #813, #1276, #460, #2354, #1572, #572, #1306, #1892, #1910, #2014, #596, #1273, #1102, #7, #2581, #521, #1654, #1325, #233, #1024, #824, #804, #1100, #825, #320, #1361, #2196, #114, #2479, #1488, #1981, #1835, #1912, #647, #1168, #428, #66, #387, #1181, #1080, #1962, #703, #2359, #1415, #489, #129, #624, #1766, #1291, #2368, #1162, #612, #128, #2229, #1783, #8, #1292, #1556, #1066, #1641, #2029, #1608, #1414, #1504, #2243, #1117, #637, #1050 ) ) ;
#837 = FACE_OUTER_BOUND ( 'NONE', #1160, .T. ) ;
#838 = DIRECTION ( 'NONE',  ( 1.000000000000000000, 0.000000000000000000, -0.000000000000000000 ) ) ;
#839 = AXIS2_PLACEMENT_3D ( 'NONE', #1712, #697, #2493 ) ;
#840 = ORIENTED_EDGE ( 'NONE', *, *, #2496, .T. ) ;
#841 = VECTOR ( 'NONE', #2290, 1000.000000000000000 ) ;
#842 = FACE_OUTER_BOUND ( 'NONE', #124, .T. ) ;
#843 = CIRCLE ( 'NONE', #2376, 4.000000000000003553 ) ;
#844 = ORIENTED_EDGE ( 'NONE', *, *, #2211, .F. ) ;
#845 = CYLINDRICAL_SURFACE ( 'NONE', #2224, 1.500000000000001332 ) ;
#846 = DIRECTION ( 'NONE',  ( -1.000000000000000000, -0.000000000000000000, -0.000000000000000000 ) ) ;
#847 = PLANE ( 'NONE',  #604 ) ;
#848 = CARTESIAN_POINT ( 'NONE',  ( 14.30768788262091995, 9.600000000000001421, -71.74973846403592859 ) ) ;
#849 = CARTESIAN_POINT ( 'NONE',  ( 39.80768788262092528, 9.600000000000001421, -71.74973846403592859 ) ) ;
#850 = VERTEX_POINT ( 'NONE', #1700 ) ;
#851 = EDGE_CURVE ( 'NONE', #1745, #741, #2041, .T. ) ;
#852 = EDGE_CURVE ( 'NONE', #1588, #69, #1059, .T. ) ;
#853 = CARTESIAN_POINT ( 'NONE',  ( 88.30768788262091107, 5.600000000000000533, -81.24973846403592859 ) ) ;
#854 = VERTEX_POINT ( 'NONE', #1523 ) ;
#855 = VECTOR ( 'NONE', #569, 1000.000000000000000 ) ;
#856 = EDGE_LOOP ( 'NONE', ( #1935, #736, #514, #772, #1163 ) ) ;
#857 = DIRECTION ( 'NONE',  ( -0.000000000000000000, -0.000000000000000000, 1.000000000000000000 ) ) ;
#858 = FACE_OUTER_BOUND ( 'NONE', #2587, .T. ) ;
#859 = VECTOR ( 'NONE', #1655, 1000.000000000000000 ) ;
#860 = CARTESIAN_POINT ( 'NONE',  ( -14.89231211737907579, 1.600000000000000089, -71.74973846403592859 ) ) ;
#861 = VECTOR ( 'NONE', #295, 1000.000000000000000 ) ;
#862 = DIRECTION ( 'NONE',  ( 0.000000000000000000, -0.000000000000000000, 1.000000000000000000 ) ) ;
#863 = LINE ( 'NONE', #104, #2099 ) ;
#864 = ORIENTED_EDGE ( 'NONE', *, *, #246, .F. ) ;
#865 = CARTESIAN_POINT ( 'NONE',  ( 66.80768788262092528, 9.600000000000001421, -71.74973846403591438 ) ) ;
#866 = ORIENTED_EDGE ( 'NONE', *, *, #625, .F. ) ;
#867 = EDGE_CURVE ( 'NONE', #918, #1833, #843, .T. ) ;
#868 = ORIENTED_EDGE ( 'NONE', *, *, #2598, .T. ) ;
#869 = CARTESIAN_POINT ( 'NONE',  ( 45.30768788262091817, 11.09999999999999964, -51.74973846403592148 ) ) ;
#870 = FACE_OUTER_BOUND ( 'NONE', #2062, .T. ) ;
#871 = CARTESIAN_POINT ( 'NONE',  ( 0.000000000000000000, 62.09999999999999432, 0.000000000000000000 ) ) ;
#872 = PLANE ( 'NONE',  #1308 ) ;
#873 = DIRECTION ( 'NONE',  ( -0.000000000000000000, -1.000000000000000000, -0.000000000000000000 ) ) ;
#874 = EDGE_LOOP ( 'NONE', ( #1963, #2358, #2227, #1465 ) ) ;
#875 = DIRECTION ( 'NONE',  ( 1.000000000000000000, 0.000000000000000000, 0.000000000000000000 ) ) ;
#876 = VECTOR ( 'NONE', #1790, 1000.000000000000000 ) ;
#877 = ORIENTED_EDGE ( 'NONE', *, *, #787, .F. ) ;
#878 = ORIENTED_EDGE ( 'NONE', *, *, #505, .F. ) ;
#879 = AXIS2_PLACEMENT_3D ( 'NONE', #447, #63, #862 ) ;
#880 = CARTESIAN_POINT ( 'NONE',  ( -14.89231211737907579, 1.600000000000000089, -71.74973846403592859 ) ) ;
#881 = DIRECTION ( 'NONE',  ( -0.000000000000000000, -0.000000000000000000, -1.000000000000000000 ) ) ;
#882 = EDGE_CURVE ( 'NONE', #191, #486, #710, .T. ) ;
#883 = CARTESIAN_POINT ( 'NONE',  ( 95.80768788262092528, 21.60000000000000142, -61.74973846403592859 ) ) ;
#884 = AXIS2_PLACEMENT_3D ( 'NONE', #1911, #898, #2511 ) ;
#885 = VECTOR ( 'NONE', #2006, 1000.000000000000000 ) ;
#886 = EDGE_CURVE ( 'NONE', #378, #2197, #2156, .T. ) ;
#887 = EDGE_CURVE ( 'NONE', #1889, #695, #2524, .T. ) ;
#888 = DIRECTION ( 'NONE',  ( -0.000000000000000000, -1.000000000000000000, -0.000000000000000000 ) ) ;
#889 = AXIS2_PLACEMENT_3D ( 'NONE', #79, #1693, #2506 ) ;
#890 = DIRECTION ( 'NONE',  ( -0.000000000000000000, -1.000000000000000000, -0.000000000000000000 ) ) ;
#891 = CARTESIAN_POINT ( 'NONE',  ( 39.80768788262092528, 9.600000000000001421, -63.74973846403592148 ) ) ;
#892 = ORIENTED_EDGE ( 'NONE', *, *, #1290, .T. ) ;
#893 = DIRECTION ( 'NONE',  ( 1.000000000000000000, 0.000000000000000000, -7.796510004390144799E-17 ) ) ;
#894 = ORIENTED_EDGE ( 'NONE', *, *, #2478, .F. ) ;
#895 = ORIENTED_EDGE ( 'NONE', *, *, #2015, .F. ) ;
#896 = DIRECTION ( 'NONE',  ( -1.000000000000000000, 0.000000000000000000, 0.000000000000000000 ) ) ;
#897 = DIRECTION ( 'NONE',  ( 1.000000000000000000, 0.000000000000000000, 0.000000000000000000 ) ) ;
#898 = DIRECTION ( 'NONE',  ( 0.000000000000000000, 0.000000000000000000, -1.000000000000000000 ) ) ;
#899 = CIRCLE ( 'NONE', #1793, 4.000000000000003553 ) ;
#900 = DIRECTION ( 'NONE',  ( 0.000000000000000000, 0.000000000000000000, 1.000000000000000000 ) ) ;
#901 = EDGE_CURVE ( 'NONE', #191, #1264, #468, .T. ) ;
#902 = EDGE_CURVE ( 'NONE', #956, #1596, #1298, .T. ) ;
#903 = FACE_BOUND ( 'NONE', #19, .T. ) ;
#904 = CARTESIAN_POINT ( 'NONE',  ( 92.30768788262092528, 5.600000000000000533, -81.24973846403592859 ) ) ;
#905 = VECTOR ( 'NONE', #1387, 1000.000000000000000 ) ;
#906 = ORIENTED_EDGE ( 'NONE', *, *, #1149, .T. ) ;
#907 = FACE_OUTER_BOUND ( 'NONE', #2216, .T. ) ;
#908 = EDGE_LOOP ( 'NONE', ( #2181, #1506, #1619, #1955 ) ) ;
#909 = ORIENTED_EDGE ( 'NONE', *, *, #687, .T. ) ;
#910 = DIRECTION ( 'NONE',  ( 7.796510004390144799E-17, 0.000000000000000000, 1.000000000000000000 ) ) ;
#911 = CARTESIAN_POINT ( 'NONE',  ( 74.80768788262092528, 9.600000000000001421, -71.74973846403592859 ) ) ;
#912 = CARTESIAN_POINT ( 'NONE',  ( 53.30768788262092528, 5.600000000000000533, -81.24973846403592859 ) ) ;
#913 = DIRECTION ( 'NONE',  ( 0.000000000000000000, 0.000000000000000000, -1.000000000000000000 ) ) ;
#914 = EDGE_CURVE ( 'NONE', #2546, #191, #1140, .T. ) ;
#915 = FACE_OUTER_BOUND ( 'NONE', #360, .T. ) ;
#916 = VERTEX_POINT ( 'NONE', #84 ) ;
#917 = DIRECTION ( 'NONE',  ( 0.000000000000000000, 1.000000000000000000, 0.000000000000000000 ) ) ;
#918 = VERTEX_POINT ( 'NONE', #1127 ) ;
#919 = ORIENTED_EDGE ( 'NONE', *, *, #1589, .F. ) ;
#920 = VECTOR ( 'NONE', #1593, 1000.000000000000000 ) ;
#921 = FACE_OUTER_BOUND ( 'NONE', #629, .T. ) ;
#922 = VECTOR ( 'NONE', #1153, 1000.000000000000000 ) ;
#923 = DIRECTION ( 'NONE',  ( 0.000000000000000000, -0.000000000000000000, -1.000000000000000000 ) ) ;
#924 = CARTESIAN_POINT ( 'NONE',  ( 124.8076878826209253, 1.600000000000000089, -71.74973846403592859 ) ) ;
#925 = AXIS2_PLACEMENT_3D ( 'NONE', #2104, #1703, #2090 ) ;
#926 = ORIENTED_EDGE ( 'NONE', *, *, #538, .T. ) ;
#927 = AXIS2_PLACEMENT_3D ( 'NONE', #1461, #26, #821 ) ;
#928 = ORIENTED_EDGE ( 'NONE', *, *, #2564, .F. ) ;
#929 = FACE_OUTER_BOUND ( 'NONE', #1529, .T. ) ;
#930 = DIRECTION ( 'NONE',  ( 0.000000000000000000, -0.000000000000000000, 1.000000000000000000 ) ) ;
#931 = CIRCLE ( 'NONE', #2423, 3.999999999999996447 ) ;
#932 = ORIENTED_EDGE ( 'NONE', *, *, #2369, .T. ) ;
#933 = LINE ( 'NONE', #1746, #1232 ) ;
#934 = EDGE_LOOP ( 'NONE', ( #1604, #2459, #1046 ) ) ;
#935 = EDGE_CURVE ( 'NONE', #527, #2282, #2328, .T. ) ;
#936 = EDGE_LOOP ( 'NONE', ( #490, #2192, #160, #2463 ) ) ;
#937 = EDGE_CURVE ( 'NONE', #1121, #218, #1358, .T. ) ;
#938 = LINE ( 'NONE', #546, #2056 ) ;
#939 = DIRECTION ( 'NONE',  ( 1.000000000000000000, 0.000000000000000000, 0.000000000000000000 ) ) ;
#940 = CARTESIAN_POINT ( 'NONE',  ( 124.8076878826209253, 1.600000000000000089, -71.74973846403592859 ) ) ;
#941 = VERTEX_POINT ( 'NONE', #1738 ) ;
#942 = VECTOR ( 'NONE', #1156, 1000.000000000000000 ) ;
#943 = VERTEX_POINT ( 'NONE', #1311 ) ;
#944 = VECTOR ( 'NONE', #467, 1000.000000000000000 ) ;
#945 = AXIS2_PLACEMENT_3D ( 'NONE', #1362, #140, #2595 ) ;
#946 = FACE_OUTER_BOUND ( 'NONE', #987, .T. ) ;
#947 = VERTEX_POINT ( 'NONE', #2129 ) ;
#948 = DIRECTION ( 'NONE',  ( 0.000000000000000000, 1.000000000000000000, 0.000000000000000000 ) ) ;
#949 = CIRCLE ( 'NONE', #1329, 3.999999999999996447 ) ;
#950 = ORIENTED_EDGE ( 'NONE', *, *, #414, .T. ) ;
#951 = DIRECTION ( 'NONE',  ( 1.000000000000000000, 0.000000000000000000, 0.000000000000000000 ) ) ;
#952 = DIRECTION ( 'NONE',  ( 0.000000000000000000, 1.000000000000000000, 0.000000000000000000 ) ) ;
#953 = LINE ( 'NONE', #2576, #2254 ) ;
#954 = EDGE_CURVE ( 'NONE', #1110, #941, #2102, .T. ) ;
#955 = CARTESIAN_POINT ( 'NONE',  ( 0.000000000000000000, 0.000000000000000000, 0.000000000000000000 ) ) ;
#956 = VERTEX_POINT ( 'NONE', #940 ) ;
#957 = FACE_OUTER_BOUND ( 'NONE', #2270, .T. ) ;
#958 = ORIENTED_EDGE ( 'NONE', *, *, #2161, .F. ) ;
#959 = DIRECTION ( 'NONE',  ( 1.000000000000000000, -0.000000000000000000, -0.000000000000000000 ) ) ;
#960 = ORIENTED_EDGE ( 'NONE', *, *, #935, .T. ) ;
#961 = DIRECTION ( 'NONE',  ( 0.000000000000000000, -1.000000000000000000, 0.000000000000000000 ) ) ;
#962 = LINE ( 'NONE', #148, #1943 ) ;
#963 = DIRECTION ( 'NONE',  ( 1.000000000000000000, 0.000000000000000000, -1.559302000878028960E-16 ) ) ;
#964 = ORIENTED_EDGE ( 'NONE', *, *, #935, .F. ) ;
#965 = PLANE ( 'NONE',  #1111 ) ;
#966 = VECTOR ( 'NONE', #623, 1000.000000000000000 ) ;
#967 = ORIENTED_EDGE ( 'NONE', *, *, #400, .F. ) ;
#968 = EDGE_CURVE ( 'NONE', #577, #1968, #304, .T. ) ;
#969 = EDGE_CURVE ( 'NONE', #1903, #806, #1535, .T. ) ;
#970 = VECTOR ( 'NONE', #1491, 1000.000000000000000 ) ;
#971 = DIRECTION ( 'NONE',  ( 0.000000000000000000, 0.000000000000000000, 1.000000000000000000 ) ) ;
#972 = VECTOR ( 'NONE', #1637, 1000.000000000000000 ) ;
#973 = VERTEX_POINT ( 'NONE', #883 ) ;
#974 = AXIS2_PLACEMENT_3D ( 'NONE', #1507, #893, #1093 ) ;
#975 = DIRECTION ( 'NONE',  ( -0.000000000000000000, -0.000000000000000000, -1.000000000000000000 ) ) ;
#976 = ORIENTED_EDGE ( 'NONE', *, *, #657, .F. ) ;
#977 = CARTESIAN_POINT ( 'NONE',  ( 45.30768788262091817, 11.09999999999999964, -47.74973846403592859 ) ) ;
#978 = DIRECTION ( 'NONE',  ( -1.000000000000000000, 0.000000000000000000, -0.000000000000000000 ) ) ;
#979 = DIRECTION ( 'NONE',  ( 1.000000000000000000, 0.000000000000000000, -2.668805347656626185E-16 ) ) ;
#980 = ORIENTED_EDGE ( 'NONE', *, *, #1687, .F. ) ;
#981 = CARTESIAN_POINT ( 'NONE',  ( 24.00768788262092102, 11.09999999999999964, -10.44973846403593143 ) ) ;
#982 = DIRECTION ( 'NONE',  ( 0.000000000000000000, -0.000000000000000000, 1.000000000000000000 ) ) ;
#983 = ORIENTED_EDGE ( 'NONE', *, *, #2015, .T. ) ;
#984 = CARTESIAN_POINT ( 'NONE',  ( 124.8076878826209253, 21.60000000000000142, -71.74973846403592859 ) ) ;
#985 = EDGE_CURVE ( 'NONE', #1939, #1476, #2292, .T. ) ;
#986 = EDGE_CURVE ( 'NONE', #330, #577, #6, .T. ) ;
#987 = EDGE_LOOP ( 'NONE', ( #1364, #1694 ) ) ;
#988 = CIRCLE ( 'NONE', #1875, 4.000000000000003553 ) ;
#989 = CARTESIAN_POINT ( 'NONE',  ( 92.30768788262092528, 9.600000000000001421, -63.74973846403592148 ) ) ;
#990 = VERTEX_POINT ( 'NONE', #571 ) ;
#991 = CARTESIAN_POINT ( 'NONE',  ( 95.80768788262092528, 1.600000000000000089, -61.74973846403592859 ) ) ;
#992 = VECTOR ( 'NONE', #1091, 1000.000000000000000 ) ;
#993 = CARTESIAN_POINT ( 'NONE',  ( -10.29231211737907614, -0.3999999999999999667, 14.15026153596406822 ) ) ;
#994 = CARTESIAN_POINT ( 'NONE',  ( -2.692312117379077385, 9.600000000000001421, 17.25026153596406786 ) ) ;
#995 = AXIS2_PLACEMENT_3D ( 'NONE', #1811, #388, #1246 ) ;
#996 = ORIENTED_EDGE ( 'NONE', *, *, #1589, .T. ) ;
#997 = DIRECTION ( 'NONE',  ( 0.000000000000000000, 0.000000000000000000, -1.000000000000000000 ) ) ;
#998 = DIRECTION ( 'NONE',  ( 1.000000000000000000, 0.000000000000000000, 0.000000000000000000 ) ) ;
#999 = EDGE_LOOP ( 'NONE', ( #2151, #1280, #1725 ) ) ;
#1000 = DIRECTION ( 'NONE',  ( -1.000000000000000000, 0.000000000000000000, 0.000000000000000000 ) ) ;
#1001 = ORIENTED_EDGE ( 'NONE', *, *, #770, .T. ) ;
#1002 = EDGE_CURVE ( 'NONE', #1493, #777, #530, .T. ) ;
#1003 = CARTESIAN_POINT ( 'NONE',  ( 24.00768788262092102, 11.09999999999999964, -10.44973846403593143 ) ) ;
#1004 = CARTESIAN_POINT ( 'NONE',  ( -14.89231211737907579, 0.000000000000000000, -71.74973846403592859 ) ) ;
#1005 = ORIENTED_EDGE ( 'NONE', *, *, #1342, .F. ) ;
#1006 = EDGE_CURVE ( 'NONE', #378, #2027, #12, .T. ) ;
#1007 = DIRECTION ( 'NONE',  ( -1.734723475976808672E-15, 0.000000000000000000, -1.000000000000000000 ) ) ;
#1008 = FACE_OUTER_BOUND ( 'NONE', #1211, .T. ) ;
#1009 = EDGE_LOOP ( 'NONE', ( #1453, #1058, #563, #153, #2186 ) ) ;
#1010 = LINE ( 'NONE', #1242, #1711 ) ;
#1011 = APPLICATION_PROTOCOL_DEFINITION ( 'draft international standard', 'automotive_design', 1998, #147 ) ;
#1012 = DIRECTION ( 'NONE',  ( 0.000000000000000000, 1.000000000000000000, -2.602085213965211135E-16 ) ) ;
#1013 = ORIENTED_EDGE ( 'NONE', *, *, #2497, .F. ) ;
#1014 = VECTOR ( 'NONE', #1534, 1000.000000000000000 ) ;
#1015 = DIRECTION ( 'NONE',  ( -1.000000000000000000, 0.000000000000000000, -0.000000000000000000 ) ) ;
#1016 = VECTOR ( 'NONE', #890, 1000.000000000000000 ) ;
#1017 = DIRECTION ( 'NONE',  ( 1.000000000000000000, 0.000000000000000000, -0.000000000000000000 ) ) ;
#1018 = DIRECTION ( 'NONE',  ( 0.000000000000000000, 0.000000000000000000, 1.000000000000000000 ) ) ;
#1019 = AXIS2_PLACEMENT_3D ( 'NONE', #1338, #735, #2316 ) ;
#1020 = ORIENTED_EDGE ( 'NONE', *, *, #340, .F. ) ;
#1021 = VECTOR ( 'NONE', #1951, 1000.000000000000000 ) ;
#1022 = CARTESIAN_POINT ( 'NONE',  ( 45.30768788262091817, 11.09999999999999964, -51.74973846403592148 ) ) ;
#1023 = AXIS2_PLACEMENT_3D ( 'NONE', #477, #2600, #759 ) ;
#1024 = ADVANCED_FACE ( 'NONE', ( #2195 ), #2170, .F. ) ;
#1025 = ADVANCED_FACE ( 'NONE', ( #2184 ), #789, .F. ) ;
#1026 = EDGE_LOOP ( 'NONE', ( #906, #1658, #2109, #1335 ) ) ;
#1027 = LINE ( 'NONE', #1411, #2346 ) ;
#1028 = PLANE ( 'NONE',  #1827 ) ;
#1029 = DIRECTION ( 'NONE',  ( 0.000000000000000000, -0.000000000000000000, -1.000000000000000000 ) ) ;
#1030 = DIRECTION ( 'NONE',  ( 0.000000000000000000, -1.000000000000000000, 0.000000000000000000 ) ) ;
#1031 = DIRECTION ( 'NONE',  ( 1.000000000000000000, -0.000000000000000000, -0.000000000000000000 ) ) ;
#1032 = AXIS2_PLACEMENT_3D ( 'NONE', #722, #1563, #951 ) ;
#1033 = ORIENTED_EDGE ( 'NONE', *, *, #431, .F. ) ;
#1034 = PLANE ( 'NONE',  #1481 ) ;
#1035 = VECTOR ( 'NONE', #11, 1000.000000000000000 ) ;
#1036 = ORIENTED_EDGE ( 'NONE', *, *, #1657, .F. ) ;
#1037 = CARTESIAN_POINT ( 'NONE',  ( 18.30768788262092173, 5.600000000000000533, -71.74973846403592859 ) ) ;
#1038 = EDGE_CURVE ( 'NONE', #69, #1110, #2022, .T. ) ;
#1039 = CARTESIAN_POINT ( 'NONE',  ( 17.50768788262092457, 11.09999999999999964, -3.949738464035928764 ) ) ;
#1040 = AXIS2_PLACEMENT_3D ( 'NONE', #676, #1492, #474 ) ;
#1041 = DIRECTION ( 'NONE',  ( 0.000000000000000000, 0.000000000000000000, -1.000000000000000000 ) ) ;
#1042 = DIRECTION ( 'NONE',  ( 1.000000000000000000, 0.000000000000000000, 0.000000000000000000 ) ) ;
#1043 = DIRECTION ( 'NONE',  ( 0.000000000000000000, 0.000000000000000000, 1.000000000000000000 ) ) ;
#1044 = ORIENTED_EDGE ( 'NONE', *, *, #867, .F. ) ;
#1045 = LINE ( 'NONE', #1057, #220 ) ;
#1046 = ORIENTED_EDGE ( 'NONE', *, *, #2132, .F. ) ;
#1047 = CARTESIAN_POINT ( 'NONE',  ( 24.00768788262092102, 11.09999999999999964, 13.25026153596406786 ) ) ;
#1048 = CYLINDRICAL_SURFACE ( 'NONE', #713, 4.000000000000000000 ) ;
#1049 = DIRECTION ( 'NONE',  ( -0.000000000000000000, -0.000000000000000000, 1.000000000000000000 ) ) ;
#1050 = ADVANCED_FACE ( 'NONE', ( #2404 ), #1394, .F. ) ;
#1051 = EDGE_CURVE ( 'NONE', #1467, #2086, #345, .T. ) ;
#1052 = LINE ( 'NONE', #495, #2079 ) ;
#1053 = CARTESIAN_POINT ( 'NONE',  ( 74.80768788262092528, 9.600000000000001421, -71.74973846403592859 ) ) ;
#1054 = AXIS2_PLACEMENT_3D ( 'NONE', #1297, #1511, #316 ) ;
#1055 = ORIENTED_EDGE ( 'NONE', *, *, #409, .T. ) ;
#1056 = AXIS2_PLACEMENT_3D ( 'NONE', #2067, #410, #2425 ) ;
#1057 = CARTESIAN_POINT ( 'NONE',  ( 30.50768788262092457, 11.09999999999999964, -16.94973846403593143 ) ) ;
#1058 = ORIENTED_EDGE ( 'NONE', *, *, #1132, .F. ) ;
#1059 = CIRCLE ( 'NONE', #884, 4.000000000000003553 ) ;
#1060 = ORIENTED_EDGE ( 'NONE', *, *, #702, .T. ) ;
#1061 = LINE ( 'NONE', #1234, #686 ) ;
#1062 = AXIS2_PLACEMENT_3D ( 'NONE', #1284, #122, #2563 ) ;
#1063 = DIRECTION ( 'NONE',  ( -1.000000000000000000, -0.000000000000000000, -0.000000000000000000 ) ) ;
#1064 = CARTESIAN_POINT ( 'NONE',  ( 53.30768788262092528, 5.600000000000000533, -71.74973846403592859 ) ) ;
#1065 = FACE_BOUND ( 'NONE', #1559, .T. ) ;
#1066 = ADVANCED_FACE ( 'NONE', ( #747 ), #179, .F. ) ;
#1067 = EDGE_CURVE ( 'NONE', #1833, #918, #757, .T. ) ;
#1068 = DIRECTION ( 'NONE',  ( 0.000000000000000000, 0.000000000000000000, -1.000000000000000000 ) ) ;
#1069 = EDGE_CURVE ( 'NONE', #854, #916, #1206, .T. ) ;
#1070 = ORIENTED_EDGE ( 'NONE', *, *, #611, .T. ) ;
#1071 = DIRECTION ( 'NONE',  ( 0.000000000000000000, 1.000000000000000000, 0.000000000000000000 ) ) ;
#1072 = ORIENTED_EDGE ( 'NONE', *, *, #2446, .F. ) ;
#1073 = VERTEX_POINT ( 'NONE', #994 ) ;
#1074 = DIRECTION ( 'NONE',  ( 0.000000000000000000, -1.000000000000000000, 2.602085213965210642E-16 ) ) ;
#1075 = DIRECTION ( 'NONE',  ( -1.000000000000000000, 0.000000000000000000, 0.000000000000000000 ) ) ;
#1076 = PLANE ( 'NONE',  #1332 ) ;
#1077 = DIRECTION ( 'NONE',  ( 0.000000000000000000, 0.000000000000000000, 1.000000000000000000 ) ) ;
#1078 = CARTESIAN_POINT ( 'NONE',  ( 35.80768788262092528, 5.600000000000000533, -81.24973846403592859 ) ) ;
#1079 = ORIENTED_EDGE ( 'NONE', *, *, #2162, .T. ) ;
#1080 = ADVANCED_FACE ( 'NONE', ( #1606 ), #190, .T. ) ;
#1081 = CARTESIAN_POINT ( 'NONE',  ( 14.82609412710778329, 11.09999999999999964, 13.25026153596406076 ) ) ;
#1082 = ORIENTED_EDGE ( 'NONE', *, *, #968, .T. ) ;
#1083 = EDGE_CURVE ( 'NONE', #1476, #1939, #1524, .T. ) ;
#1084 = ORIENTED_EDGE ( 'NONE', *, *, #690, .F. ) ;
#1085 = EDGE_CURVE ( 'NONE', #214, #1333, #953, .T. ) ;
#1086 = DIRECTION ( 'NONE',  ( -1.000000000000000000, 0.000000000000000000, -0.000000000000000000 ) ) ;
#1087 = LINE ( 'NONE', #1896, #1899 ) ;
#1088 = CARTESIAN_POINT ( 'NONE',  ( -14.89231211737907579, 1.600000000000000089, -71.74973846403592859 ) ) ;
#1089 = CARTESIAN_POINT ( 'NONE',  ( 92.30768788262092528, 5.600000000000000533, -81.24973846403592859 ) ) ;
#1090 = DIRECTION ( 'NONE',  ( 0.000000000000000000, 0.000000000000000000, -1.000000000000000000 ) ) ;
#1091 = DIRECTION ( 'NONE',  ( -0.000000000000000000, -1.000000000000000000, -0.000000000000000000 ) ) ;
#1092 = ORIENTED_EDGE ( 'NONE', *, *, #199, .T. ) ;
#1093 = DIRECTION ( 'NONE',  ( -7.796510004390144799E-17, 0.000000000000000000, -1.000000000000000000 ) ) ;
#1094 = ORIENTED_EDGE ( 'NONE', *, *, #1657, .T. ) ;
#1095 = ORIENTED_EDGE ( 'NONE', *, *, #1599, .F. ) ;
#1096 = VECTOR ( 'NONE', #1824, 1000.000000000000000 ) ;
#1097 = CARTESIAN_POINT ( 'NONE',  ( -14.89231211737907046, 1.600000000000000089, 17.25026153596406786 ) ) ;
#1098 = SURFACE_STYLE_USAGE ( .BOTH. , #2552 ) ;
#1099 = DIRECTION ( 'NONE',  ( 0.000000000000000000, -0.000000000000000000, -1.000000000000000000 ) ) ;
#1100 = ADVANCED_FACE ( 'NONE', ( #1008 ), #2379, .F. ) ;
#1101 = EDGE_CURVE ( 'NONE', #1279, #34, #359, .T. ) ;
#1102 = ADVANCED_FACE ( 'NONE', ( #404 ), #2048, .F. ) ;
#1103 = AXIS2_PLACEMENT_3D ( 'NONE', #683, #1779, #1595 ) ;
#1104 = LINE ( 'NONE', #101, #2138 ) ;
#1105 = PRODUCT_DEFINITION_CONTEXT ( 'detailed design', #201, 'design' ) ;
#1106 = DIRECTION ( 'NONE',  ( 0.000000000000000000, 0.000000000000000000, -1.000000000000000000 ) ) ;
#1107 = DIRECTION ( 'NONE',  ( 0.000000000000000000, 0.000000000000000000, -1.000000000000000000 ) ) ;
#1108 = ORIENTED_EDGE ( 'NONE', *, *, #2286, .F. ) ;
#1109 = DIRECTION ( 'NONE',  ( -0.000000000000000000, -0.000000000000000000, -1.000000000000000000 ) ) ;
#1110 = VERTEX_POINT ( 'NONE', #1265 ) ;
#1111 = AXIS2_PLACEMENT_3D ( 'NONE', #1553, #1823, #165 ) ;
#1112 = ORIENTED_EDGE ( 'NONE', *, *, #166, .F. ) ;
#1113 = CARTESIAN_POINT ( 'NONE',  ( -2.692312117379077385, 5.600000000000000533, 26.75026153596406786 ) ) ;
#1114 = CARTESIAN_POINT ( 'NONE',  ( 0.000000000000000000, 9.600000000000001421, 0.000000000000000000 ) ) ;
#1115 = VECTOR ( 'NONE', #910, 1000.000000000000000 ) ;
#1116 = AXIS2_PLACEMENT_3D ( 'NONE', #2253, #2436, #1029 ) ;
#1117 = ADVANCED_FACE ( 'NONE', ( #842 ), #1218, .F. ) ;
#1118 = AXIS2_PLACEMENT_3D ( 'NONE', #650, #2019, #2234 ) ;
#1119 = CARTESIAN_POINT ( 'NONE',  ( 70.80768788262092528, 5.600000000000000533, -81.24973846403592859 ) ) ;
#1120 = CARTESIAN_POINT ( 'NONE',  ( 24.00768788262092102, 11.09999999999999964, 17.25026153596406786 ) ) ;
#1121 = VERTEX_POINT ( 'NONE', #68 ) ;
#1122 = DIRECTION ( 'NONE',  ( -0.000000000000000000, -1.000000000000000000, -0.000000000000000000 ) ) ;
#1123 = ORIENTED_EDGE ( 'NONE', *, *, #1470, .F. ) ;
#1124 = EDGE_LOOP ( 'NONE', ( #926, #145 ) ) ;
#1125 = FACE_OUTER_BOUND ( 'NONE', #81, .T. ) ;
#1126 = DIRECTION ( 'NONE',  ( 0.000000000000000000, 0.000000000000000000, -1.000000000000000000 ) ) ;
#1127 = CARTESIAN_POINT ( 'NONE',  ( 57.30768788262093238, 5.600000000000000533, -81.24973846403592859 ) ) ;
#1128 = ORIENTED_EDGE ( 'NONE', *, *, #2112, .T. ) ;
#1129 = CARTESIAN_POINT ( 'NONE',  ( 0.000000000000000000, 0.000000000000000000, 0.000000000000000000 ) ) ;
#1130 = FACE_OUTER_BOUND ( 'NONE', #1233, .T. ) ;
#1131 = EDGE_CURVE ( 'NONE', #1982, #214, #1454, .T. ) ;
#1132 = EDGE_CURVE ( 'NONE', #332, #1316, #1856, .T. ) ;
#1133 = ORIENTED_EDGE ( 'NONE', *, *, #2399, .F. ) ;
#1134 = DIRECTION ( 'NONE',  ( -1.000000000000000000, 0.000000000000000000, 0.000000000000000000 ) ) ;
#1135 = EDGE_LOOP ( 'NONE', ( #239, #1241, #441, #10 ) ) ;
#1136 = ORIENTED_EDGE ( 'NONE', *, *, #887, .T. ) ;
#1137 = DIRECTION ( 'NONE',  ( 0.000000000000000000, 0.000000000000000000, 1.000000000000000000 ) ) ;
#1138 = AXIS2_PLACEMENT_3D ( 'NONE', #1230, #1007, #1818 ) ;
#1139 = DIRECTION ( 'NONE',  ( -0.000000000000000000, -1.000000000000000000, -0.000000000000000000 ) ) ;
#1140 = LINE ( 'NONE', #1512, #587 ) ;
#1141 = AXIS2_PLACEMENT_3D ( 'NONE', #1224, #237, #39 ) ;
#1142 = ORIENTED_EDGE ( 'NONE', *, *, #1244, .F. ) ;
#1143 = ORIENTED_EDGE ( 'NONE', *, *, #573, .T. ) ;
#1144 = CIRCLE ( 'NONE', #541, 4.000000000000003553 ) ;
#1145 = FACE_BOUND ( 'NONE', #383, .T. ) ;
#1146 = CARTESIAN_POINT ( 'NONE',  ( -6.692312117379077385, 9.600000000000001421, 9.250261535964067861 ) ) ;
#1147 = VECTOR ( 'NONE', #1389, 1000.000000000000000 ) ;
#1148 = ORIENTED_EDGE ( 'NONE', *, *, #1850, .T. ) ;
#1149 = EDGE_CURVE ( 'NONE', #526, #990, #1045, .T. ) ;
#1150 = DIRECTION ( 'NONE',  ( 0.000000000000000000, 0.000000000000000000, -1.000000000000000000 ) ) ;
#1151 = EDGE_LOOP ( 'NONE', ( #371, #1178, #1060, #1266, #1719, #627, #2348, #289, #1733, #424, #958, #2491, #1815, #2609, #413, #2309, #389, #756, #1072, #1988, #877, #1844, #4, #1359 ) ) ;
#1152 = CARTESIAN_POINT ( 'NONE',  ( 101.8076878826209253, 0.000000000000000000, -66.94973846403593143 ) ) ;
#1153 = DIRECTION ( 'NONE',  ( -0.000000000000000000, -1.000000000000000000, -0.000000000000000000 ) ) ;
#1154 = DIRECTION ( 'NONE',  ( -0.000000000000000000, -0.000000000000000000, 1.000000000000000000 ) ) ;
#1155 = EDGE_LOOP ( 'NONE', ( #2400, #1142 ) ) ;
#1156 = DIRECTION ( 'NONE',  ( 1.559302000878028960E-16, 0.000000000000000000, 1.000000000000000000 ) ) ;
#1157 = ORIENTED_EDGE ( 'NONE', *, *, #1851, .F. ) ;
#1158 = VECTOR ( 'NONE', #2297, 1000.000000000000000 ) ;
#1159 = LINE ( 'NONE', #156, #270 ) ;
#1160 = EDGE_LOOP ( 'NONE', ( #1788, #265, #1774, #2579, #1515 ) ) ;
#1161 = FACE_OUTER_BOUND ( 'NONE', #1546, .T. ) ;
#1162 = ADVANCED_FACE ( 'NONE', ( #2084 ), #2246, .T. ) ;
#1163 = ORIENTED_EDGE ( 'NONE', *, *, #2132, .T. ) ;
#1164 = CARTESIAN_POINT ( 'NONE',  ( -10.29231211737907614, 1.600000000000000089, -66.94973846403593143 ) ) ;
#1165 = LINE ( 'NONE', #1579, #213 ) ;
#1166 = CARTESIAN_POINT ( 'NONE',  ( 74.80768788262092528, 9.600000000000001421, -71.74973846403592859 ) ) ;
#1167 = EDGE_CURVE ( 'NONE', #1598, #2372, #1879, .T. ) ;
#1168 = ADVANCED_FACE ( 'NONE', ( #2070 ), #1034, .F. ) ;
#1169 = EDGE_LOOP ( 'NONE', ( #2573, #2219 ) ) ;
#1170 = CARTESIAN_POINT ( 'NONE',  ( 101.8076878826209253, -0.3999999999999999667, -68.44973846403593143 ) ) ;
#1171 = ORIENTED_EDGE ( 'NONE', *, *, #2177, .T. ) ;
#1172 = DIRECTION ( 'NONE',  ( 0.000000000000000000, 0.000000000000000000, 1.000000000000000000 ) ) ;
#1173 = LINE ( 'NONE', #1377, #1830 ) ;
#1174 = EDGE_LOOP ( 'NONE', ( #662, #1891, #1509, #950, #1095 ) ) ;
#1175 = DIRECTION ( 'NONE',  ( 0.000000000000000000, 0.000000000000000000, 1.000000000000000000 ) ) ;
#1176 = FACE_OUTER_BOUND ( 'NONE', #2507, .T. ) ;
#1177 = CARTESIAN_POINT ( 'NONE',  ( 74.80768788262092528, 1.600000000000000089, -71.74973846403592859 ) ) ;
#1178 = ORIENTED_EDGE ( 'NONE', *, *, #1258, .T. ) ;
#1179 = EDGE_CURVE ( 'NONE', #2372, #1349, #1144, .T. ) ;
#1180 = EDGE_CURVE ( 'NONE', #1971, #712, #1312, .T. ) ;
#1181 = ADVANCED_FACE ( 'NONE', ( #1634 ), #2061, .T. ) ;
#1182 = AXIS2_PLACEMENT_3D ( 'NONE', #1321, #121, #923 ) ;
#1183 = ORIENTED_EDGE ( 'NONE', *, *, #914, .T. ) ;
#1184 = VECTOR ( 'NONE', #397, 1000.000000000000000 ) ;
#1185 = CARTESIAN_POINT ( 'NONE',  ( 14.82609412710778329, 11.09999999999999964, 5.250261535964074966 ) ) ;
#1186 = VECTOR ( 'NONE', #1925, 1000.000000000000000 ) ;
#1187 = VERTEX_POINT ( 'NONE', #240 ) ;
#1188 = AXIS2_PLACEMENT_3D ( 'NONE', #263, #1071, #603 ) ;
#1189 = DIRECTION ( 'NONE',  ( -0.000000000000000000, -1.000000000000000000, -0.000000000000000000 ) ) ;
#1190 = ORIENTED_EDGE ( 'NONE', *, *, #1537, .F. ) ;
#1191 = LINE ( 'NONE', #2547, #1252 ) ;
#1192 = CARTESIAN_POINT ( 'NONE',  ( 31.80768788262092173, 9.600000000000001421, -71.74973846403592859 ) ) ;
#1193 = CARTESIAN_POINT ( 'NONE',  ( 1.307687882620922615, 9.600000000000001421, 9.250261535964067861 ) ) ;
#1194 = ORIENTED_EDGE ( 'NONE', *, *, #2112, .F. ) ;
#1195 = DIRECTION ( 'NONE',  ( 0.000000000000000000, 0.000000000000000000, 1.000000000000000000 ) ) ;
#1196 = CARTESIAN_POINT ( 'NONE',  ( -6.692312117379077385, 9.600000000000001421, 17.25026153596406786 ) ) ;
#1197 = ORIENTED_EDGE ( 'NONE', *, *, #2322, .F. ) ;
#1198 = EDGE_CURVE ( 'NONE', #2311, #1903, #2450, .T. ) ;
#1199 = DIRECTION ( 'NONE',  ( 0.000000000000000000, 0.000000000000000000, 1.000000000000000000 ) ) ;
#1200 = AXIS2_PLACEMENT_3D ( 'NONE', #367, #1789, #1949 ) ;
#1201 = ORIENTED_EDGE ( 'NONE', *, *, #593, .F. ) ;
#1202 = CARTESIAN_POINT ( 'NONE',  ( 31.80768788262092173, 9.600000000000001421, -63.74973846403592148 ) ) ;
#1203 = FACE_OUTER_BOUND ( 'NONE', #1749, .T. ) ;
#1204 = ORIENTED_EDGE ( 'NONE', *, *, #968, .F. ) ;
#1205 = VERTEX_POINT ( 'NONE', #638 ) ;
#1206 = LINE ( 'NONE', #1193, #885 ) ;
#1207 = VECTOR ( 'NONE', #373, 1000.000000000000000 ) ;
#1208 = ORIENTED_EDGE ( 'NONE', *, *, #38, .F. ) ;
#1209 = FACE_OUTER_BOUND ( 'NONE', #2422, .T. ) ;
#1210 = CARTESIAN_POINT ( 'NONE',  ( 1.307687882620922615, 5.600000000000001421, 26.75026153596406786 ) ) ;
#1211 = EDGE_LOOP ( 'NONE', ( #1356, #1754, #1384, #1958, #744 ) ) ;
#1212 = PLANE ( 'NONE',  #2308 ) ;
#1213 = CARTESIAN_POINT ( 'NONE',  ( -6.692312117379077385, 9.600000000000001421, 9.250261535964067861 ) ) ;
#1214 = EDGE_CURVE ( 'NONE', #2536, #973, #817, .T. ) ;
#1215 = EDGE_CURVE ( 'NONE', #2418, #679, #1270, .T. ) ;
#1216 = LINE ( 'NONE', #1053, #2470 ) ;
#1217 = ORIENTED_EDGE ( 'NONE', *, *, #737, .F. ) ;
#1218 = CYLINDRICAL_SURFACE ( 'NONE', #1404, 1.499999999999997780 ) ;
#1219 = ORIENTED_EDGE ( 'NONE', *, *, #25, .T. ) ;
#1220 = DIRECTION ( 'NONE',  ( 0.000000000000000000, 0.000000000000000000, -1.000000000000000000 ) ) ;
#1221 = CARTESIAN_POINT ( 'NONE',  ( 24.00768788262092102, 1.600000000000000089, 17.25026153596406786 ) ) ;
#1222 = CARTESIAN_POINT ( 'NONE',  ( -10.29231211737907614, -0.3999999999999999667, -66.94973846403593143 ) ) ;
#1223 = AXIS2_PLACEMENT_3D ( 'NONE', #198, #2030, #1042 ) ;
#1224 = CARTESIAN_POINT ( 'NONE',  ( 70.80768788262092528, 5.600000000000000533, -71.74973846403592859 ) ) ;
#1225 = CARTESIAN_POINT ( 'NONE',  ( -14.89231211737907579, 1.600000000000000089, -71.74973846403592859 ) ) ;
#1226 = VECTOR ( 'NONE', #1897, 1000.000000000000000 ) ;
#1227 = ORIENTED_EDGE ( 'NONE', *, *, #2513, .T. ) ;
#1228 = EDGE_CURVE ( 'NONE', #1847, #2621, #1444, .T. ) ;
#1229 = AXIS2_PLACEMENT_3D ( 'NONE', #1370, #1409, #589 ) ;
#1230 = CARTESIAN_POINT ( 'NONE',  ( 74.80768788262092528, 9.600000000000001421, -63.74973846403592148 ) ) ;
#1231 = CARTESIAN_POINT ( 'NONE',  ( 88.30768788262091107, 5.600000000000000533, -71.74973846403592859 ) ) ;
#1232 = VECTOR ( 'NONE', #1976, 1000.000000000000000 ) ;
#1233 = EDGE_LOOP ( 'NONE', ( #1005, #309, #566, #701, #313 ) ) ;
#1234 = CARTESIAN_POINT ( 'NONE',  ( 124.8076878826209253, 21.60000000000000142, -61.74973846403593569 ) ) ;
#1235 = CARTESIAN_POINT ( 'NONE',  ( 84.30768788262091107, 5.600000000000001421, -81.24973846403592859 ) ) ;
#1236 = LINE ( 'NONE', #2241, #648 ) ;
#1237 = CARTESIAN_POINT ( 'NONE',  ( 22.30768788262092173, 1.600000000000000089, -63.74973846403592148 ) ) ;
#1238 = CARTESIAN_POINT ( 'NONE',  ( -14.89231211737907579, 1.600000000000000089, -71.74973846403592859 ) ) ;
#1239 = VERTEX_POINT ( 'NONE', #2237 ) ;
#1240 = DIRECTION ( 'NONE',  ( 0.000000000000000000, -0.000000000000000000, -1.000000000000000000 ) ) ;
#1241 = ORIENTED_EDGE ( 'NONE', *, *, #70, .F. ) ;
#1242 = CARTESIAN_POINT ( 'NONE',  ( 17.50768788262092102, 11.09999999999999964, -16.94973846403593143 ) ) ;
#1243 = CARTESIAN_POINT ( 'NONE',  ( -14.89231211737907579, 1.600000000000000089, -71.74973846403592859 ) ) ;
#1244 = EDGE_CURVE ( 'NONE', #1375, #1567, #631, .T. ) ;
#1245 = AXIS2_PLACEMENT_3D ( 'NONE', #1528, #1068, #1314 ) ;
#1246 = DIRECTION ( 'NONE',  ( 1.000000000000000000, 0.000000000000000000, -0.000000000000000000 ) ) ;
#1247 = PLANE ( 'NONE',  #2040 ) ;
#1248 = FACE_OUTER_BOUND ( 'NONE', #1792, .T. ) ;
#1249 = ORIENTED_EDGE ( 'NONE', *, *, #227, .T. ) ;
#1250 = PLANE ( 'NONE',  #1138 ) ;
#1251 = CARTESIAN_POINT ( 'NONE',  ( 39.80768788262092528, 9.600000000000001421, -71.74973846403592859 ) ) ;
#1252 = VECTOR ( 'NONE', #1337, 1000.000000000000000 ) ;
#1253 = EDGE_LOOP ( 'NONE', ( #1128, #1808, #1033, #318, #1249 ) ) ;
#1254 = ORIENTED_EDGE ( 'NONE', *, *, #787, .T. ) ;
#1255 = DIRECTION ( 'NONE',  ( 1.000000000000000000, 0.000000000000000000, 0.000000000000000000 ) ) ;
#1256 = DIRECTION ( 'NONE',  ( -0.000000000000000000, -1.000000000000000000, -0.000000000000000000 ) ) ;
#1257 = EDGE_CURVE ( 'NONE', #241, #262, #2591, .T. ) ;
#1258 = EDGE_CURVE ( 'NONE', #956, #1441, #487, .T. ) ;
#1259 = CARTESIAN_POINT ( 'NONE',  ( 84.30768788262091107, 9.600000000000001421, -71.74973846403592859 ) ) ;
#1260 = VECTOR ( 'NONE', #2155, 1000.000000000000000 ) ;
#1261 = LINE ( 'NONE', #296, #1016 ) ;
#1262 = FACE_OUTER_BOUND ( 'NONE', #748, .T. ) ;
#1263 = AXIS2_PLACEMENT_3D ( 'NONE', #112, #407, #1597 ) ;
#1264 = VERTEX_POINT ( 'NONE', #278 ) ;
#1265 = CARTESIAN_POINT ( 'NONE',  ( 31.80768788262092173, 5.600000000000000533, -71.74973846403592859 ) ) ;
#1266 = ORIENTED_EDGE ( 'NONE', *, *, #671, .F. ) ;
#1267 = VECTOR ( 'NONE', #2530, 1000.000000000000000 ) ;
#1268 = EDGE_LOOP ( 'NONE', ( #1386, #819 ) ) ;
#1269 = DIRECTION ( 'NONE',  ( 0.000000000000000000, 1.000000000000000000, 0.000000000000000000 ) ) ;
#1270 = CIRCLE ( 'NONE', #1188, 1.500000000000001332 ) ;
#1271 = CARTESIAN_POINT ( 'NONE',  ( 1.307687882620922615, 9.600000000000001421, 17.25026153596406786 ) ) ;
#1272 = CARTESIAN_POINT ( 'NONE',  ( 101.8076878826209253, 0.000000000000000000, 11.15026153596406644 ) ) ;
#1273 = ADVANCED_FACE ( 'NONE', ( #2323 ), #1293, .F. ) ;
#1274 = CARTESIAN_POINT ( 'NONE',  ( 66.80768788262092528, 1.600000000000000089, -63.74973846403590727 ) ) ;
#1275 = FACE_OUTER_BOUND ( 'NONE', #43, .T. ) ;
#1276 = ADVANCED_FACE ( 'NONE', ( #1720 ), #1494, .F. ) ;
#1277 = ORIENTED_EDGE ( 'NONE', *, *, #1244, .T. ) ;
#1278 = CARTESIAN_POINT ( 'NONE',  ( 49.30768788262092528, 1.600000000000000089, -63.74973846403592148 ) ) ;
#1279 = VERTEX_POINT ( 'NONE', #1516 ) ;
#1280 = ORIENTED_EDGE ( 'NONE', *, *, #1839, .F. ) ;
#1281 = CARTESIAN_POINT ( 'NONE',  ( 66.80768788262092528, 9.600000000000001421, -63.74973846403590727 ) ) ;
#1282 = AXIS2_PLACEMENT_3D ( 'NONE', #2499, #2116, #2484 ) ;
#1283 = CARTESIAN_POINT ( 'NONE',  ( 17.50768788262092457, 62.09999999999999432, -3.949738464035928764 ) ) ;
#1284 = CARTESIAN_POINT ( 'NONE',  ( -10.29231211737907614, 1.600000000000000089, 12.65026153596406822 ) ) ;
#1285 = AXIS2_PLACEMENT_3D ( 'NONE', #77, #661, #715 ) ;
#1286 = LINE ( 'NONE', #284, #471 ) ;
#1287 = CARTESIAN_POINT ( 'NONE',  ( -14.89231211737907579, 1.600000000000000089, -71.74973846403592859 ) ) ;
#1288 = CARTESIAN_POINT ( 'NONE',  ( 70.80768788262092528, 5.600000000000000533, -81.24973846403592859 ) ) ;
#1289 = VERTEX_POINT ( 'NONE', #1921 ) ;
#1290 = EDGE_CURVE ( 'NONE', #752, #32, #663, .T. ) ;
#1291 = ADVANCED_FACE ( 'NONE', ( #2108 ), #512, .T. ) ;
#1292 = ADVANCED_FACE ( 'NONE', ( #2489 ), #1479, .F. ) ;
#1293 = PLANE ( 'NONE',  #49 ) ;
#1294 = ORIENTED_EDGE ( 'NONE', *, *, #1801, .T. ) ;
#1295 = ORIENTED_EDGE ( 'NONE', *, *, #2306, .T. ) ;
#1296 = CARTESIAN_POINT ( 'NONE',  ( 53.30768788262092528, 5.600000000000000533, -81.24973846403592859 ) ) ;
#1297 = CARTESIAN_POINT ( 'NONE',  ( 31.80768788262092173, 9.600000000000001421, -71.74973846403592859 ) ) ;
#1298 = LINE ( 'NONE', #924, #1739 ) ;
#1299 = EDGE_CURVE ( 'NONE', #2072, #943, #718, .T. ) ;
#1300 = LINE ( 'NONE', #61, #861 ) ;
#1301 = FACE_BOUND ( 'NONE', #1268, .T. ) ;
#1302 = CARTESIAN_POINT ( 'NONE',  ( 17.50768788262092457, 62.09999999999999432, -3.949738464035928764 ) ) ;
#1303 = ORIENTED_EDGE ( 'NONE', *, *, #2565, .F. ) ;
#1304 = CARTESIAN_POINT ( 'NONE',  ( -2.692312117379077385, 5.600000000000000533, 26.75026153596406786 ) ) ;
#1305 = ORIENTED_EDGE ( 'NONE', *, *, #1067, .T. ) ;
#1306 = ADVANCED_FACE ( 'NONE', ( #1530 ), #310, .F. ) ;
#1307 = ORIENTED_EDGE ( 'NONE', *, *, #2461, .F. ) ;
#1308 = AXIS2_PLACEMENT_3D ( 'NONE', #1287, #1690, #272 ) ;
#1309 = CARTESIAN_POINT ( 'NONE',  ( 24.00768788262092102, 11.09999999999999964, 13.25026153596406786 ) ) ;
#1310 = FACE_OUTER_BOUND ( 'NONE', #439, .T. ) ;
#1311 = CARTESIAN_POINT ( 'NONE',  ( 84.30768788262091107, 5.600000000000000533, -71.74973846403592859 ) ) ;
#1312 = CIRCLE ( 'NONE', #2337, 4.000000000000000000 ) ;
#1313 = DIRECTION ( 'NONE',  ( -0.000000000000000000, -1.000000000000000000, -0.000000000000000000 ) ) ;
#1314 = DIRECTION ( 'NONE',  ( -1.000000000000000000, 0.000000000000000000, -0.000000000000000000 ) ) ;
#1315 = ADVANCED_FACE ( 'NONE', ( #107 ), #2150, .T. ) ;
#1316 = VERTEX_POINT ( 'NONE', #1933 ) ;
#1317 = DIRECTION ( 'NONE',  ( 1.000000000000000000, 0.000000000000000000, -0.000000000000000000 ) ) ;
#1318 = ORIENTED_EDGE ( 'NONE', *, *, #340, .T. ) ;
#1319 = ORIENTED_EDGE ( 'NONE', *, *, #969, .T. ) ;
#1320 = DIRECTION ( 'NONE',  ( 1.000000000000000000, 0.000000000000000000, -0.000000000000000000 ) ) ;
#1321 = CARTESIAN_POINT ( 'NONE',  ( 0.000000000000000000, 9.600000000000001421, 0.000000000000000000 ) ) ;
#1322 = CARTESIAN_POINT ( 'NONE',  ( 66.80768788262092528, 1.600000000000000089, -71.74973846403591438 ) ) ;
#1323 = CIRCLE ( 'NONE', #1536, 4.000000000000000000 ) ;
#1324 = AXIS2_PLACEMENT_3D ( 'NONE', #860, #2289, #75 ) ;
#1325 = ADVANCED_FACE ( 'NONE', ( #907 ), #288, .F. ) ;
#1326 = EDGE_CURVE ( 'NONE', #2488, #2559, #931, .T. ) ;
#1327 = AXIS2_PLACEMENT_3D ( 'NONE', #2046, #224, #2278 ) ;
#1328 = ORIENTED_EDGE ( 'NONE', *, *, #1632, .T. ) ;
#1329 = AXIS2_PLACEMENT_3D ( 'NONE', #1704, #1717, #1678 ) ;
#1330 = LINE ( 'NONE', #207, #1096 ) ;
#1331 = DIRECTION ( 'NONE',  ( -1.000000000000000000, 0.000000000000000000, -0.000000000000000000 ) ) ;
#1332 = AXIS2_PLACEMENT_3D ( 'NONE', #871, #1898, #646 ) ;
#1333 = VERTEX_POINT ( 'NONE', #1278 ) ;
#1334 = DIRECTION ( 'NONE',  ( 2.668805347656626185E-16, 0.000000000000000000, 1.000000000000000000 ) ) ;
#1335 = ORIENTED_EDGE ( 'NONE', *, *, #2580, .T. ) ;
#1336 = EDGE_LOOP ( 'NONE', ( #1013, #2577, #2353 ) ) ;
#1337 = DIRECTION ( 'NONE',  ( 1.000000000000000000, 0.000000000000000000, 0.000000000000000000 ) ) ;
#1338 = CARTESIAN_POINT ( 'NONE',  ( 57.30768788262092528, 9.600000000000001421, -63.74973846403592148 ) ) ;
#1339 = ORIENTED_EDGE ( 'NONE', *, *, #937, .F. ) ;
#1340 = ORIENTED_EDGE ( 'NONE', *, *, #687, .F. ) ;
#1341 = EDGE_CURVE ( 'NONE', #1413, #1205, #2096, .T. ) ;
#1342 = EDGE_CURVE ( 'NONE', #760, #1722, #15, .T. ) ;
#1343 = DIRECTION ( 'NONE',  ( -0.000000000000000000, -0.000000000000000000, 1.000000000000000000 ) ) ;
#1344 = CARTESIAN_POINT ( 'NONE',  ( 24.00768788262092102, 11.09999999999999964, 13.25026153596406786 ) ) ;
#1345 = ORIENTED_EDGE ( 'NONE', *, *, #1913, .T. ) ;
#1346 = DIRECTION ( 'NONE',  ( 0.000000000000000000, 0.000000000000000000, 1.000000000000000000 ) ) ;
#1347 = DIRECTION ( 'NONE',  ( 0.000000000000000000, 0.000000000000000000, 1.000000000000000000 ) ) ;
#1348 = COLOUR_RGB ( '',0.7921568627450980005, 0.8196078431372548767, 0.9333333333333333481 ) ;
#1349 = VERTEX_POINT ( 'NONE', #678 ) ;
#1350 = ORIENTED_EDGE ( 'NONE', *, *, #852, .F. ) ;
#1351 = DIRECTION ( 'NONE',  ( 1.000000000000000000, 0.000000000000000000, -0.000000000000000000 ) ) ;
#1352 = VECTOR ( 'NONE', #73, 1000.000000000000000 ) ;
#1353 = CARTESIAN_POINT ( 'NONE',  ( -10.29231211737907614, 1.600000000000000089, 11.15026153596406644 ) ) ;
#1354 = DIRECTION ( 'NONE',  ( 2.668805347656626185E-16, 0.000000000000000000, 1.000000000000000000 ) ) ;
#1355 = AXIS2_PLACEMENT_3D ( 'NONE', #193, #1527, #1930 ) ;
#1356 = ORIENTED_EDGE ( 'NONE', *, *, #1085, .T. ) ;
#1357 = DIRECTION ( 'NONE',  ( 0.000000000000000000, 0.000000000000000000, 1.000000000000000000 ) ) ;
#1358 = CIRCLE ( 'NONE', #1062, 1.500000000000001332 ) ;
#1359 = ORIENTED_EDGE ( 'NONE', *, *, #2478, .T. ) ;
#1360 = AXIS2_PLACEMENT_3D ( 'NONE', #548, #2590, #1580 ) ;
#1361 = ADVANCED_FACE ( 'NONE', ( #1706 ), #2310, .F. ) ;
#1362 = CARTESIAN_POINT ( 'NONE',  ( 14.82609412710778329, 11.09999999999999964, 9.250261535964067861 ) ) ;
#1363 = AXIS2_PLACEMENT_3D ( 'NONE', #353, #1590, #2165 ) ;
#1364 = ORIENTED_EDGE ( 'NONE', *, *, #2034, .T. ) ;
#1365 = EDGE_CURVE ( 'NONE', #218, #1121, #2505, .T. ) ;
#1366 = CARTESIAN_POINT ( 'NONE',  ( 124.8076878826209253, 21.60000000000000142, -61.74973846403593569 ) ) ;
#1367 = ORIENTED_EDGE ( 'NONE', *, *, #2578, .F. ) ;
#1368 = DIRECTION ( 'NONE',  ( 0.000000000000000000, 0.000000000000000000, -1.000000000000000000 ) ) ;
#1369 = DIRECTION ( 'NONE',  ( -0.000000000000000000, -0.000000000000000000, 1.000000000000000000 ) ) ;
#1370 = CARTESIAN_POINT ( 'NONE',  ( 18.30768788262092173, 5.600000000000000533, -81.24973846403592859 ) ) ;
#1371 = ORIENTED_EDGE ( 'NONE', *, *, #459, .F. ) ;
#1372 = ORIENTED_EDGE ( 'NONE', *, *, #1623, .F. ) ;
#1373 = AXIS2_PLACEMENT_3D ( 'NONE', #161, #961, #2154 ) ;
#1374 = PLANE ( 'NONE',  #1633 ) ;
#1375 = VERTEX_POINT ( 'NONE', #2572 ) ;
#1376 = DIRECTION ( 'NONE',  ( 0.000000000000000000, 1.000000000000000000, 0.000000000000000000 ) ) ;
#1377 = CARTESIAN_POINT ( 'NONE',  ( -6.692312117379077385, 9.600000000000001421, 17.25026153596406786 ) ) ;
#1378 = EDGE_CURVE ( 'NONE', #1073, #721, #1173, .T. ) ;
#1379 = VERTEX_POINT ( 'NONE', #186 ) ;
#1380 = EDGE_CURVE ( 'NONE', #1855, #581, #1545, .T. ) ;
#1381 = DIRECTION ( 'NONE',  ( 0.000000000000000000, 1.000000000000000000, 0.000000000000000000 ) ) ;
#1382 = PLANE ( 'NONE',  #1728 ) ;
#1383 = CARTESIAN_POINT ( 'NONE',  ( 17.50768788262092102, 11.09999999999999964, -16.94973846403593143 ) ) ;
#1384 = ORIENTED_EDGE ( 'NONE', *, *, #276, .F. ) ;
#1385 = DIRECTION ( 'NONE',  ( -1.000000000000000000, 0.000000000000000000, 0.000000000000000000 ) ) ;
#1386 = ORIENTED_EDGE ( 'NONE', *, *, #1840, .F. ) ;
#1387 = DIRECTION ( 'NONE',  ( -0.000000000000000000, -1.000000000000000000, -0.000000000000000000 ) ) ;
#1388 = ORIENTED_EDGE ( 'NONE', *, *, #1557, .F. ) ;
#1389 = DIRECTION ( 'NONE',  ( -0.000000000000000000, -1.000000000000000000, -0.000000000000000000 ) ) ;
#1390 = EDGE_LOOP ( 'NONE', ( #665, #1305 ) ) ;
#1391 = DIRECTION ( 'NONE',  ( 1.000000000000000000, 0.000000000000000000, -0.000000000000000000 ) ) ;
#1392 = ADVANCED_BREP_SHAPE_REPRESENTATION ( 'NMR_Mainboard', ( #3, #2180 ), #21 ) ;
#1393 = CARTESIAN_POINT ( 'NONE',  ( 92.30768788262092528, 9.600000000000001421, -63.74973846403592148 ) ) ;
#1394 = PLANE ( 'NONE',  #1615 ) ;
#1395 = EDGE_CURVE ( 'NONE', #531, #1333, #1787, .T. ) ;
#1396 = EDGE_LOOP ( 'NONE', ( #1554, #1621, #558, #780, #928 ) ) ;
#1397 =( NAMED_UNIT ( * ) PLANE_ANGLE_UNIT ( ) SI_UNIT ( $, .RADIAN. ) );
#1398 = PLANE ( 'NONE',  #1825 ) ;
#1399 = EDGE_LOOP ( 'NONE', ( #1729, #2599, #119, #1468 ) ) ;
#1400 = VECTOR ( 'NONE', #2485, 1000.000000000000000 ) ;
#1401 = DIRECTION ( 'NONE',  ( -1.000000000000000000, 0.000000000000000000, -0.000000000000000000 ) ) ;
#1402 = VECTOR ( 'NONE', #482, 1000.000000000000000 ) ;
#1403 = ORIENTED_EDGE ( 'NONE', *, *, #519, .T. ) ;
#1404 = AXIS2_PLACEMENT_3D ( 'NONE', #2035, #425, #2259 ) ;
#1405 = CARTESIAN_POINT ( 'NONE',  ( -10.29231211737907614, 0.000000000000000000, -68.44973846403593143 ) ) ;
#1406 = LINE ( 'NONE', #2218, #2382 ) ;
#1407 = ORIENTED_EDGE ( 'NONE', *, *, #1731, .T. ) ;
#1408 = DIRECTION ( 'NONE',  ( -0.000000000000000000, -0.000000000000000000, 1.000000000000000000 ) ) ;
#1409 = DIRECTION ( 'NONE',  ( 0.000000000000000000, 0.000000000000000000, -1.000000000000000000 ) ) ;
#1410 = ORIENTED_EDGE ( 'NONE', *, *, #232, .F. ) ;
#1411 = CARTESIAN_POINT ( 'NONE',  ( 101.8076878826209253, -0.3999999999999999667, -65.44973846403593143 ) ) ;
#1412 = DIRECTION ( 'NONE',  ( 0.000000000000000000, 0.000000000000000000, -1.000000000000000000 ) ) ;
#1413 = VERTEX_POINT ( 'NONE', #1576 ) ;
#1414 = ADVANCED_FACE ( 'NONE', ( #1987 ), #543, .F. ) ;
#1415 = ADVANCED_FACE ( 'NONE', ( #1203 ), #583, .T. ) ;
#1416 = DIRECTION ( 'NONE',  ( 0.000000000000000000, 0.000000000000000000, -1.000000000000000000 ) ) ;
#1417 = AXIS2_PLACEMENT_3D ( 'NONE', #37, #1639, #1199 ) ;
#1418 = CARTESIAN_POINT ( 'NONE',  ( 124.8076878826209395, 1.600000000000000089, 7.250261535964067861 ) ) ;
#1419 = FACE_BOUND ( 'NONE', #639, .T. ) ;
#1420 = ORIENTED_EDGE ( 'NONE', *, *, #2580, .F. ) ;
#1421 = VECTOR ( 'NONE', #2448, 1000.000000000000000 ) ;
#1422 = CARTESIAN_POINT ( 'NONE',  ( 124.8076878826209395, 21.60000000000000142, 7.250261535964062531 ) ) ;
#1423 = ORIENTED_EDGE ( 'NONE', *, *, #2107, .T. ) ;
#1424 = CARTESIAN_POINT ( 'NONE',  ( 70.80768788262092528, 5.600000000000000533, -81.24973846403592859 ) ) ;
#1425 = LINE ( 'NONE', #13, #2498 ) ;
#1426 = PLANE ( 'NONE',  #1417 ) ;
#1427 = EDGE_CURVE ( 'NONE', #2282, #1441, #1960, .T. ) ;
#1428 = CARTESIAN_POINT ( 'NONE',  ( 88.30768788262091107, 5.600000000000000533, -71.74973846403592859 ) ) ;
#1429 = CARTESIAN_POINT ( 'NONE',  ( 30.50768788262092457, 62.09999999999999432, -16.94973846403593143 ) ) ;
#1430 = ORIENTED_EDGE ( 'NONE', *, *, #2487, .T. ) ;
#1431 = DIRECTION ( 'NONE',  ( 0.000000000000000000, 1.000000000000000000, 0.000000000000000000 ) ) ;
#1432 = ORIENTED_EDGE ( 'NONE', *, *, #1817, .T. ) ;
#1433 = PLANE ( 'NONE',  #557 ) ;
#1434 = CARTESIAN_POINT ( 'NONE',  ( 101.8076878826209253, 1.600000000000000089, 9.650261535964068216 ) ) ;
#1435 = CIRCLE ( 'NONE', #751, 3.999999999999996447 ) ;
#1436 = DIRECTION ( 'NONE',  ( 0.000000000000000000, 0.000000000000000000, 1.000000000000000000 ) ) ;
#1437 = VECTOR ( 'NONE', #390, 1000.000000000000000 ) ;
#1438 = EDGE_CURVE ( 'NONE', #760, #943, #556, .T. ) ;
#1439 = DIRECTION ( 'NONE',  ( 0.000000000000000000, 0.000000000000000000, -1.000000000000000000 ) ) ;
#1440 = PLANE ( 'NONE',  #1327 ) ;
#1441 = VERTEX_POINT ( 'NONE', #1773 ) ;
#1442 = AXIS2_PLACEMENT_3D ( 'NONE', #300, #2543, #1317 ) ;
#1443 = EDGE_CURVE ( 'NONE', #943, #80, #365, .T. ) ;
#1444 = LINE ( 'NONE', #1422, #2171 ) ;
#1445 = ORIENTED_EDGE ( 'NONE', *, *, #1083, .F. ) ;
#1446 = DIRECTION ( 'NONE',  ( -0.000000000000000000, -1.000000000000000000, -0.000000000000000000 ) ) ;
#1447 = DIRECTION ( 'NONE',  ( 0.000000000000000000, 0.000000000000000000, -1.000000000000000000 ) ) ;
#1448 = CARTESIAN_POINT ( 'NONE',  ( 92.30768788262092528, 9.600000000000001421, -71.74973846403592859 ) ) ;
#1449 = DIRECTION ( 'NONE',  ( -1.000000000000000000, 0.000000000000000000, -0.000000000000000000 ) ) ;
#1450 = VECTOR ( 'NONE', #2168, 1000.000000000000000 ) ;
#1451 = CARTESIAN_POINT ( 'NONE',  ( 101.8076878826209253, -0.3999999999999999667, 12.65026153596406466 ) ) ;
#1452 = CIRCLE ( 'NONE', #433, 4.000000000000003553 ) ;
#1453 = ORIENTED_EDGE ( 'NONE', *, *, #305, .T. ) ;
#1454 = LINE ( 'NONE', #226, #716 ) ;
#1455 = VERTEX_POINT ( 'NONE', #1366 ) ;
#1456 = EDGE_CURVE ( 'NONE', #1826, #1982, #173, .T. ) ;
#1457 = EDGE_CURVE ( 'NONE', #577, #1289, #2002, .T. ) ;
#1458 = ORIENTED_EDGE ( 'NONE', *, *, #1457, .F. ) ;
#1459 = AXIS2_PLACEMENT_3D ( 'NONE', #828, #402, #1018 ) ;
#1460 = CARTESIAN_POINT ( 'NONE',  ( 45.30768788262091817, 1.600000000000000089, -55.74973846403592148 ) ) ;
#1461 = CARTESIAN_POINT ( 'NONE',  ( 101.8076878826209253, 0.000000000000000000, 11.15026153596406644 ) ) ;
#1462 = DIRECTION ( 'NONE',  ( -0.000000000000000000, -0.000000000000000000, -1.000000000000000000 ) ) ;
#1463 = LINE ( 'NONE', #50, #1400 ) ;
#1464 = CARTESIAN_POINT ( 'NONE',  ( -10.29231211737907614, -0.3999999999999999667, -66.94973846403593143 ) ) ;
#1465 = ORIENTED_EDGE ( 'NONE', *, *, #2399, .T. ) ;
#1466 = CARTESIAN_POINT ( 'NONE',  ( 95.80768788262092528, 21.60000000000000142, -61.74973846403592859 ) ) ;
#1467 = VERTEX_POINT ( 'NONE', #2412 ) ;
#1468 = ORIENTED_EDGE ( 'NONE', *, *, #370, .T. ) ;
#1469 = CARTESIAN_POINT ( 'NONE',  ( 66.80768788262092528, 9.600000000000001421, -71.74973846403591438 ) ) ;
#1470 = EDGE_CURVE ( 'NONE', #194, #250, #1406, .T. ) ;
#1471 = LINE ( 'NONE', #1871, #1613 ) ;
#1472 = CARTESIAN_POINT ( 'NONE',  ( 22.30768788262092173, 1.600000000000000089, -71.74973846403592859 ) ) ;
#1473 = CARTESIAN_POINT ( 'NONE',  ( 1.307687882620922615, 9.600000000000001421, 17.25026153596406786 ) ) ;
#1474 = CARTESIAN_POINT ( 'NONE',  ( 14.82609412710778329, 11.09999999999999964, 9.250261535964067861 ) ) ;
#1475 = VECTOR ( 'NONE', #846, 1000.000000000000000 ) ;
#1476 = VERTEX_POINT ( 'NONE', #130 ) ;
#1477 = EDGE_CURVE ( 'NONE', #1279, #1467, #933, .T. ) ;
#1478 = VECTOR ( 'NONE', #1885, 1000.000000000000000 ) ;
#1479 = PLANE ( 'NONE',  #298 ) ;
#1480 = VERTEX_POINT ( 'NONE', #2557 ) ;
#1481 = AXIS2_PLACEMENT_3D ( 'NONE', #440, #1867, #1645 ) ;
#1482 = EDGE_LOOP ( 'NONE', ( #264, #275, #1922, #2152 ) ) ;
#1483 = DIRECTION ( 'NONE',  ( 0.000000000000000000, 0.000000000000000000, 1.000000000000000000 ) ) ;
#1484 = CARTESIAN_POINT ( 'NONE',  ( 45.30768788262091817, 1.600000000000000089, -51.74973846403592148 ) ) ;
#1485 = VECTOR ( 'NONE', #2191, 1000.000000000000000 ) ;
#1486 = DIRECTION ( 'NONE',  ( 0.000000000000000000, 0.000000000000000000, 1.000000000000000000 ) ) ;
#1487 = CARTESIAN_POINT ( 'NONE',  ( 22.30768788262092173, 5.600000000000000533, -71.74973846403592859 ) ) ;
#1488 = ADVANCED_FACE ( 'NONE', ( #1161 ), #525, .F. ) ;
#1489 = EDGE_CURVE ( 'NONE', #581, #1205, #1616, .T. ) ;
#1490 = EDGE_CURVE ( 'NONE', #1316, #350, #1561, .T. ) ;
#1491 = DIRECTION ( 'NONE',  ( -0.000000000000000000, -1.000000000000000000, -0.000000000000000000 ) ) ;
#1492 = DIRECTION ( 'NONE',  ( -0.000000000000000000, -0.000000000000000000, -1.000000000000000000 ) ) ;
#1493 = VERTEX_POINT ( 'NONE', #1832 ) ;
#1494 = PLANE ( 'NONE',  #1442 ) ;
#1495 = EDGE_LOOP ( 'NONE', ( #2172, #597, #976 ) ) ;
#1496 = EDGE_LOOP ( 'NONE', ( #2383, #185 ) ) ;
#1497 = CARTESIAN_POINT ( 'NONE',  ( -14.89231211737907579, 0.000000000000000000, -71.74973846403592859 ) ) ;
#1498 = AXIS2_PLACEMENT_3D ( 'NONE', #1047, #1446, #2261 ) ;
#1499 = CARTESIAN_POINT ( 'NONE',  ( 57.30768788262092528, 9.600000000000001421, -63.74973846403592148 ) ) ;
#1500 = LINE ( 'NONE', #2115, #1186 ) ;
#1501 = DIRECTION ( 'NONE',  ( 0.000000000000000000, 0.000000000000000000, 1.000000000000000000 ) ) ;
#1502 = UNCERTAINTY_MEASURE_WITH_UNIT (LENGTH_MEASURE( 1.000000000000000082E-05 ), #98, 'distance_accuracy_value', 'NONE');
#1503 = CARTESIAN_POINT ( 'NONE',  ( 124.8076878826209395, 1.600000000000000089, 17.25026153596406431 ) ) ;
#1504 = ADVANCED_FACE ( 'NONE', ( #1854 ), #2244, .F. ) ;
#1505 = FACE_OUTER_BOUND ( 'NONE', #478, .T. ) ;
#1506 = ORIENTED_EDGE ( 'NONE', *, *, #1214, .F. ) ;
#1507 = CARTESIAN_POINT ( 'NONE',  ( -14.89231211737907579, 1.600000000000000089, -71.74973846403592859 ) ) ;
#1508 = VERTEX_POINT ( 'NONE', #423 ) ;
#1509 = ORIENTED_EDGE ( 'NONE', *, *, #720, .T. ) ;
#1510 = LINE ( 'NONE', #2283, #2136 ) ;
#1511 = DIRECTION ( 'NONE',  ( 1.000000000000000000, 0.000000000000000000, 0.000000000000000000 ) ) ;
#1512 = CARTESIAN_POINT ( 'NONE',  ( 66.80768788262092528, 9.600000000000001421, -71.74973846403591438 ) ) ;
#1513 = PLANE ( 'NONE',  #879 ) ;
#1514 = DIRECTION ( 'NONE',  ( 0.000000000000000000, 0.000000000000000000, 1.000000000000000000 ) ) ;
#1515 = ORIENTED_EDGE ( 'NONE', *, *, #100, .T. ) ;
#1516 = CARTESIAN_POINT ( 'NONE',  ( 74.80768788262092528, 9.600000000000001421, -63.74973846403592148 ) ) ;
#1517 = AXIS2_PLACEMENT_3D ( 'NONE', #762, #560, #2403 ) ;
#1518 = ORIENTED_EDGE ( 'NONE', *, *, #1490, .F. ) ;
#1519 = EDGE_CURVE ( 'NONE', #2260, #1567, #2068, .T. ) ;
#1520 = EDGE_LOOP ( 'NONE', ( #2568, #2550, #2592, #1547 ) ) ;
#1521 = CARTESIAN_POINT ( 'NONE',  ( 17.50768788262092457, 11.09999999999999964, -3.949738464035928764 ) ) ;
#1522 = LINE ( 'NONE', #2340, #1260 ) ;
#1523 = CARTESIAN_POINT ( 'NONE',  ( 1.307687882620922615, 9.600000000000001421, 9.250261535964067861 ) ) ;
#1524 = CIRCLE ( 'NONE', #1229, 4.000000000000000000 ) ;
#1525 = PRODUCT_DEFINITION_SHAPE ( 'NONE', 'NONE',  #1929 ) ;
#1526 = EDGE_LOOP ( 'NONE', ( #2433, #1635, #1768 ) ) ;
#1527 = DIRECTION ( 'NONE',  ( -0.000000000000000000, 1.000000000000000000, -0.000000000000000000 ) ) ;
#1528 = CARTESIAN_POINT ( 'NONE',  ( 17.50768788262092457, 62.09999999999999432, -3.949738464035928764 ) ) ;
#1529 = EDGE_LOOP ( 'NONE', ( #864, #1646, #157, #182 ) ) ;
#1530 = FACE_OUTER_BOUND ( 'NONE', #641, .T. ) ;
#1531 = VERTEX_POINT ( 'NONE', #626 ) ;
#1532 = EDGE_LOOP ( 'NONE', ( #793, #1407 ) ) ;
#1533 = CARTESIAN_POINT ( 'NONE',  ( 39.80768788262092528, 1.600000000000000089, -71.74973846403592859 ) ) ;
#1534 = DIRECTION ( 'NONE',  ( -0.000000000000000000, -1.000000000000000000, -0.000000000000000000 ) ) ;
#1535 = LINE ( 'NONE', #2352, #180 ) ;
#1536 = AXIS2_PLACEMENT_3D ( 'NONE', #2193, #1989, #177 ) ;
#1537 = EDGE_CURVE ( 'NONE', #2607, #2139, #200, .T. ) ;
#1538 = EDGE_CURVE ( 'NONE', #1671, #96, #40, .T. ) ;
#1539 = ORIENTED_EDGE ( 'NONE', *, *, #969, .F. ) ;
#1540 = VECTOR ( 'NONE', #1758, 1000.000000000000000 ) ;
#1541 = ORIENTED_EDGE ( 'NONE', *, *, #851, .F. ) ;
#1542 = LINE ( 'NONE', #2356, #2288 ) ;
#1543 = CARTESIAN_POINT ( 'NONE',  ( -10.29231211737907614, 1.600000000000000089, -66.94973846403593143 ) ) ;
#1544 = ORIENTED_EDGE ( 'NONE', *, *, #852, .T. ) ;
#1545 = LINE ( 'NONE', #2389, #2044 ) ;
#1546 = EDGE_LOOP ( 'NONE', ( #1319, #1551, #22, #1403, #2386 ) ) ;
#1547 = ORIENTED_EDGE ( 'NONE', *, *, #2597, .T. ) ;
#1548 = CARTESIAN_POINT ( 'NONE',  ( 66.80768788262092528, 5.600000000000000533, -71.74973846403591438 ) ) ;
#1549 = LINE ( 'NONE', #2364, #1861 ) ;
#1550 = CARTESIAN_POINT ( 'NONE',  ( -6.692312117379077385, 9.600000000000001421, 17.25026153596406786 ) ) ;
#1551 = ORIENTED_EDGE ( 'NONE', *, *, #2231, .F. ) ;
#1552 = EDGE_CURVE ( 'NONE', #34, #1740, #1216, .T. ) ;
#1553 = CARTESIAN_POINT ( 'NONE',  ( 39.80768788262092528, 9.600000000000001421, -63.74973846403592148 ) ) ;
#1554 = ORIENTED_EDGE ( 'NONE', *, *, #1653, .F. ) ;
#1555 = SURFACE_STYLE_FILL_AREA ( #2200 ) ;
#1556 = ADVANCED_FACE ( 'NONE', ( #1 ), #1440, .F. ) ;
#1557 = EDGE_CURVE ( 'NONE', #1968, #241, #798, .T. ) ;
#1558 = DIRECTION ( 'NONE',  ( 0.000000000000000000, 0.000000000000000000, 1.000000000000000000 ) ) ;
#1559 = EDGE_LOOP ( 'NONE', ( #1541, #312 ) ) ;
#1560 = DIRECTION ( 'NONE',  ( 1.000000000000000000, 0.000000000000000000, 0.000000000000000000 ) ) ;
#1561 = LINE ( 'NONE', #2178, #1954 ) ;
#1562 = EDGE_LOOP ( 'NONE', ( #361, #636, #1430, #866 ) ) ;
#1563 = DIRECTION ( 'NONE',  ( 0.000000000000000000, 0.000000000000000000, 1.000000000000000000 ) ) ;
#1564 = FACE_OUTER_BOUND ( 'NONE', #2474, .T. ) ;
#1565 = DIRECTION ( 'NONE',  ( 0.000000000000000000, 0.000000000000000000, -1.000000000000000000 ) ) ;
#1566 = VECTOR ( 'NONE', #1617, 1000.000000000000000 ) ;
#1567 = VERTEX_POINT ( 'NONE', #1618 ) ;
#1568 = ORIENTED_EDGE ( 'NONE', *, *, #1731, .F. ) ;
#1569 = AXIS2_PLACEMENT_3D ( 'NONE', #1231, #499, #1134 ) ;
#1570 = CARTESIAN_POINT ( 'NONE',  ( 22.30768788262092173, 9.600000000000001421, -71.74973846403592859 ) ) ;
#1571 = AXIS2_PLACEMENT_3D ( 'NONE', #341, #2373, #1150 ) ;
#1572 = ADVANCED_FACE ( 'NONE', ( #31 ), #2031, .F. ) ;
#1573 = EDGE_CURVE ( 'NONE', #2204, #1745, #2059, .T. ) ;
#1574 = ORIENTED_EDGE ( 'NONE', *, *, #429, .F. ) ;
#1575 = PLANE ( 'NONE',  #664 ) ;
#1576 = CARTESIAN_POINT ( 'NONE',  ( 14.82609412710778329, 11.09999999999999964, 13.25026153596406076 ) ) ;
#1577 = ORIENTED_EDGE ( 'NONE', *, *, #2322, .T. ) ;
#1578 = PLANE ( 'NONE',  #60 ) ;
#1579 = CARTESIAN_POINT ( 'NONE',  ( 57.30768788262092528, 1.600000000000000089, -63.74973846403592148 ) ) ;
#1580 = DIRECTION ( 'NONE',  ( 0.000000000000000000, 0.000000000000000000, -1.000000000000000000 ) ) ;
#1581 = ORIENTED_EDGE ( 'NONE', *, *, #1941, .T. ) ;
#1582 = VECTOR ( 'NONE', #1978, 1000.000000000000000 ) ;
#1583 =( LENGTH_UNIT ( ) NAMED_UNIT ( * ) SI_UNIT ( .MILLI., .METRE. ) );
#1584 = VERTEX_POINT ( 'NONE', #1004 ) ;
#1585 = CIRCLE ( 'NONE', #1282, 4.000000000000000000 ) ;
#1586 = AXIS2_PLACEMENT_3D ( 'NONE', #1037, #2053, #35 ) ;
#1587 = CARTESIAN_POINT ( 'NONE',  ( -14.89231211737907046, 1.600000000000000089, 17.25026153596406786 ) ) ;
#1588 = VERTEX_POINT ( 'NONE', #1813 ) ;
#1589 = EDGE_CURVE ( 'NONE', #332, #479, #635, .T. ) ;
#1590 = DIRECTION ( 'NONE',  ( -0.000000000000000000, 1.000000000000000000, -0.000000000000000000 ) ) ;
#1591 = AXIS2_PLACEMENT_3D ( 'NONE', #2344, #1874, #2134 ) ;
#1592 = VERTEX_POINT ( 'NONE', #2426 ) ;
#1593 = DIRECTION ( 'NONE',  ( -0.000000000000000000, -0.000000000000000000, 1.000000000000000000 ) ) ;
#1594 = PLANE ( 'NONE',  #44 ) ;
#1595 = DIRECTION ( 'NONE',  ( -1.000000000000000000, 0.000000000000000000, 0.000000000000000000 ) ) ;
#1596 = VERTEX_POINT ( 'NONE', #1843 ) ;
#1597 = DIRECTION ( 'NONE',  ( 0.000000000000000000, 0.000000000000000000, -1.000000000000000000 ) ) ;
#1598 = VERTEX_POINT ( 'NONE', #849 ) ;
#1599 = EDGE_CURVE ( 'NONE', #108, #2003, #438, .T. ) ;
#1600 = CARTESIAN_POINT ( 'NONE',  ( 88.30768788262091107, 5.600000000000000533, -81.24973846403592859 ) ) ;
#1601 = EDGE_LOOP ( 'NONE', ( #524, #1721 ) ) ;
#1602 = FACE_OUTER_BOUND ( 'NONE', #1626, .T. ) ;
#1603 = DIRECTION ( 'NONE',  ( -0.000000000000000000, -1.000000000000000000, -0.000000000000000000 ) ) ;
#1604 = ORIENTED_EDGE ( 'NONE', *, *, #720, .F. ) ;
#1605 = DIRECTION ( 'NONE',  ( -0.000000000000000000, 1.000000000000000000, -0.000000000000000000 ) ) ;
#1606 = FACE_OUTER_BOUND ( 'NONE', #14, .T. ) ;
#1607 = EDGE_CURVE ( 'NONE', #1480, #2017, #1882, .T. ) ;
#1608 = ADVANCED_FACE ( 'NONE', ( #1419, #1248 ), #448, .F. ) ;
#1609 = VERTEX_POINT ( 'NONE', #2439 ) ;
#1610 = FACE_OUTER_BOUND ( 'NONE', #936, .T. ) ;
#1611 = VECTOR ( 'NONE', #613, 1000.000000000000000 ) ;
#1612 = ORIENTED_EDGE ( 'NONE', *, *, #554, .T. ) ;
#1613 = VECTOR ( 'NONE', #2466, 1000.000000000000000 ) ;
#1614 = CARTESIAN_POINT ( 'NONE',  ( 70.80768788262092528, 5.600000000000000533, -81.24973846403592859 ) ) ;
#1615 = AXIS2_PLACEMENT_3D ( 'NONE', #561, #2208, #963 ) ;
#1616 = CIRCLE ( 'NONE', #458, 3.999999999999993339 ) ;
#1617 = DIRECTION ( 'NONE',  ( 0.000000000000000000, 0.000000000000000000, 1.000000000000000000 ) ) ;
#1618 = CARTESIAN_POINT ( 'NONE',  ( 24.00768788262092102, 1.600000000000000089, -14.44973846403593143 ) ) ;
#1619 = ORIENTED_EDGE ( 'NONE', *, *, #215, .T. ) ;
#1620 = DIRECTION ( 'NONE',  ( -1.000000000000000000, 0.000000000000000000, 0.000000000000000000 ) ) ;
#1621 = ORIENTED_EDGE ( 'NONE', *, *, #1038, .T. ) ;
#1622 = CARTESIAN_POINT ( 'NONE',  ( -10.29231211737907614, -0.3999999999999999667, 12.65026153596406822 ) ) ;
#1623 = EDGE_CURVE ( 'NONE', #1205, #581, #2566, .T. ) ;
#1624 = CARTESIAN_POINT ( 'NONE',  ( -6.692312117379077385, 9.600000000000001421, 17.25026153596406786 ) ) ;
#1625 = PRODUCT_RELATED_PRODUCT_CATEGORY ( 'part', '', ( #616 ) ) ;
#1626 = EDGE_LOOP ( 'NONE', ( #2122, #585, #1742 ) ) ;
#1627 = CARTESIAN_POINT ( 'NONE',  ( 84.30768788262091107, 1.600000000000000089, -63.74973846403592148 ) ) ;
#1628 = AXIS2_PLACEMENT_3D ( 'NONE', #869, #1683, #480 ) ;
#1629 = LINE ( 'NONE', #1642, #1611 ) ;
#1630 = CARTESIAN_POINT ( 'NONE',  ( 74.80768788262093949, 5.600000000000000533, -81.24973846403592859 ) ) ;
#1631 = ORIENTED_EDGE ( 'NONE', *, *, #882, .F. ) ;
#1632 = EDGE_CURVE ( 'NONE', #1609, #990, #614, .T. ) ;
#1633 = AXIS2_PLACEMENT_3D ( 'NONE', #1344, #322, #930 ) ;
#1634 = FACE_OUTER_BOUND ( 'NONE', #1496, .T. ) ;
#1635 = ORIENTED_EDGE ( 'NONE', *, *, #1686, .F. ) ;
#1636 = DIRECTION ( 'NONE',  ( -1.000000000000000000, -0.000000000000000000, 1.559302000878028960E-16 ) ) ;
#1637 = DIRECTION ( 'NONE',  ( -1.000000000000000000, -0.000000000000000000, -0.000000000000000000 ) ) ;
#1638 = EDGE_CURVE ( 'NONE', #1833, #1982, #689, .T. ) ;
#1639 = DIRECTION ( 'NONE',  ( -1.000000000000000000, 0.000000000000000000, 0.000000000000000000 ) ) ;
#1640 = EDGE_CURVE ( 'NONE', #330, #1907, #286, .T. ) ;
#1641 = ADVANCED_FACE ( 'NONE', ( #1505 ), #2516, .F. ) ;
#1642 = CARTESIAN_POINT ( 'NONE',  ( 14.30768788262091995, 5.600000000000001421, -81.24973846403592859 ) ) ;
#1643 = CARTESIAN_POINT ( 'NONE',  ( 39.80768788262092528, 9.600000000000001421, -63.74973846403592148 ) ) ;
#1644 = ORIENTED_EDGE ( 'NONE', *, *, #573, .F. ) ;
#1645 = DIRECTION ( 'NONE',  ( 0.000000000000000000, 0.000000000000000000, 1.000000000000000000 ) ) ;
#1646 = ORIENTED_EDGE ( 'NONE', *, *, #1800, .T. ) ;
#1647 = CARTESIAN_POINT ( 'NONE',  ( -10.29231211737907614, 1.600000000000000089, -65.44973846403593143 ) ) ;
#1648 = CARTESIAN_POINT ( 'NONE',  ( 57.30768788262092528, 9.600000000000001421, -71.74973846403592859 ) ) ;
#1649 = AXIS2_PLACEMENT_3D ( 'NONE', #2005, #1408, #939 ) ;
#1650 = DIRECTION ( 'NONE',  ( 0.000000000000000000, 0.000000000000000000, 1.000000000000000000 ) ) ;
#1651 = CIRCLE ( 'NONE', #494, 1.500000000000001332 ) ;
#1652 = CARTESIAN_POINT ( 'NONE',  ( 31.80768788262092173, 1.600000000000000089, -71.74973846403592859 ) ) ;
#1653 = EDGE_CURVE ( 'NONE', #69, #1588, #691, .T. ) ;
#1654 = ADVANCED_FACE ( 'NONE', ( #1262 ), #2319, .F. ) ;
#1655 = DIRECTION ( 'NONE',  ( -0.000000000000000000, 1.000000000000000000, -0.000000000000000000 ) ) ;
#1656 = AXIS2_PLACEMENT_3D ( 'NONE', #2074, #2054, #221 ) ;
#1657 = EDGE_CURVE ( 'NONE', #2072, #330, #113, .T. ) ;
#1658 = ORIENTED_EDGE ( 'NONE', *, *, #1632, .F. ) ;
#1659 = AXIS2_PLACEMENT_3D ( 'NONE', #1791, #394, #2221 ) ;
#1660 = DIRECTION ( 'NONE',  ( -1.000000000000000000, 0.000000000000000000, 0.000000000000000000 ) ) ;
#1661 = ORIENTED_EDGE ( 'NONE', *, *, #2301, .F. ) ;
#1662 = FACE_OUTER_BOUND ( 'NONE', #1396, .T. ) ;
#1663 = LINE ( 'NONE', #1838, #972 ) ;
#1664 = LINE ( 'NONE', #470, #1969 ) ;
#1665 = DIRECTION ( 'NONE',  ( 0.000000000000000000, 0.000000000000000000, -1.000000000000000000 ) ) ;
#1666 = CARTESIAN_POINT ( 'NONE',  ( 17.50768788262092457, 62.09999999999999432, -3.949738464035928764 ) ) ;
#1667 = ORIENTED_EDGE ( 'NONE', *, *, #2481, .T. ) ;
#1668 = EDGE_CURVE ( 'NONE', #214, #2560, #2120, .T. ) ;
#1669 = DIRECTION ( 'NONE',  ( -1.000000000000000000, 0.000000000000000000, -0.000000000000000000 ) ) ;
#1670 = ORIENTED_EDGE ( 'NONE', *, *, #737, .T. ) ;
#1671 = VERTEX_POINT ( 'NONE', #1302 ) ;
#1672 = VECTOR ( 'NONE', #308, 1000.000000000000000 ) ;
#1673 = DIRECTION ( 'NONE',  ( -0.000000000000000000, 1.000000000000000000, -0.000000000000000000 ) ) ;
#1674 = LINE ( 'NONE', #644, #176 ) ;
#1675 = AXIS2_PLACEMENT_3D ( 'NONE', #1064, #2300, #1688 ) ;
#1676 = LINE ( 'NONE', #1089, #2469 ) ;
#1677 = CARTESIAN_POINT ( 'NONE',  ( 57.30768788262092528, 9.600000000000001421, -63.74973846403592148 ) ) ;
#1678 = DIRECTION ( 'NONE',  ( 0.000000000000000000, 0.000000000000000000, 1.000000000000000000 ) ) ;
#1679 = EDGE_LOOP ( 'NONE', ( #1423, #2245 ) ) ;
#1680 = DIRECTION ( 'NONE',  ( -1.559302000878028960E-16, 0.000000000000000000, -1.000000000000000000 ) ) ;
#1681 = ORIENTED_EDGE ( 'NONE', *, *, #851, .T. ) ;
#1682 = EDGE_LOOP ( 'NONE', ( #1670, #535, #1208, #1084, #2345 ) ) ;
#1683 = DIRECTION ( 'NONE',  ( -0.000000000000000000, -1.000000000000000000, -0.000000000000000000 ) ) ;
#1684 = DIRECTION ( 'NONE',  ( 0.000000000000000000, 0.000000000000000000, 1.000000000000000000 ) ) ;
#1685 = LINE ( 'NONE', #1243, #2252 ) ;
#1686 = EDGE_CURVE ( 'NONE', #54, #1782, #2331, .T. ) ;
#1687 = EDGE_CURVE ( 'NONE', #2139, #2167, #2081, .T. ) ;
#1688 = DIRECTION ( 'NONE',  ( -1.000000000000000000, 0.000000000000000000, 0.000000000000000000 ) ) ;
#1689 = VECTOR ( 'NONE', #282, 1000.000000000000000 ) ;
#1690 = DIRECTION ( 'NONE',  ( 0.000000000000000000, 0.000000000000000000, 1.000000000000000000 ) ) ;
#1691 = CARTESIAN_POINT ( 'NONE',  ( 84.30768788262091107, 9.600000000000001421, -63.74973846403592148 ) ) ;
#1692 = ORIENTED_EDGE ( 'NONE', *, *, #150, .T. ) ;
#1693 = DIRECTION ( 'NONE',  ( 0.000000000000000000, 0.000000000000000000, -1.000000000000000000 ) ) ;
#1694 = ORIENTED_EDGE ( 'NONE', *, *, #2301, .T. ) ;
#1695 = AXIS2_PLACEMENT_3D ( 'NONE', #1992, #2416, #369 ) ;
#1696 = ORIENTED_EDGE ( 'NONE', *, *, #2231, .T. ) ;
#1697 = CARTESIAN_POINT ( 'NONE',  ( 14.30768788262091995, 5.600000000000000533, -71.74973846403592859 ) ) ;
#1698 = CARTESIAN_POINT ( 'NONE',  ( 30.50768788262092812, 62.09999999999999432, -3.949738464035928764 ) ) ;
#1699 = VECTOR ( 'NONE', #1189, 1000.000000000000000 ) ;
#1700 = CARTESIAN_POINT ( 'NONE',  ( 101.8076878826209253, 0.000000000000000000, -68.44973846403593143 ) ) ;
#1701 = EDGE_CURVE ( 'NONE', #118, #332, #496, .T. ) ;
#1702 = CARTESIAN_POINT ( 'NONE',  ( 14.30768788262091995, 9.600000000000001421, -71.74973846403592859 ) ) ;
#1703 = DIRECTION ( 'NONE',  ( 0.000000000000000000, 0.000000000000000000, -1.000000000000000000 ) ) ;
#1704 = CARTESIAN_POINT ( 'NONE',  ( 45.30768788262091817, 11.09999999999999964, -51.74973846403592148 ) ) ;
#1705 = ORIENTED_EDGE ( 'NONE', *, *, #1299, .F. ) ;
#1706 = FACE_OUTER_BOUND ( 'NONE', #2338, .T. ) ;
#1707 = VERTEX_POINT ( 'NONE', #1120 ) ;
#1708 = CIRCLE ( 'NONE', #553, 1.500000000000001332 ) ;
#1709 = ORIENTED_EDGE ( 'NONE', *, *, #319, .F. ) ;
#1710 = DIRECTION ( 'NONE',  ( 0.000000000000000000, 0.000000000000000000, -1.000000000000000000 ) ) ;
#1711 = VECTOR ( 'NONE', #642, 1000.000000000000000 ) ;
#1712 = CARTESIAN_POINT ( 'NONE',  ( 101.8076878826209253, 1.600000000000000089, 11.15026153596406644 ) ) ;
#1713 = DIRECTION ( 'NONE',  ( -1.000000000000000000, 0.000000000000000000, 0.000000000000000000 ) ) ;
#1714 = AXIS2_PLACEMENT_3D ( 'NONE', #1600, #2201, #1744 ) ;
#1715 = DIRECTION ( 'NONE',  ( 2.668805347656626185E-16, 0.000000000000000000, 1.000000000000000000 ) ) ;
#1716 = FACE_BOUND ( 'NONE', #1169, .T. ) ;
#1717 = DIRECTION ( 'NONE',  ( 0.000000000000000000, 1.000000000000000000, 0.000000000000000000 ) ) ;
#1718 = EDGE_CURVE ( 'NONE', #486, #1467, #863, .T. ) ;
#1719 = ORIENTED_EDGE ( 'NONE', *, *, #183, .F. ) ;
#1720 = FACE_OUTER_BOUND ( 'NONE', #1526, .T. ) ;
#1721 = ORIENTED_EDGE ( 'NONE', *, *, #1083, .T. ) ;
#1722 = VERTEX_POINT ( 'NONE', #904 ) ;
#1723 = CARTESIAN_POINT ( 'NONE',  ( -10.29231211737907614, 0.000000000000000000, 14.15026153596406822 ) ) ;
#1724 = PLANE ( 'NONE',  #1019 ) ;
#1725 = ORIENTED_EDGE ( 'NONE', *, *, #431, .T. ) ;
#1726 = DIRECTION ( 'NONE',  ( -1.000000000000000000, 0.000000000000000000, -0.000000000000000000 ) ) ;
#1727 = CYLINDRICAL_SURFACE ( 'NONE', #1285, 4.000000000000000000 ) ;
#1728 = AXIS2_PLACEMENT_3D ( 'NONE', #2207, #952, #2220 ) ;
#1729 = ORIENTED_EDGE ( 'NONE', *, *, #1438, .F. ) ;
#1730 = EDGE_CURVE ( 'NONE', #479, #350, #1888, .T. ) ;
#1731 = EDGE_CURVE ( 'NONE', #2559, #2488, #949, .T. ) ;
#1732 = CARTESIAN_POINT ( 'NONE',  ( 84.30768788262091107, 9.600000000000001421, -71.74973846403592859 ) ) ;
#1733 = ORIENTED_EDGE ( 'NONE', *, *, #770, .F. ) ;
#1734 = ORIENTED_EDGE ( 'NONE', *, *, #1552, .F. ) ;
#1735 = VECTOR ( 'NONE', #223, 1000.000000000000000 ) ;
#1736 = DIRECTION ( 'NONE',  ( 0.000000000000000000, 0.000000000000000000, 1.000000000000000000 ) ) ;
#1737 = CARTESIAN_POINT ( 'NONE',  ( 31.80768788262092173, 5.600000000000001421, -81.24973846403592859 ) ) ;
#1738 = CARTESIAN_POINT ( 'NONE',  ( 31.80768788262092173, 1.600000000000000089, -71.74973846403592859 ) ) ;
#1739 = VECTOR ( 'NONE', #317, 1000.000000000000000 ) ;
#1740 = VERTEX_POINT ( 'NONE', #2528 ) ;
#1741 = VECTOR ( 'NONE', #1109, 1000.000000000000000 ) ;
#1742 = ORIENTED_EDGE ( 'NONE', *, *, #1378, .F. ) ;
#1743 = LINE ( 'NONE', #2553, #2586 ) ;
#1744 = DIRECTION ( 'NONE',  ( 1.000000000000000000, 0.000000000000000000, 0.000000000000000000 ) ) ;
#1745 = VERTEX_POINT ( 'NONE', #1931 ) ;
#1746 = CARTESIAN_POINT ( 'NONE',  ( 74.80768788262092528, 9.600000000000001421, -63.74973846403592148 ) ) ;
#1747 = EDGE_LOOP ( 'NONE', ( #1148, #1227, #868, #511 ) ) ;
#1748 = ADVANCED_FACE ( 'NONE', ( #915 ), #1727, .T. ) ;
#1749 = EDGE_LOOP ( 'NONE', ( #1953, #1350, #1820, #2095 ) ) ;
#1750 = DIRECTION ( 'NONE',  ( -0.000000000000000000, -1.000000000000000000, -0.000000000000000000 ) ) ;
#1751 = DIRECTION ( 'NONE',  ( -1.000000000000000000, -0.000000000000000000, -0.000000000000000000 ) ) ;
#1752 = DIRECTION ( 'NONE',  ( 0.000000000000000000, 1.000000000000000000, 0.000000000000000000 ) ) ;
#1753 = EDGE_CURVE ( 'NONE', #1855, #1413, #1845, .T. ) ;
#1754 = ORIENTED_EDGE ( 'NONE', *, *, #1395, .F. ) ;
#1755 = CIRCLE ( 'NONE', #195, 3.999999999999996447 ) ;
#1756 = ORIENTED_EDGE ( 'NONE', *, *, #2092, .T. ) ;
#1757 = VECTOR ( 'NONE', #261, 1000.000000000000000 ) ;
#1758 = DIRECTION ( 'NONE',  ( -1.000000000000000000, 0.000000000000000000, 0.000000000000000000 ) ) ;
#1759 = ORIENTED_EDGE ( 'NONE', *, *, #1519, .T. ) ;
#1760 = DIRECTION ( 'NONE',  ( 0.000000000000000000, 0.000000000000000000, 1.000000000000000000 ) ) ;
#1761 = VERTEX_POINT ( 'NONE', #462 ) ;
#1762 = PLANE ( 'NONE',  #1373 ) ;
#1763 = LINE ( 'NONE', #2616, #374 ) ;
#1764 = CARTESIAN_POINT ( 'NONE',  ( 70.80768788262092528, 5.600000000000000533, -81.24973846403592859 ) ) ;
#1765 = ORIENTED_EDGE ( 'NONE', *, *, #70, .T. ) ;
#1766 = ADVANCED_FACE ( 'NONE', ( #1275 ), #2502, .T. ) ;
#1767 = EDGE_CURVE ( 'NONE', #947, #108, #2521, .T. ) ;
#1768 = ORIENTED_EDGE ( 'NONE', *, *, #2622, .T. ) ;
#1769 = PLANE ( 'NONE',  #2558 ) ;
#1770 = ORIENTED_EDGE ( 'NONE', *, *, #183, .T. ) ;
#1771 = VECTOR ( 'NONE', #2458, 1000.000000000000000 ) ;
#1772 = DIRECTION ( 'NONE',  ( -0.000000000000000000, -0.000000000000000000, 1.000000000000000000 ) ) ;
#1773 = CARTESIAN_POINT ( 'NONE',  ( 124.8076878826209253, 0.000000000000000000, -71.74973846403592859 ) ) ;
#1774 = ORIENTED_EDGE ( 'NONE', *, *, #657, .T. ) ;
#1775 = EDGE_LOOP ( 'NONE', ( #488, #1918 ) ) ;
#1776 = DIRECTION ( 'NONE',  ( 0.000000000000000000, 1.000000000000000000, 0.000000000000000000 ) ) ;
#1777 = VECTOR ( 'NONE', #2387, 1000.000000000000000 ) ;
#1778 = CARTESIAN_POINT ( 'NONE',  ( 101.8076878826209253, -0.3999999999999999667, 9.650261535964068216 ) ) ;
#1779 = DIRECTION ( 'NONE',  ( 0.000000000000000000, 0.000000000000000000, -1.000000000000000000 ) ) ;
#1780 = ORIENTED_EDGE ( 'NONE', *, *, #2110, .T. ) ;
#1781 = AXIS2_PLACEMENT_3D ( 'NONE', #1648, #1075, #2065 ) ;
#1782 = VERTEX_POINT ( 'NONE', #2189 ) ;
#1783 = ADVANCED_FACE ( 'NONE', ( #946 ), #1374, .T. ) ;
#1784 = VECTOR ( 'NONE', #217, 1000.000000000000000 ) ;
#1785 = DIRECTION ( 'NONE',  ( 1.000000000000000000, 0.000000000000000000, 0.000000000000000000 ) ) ;
#1786 = ORIENTED_EDGE ( 'NONE', *, *, #704, .T. ) ;
#1787 = LINE ( 'NONE', #159, #1147 ) ;
#1788 = ORIENTED_EDGE ( 'NONE', *, *, #86, .T. ) ;
#1789 = DIRECTION ( 'NONE',  ( 0.000000000000000000, 0.000000000000000000, -1.000000000000000000 ) ) ;
#1790 = DIRECTION ( 'NONE',  ( -0.000000000000000000, 1.000000000000000000, -0.000000000000000000 ) ) ;
#1791 = CARTESIAN_POINT ( 'NONE',  ( -10.29231211737907614, 0.000000000000000000, -66.94973846403593143 ) ) ;
#1792 = EDGE_LOOP ( 'NONE', ( #326, #366, #348, #2532 ) ) ;
#1793 = AXIS2_PLACEMENT_3D ( 'NONE', #745, #1368, #2004 ) ;
#1794 = DIRECTION ( 'NONE',  ( -0.000000000000000000, -1.000000000000000000, -0.000000000000000000 ) ) ;
#1795 = CYLINDRICAL_SURFACE ( 'NONE', #1355, 1.500000000000001332 ) ;
#1796 = ORIENTED_EDGE ( 'NONE', *, *, #1607, .T. ) ;
#1797 = DIRECTION ( 'NONE',  ( 0.000000000000000000, 0.000000000000000000, -1.000000000000000000 ) ) ;
#1798 = VECTOR ( 'NONE', #600, 1000.000000000000000 ) ;
#1799 = EDGE_LOOP ( 'NONE', ( #1339, #476 ) ) ;
#1800 = EDGE_CURVE ( 'NONE', #850, #2017, #754, .T. ) ;
#1801 = EDGE_CURVE ( 'NONE', #695, #194, #1972, .T. ) ;
#1802 = CARTESIAN_POINT ( 'NONE',  ( 124.8076878826209253, 0.000000000000000000, -71.74973846403592859 ) ) ;
#1803 = CIRCLE ( 'NONE', #945, 3.999999999999993339 ) ;
#1804 = VERTEX_POINT ( 'NONE', #2175 ) ;
#1805 = ORIENTED_EDGE ( 'NONE', *, *, #1999, .T. ) ;
#1806 = FACE_OUTER_BOUND ( 'NONE', #1983, .T. ) ;
#1807 = DIRECTION ( 'NONE',  ( -0.000000000000000000, 1.000000000000000000, -0.000000000000000000 ) ) ;
#1808 = ORIENTED_EDGE ( 'NONE', *, *, #2494, .F. ) ;
#1809 = CARTESIAN_POINT ( 'NONE',  ( 14.82609412710778329, 1.600000000000000089, 5.250261535964074966 ) ) ;
#1810 = ORIENTED_EDGE ( 'NONE', *, *, #902, .T. ) ;
#1811 = CARTESIAN_POINT ( 'NONE',  ( -14.89231211737907579, 1.600000000000000089, -71.74973846403592859 ) ) ;
#1812 = DIRECTION ( 'NONE',  ( 0.000000000000000000, 1.000000000000000000, 0.000000000000000000 ) ) ;
#1813 = CARTESIAN_POINT ( 'NONE',  ( 39.80768788262093238, 5.600000000000000533, -81.24973846403592859 ) ) ;
#1814 = ADVANCED_FACE ( 'NONE', ( #740 ), #2554, .F. ) ;
#1815 = ORIENTED_EDGE ( 'NONE', *, *, #1668, .F. ) ;
#1816 = ADVANCED_FACE ( 'NONE', ( #1130 ), #2570, .T. ) ;
#1817 = EDGE_CURVE ( 'NONE', #1804, #1187, #1942, .T. ) ;
#1818 = DIRECTION ( 'NONE',  ( -1.000000000000000000, 0.000000000000000000, 1.734723475976808672E-15 ) ) ;
#1819 = DIRECTION ( 'NONE',  ( 1.000000000000000000, -0.000000000000000000, -0.000000000000000000 ) ) ;
#1820 = ORIENTED_EDGE ( 'NONE', *, *, #2564, .T. ) ;
#1821 = VECTOR ( 'NONE', #1772, 1000.000000000000000 ) ;
#1822 = CARTESIAN_POINT ( 'NONE',  ( 101.8076878826209253, 0.000000000000000000, 12.65026153596406466 ) ) ;
#1823 = DIRECTION ( 'NONE',  ( 0.000000000000000000, 0.000000000000000000, -1.000000000000000000 ) ) ;
#1824 = DIRECTION ( 'NONE',  ( -0.000000000000000000, -1.000000000000000000, -0.000000000000000000 ) ) ;
#1825 = AXIS2_PLACEMENT_3D ( 'NONE', #1196, #2226, #1412 ) ;
#1826 = VERTEX_POINT ( 'NONE', #2396 ) ;
#1827 = AXIS2_PLACEMENT_3D ( 'NONE', #1849, #1486, #36 ) ;
#1828 = DIRECTION ( 'NONE',  ( -2.668805347656626185E-16, -0.000000000000000000, -1.000000000000000000 ) ) ;
#1829 = VECTOR ( 'NONE', #2280, 1000.000000000000000 ) ;
#1830 = VECTOR ( 'NONE', #567, 1000.000000000000000 ) ;
#1831 = PLANE ( 'NONE',  #87 ) ;
#1832 = CARTESIAN_POINT ( 'NONE',  ( 17.50768788262092102, 11.09999999999999964, -16.94973846403593143 ) ) ;
#1833 = VERTEX_POINT ( 'NONE', #781 ) ;
#1834 = DIRECTION ( 'NONE',  ( 0.000000000000000000, 1.000000000000000000, 0.000000000000000000 ) ) ;
#1835 = ADVANCED_FACE ( 'NONE', ( #1984 ), #728, .F. ) ;
#1836 = EDGE_LOOP ( 'NONE', ( #2007, #743, #729 ) ) ;
#1837 = DIRECTION ( 'NONE',  ( -0.000000000000000000, 1.000000000000000000, -0.000000000000000000 ) ) ;
#1838 = CARTESIAN_POINT ( 'NONE',  ( -6.692312117379077385, 9.600000000000001421, 9.250261535964067861 ) ) ;
#1839 = EDGE_CURVE ( 'NONE', #32, #452, #170, .T. ) ;
#1840 = EDGE_CURVE ( 'NONE', #2140, #2197, #306, .T. ) ;
#1841 = DIRECTION ( 'NONE',  ( -0.000000000000000000, 1.000000000000000000, -0.000000000000000000 ) ) ;
#1842 = LINE ( 'NONE', #30, #294 ) ;
#1843 = CARTESIAN_POINT ( 'NONE',  ( 124.8076878826209253, 1.600000000000000089, -61.74973846403593569 ) ) ;
#1844 = ORIENTED_EDGE ( 'NONE', *, *, #1443, .F. ) ;
#1845 = CIRCLE ( 'NONE', #2437, 3.999999999999993339 ) ;
#1846 = CARTESIAN_POINT ( 'NONE',  ( 24.00768788262092102, 1.600000000000000089, 13.25026153596406786 ) ) ;
#1847 = VERTEX_POINT ( 'NONE', #2357 ) ;
#1848 = CARTESIAN_POINT ( 'NONE',  ( -10.29231211737907614, 1.600000000000000089, -68.44973846403593143 ) ) ;
#1849 = CARTESIAN_POINT ( 'NONE',  ( -14.89231211737907579, 1.600000000000000089, -71.74973846403592859 ) ) ;
#1850 = EDGE_CURVE ( 'NONE', #1847, #1455, #565, .T. ) ;
#1851 = EDGE_CURVE ( 'NONE', #1932, #2282, #2611, .T. ) ;
#1852 = FACE_OUTER_BOUND ( 'NONE', #137, .T. ) ;
#1853 = CARTESIAN_POINT ( 'NONE',  ( 84.30768788262091107, 9.600000000000001421, -63.74973846403592148 ) ) ;
#1854 = FACE_OUTER_BOUND ( 'NONE', #2111, .T. ) ;
#1855 = VERTEX_POINT ( 'NONE', #1185 ) ;
#1856 = LINE ( 'NONE', #830, #1784 ) ;
#1857 = ORIENTED_EDGE ( 'NONE', *, *, #702, .F. ) ;
#1858 = LINE ( 'NONE', #2443, #2265 ) ;
#1859 = VECTOR ( 'NONE', #2267, 1000.000000000000000 ) ;
#1860 = CARTESIAN_POINT ( 'NONE',  ( -6.692312117379077385, 5.600000000000000533, 17.25026153596406786 ) ) ;
#1861 = VECTOR ( 'NONE', #529, 1000.000000000000000 ) ;
#1862 = CARTESIAN_POINT ( 'NONE',  ( -10.29231211737907614, 0.000000000000000000, -65.44973846403593143 ) ) ;
#1863 = EDGE_CURVE ( 'NONE', #1982, #1782, #988, .T. ) ;
#1864 = CARTESIAN_POINT ( 'NONE',  ( 74.80768788262092528, 9.600000000000001421, -63.74973846403592148 ) ) ;
#1865 = CARTESIAN_POINT ( 'NONE',  ( 101.8076878826209253, 1.600000000000000089, -66.94973846403593143 ) ) ;
#1866 = ORIENTED_EDGE ( 'NONE', *, *, #215, .F. ) ;
#1867 = DIRECTION ( 'NONE',  ( -1.000000000000000000, 0.000000000000000000, 0.000000000000000000 ) ) ;
#1868 = ORIENTED_EDGE ( 'NONE', *, *, #1839, .T. ) ;
#1869 = VERTEX_POINT ( 'NONE', #537 ) ;
#1870 = DIRECTION ( 'NONE',  ( -0.000000000000000000, 1.000000000000000000, -0.000000000000000000 ) ) ;
#1871 = CARTESIAN_POINT ( 'NONE',  ( 24.00768788262092102, 11.09999999999999964, 17.25026153596406786 ) ) ;
#1872 = DIRECTION ( 'NONE',  ( 0.000000000000000000, 0.000000000000000000, 1.000000000000000000 ) ) ;
#1873 = DIRECTION ( 'NONE',  ( -1.000000000000000000, 0.000000000000000000, 0.000000000000000000 ) ) ;
#1874 = DIRECTION ( 'NONE',  ( 0.000000000000000000, -1.000000000000000000, 0.000000000000000000 ) ) ;
#1875 = AXIS2_PLACEMENT_3D ( 'NONE', #510, #2160, #1957 ) ;
#1876 = ORIENTED_EDGE ( 'NONE', *, *, #386, .F. ) ;
#1877 = EDGE_CURVE ( 'NONE', #1413, #1855, #1803, .T. ) ;
#1878 = EDGE_CURVE ( 'NONE', #1508, #1493, #1159, .T. ) ;
#1879 = LINE ( 'NONE', #1251, #801 ) ;
#1880 = ORIENTED_EDGE ( 'NONE', *, *, #1365, .T. ) ;
#1881 = ORIENTED_EDGE ( 'NONE', *, *, #1701, .T. ) ;
#1882 = CIRCLE ( 'NONE', #2232, 1.500000000000001332 ) ;
#1883 = CARTESIAN_POINT ( 'NONE',  ( 22.30768788262092173, 9.600000000000001421, -71.74973846403592859 ) ) ;
#1884 = CYLINDRICAL_SURFACE ( 'NONE', #2537, 4.000000000000000000 ) ;
#1885 = DIRECTION ( 'NONE',  ( -1.000000000000000000, -0.000000000000000000, -0.000000000000000000 ) ) ;
#1886 = CARTESIAN_POINT ( 'NONE',  ( 24.00768788262092102, 11.09999999999999964, -10.44973846403593143 ) ) ;
#1887 = CARTESIAN_POINT ( 'NONE',  ( 57.30768788262092528, 9.600000000000001421, -63.74973846403592148 ) ) ;
#1888 = LINE ( 'NONE', #891, #2473 ) ;
#1889 = VERTEX_POINT ( 'NONE', #1973 ) ;
#1890 = DIRECTION ( 'NONE',  ( -0.000000000000000000, -1.000000000000000000, -0.000000000000000000 ) ) ;
#1891 = ORIENTED_EDGE ( 'NONE', *, *, #258, .T. ) ;
#1892 = ADVANCED_FACE ( 'NONE', ( #957 ), #1769, .F. ) ;
#1893 = EDGE_LOOP ( 'NONE', ( #680, #2124, #2146, #501 ) ) ;
#1894 = EDGE_CURVE ( 'NONE', #96, #1609, #826, .T. ) ;
#1895 = LINE ( 'NONE', #454, #2431 ) ;
#1896 = CARTESIAN_POINT ( 'NONE',  ( 57.30768788262092528, 9.600000000000001421, -71.74973846403592859 ) ) ;
#1897 = DIRECTION ( 'NONE',  ( -0.000000000000000000, -1.000000000000000000, -0.000000000000000000 ) ) ;
#1898 = DIRECTION ( 'NONE',  ( 0.000000000000000000, 1.000000000000000000, 0.000000000000000000 ) ) ;
#1899 = VECTOR ( 'NONE', #881, 1000.000000000000000 ) ;
#1900 = FACE_OUTER_BOUND ( 'NONE', #2541, .T. ) ;
#1901 = CARTESIAN_POINT ( 'NONE',  ( 84.30768788262091107, 9.600000000000001421, -71.74973846403592859 ) ) ;
#1902 = CIRCLE ( 'NONE', #2374, 4.000000000000000000 ) ;
#1903 = VERTEX_POINT ( 'NONE', #2042 ) ;
#1904 = DIRECTION ( 'NONE',  ( 1.000000000000000000, 0.000000000000000000, -0.000000000000000000 ) ) ;
#1905 = EDGE_LOOP ( 'NONE', ( #385, #1303 ) ) ;
#1906 = VECTOR ( 'NONE', #1967, 1000.000000000000000 ) ;
#1907 = VERTEX_POINT ( 'NONE', #1627 ) ;
#1908 = PLANE ( 'NONE',  #1920 ) ;
#1909 = CARTESIAN_POINT ( 'NONE',  ( 22.30768788262092173, 9.600000000000001421, -71.74973846403592859 ) ) ;
#1910 = ADVANCED_FACE ( 'NONE', ( #16 ), #1426, .F. ) ;
#1911 = CARTESIAN_POINT ( 'NONE',  ( 35.80768788262092528, 5.600000000000000533, -81.24973846403592859 ) ) ;
#1912 = ADVANCED_FACE ( 'NONE', ( #222 ), #196, .F. ) ;
#1913 = EDGE_CURVE ( 'NONE', #956, #1379, #48, .T. ) ;
#1914 = FACE_OUTER_BOUND ( 'NONE', #71, .T. ) ;
#1915 = FACE_OUTER_BOUND ( 'NONE', #934, .T. ) ;
#1916 = AXIS2_PLACEMENT_3D ( 'NONE', #347, #997, #1385 ) ;
#1917 = CARTESIAN_POINT ( 'NONE',  ( 31.80768788262092173, 9.600000000000001421, -71.74973846403592859 ) ) ;
#1918 = ORIENTED_EDGE ( 'NONE', *, *, #2461, .T. ) ;
#1919 = CIRCLE ( 'NONE', #1916, 4.000000000000000000 ) ;
#1920 = AXIS2_PLACEMENT_3D ( 'NONE', #1296, #1710, #1086 ) ;
#1921 = CARTESIAN_POINT ( 'NONE',  ( 92.30768788262092528, 1.600000000000000089, -63.74973846403592148 ) ) ;
#1922 = ORIENTED_EDGE ( 'NONE', *, *, #1623, .T. ) ;
#1923 = ORIENTED_EDGE ( 'NONE', *, *, #1878, .F. ) ;
#1924 = DIRECTION ( 'NONE',  ( -0.000000000000000000, -0.000000000000000000, -1.000000000000000000 ) ) ;
#1925 = DIRECTION ( 'NONE',  ( -0.000000000000000000, -1.000000000000000000, -0.000000000000000000 ) ) ;
#1926 = VECTOR ( 'NONE', #297, 1000.000000000000000 ) ;
#1927 = EDGE_CURVE ( 'NONE', #2047, #2158, #1755, .T. ) ;
#1928 = EDGE_CURVE ( 'NONE', #1722, #760, #1452, .T. ) ;
#1929 = PRODUCT_DEFINITION ( 'UNKNOWN', '', #2302, #1105 ) ;
#1930 = DIRECTION ( 'NONE',  ( 0.000000000000000000, 0.000000000000000000, 1.000000000000000000 ) ) ;
#1931 = CARTESIAN_POINT ( 'NONE',  ( 101.8076878826209253, 1.600000000000000089, 12.65026153596406466 ) ) ;
#1932 = VERTEX_POINT ( 'NONE', #621 ) ;
#1933 = CARTESIAN_POINT ( 'NONE',  ( 31.80768788262092173, 1.600000000000000089, -63.74973846403592148 ) ) ;
#1934 = ORIENTED_EDGE ( 'NONE', *, *, #227, .F. ) ;
#1935 = ORIENTED_EDGE ( 'NONE', *, *, #2307, .T. ) ;
#1936 = CARTESIAN_POINT ( 'NONE',  ( 95.80768788262093949, 21.60000000000000142, 7.250261535964066972 ) ) ;
#1937 = LINE ( 'NONE', #709, #1014 ) ;
#1938 = CARTESIAN_POINT ( 'NONE',  ( 124.8076878826209253, 1.600000000000000089, 17.25026153596406786 ) ) ;
#1939 = VERTEX_POINT ( 'NONE', #408 ) ;
#1940 = PLANE ( 'NONE',  #2251 ) ;
#1941 = EDGE_CURVE ( 'NONE', #2027, #378, #2610, .T. ) ;
#1942 = LINE ( 'NONE', #1146, #905 ) ;
#1943 = VECTOR ( 'NONE', #2575, 1000.000000000000000 ) ;
#1944 = ORIENTED_EDGE ( 'NONE', *, *, #2144, .T. ) ;
#1945 = CARTESIAN_POINT ( 'NONE',  ( 45.30768788262091817, 11.09999999999999964, -51.74973846403592148 ) ) ;
#1946 = VECTOR ( 'NONE', #607, 1000.000000000000000 ) ;
#1947 = ORIENTED_EDGE ( 'NONE', *, *, #625, .T. ) ;
#1948 = ORIENTED_EDGE ( 'NONE', *, *, #2545, .F. ) ;
#1949 = DIRECTION ( 'NONE',  ( -1.000000000000000000, 0.000000000000000000, 0.000000000000000000 ) ) ;
#1950 = DIRECTION ( 'NONE',  ( 1.000000000000000000, -0.000000000000000000, -0.000000000000000000 ) ) ;
#1951 = DIRECTION ( 'NONE',  ( -0.000000000000000000, -1.000000000000000000, -0.000000000000000000 ) ) ;
#1952 = VECTOR ( 'NONE', #1980, 1000.000000000000000 ) ;
#1953 = ORIENTED_EDGE ( 'NONE', *, *, #1038, .F. ) ;
#1954 = VECTOR ( 'NONE', #959, 1000.000000000000000 ) ;
#1955 = ORIENTED_EDGE ( 'NONE', *, *, #2336, .F. ) ;
#1956 = FACE_BOUND ( 'NONE', #2001, .T. ) ;
#1957 = DIRECTION ( 'NONE',  ( -1.000000000000000000, 0.000000000000000000, 0.000000000000000000 ) ) ;
#1958 = ORIENTED_EDGE ( 'NONE', *, *, #1456, .T. ) ;
#1959 = CARTESIAN_POINT ( 'NONE',  ( 1.307687882620922615, 1.600000000000000089, 17.25026153596406786 ) ) ;
#1960 = LINE ( 'NONE', #1802, #805 ) ;
#1961 = VECTOR ( 'NONE', #2366, 1000.000000000000000 ) ;
#1962 = ADVANCED_FACE ( 'NONE', ( #811 ), #847, .T. ) ;
#1963 = ORIENTED_EDGE ( 'NONE', *, *, #1718, .T. ) ;
#1964 = ADVANCED_FACE ( 'NONE', ( #610 ), #2013, .F. ) ;
#1965 = DIRECTION ( 'NONE',  ( -0.000000000000000000, -1.000000000000000000, -0.000000000000000000 ) ) ;
#1966 = CARTESIAN_POINT ( 'NONE',  ( 57.30768788262092528, 1.600000000000000089, -63.74973846403592148 ) ) ;
#1967 = DIRECTION ( 'NONE',  ( -0.000000000000000000, -0.000000000000000000, -1.000000000000000000 ) ) ;
#1968 = VERTEX_POINT ( 'NONE', #1448 ) ;
#1969 = VECTOR ( 'NONE', #1462, 1000.000000000000000 ) ;
#1970 = PRODUCT_CONTEXT ( 'NONE', #147, 'mechanical' ) ;
#1971 = VERTEX_POINT ( 'NONE', #2408 ) ;
#1972 = CIRCLE ( 'NONE', #2313, 4.000000000000000000 ) ;
#1973 = CARTESIAN_POINT ( 'NONE',  ( -6.692312117379077385, 9.600000000000001421, 17.25026153596406786 ) ) ;
#1974 = EDGE_LOOP ( 'NONE', ( #1295, #2271, #2082, #1201, #1432 ) ) ;
#1975 = CARTESIAN_POINT ( 'NONE',  ( 66.80768788262092528, 5.600000000000001421, -81.24973846403592859 ) ) ;
#1976 = DIRECTION ( 'NONE',  ( -0.000000000000000000, -1.000000000000000000, -0.000000000000000000 ) ) ;
#1977 = ORIENTED_EDGE ( 'NONE', *, *, #319, .T. ) ;
#1978 = DIRECTION ( 'NONE',  ( -1.000000000000000000, -0.000000000000000000, 1.559302000878028960E-16 ) ) ;
#1979 = DIRECTION ( 'NONE',  ( -0.000000000000000000, -1.000000000000000000, -0.000000000000000000 ) ) ;
#1980 = DIRECTION ( 'NONE',  ( -0.000000000000000000, -0.000000000000000000, -1.000000000000000000 ) ) ;
#1981 = ADVANCED_FACE ( 'NONE', ( #399 ), #1212, .F. ) ;
#1982 = VERTEX_POINT ( 'NONE', #2455 ) ;
#1983 = EDGE_LOOP ( 'NONE', ( #1944, #1458, #127, #2324 ) ) ;
#1984 = FACE_OUTER_BOUND ( 'NONE', #1253, .T. ) ;
#1985 = ORIENTED_EDGE ( 'NONE', *, *, #1101, .F. ) ;
#1986 = DIRECTION ( 'NONE',  ( 1.000000000000000000, 0.000000000000000000, -0.000000000000000000 ) ) ;
#1987 = FACE_OUTER_BOUND ( 'NONE', #171, .T. ) ;
#1988 = ORIENTED_EDGE ( 'NONE', *, *, #144, .T. ) ;
#1989 = DIRECTION ( 'NONE',  ( 0.000000000000000000, 1.000000000000000000, 0.000000000000000000 ) ) ;
#1990 =( GEOMETRIC_REPRESENTATION_CONTEXT ( 3 ) GLOBAL_UNCERTAINTY_ASSIGNED_CONTEXT ( ( #1502 ) ) GLOBAL_UNIT_ASSIGNED_CONTEXT ( ( #98, #83, #2128 ) ) REPRESENTATION_CONTEXT ( 'NONE', 'WORKASPACE' ) );
#1991 = LINE ( 'NONE', #189, #2037 ) ;
#1992 = CARTESIAN_POINT ( 'NONE',  ( 74.80768788262092528, 9.600000000000001421, -71.74973846403592859 ) ) ;
#1993 = AXIS2_PLACEMENT_3D ( 'NONE', #1119, #1106, #484 ) ;
#1994 = ORIENTED_EDGE ( 'NONE', *, *, #823, .T. ) ;
#1995 = AXIS2_PLACEMENT_3D ( 'NONE', #1114, #329, #1099 ) ;
#1996 = ORIENTED_EDGE ( 'NONE', *, *, #690, .T. ) ;
#1997 = VECTOR ( 'NONE', #1819, 1000.000000000000000 ) ;
#1998 = EDGE_CURVE ( 'NONE', #241, #2072, #1236, .T. ) ;
#1999 = EDGE_CURVE ( 'NONE', #194, #1073, #314, .T. ) ;
#2000 = DIRECTION ( 'NONE',  ( -1.000000000000000000, 0.000000000000000000, -0.000000000000000000 ) ) ;
#2001 = EDGE_LOOP ( 'NONE', ( #707, #252 ) ) ;
#2002 = LINE ( 'NONE', #989, #544 ) ;
#2003 = VERTEX_POINT ( 'NONE', #2263 ) ;
#2004 = DIRECTION ( 'NONE',  ( -1.000000000000000000, 0.000000000000000000, 0.000000000000000000 ) ) ;
#2005 = CARTESIAN_POINT ( 'NONE',  ( 18.30768788262092173, 5.600000000000000533, -81.24973846403592859 ) ) ;
#2006 = DIRECTION ( 'NONE',  ( -0.000000000000000000, -1.000000000000000000, -0.000000000000000000 ) ) ;
#2007 = ORIENTED_EDGE ( 'NONE', *, *, #1179, .F. ) ;
#2008 = CIRCLE ( 'NONE', #230, 4.000000000000000000 ) ;
#2009 = APPLICATION_PROTOCOL_DEFINITION ( 'draft international standard', 'automotive_design', 1998, #201 ) ;
#2010 = DIRECTION ( 'NONE',  ( -0.000000000000000000, 1.000000000000000000, -0.000000000000000000 ) ) ;
#2011 = ORIENTED_EDGE ( 'NONE', *, *, #785, .F. ) ;
#2012 = VECTOR ( 'NONE', #1785, 1000.000000000000000 ) ;
#2013 = CYLINDRICAL_SURFACE ( 'NONE', #2434, 1.500000000000001332 ) ;
#2014 = ADVANCED_FACE ( 'NONE', ( #1852 ), #436, .F. ) ;
#2015 = EDGE_CURVE ( 'NONE', #2621, #527, #247, .T. ) ;
#2016 = AXIS2_PLACEMENT_3D ( 'NONE', #1570, #551, #1558 ) ;
#2017 = VERTEX_POINT ( 'NONE', #795 ) ;
#2018 = FACE_OUTER_BOUND ( 'NONE', #1399, .T. ) ;
#2019 = DIRECTION ( 'NONE',  ( 0.000000000000000000, 1.000000000000000000, 0.000000000000000000 ) ) ;
#2020 = AXIS2_PLACEMENT_3D ( 'NONE', #1272, #2276, #1872 ) ;
#2021 = ORIENTED_EDGE ( 'NONE', *, *, #1257, .F. ) ;
#2022 = LINE ( 'NONE', #803, #456 ) ;
#2023 = ORIENTED_EDGE ( 'NONE', *, *, #1228, .T. ) ;
#2024 = LINE ( 'NONE', #432, #105 ) ;
#2025 = DIRECTION ( 'NONE',  ( 1.000000000000000000, 0.000000000000000000, 0.000000000000000000 ) ) ;
#2026 = FACE_OUTER_BOUND ( 'NONE', #395, .T. ) ;
#2027 = VERTEX_POINT ( 'NONE', #1862 ) ;
#2028 = DIRECTION ( 'NONE',  ( 0.000000000000000000, 1.000000000000000000, 0.000000000000000000 ) ) ;
#2029 = ADVANCED_FACE ( 'NONE', ( #446 ), #1076, .T. ) ;
#2030 = DIRECTION ( 'NONE',  ( -0.000000000000000000, -0.000000000000000000, 1.000000000000000000 ) ) ;
#2031 = PLANE ( 'NONE',  #311 ) ;
#2032 = ORIENTED_EDGE ( 'NONE', *, *, #85, .T. ) ;
#2033 = EDGE_CURVE ( 'NONE', #2529, #1982, #2094, .T. ) ;
#2034 = EDGE_CURVE ( 'NONE', #2222, #1707, #1585, .T. ) ;
#2035 = CARTESIAN_POINT ( 'NONE',  ( 101.8076878826209253, -0.3999999999999999667, 11.15026153596406644 ) ) ;
#2036 = ORIENTED_EDGE ( 'NONE', *, *, #2034, .F. ) ;
#2037 = VECTOR ( 'NONE', #1139, 1000.000000000000000 ) ;
#2038 = DIRECTION ( 'NONE',  ( -0.000000000000000000, -1.000000000000000000, -0.000000000000000000 ) ) ;
#2039 = FACE_OUTER_BOUND ( 'NONE', #1495, .T. ) ;
#2040 = AXIS2_PLACEMENT_3D ( 'NONE', #1213, #211, #1017 ) ;
#2041 = CIRCLE ( 'NONE', #539, 1.499999999999997780 ) ;
#2042 = CARTESIAN_POINT ( 'NONE',  ( 14.30768788262091995, 1.600000000000000089, -71.74973846403592859 ) ) ;
#2043 = AXIS2_PLACEMENT_3D ( 'NONE', #2393, #979, #381 ) ;
#2044 = VECTOR ( 'NONE', #771, 1000.000000000000000 ) ;
#2045 = CARTESIAN_POINT ( 'NONE',  ( -6.692312117379077385, 1.600000000000000089, 9.250261535964067861 ) ) ;
#2046 = CARTESIAN_POINT ( 'NONE',  ( 17.50768788262092102, 62.09999999999999432, -16.94973846403593143 ) ) ;
#2047 = VERTEX_POINT ( 'NONE', #2103 ) ;
#2048 = PLANE ( 'NONE',  #2503 ) ;
#2049 = ADVANCED_FACE ( 'NONE', ( #457 ), #2317, .T. ) ;
#2050 = EDGE_CURVE ( 'NONE', #1508, #1671, #1286, .T. ) ;
#2051 = VERTEX_POINT ( 'NONE', #1487 ) ;
#2052 = EDGE_CURVE ( 'NONE', #1289, #1379, #1664, .T. ) ;
#2053 = DIRECTION ( 'NONE',  ( 0.000000000000000000, 0.000000000000000000, -1.000000000000000000 ) ) ;
#2054 = DIRECTION ( 'NONE',  ( -0.000000000000000000, -0.000000000000000000, 1.000000000000000000 ) ) ;
#2055 = CARTESIAN_POINT ( 'NONE',  ( -2.692312117379077385, 5.600000000000000533, 17.25026153596406786 ) ) ;
#2056 = VECTOR ( 'NONE', #1965, 1000.000000000000000 ) ;
#2057 = CIRCLE ( 'NONE', #234, 4.000000000000003553 ) ;
#2058 = DIRECTION ( 'NONE',  ( 1.000000000000000000, -0.000000000000000000, -0.000000000000000000 ) ) ;
#2059 = LINE ( 'NONE', #1451, #859 ) ;
#2060 = ORIENTED_EDGE ( 'NONE', *, *, #2052, .T. ) ;
#2061 = PLANE ( 'NONE',  #337 ) ;
#2062 = EDGE_LOOP ( 'NONE', ( #1445, #831, #1079, #1070, #615 ) ) ;
#2063 = CARTESIAN_POINT ( 'NONE',  ( 92.30768788262092528, 1.600000000000000089, -63.74973846403592148 ) ) ;
#2064 = EDGE_CURVE ( 'NONE', #1722, #262, #1676, .T. ) ;
#2065 = DIRECTION ( 'NONE',  ( 0.000000000000000000, 0.000000000000000000, 1.000000000000000000 ) ) ;
#2066 = CARTESIAN_POINT ( 'NONE',  ( 22.30768788262092173, 9.600000000000001421, -63.74973846403592148 ) ) ;
#2067 = CARTESIAN_POINT ( 'NONE',  ( 53.30768788262092528, 5.600000000000000533, -71.74973846403592859 ) ) ;
#2068 = LINE ( 'NONE', #411, #1771 ) ;
#2069 = EDGE_LOOP ( 'NONE', ( #706, #602, #919, #2176 ) ) ;
#2070 = FACE_OUTER_BOUND ( 'NONE', #2615, .T. ) ;
#2071 = ORIENTED_EDGE ( 'NONE', *, *, #400, .T. ) ;
#2072 = VERTEX_POINT ( 'NONE', #1259 ) ;
#2073 = CARTESIAN_POINT ( 'NONE',  ( 24.00768788262092102, 11.09999999999999964, -14.44973846403593143 ) ) ;
#2074 = CARTESIAN_POINT ( 'NONE',  ( 53.30768788262092528, 5.600000000000000533, -81.24973846403592859 ) ) ;
#2075 = VECTOR ( 'NONE', #1979, 1000.000000000000000 ) ;
#2076 = AXIS2_PLACEMENT_3D ( 'NONE', #2515, #2133, #688 ) ;
#2077 = FACE_OUTER_BOUND ( 'NONE', #1836, .T. ) ;
#2078 = ADVANCED_FACE ( 'NONE', ( #1914 ), #483, .F. ) ;
#2079 = VECTOR ( 'NONE', #76, 1000.000000000000000 ) ;
#2080 = FACE_OUTER_BOUND ( 'NONE', #1682, .T. ) ;
#2081 = LINE ( 'NONE', #64, #1672 ) ;
#2082 = ORIENTED_EDGE ( 'NONE', *, *, #887, .F. ) ;
#2083 = AXIS2_PLACEMENT_3D ( 'NONE', #1945, #1122, #324 ) ;
#2084 = FACE_OUTER_BOUND ( 'NONE', #1532, .T. ) ;
#2085 = ORIENTED_EDGE ( 'NONE', *, *, #538, .F. ) ;
#2086 = VERTEX_POINT ( 'NONE', #685 ) ;
#2087 = DIRECTION ( 'NONE',  ( 0.000000000000000000, 0.000000000000000000, 1.000000000000000000 ) ) ;
#2088 = CARTESIAN_POINT ( 'NONE',  ( 17.50768788262092102, 62.09999999999999432, -16.94973846403593143 ) ) ;
#2089 = DIRECTION ( 'NONE',  ( -0.000000000000000000, -0.000000000000000000, -1.000000000000000000 ) ) ;
#2090 = DIRECTION ( 'NONE',  ( -1.000000000000000000, 0.000000000000000000, -0.000000000000000000 ) ) ;
#2091 = VECTOR ( 'NONE', #2087, 1000.000000000000000 ) ;
#2092 = EDGE_CURVE ( 'NONE', #1531, #1239, #88, .T. ) ;
#2093 = CARTESIAN_POINT ( 'NONE',  ( 49.30768788262092528, 5.600000000000001421, -81.24973846403592859 ) ) ;
#2094 = CIRCLE ( 'NONE', #1675, 4.000000000000003553 ) ;
#2095 = ORIENTED_EDGE ( 'NONE', *, *, #2161, .T. ) ;
#2096 = LINE ( 'NONE', #1081, #132 ) ;
#2097 = ORIENTED_EDGE ( 'NONE', *, *, #1863, .T. ) ;
#2098 = ORIENTED_EDGE ( 'NONE', *, *, #1557, .T. ) ;
#2099 = VECTOR ( 'NONE', #273, 1000.000000000000000 ) ;
#2100 = DIRECTION ( 'NONE',  ( -0.000000000000000000, -1.000000000000000000, -0.000000000000000000 ) ) ;
#2101 = DIRECTION ( 'NONE',  ( 0.000000000000000000, 0.000000000000000000, 1.000000000000000000 ) ) ;
#2102 = LINE ( 'NONE', #283, #1021 ) ;
#2103 = CARTESIAN_POINT ( 'NONE',  ( 45.30768788262091817, 1.600000000000000089, -47.74973846403592859 ) ) ;
#2104 = CARTESIAN_POINT ( 'NONE',  ( 35.80768788262092528, 5.600000000000000533, -81.24973846403592859 ) ) ;
#2105 = DIRECTION ( 'NONE',  ( 0.000000000000000000, 0.000000000000000000, -1.000000000000000000 ) ) ;
#2106 = ORIENTED_EDGE ( 'NONE', *, *, #1573, .F. ) ;
#2107 = EDGE_CURVE ( 'NONE', #2204, #123, #818, .T. ) ;
#2108 = FACE_OUTER_BOUND ( 'NONE', #1775, .T. ) ;
#2109 = ORIENTED_EDGE ( 'NONE', *, *, #1894, .F. ) ;
#2110 = EDGE_CURVE ( 'NONE', #679, #218, #1300, .T. ) ;
#2111 = EDGE_LOOP ( 'NONE', ( #2394, #449, #1947, #57 ) ) ;
#2112 = EDGE_CURVE ( 'NONE', #1761, #1592, #269, .T. ) ;
#2113 = LINE ( 'NONE', #1097, #508 ) ;
#2114 = CARTESIAN_POINT ( 'NONE',  ( 24.00768788262092102, 11.09999999999999964, -10.44973846403593143 ) ) ;
#2115 = CARTESIAN_POINT ( 'NONE',  ( 31.80768788262092173, 9.600000000000001421, -71.74973846403592859 ) ) ;
#2116 = DIRECTION ( 'NONE',  ( 0.000000000000000000, 1.000000000000000000, 0.000000000000000000 ) ) ;
#2117 = UNCERTAINTY_MEASURE_WITH_UNIT (LENGTH_MEASURE( 1.000000000000000082E-05 ), #1583, 'distance_accuracy_value', 'NONE');
#2118 = AXIS2_PLACEMENT_3D ( 'NONE', #2378, #1369, #774 ) ;
#2119 = CARTESIAN_POINT ( 'NONE',  ( 18.30768788262092173, 9.600000000000001421, -71.74973846403592859 ) ) ;
#2120 = LINE ( 'NONE', #485, #1757 ) ;
#2121 = CIRCLE ( 'NONE', #1056, 4.000000000000003553 ) ;
#2122 = ORIENTED_EDGE ( 'NONE', *, *, #1999, .F. ) ;
#2123 = CARTESIAN_POINT ( 'NONE',  ( 22.30768788262092173, 9.600000000000001421, -71.74973846403592859 ) ) ;
#2124 = ORIENTED_EDGE ( 'NONE', *, *, #2513, .F. ) ;
#2125 = AXIS2_PLACEMENT_3D ( 'NONE', #1304, #2137, #1904 ) ;
#2126 = ORIENTED_EDGE ( 'NONE', *, *, #444, .T. ) ;
#2127 = FACE_OUTER_BOUND ( 'NONE', #398, .T. ) ;
#2128 =( NAMED_UNIT ( * ) SI_UNIT ( $, .STERADIAN. ) SOLID_ANGLE_UNIT ( ) );
#2129 = CARTESIAN_POINT ( 'NONE',  ( 66.80768788262092528, 5.600000000000001421, -81.24973846403592859 ) ) ;
#2130 = EDGE_CURVE ( 'NONE', #1349, #2560, #1104, .T. ) ;
#2131 = ADVANCED_FACE ( 'NONE', ( #2077 ), #257, .F. ) ;
#2132 = EDGE_CURVE ( 'NONE', #1740, #586, #2482, .T. ) ;
#2133 = DIRECTION ( 'NONE',  ( -1.000000000000000000, 0.000000000000000000, 0.000000000000000000 ) ) ;
#2134 = DIRECTION ( 'NONE',  ( 0.000000000000000000, -0.000000000000000000, -1.000000000000000000 ) ) ;
#2135 = ORIENTED_EDGE ( 'NONE', *, *, #658, .T. ) ;
#2136 = VECTOR ( 'NONE', #97, 1000.000000000000000 ) ;
#2137 = DIRECTION ( 'NONE',  ( 0.000000000000000000, 0.000000000000000000, 1.000000000000000000 ) ) ;
#2138 = VECTOR ( 'NONE', #2525, 1000.000000000000000 ) ;
#2139 = VERTEX_POINT ( 'NONE', #2464 ) ;
#2140 = VERTEX_POINT ( 'NONE', #1647 ) ;
#2141 = DIRECTION ( 'NONE',  ( -1.000000000000000000, 0.000000000000000000, 0.000000000000000000 ) ) ;
#2142 = FACE_OUTER_BOUND ( 'NONE', #2296, .T. ) ;
#2143 = CARTESIAN_POINT ( 'NONE',  ( -10.29231211737907614, -0.3999999999999999667, -68.44973846403593143 ) ) ;
#2144 = EDGE_CURVE ( 'NONE', #1907, #1289, #418, .T. ) ;
#2145 = AXIS2_PLACEMENT_3D ( 'NONE', #2055, #633, #2215 ) ;
#2146 = ORIENTED_EDGE ( 'NONE', *, *, #2153, .F. ) ;
#2147 = CARTESIAN_POINT ( 'NONE',  ( -6.692312117379077385, 5.600000000000000533, 26.75026153596406786 ) ) ;
#2148 = DIRECTION ( 'NONE',  ( -1.000000000000000000, 0.000000000000000000, 0.000000000000000000 ) ) ;
#2149 = ORIENTED_EDGE ( 'NONE', *, *, #1489, .F. ) ;
#2150 = CYLINDRICAL_SURFACE ( 'NONE', #2083, 3.999999999999996447 ) ;
#2151 = ORIENTED_EDGE ( 'NONE', *, *, #611, .F. ) ;
#2152 = ORIENTED_EDGE ( 'NONE', *, *, #1380, .F. ) ;
#2153 = EDGE_CURVE ( 'NONE', #1596, #1455, #1061, .T. ) ;
#2154 = DIRECTION ( 'NONE',  ( 0.000000000000000000, -0.000000000000000000, -1.000000000000000000 ) ) ;
#2155 = DIRECTION ( 'NONE',  ( -1.000000000000000000, -0.000000000000000000, 1.559302000878028960E-16 ) ) ;
#2156 = LINE ( 'NONE', #2143, #1402 ) ;
#2157 = ORIENTED_EDGE ( 'NONE', *, *, #2545, .T. ) ;
#2158 = VERTEX_POINT ( 'NONE', #1460 ) ;
#2159 = CARTESIAN_POINT ( 'NONE',  ( 66.80768788262092528, 9.600000000000001421, -71.74973846403591438 ) ) ;
#2160 = DIRECTION ( 'NONE',  ( 0.000000000000000000, 0.000000000000000000, -1.000000000000000000 ) ) ;
#2161 = EDGE_CURVE ( 'NONE', #1349, #1110, #2057, .T. ) ;
#2162 = EDGE_CURVE ( 'NONE', #2311, #452, #2187, .T. ) ;
#2163 = VECTOR ( 'NONE', #2217, 1000.000000000000000 ) ;
#2164 = ORIENTED_EDGE ( 'NONE', *, *, #473, .F. ) ;
#2165 = DIRECTION ( 'NONE',  ( 0.000000000000000000, 0.000000000000000000, 1.000000000000000000 ) ) ;
#2166 = AXIS2_PLACEMENT_3D ( 'NONE', #1428, #437, #422 ) ;
#2167 = VERTEX_POINT ( 'NONE', #396 ) ;
#2168 = DIRECTION ( 'NONE',  ( -0.000000000000000000, -1.000000000000000000, -0.000000000000000000 ) ) ;
#2169 = CARTESIAN_POINT ( 'NONE',  ( 22.30768788262092173, 9.600000000000001421, -63.74973846403592148 ) ) ;
#2170 = PLANE ( 'NONE',  #1695 ) ;
#2171 = VECTOR ( 'NONE', #2441, 1000.000000000000000 ) ;
#2172 = ORIENTED_EDGE ( 'NONE', *, *, #1863, .F. ) ;
#2173 = AXIS2_PLACEMENT_3D ( 'NONE', #784, #2614, #1347 ) ;
#2174 = ORIENTED_EDGE ( 'NONE', *, *, #2144, .F. ) ;
#2175 = CARTESIAN_POINT ( 'NONE',  ( -6.692312117379077385, 9.600000000000001421, 9.250261535964067861 ) ) ;
#2176 = ORIENTED_EDGE ( 'NONE', *, *, #1132, .T. ) ;
#2177 = EDGE_CURVE ( 'NONE', #990, #1493, #1010, .T. ) ;
#2178 = CARTESIAN_POINT ( 'NONE',  ( 39.80768788262092528, 1.600000000000000089, -63.74973846403592148 ) ) ;
#2179 = VECTOR ( 'NONE', #1794, 1000.000000000000000 ) ;
#2180 = AXIS2_PLACEMENT_3D ( 'NONE', #955, #1195, #2025 ) ;
#2181 = ORIENTED_EDGE ( 'NONE', *, *, #2598, .F. ) ;
#2182 = DIRECTION ( 'NONE',  ( 0.000000000000000000, 0.000000000000000000, 1.000000000000000000 ) ) ;
#2183 = CARTESIAN_POINT ( 'NONE',  ( 66.80768788262092528, 1.600000000000000089, -71.74973846403591438 ) ) ;
#2184 = FACE_OUTER_BOUND ( 'NONE', #2504, .T. ) ;
#2185 = CIRCLE ( 'NONE', #1032, 4.000000000000000000 ) ;
#2186 = ORIENTED_EDGE ( 'NONE', *, *, #954, .T. ) ;
#2187 = CIRCLE ( 'NONE', #1586, 4.000000000000000000 ) ;
#2188 = ORIENTED_EDGE ( 'NONE', *, *, #1998, .F. ) ;
#2189 = CARTESIAN_POINT ( 'NONE',  ( 53.30768788262092528, 9.600000000000001421, -71.74973846403592859 ) ) ;
#2190 = EDGE_LOOP ( 'NONE', ( #2021, #1388, #653 ) ) ;
#2191 = DIRECTION ( 'NONE',  ( -0.000000000000000000, -0.000000000000000000, 1.000000000000000000 ) ) ;
#2192 = ORIENTED_EDGE ( 'NONE', *, *, #1753, .F. ) ;
#2193 = CARTESIAN_POINT ( 'NONE',  ( 24.00768788262092102, 1.600000000000000089, 13.25026153596406786 ) ) ;
#2194 = LINE ( 'NONE', #1778, #534 ) ;
#2195 = FACE_OUTER_BOUND ( 'NONE', #2390, .T. ) ;
#2196 = ADVANCED_FACE ( 'NONE', ( #1209 ), #1433, .F. ) ;
#2197 = VERTEX_POINT ( 'NONE', #1848 ) ;
#2198 = LINE ( 'NONE', #575, #1961 ) ;
#2199 = ORIENTED_EDGE ( 'NONE', *, *, #232, .T. ) ;
#2200 = FILL_AREA_STYLE ('',( #2569 ) ) ;
#2201 = DIRECTION ( 'NONE',  ( -0.000000000000000000, -0.000000000000000000, 1.000000000000000000 ) ) ;
#2202 = EDGE_LOOP ( 'NONE', ( #2367, #2036, #909, #717 ) ) ;
#2203 = CARTESIAN_POINT ( 'NONE',  ( 84.30768788262091107, 5.600000000000001421, -81.24973846403592859 ) ) ;
#2204 = VERTEX_POINT ( 'NONE', #1822 ) ;
#2205 = DIRECTION ( 'NONE',  ( 0.000000000000000000, 1.000000000000000000, 0.000000000000000000 ) ) ;
#2206 = CIRCLE ( 'NONE', #2371, 4.000000000000000000 ) ;
#2207 = CARTESIAN_POINT ( 'NONE',  ( 14.82609412710778329, 11.09999999999999964, 9.250261535964067861 ) ) ;
#2208 = DIRECTION ( 'NONE',  ( 1.559302000878028960E-16, 0.000000000000000000, 1.000000000000000000 ) ) ;
#2209 = ORIENTED_EDGE ( 'NONE', *, *, #2388, .T. ) ;
#2210 = EDGE_CURVE ( 'NONE', #1847, #155, #832, .T. ) ;
#2211 = EDGE_CURVE ( 'NONE', #2488, #2158, #2024, .T. ) ;
#2212 = DIRECTION ( 'NONE',  ( 0.000000000000000000, 1.000000000000000000, 0.000000000000000000 ) ) ;
#2213 = ORIENTED_EDGE ( 'NONE', *, *, #2613, .T. ) ;
#2214 = AXIS2_PLACEMENT_3D ( 'NONE', #763, #1565, #2605 ) ;
#2215 = DIRECTION ( 'NONE',  ( 1.000000000000000000, 0.000000000000000000, 0.000000000000000000 ) ) ;
#2216 = EDGE_LOOP ( 'NONE', ( #568, #1133, #138, #2517, #1183 ) ) ;
#2217 = DIRECTION ( 'NONE',  ( -1.000000000000000000, -0.000000000000000000, 1.559302000878028960E-16 ) ) ;
#2218 = CARTESIAN_POINT ( 'NONE',  ( 1.307687882620922615, 9.600000000000001421, 17.25026153596406786 ) ) ;
#2219 = ORIENTED_EDGE ( 'NONE', *, *, #1927, .F. ) ;
#2220 = DIRECTION ( 'NONE',  ( 0.000000000000000000, -0.000000000000000000, 1.000000000000000000 ) ) ;
#2221 = DIRECTION ( 'NONE',  ( 0.000000000000000000, 0.000000000000000000, 1.000000000000000000 ) ) ;
#2222 = VERTEX_POINT ( 'NONE', #630 ) ;
#2223 = DIRECTION ( 'NONE',  ( 1.000000000000000000, -0.000000000000000000, -0.000000000000000000 ) ) ;
#2224 = AXIS2_PLACEMENT_3D ( 'NONE', #1622, #1870, #820 ) ;
#2225 = DIRECTION ( 'NONE',  ( 0.000000000000000000, 1.000000000000000000, 0.000000000000000000 ) ) ;
#2226 = DIRECTION ( 'NONE',  ( 1.000000000000000000, -0.000000000000000000, 0.000000000000000000 ) ) ;
#2227 = ORIENTED_EDGE ( 'NONE', *, *, #334, .F. ) ;
#2228 = AXIS2_PLACEMENT_3D ( 'NONE', #1543, #2370, #971 ) ;
#2229 = ADVANCED_FACE ( 'NONE', ( #242 ), #219, .T. ) ;
#2230 = DIRECTION ( 'NONE',  ( -1.000000000000000000, 0.000000000000000000, 0.000000000000000000 ) ) ;
#2231 = EDGE_CURVE ( 'NONE', #1239, #806, #1858, .T. ) ;
#2232 = AXIS2_PLACEMENT_3D ( 'NONE', #1865, #212, #1043 ) ;
#2233 = DIRECTION ( 'NONE',  ( -0.000000000000000000, -1.000000000000000000, -0.000000000000000000 ) ) ;
#2234 = DIRECTION ( 'NONE',  ( 0.000000000000000000, -0.000000000000000000, 1.000000000000000000 ) ) ;
#2235 = ORIENTED_EDGE ( 'NONE', *, *, #1378, .T. ) ;
#2236 = CARTESIAN_POINT ( 'NONE',  ( -2.692312117379077385, 5.600000000000000533, 26.75026153596406786 ) ) ;
#2237 = CARTESIAN_POINT ( 'NONE',  ( 14.30768788262091995, 9.600000000000001421, -63.74973846403592148 ) ) ;
#2238 = ORIENTED_EDGE ( 'NONE', *, *, #2336, .T. ) ;
#2239 = DIRECTION ( 'NONE',  ( -1.000000000000000000, 0.000000000000000000, 0.000000000000000000 ) ) ;
#2240 = LINE ( 'NONE', #2432, #2332 ) ;
#2241 = CARTESIAN_POINT ( 'NONE',  ( 92.30768788262092528, 9.600000000000001421, -71.74973846403592859 ) ) ;
#2242 = DIRECTION ( 'NONE',  ( 0.000000000000000000, 0.000000000000000000, 1.000000000000000000 ) ) ;
#2243 = ADVANCED_FACE ( 'NONE', ( #254 ), #845, .F. ) ;
#2244 = CYLINDRICAL_SURFACE ( 'NONE', #210, 1.500000000000001332 ) ;
#2245 = ORIENTED_EDGE ( 'NONE', *, *, #738, .T. ) ;
#2246 = PLANE ( 'NONE',  #2456 ) ;
#2247 = ORIENTED_EDGE ( 'NONE', *, *, #2211, .T. ) ;
#2248 = VECTOR ( 'NONE', #682, 1000.000000000000000 ) ;
#2249 = CARTESIAN_POINT ( 'NONE',  ( 124.8076878826209253, 0.000000000000000000, 17.25026153596406786 ) ) ;
#2250 = CARTESIAN_POINT ( 'NONE',  ( 22.30768788262092173, 9.600000000000001421, -63.74973846403592148 ) ) ;
#2251 = AXIS2_PLACEMENT_3D ( 'NONE', #125, #522, #1012 ) ;
#2252 = VECTOR ( 'NONE', #267, 1000.000000000000000 ) ;
#2253 = CARTESIAN_POINT ( 'NONE',  ( 0.000000000000000000, 9.600000000000001421, 0.000000000000000000 ) ) ;
#2254 = VECTOR ( 'NONE', #163, 1000.000000000000000 ) ;
#2255 = CARTESIAN_POINT ( 'NONE',  ( 39.80768788262092528, 1.600000000000000089, -63.74973846403592148 ) ) ;
#2256 = DIRECTION ( 'NONE',  ( 0.000000000000000000, 0.000000000000000000, 1.000000000000000000 ) ) ;
#2257 = ORIENTED_EDGE ( 'NONE', *, *, #144, .F. ) ;
#2258 = ADVANCED_FACE ( 'NONE', ( #1662 ), #2430, .T. ) ;
#2259 = DIRECTION ( 'NONE',  ( 0.000000000000000000, 0.000000000000000000, 1.000000000000000000 ) ) ;
#2260 = VERTEX_POINT ( 'NONE', #2073 ) ;
#2261 = DIRECTION ( 'NONE',  ( 0.000000000000000000, 0.000000000000000000, -1.000000000000000000 ) ) ;
#2262 = CARTESIAN_POINT ( 'NONE',  ( 66.80768788262092528, 9.600000000000001421, -63.74973846403590727 ) ) ;
#2263 = CARTESIAN_POINT ( 'NONE',  ( 74.80768788262092528, 5.600000000000000533, -71.74973846403592859 ) ) ;
#2264 = VECTOR ( 'NONE', #2089, 1000.000000000000000 ) ;
#2265 = VECTOR ( 'NONE', #23, 1000.000000000000000 ) ;
#2266 = CYLINDRICAL_SURFACE ( 'NONE', #1223, 4.000000000000003553 ) ;
#2267 = DIRECTION ( 'NONE',  ( 7.796510004390144799E-17, 0.000000000000000000, 1.000000000000000000 ) ) ;
#2268 = ORIENTED_EDGE ( 'NONE', *, *, #2210, .T. ) ;
#2269 = DIRECTION ( 'NONE',  ( -2.668805347656626185E-16, -0.000000000000000000, -1.000000000000000000 ) ) ;
#2270 = EDGE_LOOP ( 'NONE', ( #964, #2480, #1197, #1123, #2325, #1092, #980, #1612, #141 ) ) ;
#2271 = ORIENTED_EDGE ( 'NONE', *, *, #199, .F. ) ;
#2272 = CARTESIAN_POINT ( 'NONE',  ( 35.80768788262092528, 5.600000000000000533, -81.24973846403592859 ) ) ;
#2273 = CARTESIAN_POINT ( 'NONE',  ( 14.82609412710778329, 11.09999999999999964, 9.250261535964067861 ) ) ;
#2274 = ADVANCED_FACE ( 'NONE', ( #205 ), #58, .T. ) ;
#2275 = EDGE_CURVE ( 'NONE', #1869, #1480, #1027, .T. ) ;
#2276 = DIRECTION ( 'NONE',  ( 0.000000000000000000, 1.000000000000000000, 0.000000000000000000 ) ) ;
#2277 = LINE ( 'NONE', #285, #667 ) ;
#2278 = DIRECTION ( 'NONE',  ( 1.000000000000000000, 0.000000000000000000, -0.000000000000000000 ) ) ;
#2279 = ORIENTED_EDGE ( 'NONE', *, *, #290, .T. ) ;
#2280 = DIRECTION ( 'NONE',  ( -0.000000000000000000, 1.000000000000000000, -0.000000000000000000 ) ) ;
#2281 = ORIENTED_EDGE ( 'NONE', *, *, #1640, .F. ) ;
#2282 = VERTEX_POINT ( 'NONE', #2249 ) ;
#2283 = CARTESIAN_POINT ( 'NONE',  ( -6.692312117379077385, 1.600000000000000089, 17.25026153596406786 ) ) ;
#2284 = DIRECTION ( 'NONE',  ( 1.000000000000000000, 0.000000000000000000, 0.000000000000000000 ) ) ;
#2285 = CIRCLE ( 'NONE', #2, 1.500000000000001332 ) ;
#2286 = EDGE_CURVE ( 'NONE', #452, #1531, #120, .T. ) ;
#2287 = EDGE_CURVE ( 'NONE', #2372, #118, #1895, .T. ) ;
#2288 = VECTOR ( 'NONE', #2444, 1000.000000000000000 ) ;
#2289 = DIRECTION ( 'NONE',  ( 0.000000000000000000, 0.000000000000000000, 1.000000000000000000 ) ) ;
#2290 = DIRECTION ( 'NONE',  ( 0.000000000000000000, 0.000000000000000000, -1.000000000000000000 ) ) ;
#2291 = DIRECTION ( 'NONE',  ( 0.000000000000000000, 1.000000000000000000, 0.000000000000000000 ) ) ;
#2292 = CIRCLE ( 'NONE', #1103, 4.000000000000000000 ) ;
#2293 = ORIENTED_EDGE ( 'NONE', *, *, #1573, .T. ) ;
#2294 = CARTESIAN_POINT ( 'NONE',  ( 45.30768788262091817, 11.09999999999999964, -51.74973846403592148 ) ) ;
#2295 = ORIENTED_EDGE ( 'NONE', *, *, #1395, .T. ) ;
#2296 = EDGE_LOOP ( 'NONE', ( #1709, #967, #1759, #1667 ) ) ;
#2297 = DIRECTION ( 'NONE',  ( 1.000000000000000000, 0.000000000000000000, 0.000000000000000000 ) ) ;
#2298 = DIRECTION ( 'NONE',  ( 0.000000000000000000, 1.000000000000000000, 0.000000000000000000 ) ) ;
#2299 = DIRECTION ( 'NONE',  ( -0.000000000000000000, -0.000000000000000000, -1.000000000000000000 ) ) ;
#2300 = DIRECTION ( 'NONE',  ( 0.000000000000000000, 0.000000000000000000, -1.000000000000000000 ) ) ;
#2301 = EDGE_CURVE ( 'NONE', #1707, #2222, #268, .T. ) ;
#2302 = PRODUCT_DEFINITION_FORMATION_WITH_SPECIFIED_SOURCE ( 'ANY', '', #616, .NOT_KNOWN. ) ;
#2303 = LINE ( 'NONE', #1887, #970 ) ;
#2304 = VECTOR ( 'NONE', #2326, 1000.000000000000000 ) ;
#2305 = DIRECTION ( 'NONE',  ( 0.000000000000000000, 0.000000000000000000, 1.000000000000000000 ) ) ;
#2306 = EDGE_CURVE ( 'NONE', #1187, #2167, #1510, .T. ) ;
#2307 = EDGE_CURVE ( 'NONE', #586, #764, #292, .T. ) ;
#2308 = AXIS2_PLACEMENT_3D ( 'NONE', #2066, #421, #1401 ) ;
#2309 = ORIENTED_EDGE ( 'NONE', *, *, #339, .T. ) ;
#2310 = PLANE ( 'NONE',  #1023 ) ;
#2311 = VERTEX_POINT ( 'NONE', #1697 ) ;
#2312 = ORIENTED_EDGE ( 'NONE', *, *, #1067, .F. ) ;
#2313 = AXIS2_PLACEMENT_3D ( 'NONE', #2385, #184, #2582 ) ;
#2314 = CYLINDRICAL_SURFACE ( 'NONE', #1628, 3.999999999999996447 ) ;
#2315 = CARTESIAN_POINT ( 'NONE',  ( 74.80768788262093949, 5.600000000000000533, -81.24973846403592859 ) ) ;
#2316 = DIRECTION ( 'NONE',  ( -1.000000000000000000, 0.000000000000000000, -0.000000000000000000 ) ) ;
#2317 = CYLINDRICAL_SURFACE ( 'NONE', #2606, 4.000000000000000000 ) ;
#2318 = CARTESIAN_POINT ( 'NONE',  ( 49.30768788262092528, 9.600000000000001421, -63.74973846403592148 ) ) ;
#2319 = PLANE ( 'NONE',  #1591 ) ;
#2320 = ORIENTED_EDGE ( 'NONE', *, *, #1258, .F. ) ;
#2321 = EDGE_CURVE ( 'NONE', #1939, #2051, #655, .T. ) ;
#2322 = EDGE_CURVE ( 'NONE', #250, #712, #2113, .T. ) ;
#2323 = FACE_OUTER_BOUND ( 'NONE', #908, .T. ) ;
#2324 = ORIENTED_EDGE ( 'NONE', *, *, #1640, .T. ) ;
#2325 = ORIENTED_EDGE ( 'NONE', *, *, #1801, .F. ) ;
#2326 = DIRECTION ( 'NONE',  ( -0.000000000000000000, -1.000000000000000000, -0.000000000000000000 ) ) ;
#2327 = DIRECTION ( 'NONE',  ( -0.000000000000000000, -1.000000000000000000, -0.000000000000000000 ) ) ;
#2328 = LINE ( 'NONE', #1938, #2500 ) ;
#2329 = PRESENTATION_LAYER_ASSIGNMENT (  '', '', ( #749 ) ) ;
#2330 = CARTESIAN_POINT ( 'NONE',  ( 88.30768788262091107, 5.600000000000000533, -71.74973846403592859 ) ) ;
#2331 = LINE ( 'NONE', #90, #1926 ) ;
#2332 = VECTOR ( 'NONE', #2010, 1000.000000000000000 ) ;
#2333 = ORIENTED_EDGE ( 'NONE', *, *, #2446, .T. ) ;
#2334 = DIRECTION ( 'NONE',  ( 1.000000000000000000, 0.000000000000000000, -1.559302000878028960E-16 ) ) ;
#2335 = ORIENTED_EDGE ( 'NONE', *, *, #1427, .T. ) ;
#2336 = EDGE_CURVE ( 'NONE', #155, #355, #315, .T. ) ;
#2337 = AXIS2_PLACEMENT_3D ( 'NONE', #1846, #55, #20 ) ;
#2338 = EDGE_LOOP ( 'NONE', ( #2060, #894, #451, #1204, #92 ) ) ;
#2339 = LINE ( 'NONE', #1281, #102 ) ;
#2340 = CARTESIAN_POINT ( 'NONE',  ( 124.8076878826209253, 1.600000000000000089, -61.74973846403593569 ) ) ;
#2341 = CARTESIAN_POINT ( 'NONE',  ( 101.8076878826209253, 1.600000000000000089, 11.15026153596406644 ) ) ;
#2342 = EDGE_LOOP ( 'NONE', ( #65, #500, #800, #2381 ) ) ;
#2343 = CARTESIAN_POINT ( 'NONE',  ( 18.30768788262092173, 5.600000000000000533, -81.24973846403592859 ) ) ;
#2344 = CARTESIAN_POINT ( 'NONE',  ( 0.000000000000000000, 9.600000000000001421, 0.000000000000000000 ) ) ;
#2345 = ORIENTED_EDGE ( 'NONE', *, *, #1730, .T. ) ;
#2346 = VECTOR ( 'NONE', #1837, 1000.000000000000000 ) ;
#2347 = CARTESIAN_POINT ( 'NONE',  ( 95.80768788262092528, 21.60000000000000142, -71.74973846403592859 ) ) ;
#2348 = ORIENTED_EDGE ( 'NONE', *, *, #2597, .F. ) ;
#2349 = ORIENTED_EDGE ( 'NONE', *, *, #2369, .F. ) ;
#2350 = DIRECTION ( 'NONE',  ( 0.000000000000000000, 0.000000000000000000, 1.000000000000000000 ) ) ;
#2351 = PLANE ( 'NONE',  #1182 ) ;
#2352 = CARTESIAN_POINT ( 'NONE',  ( 14.30768788262091995, 1.600000000000000089, -71.74973846403592859 ) ) ;
#2353 = ORIENTED_EDGE ( 'NONE', *, *, #2287, .F. ) ;
#2354 = ADVANCED_FACE ( 'NONE', ( #921 ), #2509, .F. ) ;
#2355 = EDGE_LOOP ( 'NONE', ( #291, #1934, #829, #1696 ) ) ;
#2356 = CARTESIAN_POINT ( 'NONE',  ( 39.80768788262092528, 9.600000000000001421, -71.74973846403592859 ) ) ;
#2357 = CARTESIAN_POINT ( 'NONE',  ( 124.8076878826209253, 21.60000000000000142, 7.250261535964058979 ) ) ;
#2358 = ORIENTED_EDGE ( 'NONE', *, *, #1477, .F. ) ;
#2359 = ADVANCED_FACE ( 'NONE', ( #72 ), #1908, .T. ) ;
#2360 = CARTESIAN_POINT ( 'NONE',  ( 35.80768788262092528, 5.600000000000000533, -81.24973846403592859 ) ) ;
#2361 = EDGE_LOOP ( 'NONE', ( #169, #204, #287, #692 ) ) ;
#2362 = ORIENTED_EDGE ( 'NONE', *, *, #594, .T. ) ;
#2363 = LINE ( 'NONE', #357, #855 ) ;
#2364 = CARTESIAN_POINT ( 'NONE',  ( 95.80768788262092528, 1.600000000000000089, -71.74973846403592859 ) ) ;
#2365 = CARTESIAN_POINT ( 'NONE',  ( 92.30768788262092528, 9.600000000000001421, -63.74973846403592148 ) ) ;
#2366 = DIRECTION ( 'NONE',  ( 1.000000000000000000, -0.000000000000000000, -0.000000000000000000 ) ) ;
#2367 = ORIENTED_EDGE ( 'NONE', *, *, #704, .F. ) ;
#2368 = ADVANCED_FACE ( 'NONE', ( #1125 ), #2314, .T. ) ;
#2369 = EDGE_CURVE ( 'NONE', #677, #695, #491, .T. ) ;
#2370 = DIRECTION ( 'NONE',  ( 0.000000000000000000, 1.000000000000000000, 0.000000000000000000 ) ) ;
#2371 = AXIS2_PLACEMENT_3D ( 'NONE', #2534, #1684, #897 ) ;
#2372 = VERTEX_POINT ( 'NONE', #696 ) ;
#2373 = DIRECTION ( 'NONE',  ( 1.000000000000000000, 0.000000000000000000, 0.000000000000000000 ) ) ;
#2374 = AXIS2_PLACEMENT_3D ( 'NONE', #2620, #2608, #576 ) ;
#2375 = ORIENTED_EDGE ( 'NONE', *, *, #519, .F. ) ;
#2376 = AXIS2_PLACEMENT_3D ( 'NONE', #912, #504, #1713 ) ;
#2377 = CARTESIAN_POINT ( 'NONE',  ( 92.30768788262092528, 9.600000000000001421, -71.74973846403592859 ) ) ;
#2378 = CARTESIAN_POINT ( 'NONE',  ( 53.30768788262092528, 5.600000000000000533, -81.24973846403592859 ) ) ;
#2379 = PLANE ( 'NONE',  #1360 ) ;
#2380 = AXIS2_PLACEMENT_3D ( 'NONE', #1764, #149, #2617 ) ;
#2381 = ORIENTED_EDGE ( 'NONE', *, *, #1069, .T. ) ;
#2382 = VECTOR ( 'NONE', #391, 1000.000000000000000 ) ;
#2383 = ORIENTED_EDGE ( 'NONE', *, *, #1928, .T. ) ;
#2384 = EDGE_CURVE ( 'NONE', #1968, #262, #2492, .T. ) ;
#2385 = CARTESIAN_POINT ( 'NONE',  ( -2.692312117379077385, 5.600000000000000533, 17.25026153596406786 ) ) ;
#2386 = ORIENTED_EDGE ( 'NONE', *, *, #1198, .T. ) ;
#2387 = DIRECTION ( 'NONE',  ( 0.000000000000000000, 0.000000000000000000, 1.000000000000000000 ) ) ;
#2388 = EDGE_CURVE ( 'NONE', #777, #526, #681, .T. ) ;
#2389 = CARTESIAN_POINT ( 'NONE',  ( 14.82609412710778329, 11.09999999999999964, 5.250261535964074966 ) ) ;
#2390 = EDGE_LOOP ( 'NONE', ( #2442, #2257, #731, #1985, #2612 ) ) ;
#2391 = FACE_OUTER_BOUND ( 'NONE', #403, .T. ) ;
#2392 = CYLINDRICAL_SURFACE ( 'NONE', #2118, 4.000000000000003553 ) ;
#2393 = CARTESIAN_POINT ( 'NONE',  ( 17.50768788262092102, 62.09999999999999432, -16.94973846403593143 ) ) ;
#2394 = ORIENTED_EDGE ( 'NONE', *, *, #886, .F. ) ;
#2395 = ORIENTED_EDGE ( 'NONE', *, *, #2107, .F. ) ;
#2396 = CARTESIAN_POINT ( 'NONE',  ( 49.30768788262092528, 9.600000000000001421, -71.74973846403592859 ) ) ;
#2397 = ORIENTED_EDGE ( 'NONE', *, *, #1638, .T. ) ;
#2398 = DIRECTION ( 'NONE',  ( 1.000000000000000000, 0.000000000000000000, 0.000000000000000000 ) ) ;
#2399 = EDGE_CURVE ( 'NONE', #764, #486, #2339, .T. ) ;
#2400 = ORIENTED_EDGE ( 'NONE', *, *, #2481, .F. ) ;
#2401 = ADVANCED_FACE ( 'NONE', ( #2127 ), #303, .T. ) ;
#2402 = CARTESIAN_POINT ( 'NONE',  ( 101.8076878826209253, 1.600000000000000089, -66.94973846403593143 ) ) ;
#2403 = DIRECTION ( 'NONE',  ( 1.000000000000000000, 0.000000000000000000, -0.000000000000000000 ) ) ;
#2404 = FACE_OUTER_BOUND ( 'NONE', #1893, .T. ) ;
#2405 = ORIENTED_EDGE ( 'NONE', *, *, #2052, .F. ) ;
#2406 = FACE_OUTER_BOUND ( 'NONE', #208, .T. ) ;
#2407 = ORIENTED_EDGE ( 'NONE', *, *, #1800, .F. ) ;
#2408 = CARTESIAN_POINT ( 'NONE',  ( 24.00768788262092102, 1.600000000000000089, 9.250261535964067861 ) ) ;
#2409 = ORIENTED_EDGE ( 'NONE', *, *, #1850, .F. ) ;
#2410 = LINE ( 'NONE', #1652, #966 ) ;
#2411 = CIRCLE ( 'NONE', #244, 1.500000000000001332 ) ;
#2412 = CARTESIAN_POINT ( 'NONE',  ( 74.80768788262092528, 1.600000000000000089, -63.74973846403592148 ) ) ;
#2413 = EDGE_LOOP ( 'NONE', ( #2531, #2520, #766, #2567 ) ) ;
#2414 = VECTOR ( 'NONE', #1343, 1000.000000000000000 ) ;
#2415 = FACE_OUTER_BOUND ( 'NONE', #1336, .T. ) ;
#2416 = DIRECTION ( 'NONE',  ( -1.000000000000000000, 0.000000000000000000, 0.000000000000000000 ) ) ;
#2417 = EDGE_CURVE ( 'NONE', #1584, #1932, #110, .T. ) ;
#2418 = VERTEX_POINT ( 'NONE', #1723 ) ;
#2419 = DIRECTION ( 'NONE',  ( -0.000000000000000000, -1.000000000000000000, -0.000000000000000000 ) ) ;
#2420 = CIRCLE ( 'NONE', #927, 1.499999999999997780 ) ;
#2421 = PLANE ( 'NONE',  #47 ) ;
#2422 = EDGE_LOOP ( 'NONE', ( #1318, #2281, #1036, #375, #2477 ) ) ;
#2423 = AXIS2_PLACEMENT_3D ( 'NONE', #2294, #917, #464 ) ;
#2424 = DIRECTION ( 'NONE',  ( -1.000000000000000000, -0.000000000000000000, -0.000000000000000000 ) ) ;
#2425 = DIRECTION ( 'NONE',  ( -1.000000000000000000, 0.000000000000000000, 0.000000000000000000 ) ) ;
#2426 = CARTESIAN_POINT ( 'NONE',  ( 22.30768788262092173, 1.600000000000000089, -71.74973846403592859 ) ) ;
#2427 = ORIENTED_EDGE ( 'NONE', *, *, #1877, .T. ) ;
#2428 = CARTESIAN_POINT ( 'NONE',  ( 14.30768788262091995, 9.600000000000001421, -71.74973846403592859 ) ) ;
#2429 = ORIENTED_EDGE ( 'NONE', *, *, #115, .F. ) ;
#2430 = CYLINDRICAL_SURFACE ( 'NONE', #392, 4.000000000000003553 ) ;
#2431 = VECTOR ( 'NONE', #2141, 1000.000000000000000 ) ;
#2432 = CARTESIAN_POINT ( 'NONE',  ( -10.29231211737907614, -0.3999999999999999667, -65.44973846403593143 ) ) ;
#2433 = ORIENTED_EDGE ( 'NONE', *, *, #409, .F. ) ;
#2434 = AXIS2_PLACEMENT_3D ( 'NONE', #1222, #1841, #1436 ) ;
#2435 = ADVANCED_FACE ( 'NONE', ( #2533 ), #502, .F. ) ;
#2436 = DIRECTION ( 'NONE',  ( 0.000000000000000000, -1.000000000000000000, 0.000000000000000000 ) ) ;
#2437 = AXIS2_PLACEMENT_3D ( 'NONE', #1474, #2291, #2305 ) ;
#2438 = LINE ( 'NONE', #2624, #1437 ) ;
#2439 = CARTESIAN_POINT ( 'NONE',  ( 30.50768788262092457, 62.09999999999999432, -16.94973846403593143 ) ) ;
#2440 = ORIENTED_EDGE ( 'NONE', *, *, #2622, .F. ) ;
#2441 = DIRECTION ( 'NONE',  ( 0.000000000000000000, -1.000000000000000000, 2.602085213965210642E-16 ) ) ;
#2442 = ORIENTED_EDGE ( 'NONE', *, *, #1051, .T. ) ;
#2443 = CARTESIAN_POINT ( 'NONE',  ( 14.30768788262091995, 9.600000000000001421, -63.74973846403592148 ) ) ;
#2444 = DIRECTION ( 'NONE',  ( -0.000000000000000000, -0.000000000000000000, -1.000000000000000000 ) ) ;
#2445 = DIRECTION ( 'NONE',  ( 0.000000000000000000, 0.000000000000000000, 1.000000000000000000 ) ) ;
#2446 = EDGE_CURVE ( 'NONE', #2003, #2546, #2601, .T. ) ;
#2447 = LINE ( 'NONE', #1237, #796 ) ;
#2448 = DIRECTION ( 'NONE',  ( -0.000000000000000000, -1.000000000000000000, -0.000000000000000000 ) ) ;
#2449 = ORIENTED_EDGE ( 'NONE', *, *, #506, .T. ) ;
#2450 = LINE ( 'NONE', #2428, #259 ) ;
#2451 = ORIENTED_EDGE ( 'NONE', *, *, #1228, .F. ) ;
#2452 = CARTESIAN_POINT ( 'NONE',  ( 35.80768788262092528, 5.600000000000000533, -71.74973846403592859 ) ) ;
#2453 = CYLINDRICAL_SURFACE ( 'NONE', #1656, 4.000000000000003553 ) ;
#2454 = VECTOR ( 'NONE', #293, 1000.000000000000000 ) ;
#2455 = CARTESIAN_POINT ( 'NONE',  ( 49.30768788262092528, 5.600000000000000533, -71.74973846403592859 ) ) ;
#2456 = AXIS2_PLACEMENT_3D ( 'NONE', #1022, #1834, #42 ) ;
#2457 = CARTESIAN_POINT ( 'NONE',  ( 84.30768788262091107, 1.600000000000000089, -71.74973846403592859 ) ) ;
#2458 = DIRECTION ( 'NONE',  ( -0.000000000000000000, -1.000000000000000000, -0.000000000000000000 ) ) ;
#2459 = ORIENTED_EDGE ( 'NONE', *, *, #2460, .F. ) ;
#2460 = EDGE_CURVE ( 'NONE', #586, #2546, #2574, .T. ) ;
#2461 = EDGE_CURVE ( 'NONE', #694, #677, #2185, .T. ) ;
#2462 = DIRECTION ( 'NONE',  ( 0.000000000000000000, 0.000000000000000000, -1.000000000000000000 ) ) ;
#2463 = ORIENTED_EDGE ( 'NONE', *, *, #1489, .T. ) ;
#2464 = CARTESIAN_POINT ( 'NONE',  ( -14.89231211737907046, 1.600000000000000089, 17.25026153596406786 ) ) ;
#2465 = VECTOR ( 'NONE', #2419, 1000.000000000000000 ) ;
#2466 = DIRECTION ( 'NONE',  ( -0.000000000000000000, -1.000000000000000000, -0.000000000000000000 ) ) ;
#2467 = AXIS2_PLACEMENT_3D ( 'NONE', #1152, #1776, #2588 ) ;
#2468 = CARTESIAN_POINT ( 'NONE',  ( -10.29231211737907614, -0.3999999999999999667, 12.65026153596406822 ) ) ;
#2469 = VECTOR ( 'NONE', #659, 1000.000000000000000 ) ;
#2470 = VECTOR ( 'NONE', #238, 1000.000000000000000 ) ;
#2471 = LINE ( 'NONE', #848, #580 ) ;
#2472 = DIRECTION ( 'NONE',  ( 1.000000000000000000, 0.000000000000000000, 0.000000000000000000 ) ) ;
#2473 = VECTOR ( 'NONE', #873, 1000.000000000000000 ) ;
#2474 = EDGE_LOOP ( 'NONE', ( #2312, #2397, #2097, #1055, #618 ) ) ;
#2475 = VECTOR ( 'NONE', #1049, 1000.000000000000000 ) ;
#2476 = CARTESIAN_POINT ( 'NONE',  ( 35.80768788262092528, 5.600000000000000533, -71.74973846403592859 ) ) ;
#2477 = ORIENTED_EDGE ( 'NONE', *, *, #1443, .T. ) ;
#2478 = EDGE_CURVE ( 'NONE', #262, #1379, #528, .T. ) ;
#2479 = ADVANCED_FACE ( 'NONE', ( #2391 ), #1762, .F. ) ;
#2480 = ORIENTED_EDGE ( 'NONE', *, *, #594, .F. ) ;
#2481 = EDGE_CURVE ( 'NONE', #1567, #1375, #2008, .T. ) ;
#2482 = LINE ( 'NONE', #606, #1035 ) ;
#2483 = PLANE ( 'NONE',  #1781 ) ;
#2484 = DIRECTION ( 'NONE',  ( 0.000000000000000000, 0.000000000000000000, 1.000000000000000000 ) ) ;
#2485 = DIRECTION ( 'NONE',  ( -0.000000000000000000, -1.000000000000000000, -0.000000000000000000 ) ) ;
#2486 = DIRECTION ( 'NONE',  ( -0.000000000000000000, -0.000000000000000000, 1.000000000000000000 ) ) ;
#2487 = EDGE_CURVE ( 'NONE', #2197, #2140, #1708, .T. ) ;
#2488 = VERTEX_POINT ( 'NONE', #134 ) ;
#2489 = FACE_OUTER_BOUND ( 'NONE', #1026, .T. ) ;
#2490 = ORIENTED_EDGE ( 'NONE', *, *, #1668, .T. ) ;
#2491 = ORIENTED_EDGE ( 'NONE', *, *, #2130, .T. ) ;
#2492 = LINE ( 'NONE', #668, #2304 ) ;
#2493 = DIRECTION ( 'NONE',  ( 0.000000000000000000, 0.000000000000000000, 1.000000000000000000 ) ) ;
#2494 = EDGE_CURVE ( 'NONE', #2051, #1592, #938, .T. ) ;
#2495 = DIRECTION ( 'NONE',  ( -0.000000000000000000, -0.000000000000000000, 1.000000000000000000 ) ) ;
#2496 = EDGE_CURVE ( 'NONE', #918, #2529, #2363, .T. ) ;
#2497 = EDGE_CURVE ( 'NONE', #1110, #2372, #899, .T. ) ;
#2498 = VECTOR ( 'NONE', #998, 1000.000000000000000 ) ;
#2499 = CARTESIAN_POINT ( 'NONE',  ( 24.00768788262092102, 11.09999999999999964, 13.25026153596406786 ) ) ;
#2500 = VECTOR ( 'NONE', #493, 1000.000000000000000 ) ;
#2501 = DIRECTION ( 'NONE',  ( 0.000000000000000000, 1.000000000000000000, 0.000000000000000000 ) ) ;
#2502 = CYLINDRICAL_SURFACE ( 'NONE', #1040, 4.000000000000000000 ) ;
#2503 = AXIS2_PLACEMENT_3D ( 'NONE', #251, #33, #1240 ) ;
#2504 = EDGE_LOOP ( 'NONE', ( #336, #109, #790, #2106 ) ) ;
#2505 = CIRCLE ( 'NONE', #2173, 1.500000000000001332 ) ;
#2506 = DIRECTION ( 'NONE',  ( -1.000000000000000000, 0.000000000000000000, 0.000000000000000000 ) ) ;
#2507 = EDGE_LOOP ( 'NONE', ( #786, #2427 ) ) ;
#2508 = ORIENTED_EDGE ( 'NONE', *, *, #2417, .F. ) ;
#2509 = PLANE ( 'NONE',  #815 ) ;
#2510 = LINE ( 'NONE', #1499, #2248 ) ;
#2511 = DIRECTION ( 'NONE',  ( -1.000000000000000000, 0.000000000000000000, 0.000000000000000000 ) ) ;
#2512 = DIRECTION ( 'NONE',  ( -0.000000000000000000, 1.000000000000000000, -0.000000000000000000 ) ) ;
#2513 = EDGE_CURVE ( 'NONE', #1455, #973, #2561, .T. ) ;
#2514 = EDGE_CURVE ( 'NONE', #1869, #850, #427, .T. ) ;
#2515 = CARTESIAN_POINT ( 'NONE',  ( 39.80768788262092528, 9.600000000000001421, -71.74973846403592859 ) ) ;
#2516 = PLANE ( 'NONE',  #1245 ) ;
#2517 = ORIENTED_EDGE ( 'NONE', *, *, #2460, .T. ) ;
#2518 = DIRECTION ( 'NONE',  ( -0.000000000000000000, -1.000000000000000000, -0.000000000000000000 ) ) ;
#2519 = ORIENTED_EDGE ( 'NONE', *, *, #1537, .T. ) ;
#2520 = ORIENTED_EDGE ( 'NONE', *, *, #785, .T. ) ;
#2521 = CIRCLE ( 'NONE', #152, 4.000000000000003553 ) ;
#2522 = CARTESIAN_POINT ( 'NONE',  ( 22.30768788262092173, 5.600000000000000533, -81.24973846403592859 ) ) ;
#2523 = PRESENTATION_STYLE_ASSIGNMENT (( #1098 ) ) ;
#2524 = LINE ( 'NONE', #1550, #1226 ) ;
#2525 = DIRECTION ( 'NONE',  ( -0.000000000000000000, -1.000000000000000000, -0.000000000000000000 ) ) ;
#2526 = FACE_OUTER_BOUND ( 'NONE', #666, .T. ) ;
#2527 = ADVANCED_FACE ( 'NONE', ( #516 ), #1578, .F. ) ;
#2528 = CARTESIAN_POINT ( 'NONE',  ( 70.80768788262092528, 9.600000000000001421, -71.74973846403592859 ) ) ;
#2529 = VERTEX_POINT ( 'NONE', #559 ) ;
#2530 = DIRECTION ( 'NONE',  ( -0.000000000000000000, -1.000000000000000000, -0.000000000000000000 ) ) ;
#2531 = ORIENTED_EDGE ( 'NONE', *, *, #1894, .T. ) ;
#2532 = ORIENTED_EDGE ( 'NONE', *, *, #2177, .F. ) ;
#2533 = FACE_OUTER_BOUND ( 'NONE', #999, .T. ) ;
#2534 = CARTESIAN_POINT ( 'NONE',  ( -2.692312117379077385, 5.600000000000000533, 17.25026153596406786 ) ) ;
#2535 = DIRECTION ( 'NONE',  ( -0.000000000000000000, -1.000000000000000000, -0.000000000000000000 ) ) ;
#2536 = VERTEX_POINT ( 'NONE', #991 ) ;
#2537 = AXIS2_PLACEMENT_3D ( 'NONE', #2114, #2327, #1126 ) ;
#2538 = CARTESIAN_POINT ( 'NONE',  ( 57.30768788262092528, 9.600000000000001421, -71.74973846403592859 ) ) ;
#2539 = DIRECTION ( 'NONE',  ( -1.000000000000000000, 0.000000000000000000, 0.000000000000000000 ) ) ;
#2540 = CIRCLE ( 'NONE', #377, 4.000000000000003553 ) ;
#2541 = EDGE_LOOP ( 'NONE', ( #1544, #197 ) ) ;
#2542 = AXIS2_PLACEMENT_3D ( 'NONE', #2273, #1256, #1447 ) ;
#2543 = DIRECTION ( 'NONE',  ( 0.000000000000000000, 0.000000000000000000, 1.000000000000000000 ) ) ;
#2544 = EDGE_LOOP ( 'NONE', ( #574, #1044, #840, #41 ) ) ;
#2545 = EDGE_CURVE ( 'NONE', #712, #1971, #1323, .T. ) ;
#2546 = VERTEX_POINT ( 'NONE', #1548 ) ;
#2547 = CARTESIAN_POINT ( 'NONE',  ( -6.692312117379077385, 9.600000000000001421, 17.25026153596406786 ) ) ;
#2548 = CARTESIAN_POINT ( 'NONE',  ( 74.80768788262092528, 9.600000000000001421, -71.74973846403592859 ) ) ;
#2549 = CARTESIAN_POINT ( 'NONE',  ( 92.30768788262092528, 9.600000000000001421, -71.74973846403592859 ) ) ;
#2550 = ORIENTED_EDGE ( 'NONE', *, *, #985, .F. ) ;
#2551 = ORIENTED_EDGE ( 'NONE', *, *, #593, .T. ) ;
#2552 = SURFACE_SIDE_STYLE ('',( #1555 ) ) ;
#2553 = CARTESIAN_POINT ( 'NONE',  ( 24.00768788262092102, 11.09999999999999964, 9.250261535964067861 ) ) ;
#2554 = PLANE ( 'NONE',  #236 ) ;
#2555 = ORIENTED_EDGE ( 'NONE', *, *, #2514, .F. ) ;
#2556 = AXIS2_PLACEMENT_3D ( 'NONE', #1424, #857, #619 ) ;
#2557 = CARTESIAN_POINT ( 'NONE',  ( 101.8076878826209253, 1.600000000000000089, -65.44973846403593143 ) ) ;
#2558 = AXIS2_PLACEMENT_3D ( 'NONE', #1587, #1797, #1331 ) ;
#2559 = VERTEX_POINT ( 'NONE', #977 ) ;
#2560 = VERTEX_POINT ( 'NONE', #1533 ) ;
#2561 = LINE ( 'NONE', #761, #1582 ) ;
#2562 = CARTESIAN_POINT ( 'NONE',  ( 1.307687882620922615, 5.600000000000000533, 17.25026153596406786 ) ) ;
#2563 = DIRECTION ( 'NONE',  ( 0.000000000000000000, 0.000000000000000000, 1.000000000000000000 ) ) ;
#2564 = EDGE_CURVE ( 'NONE', #1588, #1349, #343, .T. ) ;
#2565 = EDGE_CURVE ( 'NONE', #2017, #1480, #2411, .T. ) ;
#2566 = CIRCLE ( 'NONE', #1459, 3.999999999999993339 ) ;
#2567 = ORIENTED_EDGE ( 'NONE', *, *, #1538, .T. ) ;
#2568 = ORIENTED_EDGE ( 'NONE', *, *, #356, .F. ) ;
#2569 = FILL_AREA_STYLE_COLOUR ( '', #1348 ) ;
#2570 = CYLINDRICAL_SURFACE ( 'NONE', #1714, 4.000000000000003553 ) ;
#2571 = ORIENTED_EDGE ( 'NONE', *, *, #901, .T. ) ;
#2572 = CARTESIAN_POINT ( 'NONE',  ( 24.00768788262092102, 1.600000000000000089, -6.449738464035931429 ) ) ;
#2573 = ORIENTED_EDGE ( 'NONE', *, *, #85, .F. ) ;
#2574 = LINE ( 'NONE', #2603, #684 ) ;
#2575 = DIRECTION ( 'NONE',  ( -0.000000000000000000, -0.000000000000000000, -1.000000000000000000 ) ) ;
#2576 = CARTESIAN_POINT ( 'NONE',  ( 49.30768788262092528, 1.600000000000000089, -71.74973846403592859 ) ) ;
#2577 = ORIENTED_EDGE ( 'NONE', *, *, #835, .F. ) ;
#2578 = EDGE_CURVE ( 'NONE', #1889, #1073, #1191, .T. ) ;
#2579 = ORIENTED_EDGE ( 'NONE', *, *, #276, .T. ) ;
#2580 = EDGE_CURVE ( 'NONE', #96, #526, #2619, .T. ) ;
#2581 = ADVANCED_FACE ( 'NONE', ( #750 ), #965, .F. ) ;
#2582 = DIRECTION ( 'NONE',  ( 1.000000000000000000, 0.000000000000000000, 0.000000000000000000 ) ) ;
#2583 = ORIENTED_EDGE ( 'NONE', *, *, #1519, .F. ) ;
#2584 = CARTESIAN_POINT ( 'NONE',  ( 49.30768788262092528, 9.600000000000001421, -71.74973846403592859 ) ) ;
#2585 = DIRECTION ( 'NONE',  ( -0.000000000000000000, -1.000000000000000000, -0.000000000000000000 ) ) ;
#2586 = VECTOR ( 'NONE', #727, 1000.000000000000000 ) ;
#2587 = EDGE_LOOP ( 'NONE', ( #2199, #719, #2440, #187, #2126 ) ) ;
#2588 = DIRECTION ( 'NONE',  ( 0.000000000000000000, 0.000000000000000000, 1.000000000000000000 ) ) ;
#2589 = DIRECTION ( 'NONE',  ( 0.000000000000000000, 0.000000000000000000, -1.000000000000000000 ) ) ;
#2590 = DIRECTION ( 'NONE',  ( 1.000000000000000000, 0.000000000000000000, 0.000000000000000000 ) ) ;
#2591 = CIRCLE ( 'NONE', #1569, 4.000000000000003553 ) ;
#2592 = ORIENTED_EDGE ( 'NONE', *, *, #2321, .T. ) ;
#2593 = CARTESIAN_POINT ( 'NONE',  ( 95.80768788262092528, 21.60000000000000142, -71.74973846403592859 ) ) ;
#2594 = ORIENTED_EDGE ( 'NONE', *, *, #2287, .T. ) ;
#2595 = DIRECTION ( 'NONE',  ( 0.000000000000000000, 0.000000000000000000, 1.000000000000000000 ) ) ;
#2596 = EDGE_CURVE ( 'NONE', #202, #2260, #271, .T. ) ;
#2597 = EDGE_CURVE ( 'NONE', #2051, #2311, #1919, .T. ) ;
#2598 = EDGE_CURVE ( 'NONE', #973, #155, #778, .T. ) ;
#2599 = ORIENTED_EDGE ( 'NONE', *, *, #1928, .F. ) ;
#2600 = DIRECTION ( 'NONE',  ( -1.000000000000000000, 0.000000000000000000, 0.000000000000000000 ) ) ;
#2601 = CIRCLE ( 'NONE', #1200, 4.000000000000003553 ) ;
#2602 = ORIENTED_EDGE ( 'NONE', *, *, #2596, .T. ) ;
#2603 = CARTESIAN_POINT ( 'NONE',  ( 66.80768788262092528, 9.600000000000001421, -71.74973846403591438 ) ) ;
#2604 = FACE_OUTER_BOUND ( 'NONE', #1520, .T. ) ;
#2605 = DIRECTION ( 'NONE',  ( -1.000000000000000000, 0.000000000000000000, 0.000000000000000000 ) ) ;
#2606 = AXIS2_PLACEMENT_3D ( 'NONE', #1886, #888, #673 ) ;
#2607 = VERTEX_POINT ( 'NONE', #154 ) ;
#2608 = DIRECTION ( 'NONE',  ( 0.000000000000000000, 0.000000000000000000, -1.000000000000000000 ) ) ;
#2609 = ORIENTED_EDGE ( 'NONE', *, *, #1131, .F. ) ;
#2610 = CIRCLE ( 'NONE', #643, 1.500000000000001332 ) ;
#2611 = LINE ( 'NONE', #523, #2012 ) ;
#2612 = ORIENTED_EDGE ( 'NONE', *, *, #1477, .T. ) ;
#2613 = EDGE_CURVE ( 'NONE', #1239, #752, #2198, .T. ) ;
#2614 = DIRECTION ( 'NONE',  ( 0.000000000000000000, 1.000000000000000000, 0.000000000000000000 ) ) ;
#2615 = EDGE_LOOP ( 'NONE', ( #372, #417, #1644, #2449, #732 ) ) ;
#2616 = CARTESIAN_POINT ( 'NONE',  ( -14.89231211737907579, 1.600000000000000089, -71.74973846403592859 ) ) ;
#2617 = DIRECTION ( 'NONE',  ( 1.000000000000000000, 0.000000000000000000, 0.000000000000000000 ) ) ;
#2618 = ORIENTED_EDGE ( 'NONE', *, *, #554, .F. ) ;
#2619 = LINE ( 'NONE', #206, #2179 ) ;
#2620 = CARTESIAN_POINT ( 'NONE',  ( 18.30768788262092173, 5.600000000000000533, -71.74973846403592859 ) ) ;
#2621 = VERTEX_POINT ( 'NONE', #791 ) ;
#2622 = EDGE_CURVE ( 'NONE', #54, #2529, #765, .T. ) ;
#2623 = CARTESIAN_POINT ( 'NONE',  ( 124.8076878826209395, 1.600000000000000089, 17.25026153596406431 ) ) ;
#2624 = CARTESIAN_POINT ( 'NONE',  ( 24.00768788262092102, 11.09999999999999964, -6.449738464035931429 ) ) ;
ENDSEC;
END-ISO-10303-21;
