ISO-10303-21;
HEADER;
FILE_DESCRIPTION (( 'STEP AP214' ),
    '1' );
FILE_NAME ('NMRtray20v2.STEP',
    '2025-04-03T04:15:28',
    ( '' ),
    ( '' ),
    'SwSTEP 2.0',
    'SolidWorks 2024',
    '' );
FILE_SCHEMA (( 'AUTOMOTIVE_DESIGN' ));
ENDSEC;

DATA;
#1 = CYLINDRICAL_SURFACE ( 'NONE', #11674, 0.5000000000000008882 ) ;
#2 = CARTESIAN_POINT ( 'NONE',  ( 9.500000000000000000, -2.500000000000000444, 304.8000000000000114 ) ) ;
#3 = EDGE_CURVE ( 'NONE', #2338, #7366, #4457, .T. ) ;
#4 = CARTESIAN_POINT ( 'NONE',  ( -10.00000000000000000, 3.000000000000001332, -24.77500000000004832 ) ) ;
#5 = CYLINDRICAL_SURFACE ( 'NONE', #264, 0.5000000000000004441 ) ;
#6 = DIRECTION ( 'NONE',  ( 1.000000000000000000, 0.000000000000000000, 0.000000000000000000 ) ) ;
#7 = CARTESIAN_POINT ( 'NONE',  ( 8.424621202458750346, 3.000000000000001332, 304.8000000000000114 ) ) ;
#8 = AXIS2_PLACEMENT_3D ( 'NONE', #4726, #8773, #5786 ) ;
#9 = CIRCLE ( 'NONE', #1491, 2.999999999999999112 ) ;
#10 = LINE ( 'NONE', #10995, #8463 ) ;
#11 = AXIS2_PLACEMENT_3D ( 'NONE', #2205, #8165, #299 ) ;
#12 = ORIENTED_EDGE ( 'NONE', *, *, #2573, .F. ) ;
#13 = CARTESIAN_POINT ( 'NONE',  ( -7.424621202458747682, -5.249999999999995559, -24.77500000000004832 ) ) ;
#14 = ORIENTED_EDGE ( 'NONE', *, *, #11786, .T. ) ;
#15 = DIRECTION ( 'NONE',  ( -0.000000000000000000, -0.000000000000000000, -1.000000000000000000 ) ) ;
#16 = AXIS2_PLACEMENT_3D ( 'NONE', #1415, #4333, #8443 ) ;
#17 = FACE_OUTER_BOUND ( 'NONE', #9894, .T. ) ;
#18 = AXIS2_PLACEMENT_3D ( 'NONE', #5345, #9410, #3536 ) ;
#19 = ORIENTED_EDGE ( 'NONE', *, *, #11185, .F. ) ;
#20 = CARTESIAN_POINT ( 'NONE',  ( -10.00000000000000000, -3.000000000000001332, 304.8000000000000114 ) ) ;
#21 = CIRCLE ( 'NONE', #12052, 0.5000000000000004441 ) ;
#22 = EDGE_CURVE ( 'NONE', #4996, #7599, #527, .T. ) ;
#23 = DIRECTION ( 'NONE',  ( -1.000000000000000000, -1.541976423090498986E-15, 0.000000000000000000 ) ) ;
#24 = EDGE_CURVE ( 'NONE', #11077, #2919, #6152, .T. ) ;
#25 = EDGE_CURVE ( 'NONE', #3895, #9024, #21, .T. ) ;
#26 = CARTESIAN_POINT ( 'NONE',  ( -6.599999999999996092, -0.8898448916085081040, 304.8000000000000114 ) ) ;
#27 = CARTESIAN_POINT ( 'NONE',  ( -7.924621202458749458, -3.000000000000001332, 304.8000000000000114 ) ) ;
#28 = VERTEX_POINT ( 'NONE', #10414 ) ;
#29 = DIRECTION ( 'NONE',  ( 0.000000000000000000, 0.000000000000000000, -1.000000000000000000 ) ) ;
#30 = ORIENTED_EDGE ( 'NONE', *, *, #3869, .T. ) ;
#31 = CARTESIAN_POINT ( 'NONE',  ( -9.500000000000000000, -3.000000000000001332, 304.8000000000000114 ) ) ;
#32 = VECTOR ( 'NONE', #5600, 1000.000000000000000 ) ;
#33 = VERTEX_POINT ( 'NONE', #11446 ) ;
#34 = ORIENTED_EDGE ( 'NONE', *, *, #429, .T. ) ;
#35 = DIRECTION ( 'NONE',  ( 0.000000000000000000, 0.000000000000000000, 1.000000000000000000 ) ) ;
#36 = ORIENTED_EDGE ( 'NONE', *, *, #9643, .F. ) ;
#37 = ORIENTED_EDGE ( 'NONE', *, *, #12106, .F. ) ;
#38 = DIRECTION ( 'NONE',  ( -1.541976423090498986E-15, 1.000000000000000000, 0.000000000000000000 ) ) ;
#39 = DIRECTION ( 'NONE',  ( -0.000000000000000000, -0.000000000000000000, -1.000000000000000000 ) ) ;
#40 = VERTEX_POINT ( 'NONE', #11574 ) ;
#41 = CARTESIAN_POINT ( 'NONE',  ( 0.8898448916085185401, -6.599999999999999645, 304.8000000000000114 ) ) ;
#42 = VECTOR ( 'NONE', #9790, 1000.000000000000000 ) ;
#43 = ORIENTED_EDGE ( 'NONE', *, *, #5517, .T. ) ;
#44 = CARTESIAN_POINT ( 'NONE',  ( 6.599999999999996092, 0.8898448916085081040, 304.8000000000000114 ) ) ;
#45 = AXIS2_PLACEMENT_3D ( 'NONE', #1361, #11352, #9640 ) ;
#46 = VECTOR ( 'NONE', #6063, 1000.000000000000000 ) ;
#47 = DIRECTION ( 'NONE',  ( 1.541976423090498986E-15, -1.000000000000000000, 0.000000000000000000 ) ) ;
#48 = AXIS2_PLACEMENT_3D ( 'NONE', #10345, #10410, #6159 ) ;
#49 = CARTESIAN_POINT ( 'NONE',  ( -10.00000000000000000, -3.000000000000001332, -104.7750000000000057 ) ) ;
#50 = ORIENTED_EDGE ( 'NONE', *, *, #11794, .F. ) ;
#51 = ORIENTED_EDGE ( 'NONE', *, *, #9874, .T. ) ;
#52 = CARTESIAN_POINT ( 'NONE',  ( -7.424621202458747682, -5.249999999999995559, 304.8000000000000114 ) ) ;
#53 = CARTESIAN_POINT ( 'NONE',  ( 7.924621202458747682, -5.249999999999995559, 304.8000000000000114 ) ) ;
#54 = CIRCLE ( 'NONE', #6404, 0.5000000000000004441 ) ;
#55 = FACE_OUTER_BOUND ( 'NONE', #6998, .T. ) ;
#56 = VERTEX_POINT ( 'NONE', #2378 ) ;
#57 = DIRECTION ( 'NONE',  ( -1.000000000000000000, 0.000000000000000000, 0.000000000000000000 ) ) ;
#58 = ORIENTED_EDGE ( 'NONE', *, *, #12541, .T. ) ;
#59 = VERTEX_POINT ( 'NONE', #8416 ) ;
#60 = PRODUCT_DEFINITION_FORMATION_WITH_SPECIFIED_SOURCE ( 'ANY', '', #10302, .NOT_KNOWN. ) ;
#61 = ORIENTED_EDGE ( 'NONE', *, *, #8572, .T. ) ;
#62 = ORIENTED_EDGE ( 'NONE', *, *, #256, .F. ) ;
#63 = DIRECTION ( 'NONE',  ( -0.000000000000000000, -0.000000000000000000, -1.000000000000000000 ) ) ;
#64 = ADVANCED_FACE ( 'NONE', ( #12434 ), #2499, .F. ) ;
#65 = VECTOR ( 'NONE', #10929, 1000.000000000000000 ) ;
#66 = SURFACE_STYLE_USAGE ( .BOTH. , #1840 ) ;
#67 = DIRECTION ( 'NONE',  ( -1.000000000000000000, 0.000000000000000000, 0.000000000000000000 ) ) ;
#68 = VECTOR ( 'NONE', #12884, 1000.000000000000000 ) ;
#69 = ADVANCED_FACE ( 'NONE', ( #1325 ), #9668, .T. ) ;
#70 = CARTESIAN_POINT ( 'NONE',  ( 2.500000000000000000, 8.424621202458752123, 304.8000000000000114 ) ) ;
#71 = EDGE_LOOP ( 'NONE', ( #2642, #4658 ) ) ;
#72 = EDGE_CURVE ( 'NONE', #9114, #9462, #7597, .T. ) ;
#73 = ORIENTED_EDGE ( 'NONE', *, *, #12186, .T. ) ;
#74 = VECTOR ( 'NONE', #7930, 1000.000000000000000 ) ;
#75 = DIRECTION ( 'NONE',  ( 8.065639195895846808E-16, -1.000000000000000000, 0.000000000000000000 ) ) ;
#76 = CARTESIAN_POINT ( 'NONE',  ( -7.924621202458749458, 3.000000000000001332, 304.8000000000000114 ) ) ;
#77 = CARTESIAN_POINT ( 'NONE',  ( 2.500000000000000000, 8.424621202458752123, 304.8000000000000114 ) ) ;
#78 = EDGE_CURVE ( 'NONE', #3865, #12350, #7406, .T. ) ;
#79 = DIRECTION ( 'NONE',  ( 1.000000000000000000, 0.000000000000000000, 0.000000000000000000 ) ) ;
#80 = CARTESIAN_POINT ( 'NONE',  ( -3.000000000000000888, -7.924621202458751235, 304.8000000000000114 ) ) ;
#81 = VECTOR ( 'NONE', #8653, 1000.000000000000000 ) ;
#83 = AXIS2_PLACEMENT_3D ( 'NONE', #1654, #3639, #668 ) ;
#82 = PLANE ( 'NONE',  #7533 ) ;
#84 = CARTESIAN_POINT ( 'NONE',  ( -9.500000000000000000, 3.000000000000001332, 304.8000000000000114 ) ) ;
#85 = ORIENTED_EDGE ( 'NONE', *, *, #5067, .F. ) ;
#86 = LINE ( 'NONE', #5029, #3734 ) ;
#87 = ORIENTED_EDGE ( 'NONE', *, *, #1923, .T. ) ;
#88 = EDGE_CURVE ( 'NONE', #9657, #5656, #2345, .T. ) ;
#89 = ORIENTED_EDGE ( 'NONE', *, *, #10157, .T. ) ;
#90 = CARTESIAN_POINT ( 'NONE',  ( -7.071067811865473729, -5.603553390593270400, 94.79999999999999716 ) ) ;
#91 = MECHANICAL_DESIGN_GEOMETRIC_PRESENTATION_REPRESENTATION (  '', ( #9198 ), #8758 ) ;
#92 = DIRECTION ( 'NONE',  ( 0.000000000000000000, 0.000000000000000000, -1.000000000000000000 ) ) ;
#93 = EDGE_LOOP ( 'NONE', ( #1886, #7273, #7213, #5186 ) ) ;
#94 = FACE_OUTER_BOUND ( 'NONE', #4926, .T. ) ;
#95 = CARTESIAN_POINT ( 'NONE',  ( -7.071067811865473729, -5.603553390593270400, 304.8000000000000114 ) ) ;
#96 = DIRECTION ( 'NONE',  ( -0.000000000000000000, -0.000000000000000000, -1.000000000000000000 ) ) ;
#97 = FACE_OUTER_BOUND ( 'NONE', #8191, .T. ) ;
#98 = ORIENTED_EDGE ( 'NONE', *, *, #2521, .T. ) ;
#99 = VECTOR ( 'NONE', #12244, 1000.000000000000000 ) ;
#100 = CARTESIAN_POINT ( 'NONE',  ( -3.000000000000000888, -7.924621202458751235, 304.8000000000000114 ) ) ;
#101 = ORIENTED_EDGE ( 'NONE', *, *, #5394, .T. ) ;
#102 = DIRECTION ( 'NONE',  ( -1.000000000000000000, 0.000000000000000000, 0.000000000000000000 ) ) ;
#103 = VECTOR ( 'NONE', #3466, 1000.000000000000000 ) ;
#104 = VERTEX_POINT ( 'NONE', #5482 ) ;
#105 = ORIENTED_EDGE ( 'NONE', *, *, #12799, .T. ) ;
#106 = DIRECTION ( 'NONE',  ( -0.000000000000000000, -0.000000000000000000, -1.000000000000000000 ) ) ;
#107 = EDGE_LOOP ( 'NONE', ( #8394, #12227, #414, #6307 ) ) ;
#108 = EDGE_CURVE ( 'NONE', #5838, #11013, #399, .T. ) ;
#109 = VERTEX_POINT ( 'NONE', #583 ) ;
#110 = CARTESIAN_POINT ( 'NONE',  ( 7.924621202458747682, 5.249999999999995559, 304.8000000000000114 ) ) ;
#111 = DIRECTION ( 'NONE',  ( -0.000000000000000000, 0.000000000000000000, -1.000000000000000000 ) ) ;
#112 = ORIENTED_EDGE ( 'NONE', *, *, #6377, .T. ) ;
#113 = CARTESIAN_POINT ( 'NONE',  ( 3.011165235168160592, 4.478679656440356815, 304.8000000000000114 ) ) ;
#114 = ORIENTED_EDGE ( 'NONE', *, *, #5326, .F. ) ;
#115 = DIRECTION ( 'NONE',  ( 0.000000000000000000, 0.000000000000000000, 1.000000000000000000 ) ) ;
#116 = CARTESIAN_POINT ( 'NONE',  ( 8.424621202458750346, -3.000000000000001332, 94.79999999999999716 ) ) ;
#117 = ORIENTED_EDGE ( 'NONE', *, *, #8659, .T. ) ;
#118 = CARTESIAN_POINT ( 'NONE',  ( 2.499999999999999556, 8.424621202458752123, 94.79999999999999716 ) ) ;
#119 = ORIENTED_EDGE ( 'NONE', *, *, #1079, .T. ) ;
#120 = ORIENTED_EDGE ( 'NONE', *, *, #900, .F. ) ;
#121 = CARTESIAN_POINT ( 'NONE',  ( 8.424621202458750346, 3.000000000000001332, 304.8000000000000114 ) ) ;
#122 = DIRECTION ( 'NONE',  ( -0.000000000000000000, -0.000000000000000000, -1.000000000000000000 ) ) ;
#123 = ADVANCED_FACE ( 'NONE', ( #5422 ), #4619, .F. ) ;
#124 = EDGE_CURVE ( 'NONE', #2432, #7683, #1704, .T. ) ;
#125 = CARTESIAN_POINT ( 'NONE',  ( -5.249999999999997335, 7.924621202458751235, 304.8000000000000114 ) ) ;
#126 = ORIENTED_EDGE ( 'NONE', *, *, #4113, .T. ) ;
#127 = FACE_OUTER_BOUND ( 'NONE', #4421, .T. ) ;
#128 = EDGE_LOOP ( 'NONE', ( #13024, #5338, #6613, #6848 ) ) ;
#129 = ORIENTED_EDGE ( 'NONE', *, *, #12965, .F. ) ;
#130 = CARTESIAN_POINT ( 'NONE',  ( 3.000000000000000888, -10.00000000000000000, 304.8000000000000114 ) ) ;
#131 = DIRECTION ( 'NONE',  ( -0.000000000000000000, -0.000000000000000000, -1.000000000000000000 ) ) ;
#132 = ORIENTED_EDGE ( 'NONE', *, *, #2369, .F. ) ;
#133 = CARTESIAN_POINT ( 'NONE',  ( -5.249999999999997335, 7.924621202458751235, 304.8000000000000114 ) ) ;
#134 = DIRECTION ( 'NONE',  ( -0.000000000000000000, -0.000000000000000000, -1.000000000000000000 ) ) ;
#135 = CARTESIAN_POINT ( 'NONE',  ( 403.4191185303760108, 649.2108796227577159, 312.2976979552246348 ) ) ;
#136 = ORIENTED_EDGE ( 'NONE', *, *, #10882, .F. ) ;
#137 = VERTEX_POINT ( 'NONE', #10536 ) ;
#138 = EDGE_CURVE ( 'NONE', #2676, #2291, #5720, .T. ) ;
#139 = DIRECTION ( 'NONE',  ( 0.000000000000000000, 0.000000000000000000, -1.000000000000000000 ) ) ;
#140 = AXIS2_PLACEMENT_3D ( 'NONE', #1659, #5698, #9760 ) ;
#141 = CARTESIAN_POINT ( 'NONE',  ( 0.000000000000000000, 0.000000000000000000, -24.77500000000004832 ) ) ;
#142 = CARTESIAN_POINT ( 'NONE',  ( 6.599999999999996092, -0.8898448916085081040, 304.8000000000000114 ) ) ;
#143 = CARTESIAN_POINT ( 'NONE',  ( 5.249999999999997335, -7.924621202458751235, 304.8000000000000114 ) ) ;
#144 = ADVANCED_FACE ( 'NONE', ( #9538 ), #4492, .F. ) ;
#145 = FACE_OUTER_BOUND ( 'NONE', #10611, .T. ) ;
#146 = CARTESIAN_POINT ( 'NONE',  ( -7.924621202458747682, 5.249999999999995559, 304.8000000000000114 ) ) ;
#147 = LINE ( 'NONE', #4247, #11206 ) ;
#148 = ORIENTED_EDGE ( 'NONE', *, *, #920, .T. ) ;
#149 = CARTESIAN_POINT ( 'NONE',  ( 3.000000000000000888, 7.924621202458751235, 304.8000000000000114 ) ) ;
#150 = ORIENTED_EDGE ( 'NONE', *, *, #12156, .T. ) ;
#151 = CIRCLE ( 'NONE', #11132, 2.999999999999999556 ) ;
#152 =( GEOMETRIC_REPRESENTATION_CONTEXT ( 3 ) GLOBAL_UNCERTAINTY_ASSIGNED_CONTEXT ( ( #6031 ) ) GLOBAL_UNIT_ASSIGNED_CONTEXT ( ( #12181, #12044, #1143 ) ) REPRESENTATION_CONTEXT ( 'NONE', 'WORKASPACE' ) );
#153 = VERTEX_POINT ( 'NONE', #12625 ) ;
#154 = EDGE_CURVE ( 'NONE', #9408, #6844, #11701, .T. ) ;
#155 = DIRECTION ( 'NONE',  ( -1.000000000000000000, 0.000000000000000000, 0.000000000000000000 ) ) ;
#156 = DIRECTION ( 'NONE',  ( -0.000000000000000000, -0.000000000000000000, -1.000000000000000000 ) ) ;
#157 = CARTESIAN_POINT ( 'NONE',  ( -10.00000000000000000, -3.000000000000001332, 304.8000000000000114 ) ) ;
#158 = EDGE_CURVE ( 'NONE', #7838, #172, #7421, .T. ) ;
#159 = DIRECTION ( 'NONE',  ( -0.000000000000000000, -0.000000000000000000, -1.000000000000000000 ) ) ;
#160 = VECTOR ( 'NONE', #8788, 1000.000000000000000 ) ;
#161 = COLOUR_RGB ( '',0.7921568627450980005, 0.8196078431372548767, 0.9333333333333333481 ) ;
#162 = EDGE_CURVE ( 'NONE', #11678, #11806, #9119, .T. ) ;
#163 = CARTESIAN_POINT ( 'NONE',  ( -9.500000000000000000, -3.000000000000001332, 304.8000000000000114 ) ) ;
#164 = DIRECTION ( 'NONE',  ( 0.000000000000000000, 1.000000000000000000, 0.000000000000000000 ) ) ;
#165 = ORIENTED_EDGE ( 'NONE', *, *, #1600, .T. ) ;
#166 = CARTESIAN_POINT ( 'NONE',  ( 8.424621202458750346, -3.000000000000001332, 198.8000000000000398 ) ) ;
#167 = ORIENTED_EDGE ( 'NONE', *, *, #11355, .T. ) ;
#168 = CARTESIAN_POINT ( 'NONE',  ( -2.150000000000025224, 1.257674520083185143E-14, 304.8000000000000114 ) ) ;
#169 = ORIENTED_EDGE ( 'NONE', *, *, #10033, .T. ) ;
#170 = VERTEX_POINT ( 'NONE', #9925 ) ;
#171 = DIRECTION ( 'NONE',  ( -0.000000000000000000, -0.000000000000000000, -1.000000000000000000 ) ) ;
#172 = VERTEX_POINT ( 'NONE', #12947 ) ;
#173 = ADVANCED_FACE ( 'NONE', ( #3881 ), #1897, .T. ) ;
#174 = VECTOR ( 'NONE', #3326, 1000.000000000000000 ) ;
#175 = ORIENTED_EDGE ( 'NONE', *, *, #1079, .F. ) ;
#176 = CARTESIAN_POINT ( 'NONE',  ( 5.249999999999997335, -7.424621202458749458, 304.8000000000000114 ) ) ;
#177 = FACE_OUTER_BOUND ( 'NONE', #12063, .T. ) ;
#178 = DIRECTION ( 'NONE',  ( -1.000000000000000000, 1.734723475976805517E-15, 0.000000000000000000 ) ) ;
#179 = ORIENTED_EDGE ( 'NONE', *, *, #1523, .F. ) ;
#180 = DIRECTION ( 'NONE',  ( 0.000000000000000000, -0.000000000000000000, -1.000000000000000000 ) ) ;
#181 = CARTESIAN_POINT ( 'NONE',  ( 0.000000000000000000, -3.600000000000000089, -20.77500000000004476 ) ) ;
#182 = VECTOR ( 'NONE', #2105, 1000.000000000000000 ) ;
#183 = DIRECTION ( 'NONE',  ( -1.000000000000000000, 0.000000000000000000, 0.000000000000000000 ) ) ;
#184 = DIRECTION ( 'NONE',  ( -0.7071067811865476838, 0.7071067811865474617, 0.000000000000000000 ) ) ;
#185 = VERTEX_POINT ( 'NONE', #2685 ) ;
#186 = LINE ( 'NONE', #8337, #602 ) ;
#187 = CARTESIAN_POINT ( 'NONE',  ( 8.250000000000000000, 10.00000000000000178, 304.8000000000000114 ) ) ;
#188 = CYLINDRICAL_SURFACE ( 'NONE', #7431, 1.749999999999999778 ) ;
#189 = VECTOR ( 'NONE', #7535, 1000.000000000000000 ) ;
#190 = CARTESIAN_POINT ( 'NONE',  ( 0.000000000000000000, 3.600000000000000089, -104.7750000000000057 ) ) ;
#191 = ORIENTED_EDGE ( 'NONE', *, *, #1658, .F. ) ;
#192 = ORIENTED_EDGE ( 'NONE', *, *, #10479, .T. ) ;
#193 = DIRECTION ( 'NONE',  ( -1.000000000000000000, 1.541976423090498986E-15, 0.000000000000000000 ) ) ;
#194 = EDGE_CURVE ( 'NONE', #11722, #7909, #11760, .T. ) ;
#196 = ADVANCED_FACE ( 'NONE', ( #2814 ), #5674, .F. ) ;
#195 = DIRECTION ( 'NONE',  ( -1.000000000000000000, 0.000000000000000000, 0.000000000000000000 ) ) ;
#197 = ORIENTED_EDGE ( 'NONE', *, *, #5281, .F. ) ;
#198 = LINE ( 'NONE', #3423, #8183 ) ;
#199 = CIRCLE ( 'NONE', #2095, 0.5000000000000004441 ) ;
#200 = CARTESIAN_POINT ( 'NONE',  ( -2.499999999999999556, 8.424621202458752123, 94.79999999999999716 ) ) ;
#201 = DIRECTION ( 'NONE',  ( 1.000000000000000000, 0.000000000000000000, 0.000000000000000000 ) ) ;
#202 = VERTEX_POINT ( 'NONE', #6799 ) ;
#203 = ORIENTED_EDGE ( 'NONE', *, *, #5648, .T. ) ;
#204 = DIRECTION ( 'NONE',  ( -8.065639195895846808E-16, -1.000000000000000000, 0.000000000000000000 ) ) ;
#205 = VECTOR ( 'NONE', #607, 1000.000000000000000 ) ;
#206 = DIRECTION ( 'NONE',  ( -0.000000000000000000, 0.000000000000000000, -1.000000000000000000 ) ) ;
#207 = CARTESIAN_POINT ( 'NONE',  ( 7.924621202458749458, 3.000000000000001332, 304.8000000000000114 ) ) ;
#208 = DIRECTION ( 'NONE',  ( -1.000000000000000000, 0.000000000000000000, 0.000000000000000000 ) ) ;
#209 = CARTESIAN_POINT ( 'NONE',  ( -7.424621202458747682, -5.249999999999995559, 304.8000000000000114 ) ) ;
#210 = DIRECTION ( 'NONE',  ( -0.000000000000000000, -0.000000000000000000, -1.000000000000000000 ) ) ;
#211 = CARTESIAN_POINT ( 'NONE',  ( -5.249999999999997335, -7.924621202458751235, -104.7750000000000057 ) ) ;
#212 = FACE_OUTER_BOUND ( 'NONE', #107, .T. ) ;
#213 = ORIENTED_EDGE ( 'NONE', *, *, #2973, .T. ) ;
#214 = VERTEX_POINT ( 'NONE', #8858 ) ;
#215 = CARTESIAN_POINT ( 'NONE',  ( 6.599999999999996092, 0.8898448916085081040, 304.8000000000000114 ) ) ;
#216 = EDGE_CURVE ( 'NONE', #11727, #4872, #6731, .T. ) ;
#217 = DIRECTION ( 'NONE',  ( -0.000000000000000000, -0.000000000000000000, -1.000000000000000000 ) ) ;
#218 = DIRECTION ( 'NONE',  ( -1.000000000000000000, 0.000000000000000000, 0.000000000000000000 ) ) ;
#219 = CARTESIAN_POINT ( 'NONE',  ( 9.500000000000000000, 3.000000000000001332, 304.8000000000000114 ) ) ;
#220 = STYLED_ITEM ( 'NONE', ( #322 ), #12110 ) ;
#221 = VECTOR ( 'NONE', #4592, 1000.000000000000000 ) ;
#222 = EDGE_CURVE ( 'NONE', #5569, #6670, #3806, .T. ) ;
#223 = DIRECTION ( 'NONE',  ( -0.000000000000000000, -0.000000000000000000, -1.000000000000000000 ) ) ;
#224 = DIRECTION ( 'NONE',  ( 0.7071067811865474617, 0.7071067811865476838, 0.000000000000000000 ) ) ;
#225 = EDGE_LOOP ( 'NONE', ( #2010, #8385, #1145, #3359 ) ) ;
#226 = CARTESIAN_POINT ( 'NONE',  ( 8.250000000000000000, 8.250000000000000000, 304.8000000000000114 ) ) ;
#227 = ORIENTED_EDGE ( 'NONE', *, *, #3933, .T. ) ;
#228 = DIRECTION ( 'NONE',  ( 0.000000000000000000, 0.000000000000000000, 1.000000000000000000 ) ) ;
#229 = ORIENTED_EDGE ( 'NONE', *, *, #472, .T. ) ;
#230 = ORIENTED_EDGE ( 'NONE', *, *, #256, .T. ) ;
#231 = ADVANCED_FACE ( 'NONE', ( #3686 ), #9732, .T. ) ;
#232 = CARTESIAN_POINT ( 'NONE',  ( -2.500000000000000000, -8.424621202458752123, 304.8000000000000114 ) ) ;
#233 = VERTEX_POINT ( 'NONE', #717 ) ;
#234 = CIRCLE ( 'NONE', #9756, 0.5000000000000004441 ) ;
#235 = VECTOR ( 'NONE', #5705, 1000.000000000000000 ) ;
#236 = ORIENTED_EDGE ( 'NONE', *, *, #7444, .T. ) ;
#237 = CLOSED_SHELL ( 'NONE', ( #1486, #9048, #430, #11240, #4587, #239, #4240, #3854, #12424, #9832, #8150, #8664, #4473, #7176, #123, #7193, #5516, #799, #10239, #5642, #4771, #2410, #2756, #9659, #4025, #5559, #1588, #8919, #10531, #4933, #4585, #10883, #2828, #1483, #9242, #1667, #6467, #6924, #1165, #3291, #4531, #9564, #7091, #9264, #11008, #7013, #2786, #8525, #8841, #4070, #5398, #9537, #8426, #1026, #11275, #1756, #2420, #6528, #1909, #417, #12216, #7058, #9357, #10026, #6763, #525, #5607, #11620, #12100, #7226, #4671, #11059, #1130, #12843, #5721, #7502 ) ) ;
#238 = CARTESIAN_POINT ( 'NONE',  ( -0.8898448916085185401, 6.599999999999999645, 94.79999999999999716 ) ) ;
#239 = ADVANCED_FACE ( 'NONE', ( #3747 ), #4749, .T. ) ;
#240 = CARTESIAN_POINT ( 'NONE',  ( -7.924621202458747682, 5.249999999999995559, 304.8000000000000114 ) ) ;
#241 = CARTESIAN_POINT ( 'NONE',  ( 3.011165235168160592, -4.478679656440357704, 304.8000000000000114 ) ) ;
#242 = LINE ( 'NONE', #2349, #4739 ) ;
#243 = DIRECTION ( 'NONE',  ( 0.000000000000000000, -0.000000000000000000, -1.000000000000000000 ) ) ;
#244 = EDGE_CURVE ( 'NONE', #528, #8355, #4248, .T. ) ;
#245 = AXIS2_PLACEMENT_3D ( 'NONE', #9060, #4014, #12162 ) ;
#246 = CIRCLE ( 'NONE', #6997, 1.749999999999999778 ) ;
#247 = PRODUCT_DEFINITION_SHAPE ( 'NONE', 'NONE',  #13082 ) ;
#248 = LINE ( 'NONE', #10512, #9539 ) ;
#249 = ORIENTED_EDGE ( 'NONE', *, *, #8244, .F. ) ;
#250 = DIRECTION ( 'NONE',  ( 8.065639195895846808E-16, 1.000000000000000000, 0.000000000000000000 ) ) ;
#251 = VERTEX_POINT ( 'NONE', #5811 ) ;
#252 = VERTEX_POINT ( 'NONE', #10911 ) ;
#253 = CYLINDRICAL_SURFACE ( 'NONE', #6116, 2.999999999999999112 ) ;
#254 = ORIENTED_EDGE ( 'NONE', *, *, #3546, .F. ) ;
#255 = DIRECTION ( 'NONE',  ( 3.304235192336776005E-16, -1.000000000000000000, 0.000000000000000000 ) ) ;
#256 = EDGE_CURVE ( 'NONE', #3643, #251, #9479, .T. ) ;
#257 = VECTOR ( 'NONE', #6808, 1000.000000000000000 ) ;
#258 = FACE_OUTER_BOUND ( 'NONE', #10315, .T. ) ;
#259 = ORIENTED_EDGE ( 'NONE', *, *, #3822, .T. ) ;
#260 = AXIS2_PLACEMENT_3D ( 'NONE', #176, #2219, #4204 ) ;
#261 = EDGE_LOOP ( 'NONE', ( #5693, #4015, #11317, #2128 ) ) ;
#262 = EDGE_CURVE ( 'NONE', #7861, #2735, #1831, .T. ) ;
#263 = FACE_OUTER_BOUND ( 'NONE', #834, .T. ) ;
#264 = AXIS2_PLACEMENT_3D ( 'NONE', #2051, #6101, #10147 ) ;
#265 = ORIENTED_EDGE ( 'NONE', *, *, #275, .F. ) ;
#266 = DIRECTION ( 'NONE',  ( -1.000000000000000000, 3.304235192336776498E-16, 0.000000000000000000 ) ) ;
#267 = CIRCLE ( 'NONE', #4477, 0.5000000000000008882 ) ;
#268 = CARTESIAN_POINT ( 'NONE',  ( 5.249999999999997335, -7.924621202458751235, 304.8000000000000114 ) ) ;
#269 = CARTESIAN_POINT ( 'NONE',  ( 53.84411853037601503, 649.2108796227576022, 6.722697955224621325 ) ) ;
#270 = ORIENTED_EDGE ( 'NONE', *, *, #12022, .T. ) ;
#271 = ORIENTED_EDGE ( 'NONE', *, *, #4448, .T. ) ;
#272 = VECTOR ( 'NONE', #2698, 1000.000000000000000 ) ;
#273 = EDGE_CURVE ( 'NONE', #8050, #5214, #4876, .T. ) ;
#274 = EDGE_CURVE ( 'NONE', #9798, #4789, #13010, .T. ) ;
#275 = EDGE_CURVE ( 'NONE', #12180, #7170, #10721, .T. ) ;
#276 = CIRCLE ( 'NONE', #3430, 0.5000000000000008882 ) ;
#277 = LINE ( 'NONE', #2186, #1530 ) ;
#278 = CIRCLE ( 'NONE', #3635, 0.4999999999999995559 ) ;
#279 = LINE ( 'NONE', #12436, #2193 ) ;
#280 = CARTESIAN_POINT ( 'NONE',  ( 3.000000000000000888, 10.00000000000000000, 94.79999999999999716 ) ) ;
#281 = CIRCLE ( 'NONE', #3435, 0.5000000000000013323 ) ;
#282 = DIRECTION ( 'NONE',  ( -1.000000000000000000, 4.873668131198272923E-16, 0.000000000000000000 ) ) ;
#283 = CARTESIAN_POINT ( 'NONE',  ( 3.000000000000000888, -10.00000000000000000, 94.79999999999999716 ) ) ;
#284 = VERTEX_POINT ( 'NONE', #12578 ) ;
#285 = DIRECTION ( 'NONE',  ( 0.000000000000000000, -0.000000000000000000, -1.000000000000000000 ) ) ;
#286 = CARTESIAN_POINT ( 'NONE',  ( -1.257674520083185143E-14, 1.257674520083185143E-14, 304.8000000000000114 ) ) ;
#287 = VECTOR ( 'NONE', #10542, 1000.000000000000000 ) ;
#288 = CARTESIAN_POINT ( 'NONE',  ( -3.000000000000000888, 9.500000000000000000, 304.8000000000000114 ) ) ;
#289 = AXIS2_PLACEMENT_3D ( 'NONE', #7512, #6518, #3654 ) ;
#290 = ORIENTED_EDGE ( 'NONE', *, *, #12826, .T. ) ;
#291 = ORIENTED_EDGE ( 'NONE', *, *, #8281, .F. ) ;
#292 = EDGE_CURVE ( 'NONE', #9006, #11505, #8732, .T. ) ;
#293 = EDGE_CURVE ( 'NONE', #1696, #1758, #1922, .T. ) ;
#294 = ORIENTED_EDGE ( 'NONE', *, *, #12027, .T. ) ;
#295 = DIRECTION ( 'NONE',  ( 0.000000000000000000, -0.000000000000000000, 1.000000000000000000 ) ) ;
#296 = DIRECTION ( 'NONE',  ( -1.000000000000000000, 1.734723475976805517E-15, 0.000000000000000000 ) ) ;
#297 = CARTESIAN_POINT ( 'NONE',  ( -3.599999999999997424, -0.8898448916085081040, 304.8000000000000114 ) ) ;
#298 = CIRCLE ( 'NONE', #3004, 2.999999999999999112 ) ;
#299 = DIRECTION ( 'NONE',  ( -1.000000000000000000, 0.000000000000000000, 0.000000000000000000 ) ) ;
#300 = VECTOR ( 'NONE', #5037, 1000.000000000000000 ) ;
#301 = CARTESIAN_POINT ( 'NONE',  ( 3.600000000000000089, 0.000000000000000000, 304.8000000000000114 ) ) ;
#302 = CARTESIAN_POINT ( 'NONE',  ( -9.999999999999998224, -8.250000000000000000, 94.79999999999999716 ) ) ;
#303 = ORIENTED_EDGE ( 'NONE', *, *, #1203, .T. ) ;
#304 = CARTESIAN_POINT ( 'NONE',  ( 5.249999999999997335, 7.424621202458749458, 94.79999999999999716 ) ) ;
#305 = ORIENTED_EDGE ( 'NONE', *, *, #680, .T. ) ;
#306 = DIRECTION ( 'NONE',  ( -0.7071067811865465735, -0.7071067811865483499, 0.000000000000000000 ) ) ;
#307 = ORIENTED_EDGE ( 'NONE', *, *, #8496, .F. ) ;
#308 = ORIENTED_EDGE ( 'NONE', *, *, #2580, .T. ) ;
#309 = VECTOR ( 'NONE', #2036, 1000.000000000000000 ) ;
#310 = VECTOR ( 'NONE', #9115, 1000.000000000000000 ) ;
#311 = VERTEX_POINT ( 'NONE', #12290 ) ;
#312 = CARTESIAN_POINT ( 'NONE',  ( 9.500000000000000000, 2.500000000000000444, 304.8000000000000114 ) ) ;
#313 = EDGE_CURVE ( 'NONE', #10047, #6653, #973, .T. ) ;
#314 = FACE_OUTER_BOUND ( 'NONE', #762, .T. ) ;
#315 = DIRECTION ( 'NONE',  ( 0.000000000000000000, -0.000000000000000000, -1.000000000000000000 ) ) ;
#316 = CARTESIAN_POINT ( 'NONE',  ( -0.8898448916085185401, -6.599999999999999645, 304.8000000000000114 ) ) ;
#317 = EDGE_CURVE ( 'NONE', #1586, #172, #1110, .T. ) ;
#318 = CIRCLE ( 'NONE', #10038, 2.150000000000012790 ) ;
#319 = CARTESIAN_POINT ( 'NONE',  ( -4.478679656440354151, 3.011165235168150822, 94.79999999999999716 ) ) ;
#320 = AXIS2_PLACEMENT_3D ( 'NONE', #615, #11610, #1549 ) ;
#321 = EDGE_CURVE ( 'NONE', #11108, #794, #5514, .T. ) ;
#322 = PRESENTATION_STYLE_ASSIGNMENT (( #5401 ) ) ;
#323 = ORIENTED_EDGE ( 'NONE', *, *, #7166, .F. ) ;
#324 = PLANE ( 'NONE',  #2880 ) ;
#325 = EDGE_LOOP ( 'NONE', ( #4298, #9136, #12163, #4521 ) ) ;
#326 = ORIENTED_EDGE ( 'NONE', *, *, #2239, .T. ) ;
#327 = LINE ( 'NONE', #2232, #7379 ) ;
#328 = ORIENTED_EDGE ( 'NONE', *, *, #8496, .T. ) ;
#329 = CARTESIAN_POINT ( 'NONE',  ( 0.8898448916085185401, 6.599999999999999645, 304.8000000000000114 ) ) ;
#330 = EDGE_CURVE ( 'NONE', #4744, #11013, #11860, .T. ) ;
#331 = CARTESIAN_POINT ( 'NONE',  ( -7.924621202458747682, -5.249999999999995559, 304.8000000000000114 ) ) ;
#332 = ORIENTED_EDGE ( 'NONE', *, *, #6299, .F. ) ;
#333 = ORIENTED_EDGE ( 'NONE', *, *, #10839, .T. ) ;
#334 = CARTESIAN_POINT ( 'NONE',  ( 8.250000000000000000, -8.250000000000000000, 94.79999999999999716 ) ) ;
#335 = LINE ( 'NONE', #4359, #9933 ) ;
#336 = EDGE_CURVE ( 'NONE', #4826, #8379, #6216, .T. ) ;
#337 = ORIENTED_EDGE ( 'NONE', *, *, #4351, .T. ) ;
#338 = DIRECTION ( 'NONE',  ( -1.000000000000000000, 0.000000000000000000, 0.000000000000000000 ) ) ;
#339 = DIRECTION ( 'NONE',  ( 4.873668131198272923E-16, -1.000000000000000000, 0.000000000000000000 ) ) ;
#340 = DIRECTION ( 'NONE',  ( 0.000000000000000000, 0.000000000000000000, 1.000000000000000000 ) ) ;
#341 = DIRECTION ( 'NONE',  ( -1.000000000000000000, 0.000000000000000000, 0.000000000000000000 ) ) ;
#342 = EDGE_CURVE ( 'NONE', #5054, #2210, #3014, .T. ) ;
#343 = CYLINDRICAL_SURFACE ( 'NONE', #12934, 0.5000000000000013323 ) ;
#344 = CARTESIAN_POINT ( 'NONE',  ( 7.924621202458749458, -3.000000000000001332, 304.8000000000000114 ) ) ;
#345 = LINE ( 'NONE', #3555, #287 ) ;
#346 = DIRECTION ( 'NONE',  ( -1.000000000000000000, 0.000000000000000000, 0.000000000000000000 ) ) ;
#347 = CARTESIAN_POINT ( 'NONE',  ( 10.00000000000000000, -3.000000000000001332, 304.8000000000000114 ) ) ;
#348 = DIRECTION ( 'NONE',  ( -0.000000000000000000, 0.000000000000000000, -1.000000000000000000 ) ) ;
#349 = LINE ( 'NONE', #9367, #10383 ) ;
#350 = CARTESIAN_POINT ( 'NONE',  ( -7.424621202458747682, 5.249999999999995559, -20.77500000000004476 ) ) ;
#351 = ORIENTED_EDGE ( 'NONE', *, *, #9149, .F. ) ;
#352 = ORIENTED_EDGE ( 'NONE', *, *, #2068, .T. ) ;
#353 = VECTOR ( 'NONE', #7221, 1000.000000000000000 ) ;
#354 = ORIENTED_EDGE ( 'NONE', *, *, #12747, .F. ) ;
#355 = DIRECTION ( 'NONE',  ( 1.541976423090498986E-15, -1.000000000000000000, 0.000000000000000000 ) ) ;
#356 = LINE ( 'NONE', #1406, #12720 ) ;
#357 = LINE ( 'NONE', #11398, #8548 ) ;
#358 = PRODUCT_DEFINITION_SHAPE ( 'NONE', 'NONE',  #8268 ) ;
#359 = CARTESIAN_POINT ( 'NONE',  ( -7.424621202458747682, -5.249999999999995559, 304.8000000000000114 ) ) ;
#361 = EDGE_CURVE ( 'NONE', #6260, #7495, #3220, .T. ) ;
#360 = SURFACE_STYLE_USAGE ( .BOTH. , #6385 ) ;
#363 = VECTOR ( 'NONE', #10407, 1000.000000000000000 ) ;
#362 = DIRECTION ( 'NONE',  ( -0.000000000000000000, -0.000000000000000000, -1.000000000000000000 ) ) ;
#364 = EDGE_CURVE ( 'NONE', #12533, #11154, #4880, .T. ) ;
#365 = ORIENTED_EDGE ( 'NONE', *, *, #7415, .T. ) ;
#366 = CARTESIAN_POINT ( 'NONE',  ( 0.8898448916085185401, -6.599999999999999645, -24.77500000000004832 ) ) ;
#367 = ORIENTED_EDGE ( 'NONE', *, *, #6351, .F. ) ;
#368 = EDGE_LOOP ( 'NONE', ( #12135, #8367, #1193, #5074 ) ) ;
#369 = DIRECTION ( 'NONE',  ( -0.000000000000000000, 0.000000000000000000, -1.000000000000000000 ) ) ;
#370 = LINE ( 'NONE', #3395, #10812 ) ;
#371 = VECTOR ( 'NONE', #8395, 1000.000000000000000 ) ;
#372 = CARTESIAN_POINT ( 'NONE',  ( 3.000000000000000888, 8.424621202458752123, 304.8000000000000114 ) ) ;
#373 = VECTOR ( 'NONE', #10294, 1000.000000000000000 ) ;
#374 = PLANE ( 'NONE',  #3677 ) ;
#375 = DIRECTION ( 'NONE',  ( -0.000000000000000000, -0.000000000000000000, -1.000000000000000000 ) ) ;
#376 = ORIENTED_EDGE ( 'NONE', *, *, #750, .F. ) ;
#377 = CARTESIAN_POINT ( 'NONE',  ( 8.250000000000000000, -8.250000000000000000, -20.77500000000004476 ) ) ;
#378 = VECTOR ( 'NONE', #12136, 1000.000000000000000 ) ;
#379 = EDGE_LOOP ( 'NONE', ( #3215, #4394, #8549, #3353 ) ) ;
#380 = VERTEX_POINT ( 'NONE', #6278 ) ;
#381 = CYLINDRICAL_SURFACE ( 'NONE', #3124, 0.5000000000000004441 ) ;
#382 = ORIENTED_EDGE ( 'NONE', *, *, #10990, .F. ) ;
#383 = CARTESIAN_POINT ( 'NONE',  ( 6.599999999999996092, -0.8898448916085081040, 304.8000000000000114 ) ) ;
#384 = PLANE ( 'NONE',  #6775 ) ;
#385 = EDGE_LOOP ( 'NONE', ( #1613, #871, #758, #9902 ) ) ;
#386 = ADVANCED_FACE ( 'NONE', ( #4012 ), #10197, .F. ) ;
#387 = ORIENTED_EDGE ( 'NONE', *, *, #6610, .T. ) ;
#388 = AXIS2_PLACEMENT_3D ( 'NONE', #12888, #8807, #11908 ) ;
#389 = DIRECTION ( 'NONE',  ( -0.000000000000000000, 0.000000000000000000, -1.000000000000000000 ) ) ;
#390 = CARTESIAN_POINT ( 'NONE',  ( -5.603553390593272177, -7.071067811865475505, 304.8000000000000114 ) ) ;
#391 = ORIENTED_EDGE ( 'NONE', *, *, #4962, .F. ) ;
#393 = EDGE_CURVE ( 'NONE', #5591, #5433, #9204, .T. ) ;
#392 = PLANE ( 'NONE',  #2262 ) ;
#394 = EDGE_LOOP ( 'NONE', ( #2280, #11309, #8049, #6933 ) ) ;
#395 = DIRECTION ( 'NONE',  ( -0.000000000000000000, -0.000000000000000000, -1.000000000000000000 ) ) ;
#396 = DIRECTION ( 'NONE',  ( -3.304235192336776498E-16, -1.000000000000000000, 0.000000000000000000 ) ) ;
#397 = VECTOR ( 'NONE', #3144, 1000.000000000000000 ) ;
#398 = EDGE_CURVE ( 'NONE', #9694, #5608, #2164, .T. ) ;
#399 = LINE ( 'NONE', #12501, #3593 ) ;
#400 = ADVANCED_FACE ( 'NONE', ( #55 ), #10271, .F. ) ;
#401 = ORIENTED_EDGE ( 'NONE', *, *, #10014, .T. ) ;
#402 = CARTESIAN_POINT ( 'NONE',  ( 0.8898448916085185401, 3.600000000000000533, -20.77500000000004476 ) ) ;
#403 = CARTESIAN_POINT ( 'NONE',  ( -7.071067811865473729, 5.603553390593270400, 94.79999999999999716 ) ) ;
#404 = DIRECTION ( 'NONE',  ( 1.000000000000000000, -0.000000000000000000, -0.000000000000000000 ) ) ;
#405 = VECTOR ( 'NONE', #2679, 1000.000000000000000 ) ;
#406 = CIRCLE ( 'NONE', #10965, 2.999999999999999112 ) ;
#407 = LINE ( 'NONE', #6240, #5329 ) ;
#408 = CARTESIAN_POINT ( 'NONE',  ( 8.250000000000000000, 10.00000000000000178, 304.8000000000000114 ) ) ;
#410 = EDGE_CURVE ( 'NONE', #8050, #10826, #5948, .T. ) ;
#409 = DIRECTION ( 'NONE',  ( 1.000000000000000000, 0.000000000000000000, 0.000000000000000000 ) ) ;
#411 = CARTESIAN_POINT ( 'NONE',  ( 4.478679656440354151, -3.011165235168150378, 304.8000000000000114 ) ) ;
#412 = DIRECTION ( 'NONE',  ( 0.7071067811865474617, -0.7071067811865476838, 0.000000000000000000 ) ) ;
#413 = VERTEX_POINT ( 'NONE', #8129 ) ;
#414 = ORIENTED_EDGE ( 'NONE', *, *, #10369, .F. ) ;
#415 = AXIS2_PLACEMENT_3D ( 'NONE', #10702, #12733, #5722 ) ;
#416 = CARTESIAN_POINT ( 'NONE',  ( -7.924621202458747682, -5.249999999999995559, 304.8000000000000114 ) ) ;
#417 = ADVANCED_FACE ( 'NONE', ( #12160 ), #188, .T. ) ;
#418 = LINE ( 'NONE', #11334, #4056 ) ;
#419 = FACE_OUTER_BOUND ( 'NONE', #984, .T. ) ;
#420 = PLANE ( 'NONE',  #12317 ) ;
#421 =( LENGTH_UNIT ( ) NAMED_UNIT ( * ) SI_UNIT ( .MILLI., .METRE. ) );
#422 = CIRCLE ( 'NONE', #11401, 0.4999999999999995559 ) ;
#423 = DIRECTION ( 'NONE',  ( -1.000000000000000000, 1.734723475976805517E-15, 0.000000000000000000 ) ) ;
#424 = ORIENTED_EDGE ( 'NONE', *, *, #11520, .T. ) ;
#425 = CARTESIAN_POINT ( 'NONE',  ( -2.499999999999999556, 8.424621202458752123, -20.77500000000004476 ) ) ;
#426 = EDGE_LOOP ( 'NONE', ( #4407, #8839, #4323, #7507 ) ) ;
#427 = VERTEX_POINT ( 'NONE', #8054 ) ;
#428 = LINE ( 'NONE', #4527, #1315 ) ;
#429 = EDGE_CURVE ( 'NONE', #11691, #3552, #5275, .T. ) ;
#430 = ADVANCED_FACE ( 'NONE', ( #6018 ), #10062, .F. ) ;
#431 = CIRCLE ( 'NONE', #12871, 0.5000000000000004441 ) ;
#432 = CARTESIAN_POINT ( 'NONE',  ( 0.8898448916085185401, 3.600000000000000533, 198.8000000000000398 ) ) ;
#433 = DIRECTION ( 'NONE',  ( 1.000000000000000000, 0.000000000000000000, 0.000000000000000000 ) ) ;
#434 = EDGE_CURVE ( 'NONE', #11199, #8403, #7334, .T. ) ;
#435 = AXIS2_PLACEMENT_3D ( 'NONE', #5038, #3982, #8899 ) ;
#436 = FACE_OUTER_BOUND ( 'NONE', #5121, .T. ) ;
#437 = ORIENTED_EDGE ( 'NONE', *, *, #6171, .T. ) ;
#438 = CARTESIAN_POINT ( 'NONE',  ( -2.500000000000000444, 9.500000000000000000, 304.8000000000000114 ) ) ;
#439 = DIRECTION ( 'NONE',  ( -1.000000000000000000, 9.035018104045872913E-16, 0.000000000000000000 ) ) ;
#440 = ORIENTED_EDGE ( 'NONE', *, *, #12937, .T. ) ;
#441 = CYLINDRICAL_SURFACE ( 'NONE', #11776, 1.749999999999999778 ) ;
#442 = AXIS2_PLACEMENT_3D ( 'NONE', #8578, #6468, #12472 ) ;
#443 = VECTOR ( 'NONE', #12521, 1000.000000000000000 ) ;
#444 = ORIENTED_EDGE ( 'NONE', *, *, #7745, .T. ) ;
#445 = ORIENTED_EDGE ( 'NONE', *, *, #3659, .T. ) ;
#446 = FACE_BOUND ( 'NONE', #71, .T. ) ;
#447 = VERTEX_POINT ( 'NONE', #1496 ) ;
#448 = CARTESIAN_POINT ( 'NONE',  ( 8.424621202458750346, 2.500000000000000000, 198.8000000000000398 ) ) ;
#449 = LINE ( 'NONE', #4478, #1701 ) ;
#450 = ORIENTED_EDGE ( 'NONE', *, *, #8204, .T. ) ;
#451 = DIRECTION ( 'NONE',  ( 0.000000000000000000, 0.000000000000000000, 1.000000000000000000 ) ) ;
#452 = ORIENTED_EDGE ( 'NONE', *, *, #1560, .F. ) ;
#453 = VECTOR ( 'NONE', #8859, 1000.000000000000000 ) ;
#454 = AXIS2_PLACEMENT_3D ( 'NONE', #10461, #9409, #5533 ) ;
#455 = CARTESIAN_POINT ( 'NONE',  ( 3.011165235168160592, -4.478679656440356815, 198.8000000000000398 ) ) ;
#456 = FACE_OUTER_BOUND ( 'NONE', #11214, .T. ) ;
#457 = DIRECTION ( 'NONE',  ( 0.7071067811865474617, 0.7071067811865476838, 0.000000000000000000 ) ) ;
#458 = ORIENTED_EDGE ( 'NONE', *, *, #11228, .F. ) ;
#459 = CYLINDRICAL_SURFACE ( 'NONE', #4402, 0.5000000000000004441 ) ;
#460 = ITEM_DEFINED_TRANSFORMATION ( 'NONE', 'NONE', #7446,  #3417 ) ;
#461 = VECTOR ( 'NONE', #3067, 1000.000000000000000 ) ;
#462 = VECTOR ( 'NONE', #4682, 1000.000000000000000 ) ;
#463 = DIRECTION ( 'NONE',  ( -0.000000000000000000, 0.000000000000000000, -1.000000000000000000 ) ) ;
#464 = PRODUCT_DEFINITION_SHAPE ( 'NONE', 'NONE',  #11808 ) ;
#465 = VERTEX_POINT ( 'NONE', #448 ) ;
#466 = EDGE_CURVE ( 'NONE', #3910, #10255, #3184, .T. ) ;
#467 = VERTEX_POINT ( 'NONE', #4352 ) ;
#468 = FACE_OUTER_BOUND ( 'NONE', #7402, .T. ) ;
#469 = CARTESIAN_POINT ( 'NONE',  ( -9.500000000000000000, 3.000000000000001332, 304.8000000000000114 ) ) ;
#470 = VECTOR ( 'NONE', #2718, 1000.000000000000000 ) ;
#472 = EDGE_CURVE ( 'NONE', #7968, #10142, #7581, .T. ) ;
#471 = DIRECTION ( 'NONE',  ( 0.7071067811865474617, -0.7071067811865476838, 0.000000000000000000 ) ) ;
#473 = DIRECTION ( 'NONE',  ( -1.000000000000000000, 0.000000000000000000, 0.000000000000000000 ) ) ;
#474 = LINE ( 'NONE', #7359, #353 ) ;
#475 = DIRECTION ( 'NONE',  ( 0.000000000000000000, 0.000000000000000000, -1.000000000000000000 ) ) ;
#476 = EDGE_CURVE ( 'NONE', #10689, #6021, #11503, .T. ) ;
#477 = LINE ( 'NONE', #3500, #7644 ) ;
#478 = ORIENTED_EDGE ( 'NONE', *, *, #12356, .T. ) ;
#479 = ORIENTED_EDGE ( 'NONE', *, *, #11747, .F. ) ;
#480 = CIRCLE ( 'NONE', #11038, 0.5000000000000013323 ) ;
#481 = VECTOR ( 'NONE', #2311, 1000.000000000000000 ) ;
#482 = EDGE_CURVE ( 'NONE', #5836, #6894, #12698, .T. ) ;
#483 = DIRECTION ( 'NONE',  ( -3.304235192336776498E-16, 1.000000000000000000, 0.000000000000000000 ) ) ;
#484 = VECTOR ( 'NONE', #9615, 1000.000000000000000 ) ;
#485 = LINE ( 'NONE', #6562, #11902 ) ;
#486 = FACE_OUTER_BOUND ( 'NONE', #10748, .T. ) ;
#487 = AXIS2_PLACEMENT_3D ( 'NONE', #7083, #11190, #9291 ) ;
#488 = DIRECTION ( 'NONE',  ( 0.000000000000000000, -0.000000000000000000, -1.000000000000000000 ) ) ;
#489 = FACE_OUTER_BOUND ( 'NONE', #2524, .T. ) ;
#490 = EDGE_CURVE ( 'NONE', #11730, #8459, #12900, .T. ) ;
#491 = EDGE_LOOP ( 'NONE', ( #1400, #1051, #5746, #11166 ) ) ;
#492 = DIRECTION ( 'NONE',  ( 0.000000000000000000, -0.000000000000000000, -1.000000000000000000 ) ) ;
#493 = ORIENTED_EDGE ( 'NONE', *, *, #5232, .T. ) ;
#494 = EDGE_LOOP ( 'NONE', ( #4303, #7726, #6558, #8662 ) ) ;
#495 = CYLINDRICAL_SURFACE ( 'NONE', #11031, 0.5000000000000013323 ) ;
#496 = AXIS2_PLACEMENT_3D ( 'NONE', #8422, #2567, #5617 ) ;
#497 = PRODUCT_DEFINITION ( 'UNKNOWN', '', #60, #5759 ) ;
#498 = VECTOR ( 'NONE', #1724, 1000.000000000000000 ) ;
#499 = DIRECTION ( 'NONE',  ( 0.000000000000000000, 1.000000000000000000, 0.000000000000000000 ) ) ;
#500 = DIRECTION ( 'NONE',  ( -0.7071067811865474617, -0.7071067811865476838, 0.000000000000000000 ) ) ;
#501 = DIRECTION ( 'NONE',  ( -1.000000000000000000, 0.000000000000000000, 0.000000000000000000 ) ) ;
#502 = AXIS2_PLACEMENT_3D ( 'NONE', #6921, #3874, #7656 ) ;
#503 = ORIENTED_EDGE ( 'NONE', *, *, #8969, .T. ) ;
#504 = DIRECTION ( 'NONE',  ( -1.000000000000000000, 0.000000000000000000, 0.000000000000000000 ) ) ;
#506 = EDGE_CURVE ( 'NONE', #2405, #11182, #8401, .T. ) ;
#505 = VECTOR ( 'NONE', #7486, 1000.000000000000000 ) ;
#507 = ORIENTED_EDGE ( 'NONE', *, *, #11858, .T. ) ;
#508 = VERTEX_POINT ( 'NONE', #8532 ) ;
#509 = CARTESIAN_POINT ( 'NONE',  ( -7.924621202458749458, -3.000000000000001332, 304.8000000000000114 ) ) ;
#510 = ORIENTED_EDGE ( 'NONE', *, *, #5240, .T. ) ;
#511 = ORIENTED_EDGE ( 'NONE', *, *, #10677, .T. ) ;
#512 = CARTESIAN_POINT ( 'NONE',  ( -10.00000000000000000, 8.250000000000000000, 304.8000000000000114 ) ) ;
#513 = CARTESIAN_POINT ( 'NONE',  ( -7.071067811865473729, 5.603553390593270400, 304.8000000000000114 ) ) ;
#514 = VERTEX_POINT ( 'NONE', #12552 ) ;
#515 = CARTESIAN_POINT ( 'NONE',  ( -7.924621202458747682, 5.249999999999995559, -104.7750000000000057 ) ) ;
#516 = VECTOR ( 'NONE', #9015, 1000.000000000000000 ) ;
#517 = ORIENTED_EDGE ( 'NONE', *, *, #2170, .T. ) ;
#518 = AXIS2_PLACEMENT_3D ( 'NONE', #2413, #9770, #687 ) ;
#519 = LINE ( 'NONE', #12617, #1136 ) ;
#520 = DIRECTION ( 'NONE',  ( 0.000000000000000000, 0.000000000000000000, -1.000000000000000000 ) ) ;
#521 = EDGE_CURVE ( 'NONE', #11999, #5320, #11368, .T. ) ;
#522 = DIRECTION ( 'NONE',  ( -0.7071067811865476838, 0.7071067811865474617, 0.000000000000000000 ) ) ;
#523 = EDGE_CURVE ( 'NONE', #5410, #5862, #246, .T. ) ;
#524 = ORIENTED_EDGE ( 'NONE', *, *, #216, .F. ) ;
#525 = ADVANCED_FACE ( 'NONE', ( #6416 ), #3282, .F. ) ;
#526 = CARTESIAN_POINT ( 'NONE',  ( -5.249999999999997335, -7.424621202458749458, 304.8000000000000114 ) ) ;
#527 = LINE ( 'NONE', #3488, #4659 ) ;
#528 = VERTEX_POINT ( 'NONE', #2541 ) ;
#529 = DIRECTION ( 'NONE',  ( 1.000000000000000000, 0.000000000000000000, 0.000000000000000000 ) ) ;
#530 = CARTESIAN_POINT ( 'NONE',  ( 0.000000000000000000, 0.000000000000000000, 94.79999999999999716 ) ) ;
#531 = DIRECTION ( 'NONE',  ( 1.000000000000000000, 0.000000000000000000, 0.000000000000000000 ) ) ;
#532 = DIRECTION ( 'NONE',  ( 0.7071067811865474617, -0.7071067811865476838, 0.000000000000000000 ) ) ;
#533 = LINE ( 'NONE', #3498, #7340 ) ;
#534 = CARTESIAN_POINT ( 'NONE',  ( 9.500000000000000000, -3.000000000000001332, 94.79999999999999716 ) ) ;
#535 = DIRECTION ( 'NONE',  ( 1.000000000000000000, 8.065639195895846808E-16, -0.000000000000000000 ) ) ;
#536 = LINE ( 'NONE', #8673, #10629 ) ;
#537 = ORIENTED_EDGE ( 'NONE', *, *, #7136, .F. ) ;
#538 = ORIENTED_EDGE ( 'NONE', *, *, #5738, .F. ) ;
#539 = VERTEX_POINT ( 'NONE', #8339 ) ;
#540 = DIRECTION ( 'NONE',  ( -0.000000000000000000, -0.000000000000000000, -1.000000000000000000 ) ) ;
#541 = CARTESIAN_POINT ( 'NONE',  ( 2.500000000000000000, 8.424621202458752123, 304.8000000000000114 ) ) ;
#542 = EDGE_CURVE ( 'NONE', #2140, #3081, #3400, .T. ) ;
#543 = CARTESIAN_POINT ( 'NONE',  ( -3.000000000000000888, -7.924621202458751235, 304.8000000000000114 ) ) ;
#544 = DIRECTION ( 'NONE',  ( -1.000000000000000000, 0.000000000000000000, 0.000000000000000000 ) ) ;
#545 = CARTESIAN_POINT ( 'NONE',  ( 8.424621202458750346, -3.000000000000001332, 304.8000000000000114 ) ) ;
#546 = EDGE_LOOP ( 'NONE', ( #11762, #3568, #1225, #1031 ) ) ;
#547 = DIRECTION ( 'NONE',  ( -0.000000000000000000, -0.000000000000000000, -1.000000000000000000 ) ) ;
#548 = ADVANCED_FACE ( 'NONE', ( #6343 ), #6476, .F. ) ;
#549 = ORIENTED_EDGE ( 'NONE', *, *, #10839, .F. ) ;
#550 =( GEOMETRIC_REPRESENTATION_CONTEXT ( 3 ) GLOBAL_UNCERTAINTY_ASSIGNED_CONTEXT ( ( #11844 ) ) GLOBAL_UNIT_ASSIGNED_CONTEXT ( ( #421, #8307, #8440 ) ) REPRESENTATION_CONTEXT ( 'NONE', 'WORKASPACE' ) );
#551 = ORIENTED_EDGE ( 'NONE', *, *, #10445, .F. ) ;
#552 = EDGE_CURVE ( 'NONE', #2231, #11146, #10648, .T. ) ;
#553 = CARTESIAN_POINT ( 'NONE',  ( 2.500000000000000444, 9.500000000000000000, 304.8000000000000114 ) ) ;
#554 = DIRECTION ( 'NONE',  ( -0.000000000000000000, 0.000000000000000000, 1.000000000000000000 ) ) ;
#555 = CYLINDRICAL_SURFACE ( 'NONE', #5989, 0.5000000000000004441 ) ;
#556 = EDGE_CURVE ( 'NONE', #1813, #2845, #4038, .T. ) ;
#557 = LINE ( 'NONE', #11736, #221 ) ;
#558 = CIRCLE ( 'NONE', #972, 2.999999999999999112 ) ;
#559 = PRODUCT_DEFINITION_SHAPE ( 'NONE', 'NONE',  #13078 ) ;
#560 = LINE ( 'NONE', #9775, #11421 ) ;
#561 = ORIENTED_EDGE ( 'NONE', *, *, #1624, .F. ) ;
#562 = DIRECTION ( 'NONE',  ( 0.000000000000000000, -0.000000000000000000, -1.000000000000000000 ) ) ;
#563 = EDGE_CURVE ( 'NONE', #5555, #4544, #1310, .T. ) ;
#564 = ORIENTED_EDGE ( 'NONE', *, *, #10982, .T. ) ;
#565 = EDGE_LOOP ( 'NONE', ( #1175, #3864, #6317, #10008 ) ) ;
#566 = DIRECTION ( 'NONE',  ( 0.000000000000000000, 0.000000000000000000, 1.000000000000000000 ) ) ;
#567 = VERTEX_POINT ( 'NONE', #4410 ) ;
#568 = ORIENTED_EDGE ( 'NONE', *, *, #12438, .T. ) ;
#569 = CIRCLE ( 'NONE', #2871, 0.5000000000000004441 ) ;
#570 = DIRECTION ( 'NONE',  ( -8.065639195895846808E-16, 1.000000000000000000, 0.000000000000000000 ) ) ;
#571 = FACE_OUTER_BOUND ( 'NONE', #7519, .T. ) ;
#572 = VERTEX_POINT ( 'NONE', #8464 ) ;
#573 = LINE ( 'NONE', #515, #7439 ) ;
#574 = ORIENTED_EDGE ( 'NONE', *, *, #9803, .T. ) ;
#575 = CARTESIAN_POINT ( 'NONE',  ( -3.011165235168160592, 4.478679656440356815, 304.8000000000000114 ) ) ;
#576 = VECTOR ( 'NONE', #2494, 1000.000000000000000 ) ;
#577 = CARTESIAN_POINT ( 'NONE',  ( -0.8898448916085185401, 3.600000000000000533, 304.8000000000000114 ) ) ;
#578 = CIRCLE ( 'NONE', #1214, 0.5000000000000004441 ) ;
#579 = DIRECTION ( 'NONE',  ( 0.7071067811865465735, 0.7071067811865483499, 0.000000000000000000 ) ) ;
#580 = VECTOR ( 'NONE', #8138, 1000.000000000000000 ) ;
#581 = FACE_OUTER_BOUND ( 'NONE', #8031, .T. ) ;
#582 = SHAPE_DEFINITION_REPRESENTATION ( #358, #11367 ) ;
#583 = CARTESIAN_POINT ( 'NONE',  ( -3.000000000000000888, -7.924621202458751235, 304.8000000000000114 ) ) ;
#584 = VECTOR ( 'NONE', #4597, 1000.000000000000000 ) ;
#585 = VERTEX_POINT ( 'NONE', #4540 ) ;
#586 = ORIENTED_EDGE ( 'NONE', *, *, #3165, .F. ) ;
#587 = EDGE_CURVE ( 'NONE', #4632, #3995, #4670, .T. ) ;
#588 = EDGE_CURVE ( 'NONE', #6532, #13071, #658, .T. ) ;
#589 = DIRECTION ( 'NONE',  ( -3.304235192336776498E-16, -1.000000000000000000, 0.000000000000000000 ) ) ;
#590 = EDGE_CURVE ( 'NONE', #12293, #12464, #9766, .T. ) ;
#591 = DIRECTION ( 'NONE',  ( 0.000000000000000000, 0.000000000000000000, 1.000000000000000000 ) ) ;
#592 = DIRECTION ( 'NONE',  ( 0.000000000000000000, 0.000000000000000000, -1.000000000000000000 ) ) ;
#593 = DIRECTION ( 'NONE',  ( -8.065639195895844836E-16, 1.000000000000000000, 0.000000000000000000 ) ) ;
#594 = CYLINDRICAL_SURFACE ( 'NONE', #1616, 1.749999999999999778 ) ;
#596 = AXIS2_PLACEMENT_3D ( 'NONE', #5420, #3357, #4364 ) ;
#595 = PLANE ( 'NONE',  #4438 ) ;
#597 = DIRECTION ( 'NONE',  ( -0.000000000000000000, 0.000000000000000000, -1.000000000000000000 ) ) ;
#598 = DIRECTION ( 'NONE',  ( 1.000000000000000000, 0.000000000000000000, 0.000000000000000000 ) ) ;
#599 = EDGE_LOOP ( 'NONE', ( #11380, #6253, #648, #8383 ) ) ;
#600 = EDGE_LOOP ( 'NONE', ( #7662, #12607, #12996, #10704 ) ) ;
#601 = DIRECTION ( 'NONE',  ( 0.000000000000000000, 0.000000000000000000, -1.000000000000000000 ) ) ;
#602 = VECTOR ( 'NONE', #10269, 1000.000000000000000 ) ;
#603 = DIRECTION ( 'NONE',  ( -0.7071067811865474617, 0.7071067811865476838, 0.000000000000000000 ) ) ;
#604 = CARTESIAN_POINT ( 'NONE',  ( -2.499999999999999556, -8.424621202458752123, 304.8000000000000114 ) ) ;
#605 = ORIENTED_EDGE ( 'NONE', *, *, #12541, .F. ) ;
#606 = LINE ( 'NONE', #11728, #11568 ) ;
#607 = DIRECTION ( 'NONE',  ( -0.7071067811865474617, -0.7071067811865476838, 0.000000000000000000 ) ) ;
#608 = EDGE_LOOP ( 'NONE', ( #4469, #5472, #440, #1037 ) ) ;
#609 = DIRECTION ( 'NONE',  ( 0.000000000000000000, 0.000000000000000000, 1.000000000000000000 ) ) ;
#610 = VECTOR ( 'NONE', #2481, 1000.000000000000000 ) ;
#611 = EDGE_LOOP ( 'NONE', ( #9843, #3791, #1930, #10829 ) ) ;
#612 = CARTESIAN_POINT ( 'NONE',  ( -10.00000000000000000, 3.000000000000001332, 304.8000000000000114 ) ) ;
#613 = DIRECTION ( 'NONE',  ( -0.000000000000000000, -0.000000000000000000, -1.000000000000000000 ) ) ;
#614 = CARTESIAN_POINT ( 'NONE',  ( 5.603553390593272177, -7.071067811865475505, 304.8000000000000114 ) ) ;
#615 = CARTESIAN_POINT ( 'NONE',  ( 3.000000000000000888, 8.424621202458752123, 304.8000000000000114 ) ) ;
#616 = ADVANCED_FACE ( 'NONE', ( #5860 ), #11880, .T. ) ;
#617 = VECTOR ( 'NONE', #9160, 1000.000000000000000 ) ;
#618 = ADVANCED_FACE ( 'NONE', ( #5927 ), #12932, .T. ) ;
#619 = CARTESIAN_POINT ( 'NONE',  ( -2.499999999999999556, -8.424621202458752123, 304.8000000000000114 ) ) ;
#620 = ORIENTED_EDGE ( 'NONE', *, *, #22, .T. ) ;
#621 = CARTESIAN_POINT ( 'NONE',  ( 0.8898448916085185401, 6.599999999999999645, 304.8000000000000114 ) ) ;
#622 = ORIENTED_EDGE ( 'NONE', *, *, #4526, .F. ) ;
#623 = EDGE_LOOP ( 'NONE', ( #663, #12796, #114, #8987 ) ) ;
#624 = EDGE_CURVE ( 'NONE', #4418, #5449, #10705, .T. ) ;
#625 = DIRECTION ( 'NONE',  ( 0.000000000000000000, -0.000000000000000000, -1.000000000000000000 ) ) ;
#626 = ORIENTED_EDGE ( 'NONE', *, *, #5408, .T. ) ;
#627 = VERTEX_POINT ( 'NONE', #12862 ) ;
#628 = CIRCLE ( 'NONE', #5494, 0.5000000000000008882 ) ;
#629 = FACE_OUTER_BOUND ( 'NONE', #5613, .T. ) ;
#630 = DIRECTION ( 'NONE',  ( -0.000000000000000000, -0.000000000000000000, -1.000000000000000000 ) ) ;
#631 = ORIENTED_EDGE ( 'NONE', *, *, #12838, .T. ) ;
#632 = CARTESIAN_POINT ( 'NONE',  ( -9.500000000000000000, -3.000000000000001332, -20.77500000000004476 ) ) ;
#633 = ORIENTED_EDGE ( 'NONE', *, *, #9957, .F. ) ;
#634 = EDGE_CURVE ( 'NONE', #10122, #12908, #10832, .T. ) ;
#635 = DIRECTION ( 'NONE',  ( 1.000000000000000000, 0.000000000000000000, 0.000000000000000000 ) ) ;
#636 = AXIS2_PLACEMENT_3D ( 'NONE', #7933, #7005, #11052 ) ;
#637 = CARTESIAN_POINT ( 'NONE',  ( -4.478679656440354151, -3.011165235168150378, -20.77500000000004476 ) ) ;
#638 = VECTOR ( 'NONE', #7165, 1000.000000000000000 ) ;
#639 = DIRECTION ( 'NONE',  ( -0.000000000000000000, -0.000000000000000000, -1.000000000000000000 ) ) ;
#640 = VERTEX_POINT ( 'NONE', #7712 ) ;
#641 = EDGE_CURVE ( 'NONE', #3416, #6093, #8646, .T. ) ;
#642 = DIRECTION ( 'NONE',  ( -0.7071067811865465735, 0.7071067811865484609, 0.000000000000000000 ) ) ;
#643 = DIRECTION ( 'NONE',  ( 1.091797020627685427E-31, 3.304235192336776498E-16, -1.000000000000000000 ) ) ;
#644 = CARTESIAN_POINT ( 'NONE',  ( 7.924621202458747682, 5.249999999999995559, 94.79999999999999716 ) ) ;
#645 = CIRCLE ( 'NONE', #9117, 0.5000000000000008882 ) ;
#646 = VECTOR ( 'NONE', #3446, 1000.000000000000000 ) ;
#647 = FACE_OUTER_BOUND ( 'NONE', #4482, .T. ) ;
#648 = ORIENTED_EDGE ( 'NONE', *, *, #124, .F. ) ;
#649 = EDGE_LOOP ( 'NONE', ( #11600, #1596, #9845, #5497 ) ) ;
#650 = ADVANCED_FACE ( 'NONE', ( #629 ), #7912, .F. ) ;
#651 = ORIENTED_EDGE ( 'NONE', *, *, #5209, .T. ) ;
#652 = DIRECTION ( 'NONE',  ( 1.000000000000000000, 2.924200878718996689E-15, 0.000000000000000000 ) ) ;
#653 = LINE ( 'NONE', #10976, #1339 ) ;
#654 = CYLINDRICAL_SURFACE ( 'NONE', #11889, 1.749999999999999778 ) ;
#655 = DIRECTION ( 'NONE',  ( 0.000000000000000000, 0.000000000000000000, -1.000000000000000000 ) ) ;
#656 = CARTESIAN_POINT ( 'NONE',  ( -5.603553390593272177, 7.071067811865475505, 304.8000000000000114 ) ) ;
#657 = FACE_OUTER_BOUND ( 'NONE', #11345, .T. ) ;
#658 = CIRCLE ( 'NONE', #2352, 2.150000000000012790 ) ;
#659 = CARTESIAN_POINT ( 'NONE',  ( 0.8898448916085185401, -3.600000000000000533, 304.8000000000000114 ) ) ;
#660 = CARTESIAN_POINT ( 'NONE',  ( -9.500000000000000000, -2.500000000000000000, -20.77500000000004476 ) ) ;
#661 = ADVANCED_FACE ( 'NONE', ( #11943 ), #8715, .T. ) ;
#662 = ORIENTED_EDGE ( 'NONE', *, *, #753, .T. ) ;
#663 = ORIENTED_EDGE ( 'NONE', *, *, #4715, .F. ) ;
#664 = ORIENTED_EDGE ( 'NONE', *, *, #11066, .T. ) ;
#665 = CIRCLE ( 'NONE', #882, 0.5000000000000004441 ) ;
#666 = LINE ( 'NONE', #3637, #1953 ) ;
#667 = CIRCLE ( 'NONE', #1312, 2.999999999999999112 ) ;
#668 = DIRECTION ( 'NONE',  ( -1.000000000000000000, 0.000000000000000000, 0.000000000000000000 ) ) ;
#669 = AXIS2_PLACEMENT_3D ( 'NONE', #6835, #10814, #7760 ) ;
#670 = PRODUCT_DEFINITION_SHAPE ( 'NONE', 'NONE',  #13094 ) ;
#671 = LINE ( 'NONE', #3707, #8529 ) ;
#672 = CARTESIAN_POINT ( 'NONE',  ( 3.000000000000000888, -9.500000000000000000, 304.8000000000000114 ) ) ;
#673 = AXIS2_PLACEMENT_3D ( 'NONE', #3233, #6429, #1388 ) ;
#674 = ORIENTED_EDGE ( 'NONE', *, *, #1824, .F. ) ;
#675 = FACE_OUTER_BOUND ( 'NONE', #11537, .T. ) ;
#676 = DIRECTION ( 'NONE',  ( 1.000000000000000000, 0.000000000000000000, 0.000000000000000000 ) ) ;
#677 = ORIENTED_EDGE ( 'NONE', *, *, #398, .F. ) ;
#678 = AXIS2_PLACEMENT_3D ( 'NONE', #12037, #3835, #12973 ) ;
#679 = CARTESIAN_POINT ( 'NONE',  ( 8.250000000000000000, -10.00000000000000178, 304.8000000000000114 ) ) ;
#680 = EDGE_CURVE ( 'NONE', #7757, #9404, #12738, .T. ) ;
#682 = EDGE_CURVE ( 'NONE', #12489, #3281, #2860, .T. ) ;
#681 = VECTOR ( 'NONE', #10365, 1000.000000000000000 ) ;
#683 = ORIENTED_EDGE ( 'NONE', *, *, #2713, .T. ) ;
#684 = CARTESIAN_POINT ( 'NONE',  ( -5.603553390593272177, 7.071067811865475505, -24.77500000000004832 ) ) ;
#685 = CARTESIAN_POINT ( 'NONE',  ( 9.500000000000000000, -3.000000000000001332, 304.8000000000000114 ) ) ;
#686 = LINE ( 'NONE', #2908, #2589 ) ;
#687 = DIRECTION ( 'NONE',  ( 1.000000000000000000, 0.000000000000000000, 0.000000000000000000 ) ) ;
#688 = VECTOR ( 'NONE', #601, 1000.000000000000000 ) ;
#689 = FACE_OUTER_BOUND ( 'NONE', #9848, .T. ) ;
#690 = ORIENTED_EDGE ( 'NONE', *, *, #9512, .F. ) ;
#691 = LINE ( 'NONE', #8707, #5434 ) ;
#692 = ORIENTED_EDGE ( 'NONE', *, *, #5579, .T. ) ;
#693 = EDGE_LOOP ( 'NONE', ( #13036, #2058, #2476, #825 ) ) ;
#694 = LINE ( 'NONE', #6526, #7160 ) ;
#695 = AXIS2_PLACEMENT_3D ( 'NONE', #1778, #1839, #5819 ) ;
#696 = EDGE_LOOP ( 'NONE', ( #12995, #3289, #34, #11642 ) ) ;
#697 = ORIENTED_EDGE ( 'NONE', *, *, #8936, .F. ) ;
#698 = EDGE_CURVE ( 'NONE', #11092, #6776, #3598, .T. ) ;
#699 = CIRCLE ( 'NONE', #11894, 0.5000000000000004441 ) ;
#700 = APPLICATION_CONTEXT ( 'automotive_design' ) ;
#701 = FACE_OUTER_BOUND ( 'NONE', #4382, .T. ) ;
#702 = CARTESIAN_POINT ( 'NONE',  ( 2.500000000000000000, -8.424621202458752123, 304.8000000000000114 ) ) ;
#703 = ORIENTED_EDGE ( 'NONE', *, *, #7678, .F. ) ;
#704 = DIRECTION ( 'NONE',  ( 0.7071067811865465735, 0.7071067811865483499, 0.000000000000000000 ) ) ;
#705 = EDGE_CURVE ( 'NONE', #5449, #4853, #1618, .T. ) ;
#706 = EDGE_LOOP ( 'NONE', ( #4334, #10217, #3008, #7843 ) ) ;
#707 = EDGE_CURVE ( 'NONE', #7313, #11935, #10212, .T. ) ;
#708 = AXIS2_PLACEMENT_3D ( 'NONE', #8786, #9920, #6860 ) ;
#709 = FACE_OUTER_BOUND ( 'NONE', #911, .T. ) ;
#710 = AXIS2_PLACEMENT_3D ( 'NONE', #9498, #10555, #5503 ) ;
#711 = CARTESIAN_POINT ( 'NONE',  ( -1.257674520083185143E-14, 1.257674520083185143E-14, -20.77500000000004476 ) ) ;
#712 = PLANE ( 'NONE',  #8615 ) ;
#713 = ORIENTED_EDGE ( 'NONE', *, *, #7529, .F. ) ;
#714 = CARTESIAN_POINT ( 'NONE',  ( 0.8898448916085185401, 6.599999999999999645, -20.77500000000004476 ) ) ;
#715 = CONTEXT_DEPENDENT_SHAPE_REPRESENTATION ( #5965, #9669 ) ;
#716 = ADVANCED_FACE ( 'NONE', ( #701 ), #5797, .T. ) ;
#717 = CARTESIAN_POINT ( 'NONE',  ( -3.000000000000000888, -7.924621202458751235, -20.77500000000004476 ) ) ;
#718 = CIRCLE ( 'NONE', #11507, 2.999999999999999112 ) ;
#719 = AXIS2_PLACEMENT_3D ( 'NONE', #10080, #3100, #8214 ) ;
#720 = DIRECTION ( 'NONE',  ( 1.000000000000000000, 0.000000000000000000, 0.000000000000000000 ) ) ;
#721 = ORIENTED_EDGE ( 'NONE', *, *, #4441, .T. ) ;
#722 = ADVANCED_FACE ( 'NONE', ( #12798 ), #6853, .T. ) ;
#723 = ORIENTED_EDGE ( 'NONE', *, *, #7820, .T. ) ;
#724 = CARTESIAN_POINT ( 'NONE',  ( -10.00000000000000000, -3.000000000000001332, 304.8000000000000114 ) ) ;
#725 = EDGE_CURVE ( 'NONE', #11750, #11199, #6782, .T. ) ;
#726 = CARTESIAN_POINT ( 'NONE',  ( -10.00000000000000000, -8.250000000000000000, 304.8000000000000114 ) ) ;
#727 = CARTESIAN_POINT ( 'NONE',  ( 3.000000000000000888, -7.924621202458751235, 304.8000000000000114 ) ) ;
#728 = CARTESIAN_POINT ( 'NONE',  ( 8.250000000000000000, -10.00000000000000000, 198.8000000000000398 ) ) ;
#729 = AXIS2_PLACEMENT_3D ( 'NONE', #7085, #9156, #4110 ) ;
#731 = AXIS2_PLACEMENT_3D ( 'NONE', #6268, #12345, #1170 ) ;
#730 = CARTESIAN_POINT ( 'NONE',  ( 0.000000000000000000, 3.600000000000000089, 198.8000000000000398 ) ) ;
#732 = LINE ( 'NONE', #8671, #3372 ) ;
#733 = CARTESIAN_POINT ( 'NONE',  ( 3.000000000000000888, 7.924621202458751235, 304.8000000000000114 ) ) ;
#734 = CARTESIAN_POINT ( 'NONE',  ( -8.250000000000000000, 8.250000000000000000, 304.8000000000000114 ) ) ;
#735 = ADVANCED_FACE ( 'NONE', ( #1952 ), #3066, .F. ) ;
#736 = ORIENTED_EDGE ( 'NONE', *, *, #1241, .F. ) ;
#737 = ORIENTED_EDGE ( 'NONE', *, *, #4096, .F. ) ;
#738 = VERTEX_POINT ( 'NONE', #2080 ) ;
#739 = CARTESIAN_POINT ( 'NONE',  ( -10.00000000000000000, 8.250000000000000000, 94.79999999999999716 ) ) ;
#740 = CARTESIAN_POINT ( 'NONE',  ( -8.424621202458750346, 2.500000000000000000, -20.77500000000004476 ) ) ;
#741 = DIRECTION ( 'NONE',  ( -1.000000000000000000, 0.000000000000000000, 0.000000000000000000 ) ) ;
#742 = CARTESIAN_POINT ( 'NONE',  ( 8.250000000000000000, -10.00000000000000178, 304.8000000000000114 ) ) ;
#743 = DIRECTION ( 'NONE',  ( -1.000000000000000000, -3.304235192336776005E-16, 0.000000000000000000 ) ) ;
#744 = VERTEX_POINT ( 'NONE', #3926 ) ;
#745 = DIRECTION ( 'NONE',  ( 0.000000000000000000, -0.000000000000000000, -1.000000000000000000 ) ) ;
#746 = ORIENTED_EDGE ( 'NONE', *, *, #6536, .F. ) ;
#747 = CARTESIAN_POINT ( 'NONE',  ( 3.000000000000000888, 10.00000000000000000, 304.8000000000000114 ) ) ;
#748 = DIRECTION ( 'NONE',  ( 0.000000000000000000, -0.000000000000000000, -1.000000000000000000 ) ) ;
#749 = DIRECTION ( 'NONE',  ( 1.000000000000000000, -0.000000000000000000, -0.000000000000000000 ) ) ;
#750 = EDGE_CURVE ( 'NONE', #12013, #9248, #11659, .T. ) ;
#751 = DIRECTION ( 'NONE',  ( -0.000000000000000000, -0.000000000000000000, -1.000000000000000000 ) ) ;
#752 = EDGE_CURVE ( 'NONE', #10373, #1877, #10112, .T. ) ;
#753 = EDGE_CURVE ( 'NONE', #109, #7710, #4481, .T. ) ;
#754 = DIRECTION ( 'NONE',  ( -1.000000000000000000, 8.065639195895846808E-16, 0.000000000000000000 ) ) ;
#755 = ORIENTED_EDGE ( 'NONE', *, *, #6316, .F. ) ;
#756 = PLANE ( 'NONE',  #4178 ) ;
#757 = ORIENTED_EDGE ( 'NONE', *, *, #482, .F. ) ;
#758 = ORIENTED_EDGE ( 'NONE', *, *, #12833, .T. ) ;
#759 = PLANE ( 'NONE',  #8454 ) ;
#760 = ORIENTED_EDGE ( 'NONE', *, *, #12360, .F. ) ;
#761 = VERTEX_POINT ( 'NONE', #1163 ) ;
#762 = EDGE_LOOP ( 'NONE', ( #458, #7937, #5131, #450 ) ) ;
#763 = DIRECTION ( 'NONE',  ( 1.000000000000000000, 0.000000000000000000, 0.000000000000000000 ) ) ;
#764 = DIRECTION ( 'NONE',  ( 1.000000000000000000, 0.000000000000000000, 0.000000000000000000 ) ) ;
#765 = VERTEX_POINT ( 'NONE', #7113 ) ;
#766 = DIRECTION ( 'NONE',  ( 0.000000000000000000, -1.000000000000000000, 0.000000000000000000 ) ) ;
#767 = ORIENTED_EDGE ( 'NONE', *, *, #6481, .F. ) ;
#768 = DIRECTION ( 'NONE',  ( -0.000000000000000000, -0.000000000000000000, -1.000000000000000000 ) ) ;
#769 = CARTESIAN_POINT ( 'NONE',  ( 8.424621202458750346, -2.500000000000000000, 304.8000000000000114 ) ) ;
#770 = EDGE_LOOP ( 'NONE', ( #12170, #5719, #12414, #2609 ) ) ;
#771 = AXIS2_PLACEMENT_3D ( 'NONE', #8366, #5493, #4319 ) ;
#772 = DIRECTION ( 'NONE',  ( -0.000000000000000000, -0.000000000000000000, -1.000000000000000000 ) ) ;
#773 = CONTEXT_DEPENDENT_SHAPE_REPRESENTATION ( #5703, #8501 ) ;
#774 = EDGE_CURVE ( 'NONE', #4934, #7646, #6798, .T. ) ;
#775 = CARTESIAN_POINT ( 'NONE',  ( 8.250000000000000000, -8.250000000000000000, 304.8000000000000114 ) ) ;
#776 = DIRECTION ( 'NONE',  ( -1.000000000000000000, 0.000000000000000000, 0.000000000000000000 ) ) ;
#777 = VERTEX_POINT ( 'NONE', #3199 ) ;
#778 = VERTEX_POINT ( 'NONE', #2145 ) ;
#779 = AXIS2_PLACEMENT_3D ( 'NONE', #12011, #184, #1174 ) ;
#780 = DIRECTION ( 'NONE',  ( -1.000000000000000000, 0.000000000000000000, 0.000000000000000000 ) ) ;
#781 = VECTOR ( 'NONE', #13051, 1000.000000000000000 ) ;
#782 = LINE ( 'NONE', #8799, #74 ) ;
#783 = EDGE_CURVE ( 'NONE', #2310, #8753, #5051, .T. ) ;
#784 = CARTESIAN_POINT ( 'NONE',  ( 2.149999999999999911, 1.284004426264853453E-14, 304.8000000000000114 ) ) ;
#785 = CARTESIAN_POINT ( 'NONE',  ( -5.249999999999997335, 7.924621202458751235, 304.8000000000000114 ) ) ;
#786 = DIRECTION ( 'NONE',  ( 0.000000000000000000, -0.000000000000000000, -1.000000000000000000 ) ) ;
#787 = FACE_OUTER_BOUND ( 'NONE', #10894, .T. ) ;
#788 = EDGE_CURVE ( 'NONE', #12352, #6591, #4992, .T. ) ;
#789 = CARTESIAN_POINT ( 'NONE',  ( -7.924621202458747682, 5.249999999999995559, 304.8000000000000114 ) ) ;
#790 = SHAPE_REPRESENTATION_RELATIONSHIP ( 'NONE' , 'NONE' ,  #4593, #4545 ) ;
#791 = VERTEX_POINT ( 'NONE', #5191 ) ;
#792 = CIRCLE ( 'NONE', #9693, 0.4999999999999995559 ) ;
#793 = EDGE_CURVE ( 'NONE', #251, #9184, #9252, .T. ) ;
#794 = VERTEX_POINT ( 'NONE', #2923 ) ;
#795 = ORIENTED_EDGE ( 'NONE', *, *, #823, .T. ) ;
#796 = DIRECTION ( 'NONE',  ( -1.000000000000000000, 0.000000000000000000, 0.000000000000000000 ) ) ;
#797 = DIRECTION ( 'NONE',  ( -1.000000000000000000, -3.304235192336776005E-16, 0.000000000000000000 ) ) ;
#798 = CARTESIAN_POINT ( 'NONE',  ( -1.257674520083185143E-14, 1.257674520083185143E-14, 304.8000000000000114 ) ) ;
#799 = ADVANCED_FACE ( 'NONE', ( #7047 ), #8112, .F. ) ;
#800 = VECTOR ( 'NONE', #6679, 1000.000000000000000 ) ;
#801 = DIRECTION ( 'NONE',  ( -0.7071067811865484609, -0.7071067811865466846, 0.000000000000000000 ) ) ;
#802 = LINE ( 'NONE', #9080, #6019 ) ;
#803 = CYLINDRICAL_SURFACE ( 'NONE', #9870, 0.5000000000000004441 ) ;
#804 = CARTESIAN_POINT ( 'NONE',  ( -8.424621202458750346, -3.000000000000001332, 94.79999999999999716 ) ) ;
#805 = ORIENTED_EDGE ( 'NONE', *, *, #9677, .F. ) ;
#806 = LINE ( 'NONE', #1541, #8893 ) ;
#807 = ORIENTED_EDGE ( 'NONE', *, *, #8601, .T. ) ;
#808 = ADVANCED_FACE ( 'NONE', ( #6127 ), #12207, .F. ) ;
#809 = AXIS2_PLACEMENT_3D ( 'NONE', #4941, #1032, #5064 ) ;
#810 = LINE ( 'NONE', #747, #9343 ) ;
#811 = DIRECTION ( 'NONE',  ( 1.000000000000000000, 0.000000000000000000, 0.000000000000000000 ) ) ;
#812 = CARTESIAN_POINT ( 'NONE',  ( 0.8898448916085185401, 3.600000000000000533, 304.8000000000000114 ) ) ;
#813 = DIRECTION ( 'NONE',  ( 1.000000000000000000, 0.000000000000000000, 0.000000000000000000 ) ) ;
#814 = VECTOR ( 'NONE', #8584, 1000.000000000000000 ) ;
#815 = FACE_OUTER_BOUND ( 'NONE', #12660, .T. ) ;
#816 = ORIENTED_EDGE ( 'NONE', *, *, #6499, .T. ) ;
#817 = LINE ( 'NONE', #953, #2678 ) ;
#818 = ORIENTED_EDGE ( 'NONE', *, *, #2325, .T. ) ;
#819 = ORIENTED_EDGE ( 'NONE', *, *, #6619, .F. ) ;
#820 = DIRECTION ( 'NONE',  ( 1.541976423090498986E-15, -1.000000000000000000, 0.000000000000000000 ) ) ;
#821 = ORIENTED_EDGE ( 'NONE', *, *, #9774, .T. ) ;
#822 = ORIENTED_EDGE ( 'NONE', *, *, #7166, .T. ) ;
#823 = EDGE_CURVE ( 'NONE', #12093, #11556, #11025, .T. ) ;
#824 = EDGE_CURVE ( 'NONE', #11615, #7170, #1092, .T. ) ;
#825 = ORIENTED_EDGE ( 'NONE', *, *, #4378, .T. ) ;
#826 = EDGE_CURVE ( 'NONE', #7476, #2241, #9976, .T. ) ;
#827 = CARTESIAN_POINT ( 'NONE',  ( 7.071067811865473729, 5.603553390593270400, 304.8000000000000114 ) ) ;
#828 = AXIS2_PLACEMENT_3D ( 'NONE', #10167, #8168, #10372 ) ;
#829 = DIRECTION ( 'NONE',  ( -0.000000000000000000, -0.000000000000000000, -1.000000000000000000 ) ) ;
#830 = ORIENTED_EDGE ( 'NONE', *, *, #1591, .T. ) ;
#831 = FACE_OUTER_BOUND ( 'NONE', #5404, .T. ) ;
#832 = ORIENTED_EDGE ( 'NONE', *, *, #11746, .F. ) ;
#833 = CARTESIAN_POINT ( 'NONE',  ( -7.071067811865473729, 5.603553390593270400, -104.7750000000000057 ) ) ;
#834 = EDGE_LOOP ( 'NONE', ( #9927, #11627, #2423, #10048 ) ) ;
#835 = CARTESIAN_POINT ( 'NONE',  ( -3.000000000000000888, 10.00000000000000000, 304.8000000000000114 ) ) ;
#836 = VECTOR ( 'NONE', #9936, 1000.000000000000000 ) ;
#837 = VERTEX_POINT ( 'NONE', #5126 ) ;
#838 = CARTESIAN_POINT ( 'NONE',  ( -7.924621202458747682, -5.249999999999995559, 304.8000000000000114 ) ) ;
#839 = EDGE_CURVE ( 'NONE', #10571, #10689, #11095, .T. ) ;
#840 = DIRECTION ( 'NONE',  ( 0.000000000000000000, -0.000000000000000000, -1.000000000000000000 ) ) ;
#841 = CARTESIAN_POINT ( 'NONE',  ( 7.924621202458747682, 5.249999999999995559, 304.8000000000000114 ) ) ;
#842 = ORIENTED_EDGE ( 'NONE', *, *, #6294, .F. ) ;
#843 = AXIS2_PLACEMENT_3D ( 'NONE', #619, #754, #5651 ) ;
#844 = EDGE_LOOP ( 'NONE', ( #5259, #9833, #3479, #10809 ) ) ;
#845 = DIRECTION ( 'NONE',  ( -1.000000000000000000, 4.873668131198272923E-16, 0.000000000000000000 ) ) ;
#846 = VECTOR ( 'NONE', #6689, 1000.000000000000000 ) ;
#847 = CYLINDRICAL_SURFACE ( 'NONE', #8954, 0.5000000000000013323 ) ;
#848 = PLANE ( 'NONE',  #7467 ) ;
#849 = DIRECTION ( 'NONE',  ( -1.000000000000000000, 0.000000000000000000, -0.000000000000000000 ) ) ;
#850 = CYLINDRICAL_SURFACE ( 'NONE', #5923, 0.5000000000000004441 ) ;
#851 = FACE_OUTER_BOUND ( 'NONE', #9783, .T. ) ;
#852 =( NAMED_UNIT ( * ) PLANE_ANGLE_UNIT ( ) SI_UNIT ( $, .RADIAN. ) );
#853 = AXIS2_PLACEMENT_3D ( 'NONE', #12134, #3189, #11145 ) ;
#854 = CIRCLE ( 'NONE', #9757, 0.5000000000000013323 ) ;
#855 = EDGE_LOOP ( 'NONE', ( #11243, #8751, #9517, #2578 ) ) ;
#856 = AXIS2_PLACEMENT_3D ( 'NONE', #12812, #4943, #7925 ) ;
#857 = EDGE_LOOP ( 'NONE', ( #12717, #1445, #9170, #6433 ) ) ;
#858 = EDGE_CURVE ( 'NONE', #6093, #10047, #9364, .T. ) ;
#859 = DIRECTION ( 'NONE',  ( 0.000000000000000000, 0.000000000000000000, -1.000000000000000000 ) ) ;
#860 = CARTESIAN_POINT ( 'NONE',  ( 8.424621202458750346, -3.000000000000001332, -20.77500000000004476 ) ) ;
#861 = ADVANCED_FACE ( 'NONE', ( #7180 ), #8243, .F. ) ;
#862 = CARTESIAN_POINT ( 'NONE',  ( -0.8898448916085185401, 3.600000000000000533, 94.79999999999999716 ) ) ;
#864 = VECTOR ( 'NONE', #6145, 1000.000000000000000 ) ;
#863 = CARTESIAN_POINT ( 'NONE',  ( 7.424621202458747682, -5.249999999999995559, 304.8000000000000114 ) ) ;
#865 = EDGE_CURVE ( 'NONE', #3007, #8874, #3195, .T. ) ;
#866 = DIRECTION ( 'NONE',  ( 0.000000000000000000, 0.000000000000000000, 1.000000000000000000 ) ) ;
#867 = CYLINDRICAL_SURFACE ( 'NONE', #6052, 0.5000000000000008882 ) ;
#868 = CYLINDRICAL_SURFACE ( 'NONE', #8864, 0.5000000000000004441 ) ;
#869 = ORIENTED_EDGE ( 'NONE', *, *, #12448, .F. ) ;
#870 = DIRECTION ( 'NONE',  ( -0.7071067811865465735, -0.7071067811865483499, 0.000000000000000000 ) ) ;
#871 = ORIENTED_EDGE ( 'NONE', *, *, #8842, .F. ) ;
#872 = ADVANCED_FACE ( 'NONE', ( #12465 ), #495, .F. ) ;
#873 = AXIS2_PLACEMENT_3D ( 'NONE', #10181, #7114, #5053 ) ;
#874 = AXIS2_PLACEMENT_3D ( 'NONE', #1019, #11222, #2015 ) ;
#875 = DIRECTION ( 'NONE',  ( -0.000000000000000000, -0.000000000000000000, -1.000000000000000000 ) ) ;
#876 = ADVANCED_FACE ( 'NONE', ( #1360 ), #12594, .T. ) ;
#877 = CARTESIAN_POINT ( 'NONE',  ( -7.071067811865473729, -5.603553390593270400, 304.8000000000000114 ) ) ;
#878 = ORIENTED_EDGE ( 'NONE', *, *, #3972, .F. ) ;
#879 = CYLINDRICAL_SURFACE ( 'NONE', #4310, 1.749999999999999778 ) ;
#880 = DIRECTION ( 'NONE',  ( 0.000000000000000000, 0.000000000000000000, 1.000000000000000000 ) ) ;
#881 = EDGE_CURVE ( 'NONE', #10399, #4128, #2346, .T. ) ;
#882 = AXIS2_PLACEMENT_3D ( 'NONE', #9617, #11647, #7545 ) ;
#883 = VECTOR ( 'NONE', #9441, 1000.000000000000000 ) ;
#884 = CARTESIAN_POINT ( 'NONE',  ( -10.00000000000000000, -3.000000000000001332, -104.7750000000000057 ) ) ;
#885 = LINE ( 'NONE', #4059, #1291 ) ;
#886 = VERTEX_POINT ( 'NONE', #11411 ) ;
#887 = CARTESIAN_POINT ( 'NONE',  ( -7.071067811865473729, -5.603553390593270400, 304.8000000000000114 ) ) ;
#888 = ORIENTED_EDGE ( 'NONE', *, *, #6564, .F. ) ;
#889 = ORIENTED_EDGE ( 'NONE', *, *, #5847, .T. ) ;
#890 = DIRECTION ( 'NONE',  ( -8.065639195895846808E-16, -1.000000000000000000, 0.000000000000000000 ) ) ;
#891 = ORIENTED_EDGE ( 'NONE', *, *, #7186, .T. ) ;
#892 = EDGE_LOOP ( 'NONE', ( #7966, #9054, #3672, #10643 ) ) ;
#893 = CARTESIAN_POINT ( 'NONE',  ( 8.250000000000000000, 8.250000000000000000, 198.8000000000000398 ) ) ;
#894 = VECTOR ( 'NONE', #8359, 1000.000000000000000 ) ;
#895 = CARTESIAN_POINT ( 'NONE',  ( 3.000000000000000888, -10.00000000000000000, 304.8000000000000114 ) ) ;
#896 = CYLINDRICAL_SURFACE ( 'NONE', #5315, 0.5000000000000004441 ) ;
#897 = ORIENTED_EDGE ( 'NONE', *, *, #490, .T. ) ;
#898 = AXIS2_PLACEMENT_3D ( 'NONE', #12957, #6088, #919 ) ;
#899 = PLANE ( 'NONE',  #3027 ) ;
#900 = EDGE_CURVE ( 'NONE', #7438, #12926, #4276, .T. ) ;
#901 = EDGE_LOOP ( 'NONE', ( #13072, #11129, #8430, #12335 ) ) ;
#902 = DIRECTION ( 'NONE',  ( 0.000000000000000000, 0.000000000000000000, 1.000000000000000000 ) ) ;
#903 = AXIS2_PLACEMENT_3D ( 'NONE', #53, #3944, #5007 ) ;
#904 = EDGE_LOOP ( 'NONE', ( #4813, #3313, #10429, #5188 ) ) ;
#905 = VERTEX_POINT ( 'NONE', #11484 ) ;
#906 = CARTESIAN_POINT ( 'NONE',  ( -7.924621202458747682, -5.249999999999995559, 304.8000000000000114 ) ) ;
#907 = CONTEXT_DEPENDENT_SHAPE_REPRESENTATION ( #4849, #3298 ) ;
#908 = DIRECTION ( 'NONE',  ( -0.000000000000000000, 0.000000000000000000, -1.000000000000000000 ) ) ;
#909 = CARTESIAN_POINT ( 'NONE',  ( -3.000000000000000888, 7.924621202458751235, 304.8000000000000114 ) ) ;
#910 = CARTESIAN_POINT ( 'NONE',  ( -1.257674520083185143E-14, 1.257674520083185143E-14, 304.8000000000000114 ) ) ;
#911 = EDGE_LOOP ( 'NONE', ( #6125, #197, #6631, #6319 ) ) ;
#912 = AXIS2_PLACEMENT_3D ( 'NONE', #9278, #63, #9210 ) ;
#913 = ORIENTED_EDGE ( 'NONE', *, *, #6002, .F. ) ;
#914 = AXIS2_PLACEMENT_3D ( 'NONE', #11272, #9376, #11137 ) ;
#915 = ORIENTED_EDGE ( 'NONE', *, *, #7023, .F. ) ;
#916 = CARTESIAN_POINT ( 'NONE',  ( -10.00000000000000000, 8.250000000000000000, 304.8000000000000114 ) ) ;
#917 = EDGE_CURVE ( 'NONE', #8589, #7308, #428, .T. ) ;
#918 = EDGE_CURVE ( 'NONE', #1551, #6014, #1478, .T. ) ;
#920 = EDGE_CURVE ( 'NONE', #12006, #5071, #7006, .T. ) ;
#919 = DIRECTION ( 'NONE',  ( -1.000000000000000000, 0.000000000000000000, 0.000000000000000000 ) ) ;
#921 = CARTESIAN_POINT ( 'NONE',  ( 2.500000000000000444, -9.500000000000000000, -104.7750000000000057 ) ) ;
#922 = CARTESIAN_POINT ( 'NONE',  ( 0.000000000000000000, 3.600000000000000089, 94.79999999999999716 ) ) ;
#923 = CARTESIAN_POINT ( 'NONE',  ( 2.149999999999999911, 1.284004426264853453E-14, 94.79999999999999716 ) ) ;
#924 = AXIS2_PLACEMENT_3D ( 'NONE', #5215, #193, #6282 ) ;
#925 =( NAMED_UNIT ( * ) PLANE_ANGLE_UNIT ( ) SI_UNIT ( $, .RADIAN. ) );
#926 = AXIS2_PLACEMENT_3D ( 'NONE', #12630, #8360, #6617 ) ;
#927 = ORIENTED_EDGE ( 'NONE', *, *, #4416, .F. ) ;
#928 = ORIENTED_EDGE ( 'NONE', *, *, #6819, .T. ) ;
#929 = DIRECTION ( 'NONE',  ( -1.541976423090498986E-15, 1.000000000000000000, 0.000000000000000000 ) ) ;
#930 = FILL_AREA_STYLE_COLOUR ( '', #3866 ) ;
#931 = AXIS2_PLACEMENT_3D ( 'NONE', #10017, #993, #9827 ) ;
#932 = DIRECTION ( 'NONE',  ( -1.000000000000000000, -3.304235192336776498E-16, 0.000000000000000000 ) ) ;
#933 = CIRCLE ( 'NONE', #518, 1.749999999999999778 ) ;
#934 = FACE_OUTER_BOUND ( 'NONE', #1067, .T. ) ;
#935 = CARTESIAN_POINT ( 'NONE',  ( 2.500000000000000000, 8.424621202458752123, 304.8000000000000114 ) ) ;
#936 = LINE ( 'NONE', #5097, #3079 ) ;
#937 = LINE ( 'NONE', #3041, #617 ) ;
#938 = ORIENTED_EDGE ( 'NONE', *, *, #6437, .F. ) ;
#939 = DIRECTION ( 'NONE',  ( -1.541976423090499183E-15, 1.000000000000000000, -0.000000000000000000 ) ) ;
#940 = ORIENTED_EDGE ( 'NONE', *, *, #11162, .F. ) ;
#941 = CARTESIAN_POINT ( 'NONE',  ( -3.011165235168160592, -4.478679656440356815, 304.8000000000000114 ) ) ;
#942 = EDGE_CURVE ( 'NONE', #9194, #3327, #12342, .T. ) ;
#943 = CARTESIAN_POINT ( 'NONE',  ( 2.149999999999999911, 1.284004426264853453E-14, 304.8000000000000114 ) ) ;
#944 = ORIENTED_EDGE ( 'NONE', *, *, #12642, .F. ) ;
#945 = CARTESIAN_POINT ( 'NONE',  ( -2.500000000000000444, 9.500000000000000000, 304.8000000000000114 ) ) ;
#946 = FACE_OUTER_BOUND ( 'NONE', #9998, .T. ) ;
#947 = EDGE_CURVE ( 'NONE', #5106, #1161, #3415, .T. ) ;
#948 = FACE_OUTER_BOUND ( 'NONE', #2579, .T. ) ;
#949 = LINE ( 'NONE', #884, #9309 ) ;
#950 = ORIENTED_EDGE ( 'NONE', *, *, #2705, .F. ) ;
#951 = CARTESIAN_POINT ( 'NONE',  ( 3.599999999999997424, -0.8898448916085081040, 304.8000000000000114 ) ) ;
#952 = EDGE_LOOP ( 'NONE', ( #4307, #11408, #8561, #6931 ) ) ;
#953 = CARTESIAN_POINT ( 'NONE',  ( -7.924621202458747682, 5.249999999999995559, 304.8000000000000114 ) ) ;
#954 = VERTEX_POINT ( 'NONE', #6460 ) ;
#955 = ORIENTED_EDGE ( 'NONE', *, *, #1297, .T. ) ;
#956 = ADVANCED_FACE ( 'NONE', ( #4395 ), #6262, .F. ) ;
#957 = DIRECTION ( 'NONE',  ( 1.000000000000000000, 0.000000000000000000, 0.000000000000000000 ) ) ;
#958 = EDGE_LOOP ( 'NONE', ( #7135, #12856, #2031, #8958 ) ) ;
#959 = ORIENTED_EDGE ( 'NONE', *, *, #12968, .F. ) ;
#960 = CARTESIAN_POINT ( 'NONE',  ( 4.478679656440354151, -3.011165235168150378, 304.8000000000000114 ) ) ;
#961 = EDGE_CURVE ( 'NONE', #7225, #1149, #10503, .T. ) ;
#962 = CARTESIAN_POINT ( 'NONE',  ( 7.424621202458747682, -5.249999999999995559, 304.8000000000000114 ) ) ;
#963 = DIRECTION ( 'NONE',  ( -1.000000000000000000, 0.000000000000000000, 0.000000000000000000 ) ) ;
#964 = ORIENTED_EDGE ( 'NONE', *, *, #9219, .F. ) ;
#965 = CARTESIAN_POINT ( 'NONE',  ( -5.249999999999997335, 7.924621202458751235, -20.77500000000004476 ) ) ;
#966 = EDGE_CURVE ( 'NONE', #12396, #6773, #1417, .T. ) ;
#967 = CARTESIAN_POINT ( 'NONE',  ( 0.8898448916085185401, 6.599999999999999645, 304.8000000000000114 ) ) ;
#968 = ORIENTED_EDGE ( 'NONE', *, *, #11040, .F. ) ;
#969 = EDGE_LOOP ( 'NONE', ( #351, #6396, #8175, #1891 ) ) ;
#970 = CARTESIAN_POINT ( 'NONE',  ( 3.000000000000000888, 10.00000000000000000, 94.79999999999999716 ) ) ;
#971 = CARTESIAN_POINT ( 'NONE',  ( -8.250000000000000000, 8.250000000000000000, 304.8000000000000114 ) ) ;
#972 = AXIS2_PLACEMENT_3D ( 'NONE', #6301, #9680, #8804 ) ;
#973 = LINE ( 'NONE', #7268, #2130 ) ;
#974 = DIRECTION ( 'NONE',  ( -0.000000000000000000, 0.000000000000000000, -1.000000000000000000 ) ) ;
#975 = ORIENTED_EDGE ( 'NONE', *, *, #8348, .F. ) ;
#976 = ORIENTED_EDGE ( 'NONE', *, *, #9774, .F. ) ;
#977 = ORIENTED_EDGE ( 'NONE', *, *, #918, .T. ) ;
#978 = CARTESIAN_POINT ( 'NONE',  ( -8.250000000000000000, 10.00000000000000178, 304.8000000000000114 ) ) ;
#979 = AXIS2_PLACEMENT_3D ( 'NONE', #2825, #9002, #6028 ) ;
#980 = DIRECTION ( 'NONE',  ( 0.000000000000000000, 0.000000000000000000, -1.000000000000000000 ) ) ;
#981 = DIRECTION ( 'NONE',  ( -0.000000000000000000, -0.000000000000000000, -1.000000000000000000 ) ) ;
#982 = LINE ( 'NONE', #8140, #9059 ) ;
#983 = ORIENTED_EDGE ( 'NONE', *, *, #12124, .F. ) ;
#984 = EDGE_LOOP ( 'NONE', ( #3545, #9605, #6512, #3284 ) ) ;
#985 = ADVANCED_FACE ( 'NONE', ( #10382 ), #11607, .T. ) ;
#986 = EDGE_CURVE ( 'NONE', #12517, #7009, #1228, .T. ) ;
#987 = CIRCLE ( 'NONE', #8821, 0.5000000000000004441 ) ;
#988 = EDGE_CURVE ( 'NONE', #12517, #7410, #9321, .T. ) ;
#989 = CYLINDRICAL_SURFACE ( 'NONE', #6415, 2.999999999999999556 ) ;
#990 = CARTESIAN_POINT ( 'NONE',  ( 3.011165235168160592, 4.478679656440357704, 304.8000000000000114 ) ) ;
#991 = CARTESIAN_POINT ( 'NONE',  ( 4.478679656440354151, 3.011165235168150378, 304.8000000000000114 ) ) ;
#992 = DIRECTION ( 'NONE',  ( -0.000000000000000000, -0.000000000000000000, -1.000000000000000000 ) ) ;
#993 = DIRECTION ( 'NONE',  ( -0.000000000000000000, -0.000000000000000000, -1.000000000000000000 ) ) ;
#994 = CARTESIAN_POINT ( 'NONE',  ( -3.011165235168160592, -4.478679656440356815, 304.8000000000000114 ) ) ;
#996 = AXIS2_PLACEMENT_3D ( 'NONE', #1888, #902, #4938 ) ;
#995 = DIRECTION ( 'NONE',  ( -0.000000000000000000, -0.000000000000000000, -1.000000000000000000 ) ) ;
#997 = ORIENTED_EDGE ( 'NONE', *, *, #2615, .F. ) ;
#998 = CARTESIAN_POINT ( 'NONE',  ( 7.924621202458747682, 5.249999999999995559, 304.8000000000000114 ) ) ;
#999 = VERTEX_POINT ( 'NONE', #8386 ) ;
#1000 = AXIS2_PLACEMENT_3D ( 'NONE', #6154, #10278, #7139 ) ;
#1001 = DIRECTION ( 'NONE',  ( 1.541976423090498986E-15, -1.000000000000000000, 0.000000000000000000 ) ) ;
#1002 = DIRECTION ( 'NONE',  ( -0.000000000000000000, -0.000000000000000000, -1.000000000000000000 ) ) ;
#1003 = VECTOR ( 'NONE', #5184, 1000.000000000000000 ) ;
#1004 = ORIENTED_EDGE ( 'NONE', *, *, #12595, .T. ) ;
#1005 = CARTESIAN_POINT ( 'NONE',  ( 10.00000000000000000, 8.250000000000000000, 304.8000000000000114 ) ) ;
#1006 = DIRECTION ( 'NONE',  ( -1.000000000000000000, 8.065639195895846808E-16, 0.000000000000000000 ) ) ;
#1007 = DIRECTION ( 'NONE',  ( 0.000000000000000000, -0.000000000000000000, 1.000000000000000000 ) ) ;
#1008 = DIRECTION ( 'NONE',  ( 3.304235192336776498E-16, -1.000000000000000000, 0.000000000000000000 ) ) ;
#1009 = ORIENTED_EDGE ( 'NONE', *, *, #1927, .T. ) ;
#1010 = DIRECTION ( 'NONE',  ( -0.000000000000000000, 0.000000000000000000, -1.000000000000000000 ) ) ;
#1011 = VERTEX_POINT ( 'NONE', #6397 ) ;
#1012 = DIRECTION ( 'NONE',  ( -0.000000000000000000, -0.000000000000000000, -1.000000000000000000 ) ) ;
#1013 = AXIS2_PLACEMENT_3D ( 'NONE', #4823, #11839, #2575 ) ;
#1014 = ORIENTED_EDGE ( 'NONE', *, *, #2248, .T. ) ;
#1015 = ORIENTED_EDGE ( 'NONE', *, *, #12482, .T. ) ;
#1016 = CARTESIAN_POINT ( 'NONE',  ( -6.599999999999996092, -0.8898448916085081040, 304.8000000000000114 ) ) ;
#1017 = ORIENTED_EDGE ( 'NONE', *, *, #11248, .T. ) ;
#1018 = ORIENTED_EDGE ( 'NONE', *, *, #8740, .T. ) ;
#1019 = CARTESIAN_POINT ( 'NONE',  ( -3.000000000000000888, -8.424621202458752123, 304.8000000000000114 ) ) ;
#1020 = EDGE_CURVE ( 'NONE', #7495, #7348, #5393, .T. ) ;
#1021 = LINE ( 'NONE', #12274, #1712 ) ;
#1022 = ORIENTED_EDGE ( 'NONE', *, *, #523, .F. ) ;
#1023 = CARTESIAN_POINT ( 'NONE',  ( 8.424621202458750346, 2.500000000000000000, 304.8000000000000114 ) ) ;
#1024 = ORIENTED_EDGE ( 'NONE', *, *, #8251, .F. ) ;
#1025 = CIRCLE ( 'NONE', #12439, 0.4999999999999995559 ) ;
#1026 = ADVANCED_FACE ( 'NONE', ( #10886 ), #8698, .F. ) ;
#1027 = CYLINDRICAL_SURFACE ( 'NONE', #10673, 0.5000000000000004441 ) ;
#1028 = EDGE_CURVE ( 'NONE', #2424, #8625, #10628, .T. ) ;
#1029 = LINE ( 'NONE', #769, #4380 ) ;
#1030 = ORIENTED_EDGE ( 'NONE', *, *, #3693, .T. ) ;
#1031 = ORIENTED_EDGE ( 'NONE', *, *, #5165, .T. ) ;
#1032 = DIRECTION ( 'NONE',  ( -0.000000000000000000, -0.000000000000000000, -1.000000000000000000 ) ) ;
#1033 = ITEM_DEFINED_TRANSFORMATION ( 'NONE', 'NONE', #4687,  #3417 ) ;
#1034 = CARTESIAN_POINT ( 'NONE',  ( 7.424621202458747682, -5.249999999999995559, 304.8000000000000114 ) ) ;
#1035 = AXIS2_PLACEMENT_3D ( 'NONE', #11091, #10046, #820 ) ;
#1036 = CARTESIAN_POINT ( 'NONE',  ( -3.000000000000000888, 9.500000000000000000, 94.79999999999999716 ) ) ;
#1037 = ORIENTED_EDGE ( 'NONE', *, *, #6095, .F. ) ;
#1038 = ADVANCED_FACE ( 'NONE', ( #6645 ), #2781, .F. ) ;
#1039 = LINE ( 'NONE', #2235, #1301 ) ;
#1040 = ORIENTED_EDGE ( 'NONE', *, *, #11540, .F. ) ;
#1041 = ORIENTED_EDGE ( 'NONE', *, *, #72, .T. ) ;
#1042 = EDGE_LOOP ( 'NONE', ( #8405, #2564, #2921, #3279 ) ) ;
#1043 = VERTEX_POINT ( 'NONE', #1666 ) ;
#1044 = DIRECTION ( 'NONE',  ( -0.000000000000000000, -0.000000000000000000, -1.000000000000000000 ) ) ;
#1045 = VECTOR ( 'NONE', #3321, 1000.000000000000000 ) ;
#1046 = LINE ( 'NONE', #5820, #6419 ) ;
#1047 = EDGE_CURVE ( 'NONE', #2479, #5071, #10692, .T. ) ;
#1048 = FACE_OUTER_BOUND ( 'NONE', #857, .T. ) ;
#1049 = DIRECTION ( 'NONE',  ( -1.000000000000000000, 0.000000000000000000, 0.000000000000000000 ) ) ;
#1050 = ORIENTED_EDGE ( 'NONE', *, *, #5969, .T. ) ;
#1051 = ORIENTED_EDGE ( 'NONE', *, *, #4796, .F. ) ;
#1052 = EDGE_CURVE ( 'NONE', #11606, #1555, #12476, .T. ) ;
#1053 = VECTOR ( 'NONE', #5098, 1000.000000000000000 ) ;
#1054 = CARTESIAN_POINT ( 'NONE',  ( 3.011165235168160592, 4.478679656440356815, 304.8000000000000114 ) ) ;
#1055 = CARTESIAN_POINT ( 'NONE',  ( 3.000000000000000888, 7.924621202458751235, 304.8000000000000114 ) ) ;
#1056 = CARTESIAN_POINT ( 'NONE',  ( -0.8898448916085185401, -3.600000000000000533, 304.8000000000000114 ) ) ;
#1057 = DIRECTION ( 'NONE',  ( 3.304235192336776498E-16, -1.000000000000000000, 0.000000000000000000 ) ) ;
#1058 = CYLINDRICAL_SURFACE ( 'NONE', #12133, 0.5000000000000004441 ) ;
#1060 = EDGE_CURVE ( 'NONE', #2167, #5979, #5586, .T. ) ;
#1059 = DIRECTION ( 'NONE',  ( -0.000000000000000000, 0.000000000000000000, -1.000000000000000000 ) ) ;
#1061 = VECTOR ( 'NONE', #10639, 1000.000000000000000 ) ;
#1062 = CYLINDRICAL_SURFACE ( 'NONE', #6964, 2.999999999999999112 ) ;
#1063 = AXIS2_PLACEMENT_3D ( 'NONE', #10636, #5521, #5649 ) ;
#1064 = ORIENTED_EDGE ( 'NONE', *, *, #4041, .F. ) ;
#1065 = EDGE_LOOP ( 'NONE', ( #8460, #12090, #11552, #11780 ) ) ;
#1066 = CARTESIAN_POINT ( 'NONE',  ( 3.000000000000000888, 7.924621202458751235, 304.8000000000000114 ) ) ;
#1067 = EDGE_LOOP ( 'NONE', ( #1540, #6074, #7982, #1542 ) ) ;
#1068 = ORIENTED_EDGE ( 'NONE', *, *, #1625, .F. ) ;
#1069 = FACE_OUTER_BOUND ( 'NONE', #11424, .T. ) ;
#1070 = CIRCLE ( 'NONE', #1490, 2.999999999999999556 ) ;
#1071 = LINE ( 'NONE', #9169, #7015 ) ;
#1072 = AXIS2_PLACEMENT_3D ( 'NONE', #4154, #8057, #3082 ) ;
#1073 = ORIENTED_EDGE ( 'NONE', *, *, #9332, .F. ) ;
#1074 = CARTESIAN_POINT ( 'NONE',  ( 8.424621202458750346, 2.500000000000000000, -24.77500000000004832 ) ) ;
#1075 = AXIS2_PLACEMENT_3D ( 'NONE', #6928, #7791, #5743 ) ;
#1076 = LINE ( 'NONE', #1278, #9335 ) ;
#1077 = ADVANCED_FACE ( 'NONE', ( #2525 ), #7890, .T. ) ;
#1079 = EDGE_CURVE ( 'NONE', #8543, #5410, #6575, .T. ) ;
#1078 = FACE_OUTER_BOUND ( 'NONE', #494, .T. ) ;
#1080 = DIRECTION ( 'NONE',  ( -0.000000000000000000, -0.000000000000000000, -1.000000000000000000 ) ) ;
#1081 = ORIENTED_EDGE ( 'NONE', *, *, #8934, .F. ) ;
#1082 = CARTESIAN_POINT ( 'NONE',  ( -8.424621202458750346, 2.500000000000000000, 304.8000000000000114 ) ) ;
#1083 = ORIENTED_EDGE ( 'NONE', *, *, #5284, .T. ) ;
#1084 = LINE ( 'NONE', #168, #13047 ) ;
#1085 = AXIS2_PLACEMENT_3D ( 'NONE', #6855, #10901, #4862 ) ;
#1086 = EDGE_LOOP ( 'NONE', ( #1719, #6597, #8586, #10722 ) ) ;
#1087 = ORIENTED_EDGE ( 'NONE', *, *, #839, .T. ) ;
#1088 = VECTOR ( 'NONE', #12222, 1000.000000000000000 ) ;
#1089 = DIRECTION ( 'NONE',  ( -1.000000000000000000, 0.000000000000000000, 0.000000000000000000 ) ) ;
#1090 = EDGE_LOOP ( 'NONE', ( #8192, #12, #7793, #1208 ) ) ;
#1091 = VERTEX_POINT ( 'NONE', #9767 ) ;
#1092 = LINE ( 'NONE', #110, #7636 ) ;
#1093 = CARTESIAN_POINT ( 'NONE',  ( -7.424621202458747682, 5.249999999999995559, 304.8000000000000114 ) ) ;
#1094 = DIRECTION ( 'NONE',  ( -1.000000000000000000, 0.000000000000000000, 0.000000000000000000 ) ) ;
#1095 = VECTOR ( 'NONE', #1687, 1000.000000000000000 ) ;
#1096 = ORIENTED_EDGE ( 'NONE', *, *, #6903, .T. ) ;
#1097 = DIRECTION ( 'NONE',  ( 1.000000000000000000, 0.000000000000000000, 0.000000000000000000 ) ) ;
#1098 = CIRCLE ( 'NONE', #8518, 0.5000000000000004441 ) ;
#1099 = DIRECTION ( 'NONE',  ( -0.000000000000000000, -0.000000000000000000, -1.000000000000000000 ) ) ;
#1100 = CIRCLE ( 'NONE', #8304, 0.5000000000000004441 ) ;
#1102 = EDGE_CURVE ( 'NONE', #137, #8638, #1601, .T. ) ;
#1101 = LINE ( 'NONE', #8189, #1419 ) ;
#1103 = ORIENTED_EDGE ( 'NONE', *, *, #5609, .F. ) ;
#1104 = ORIENTED_EDGE ( 'NONE', *, *, #2255, .T. ) ;
#1105 = CARTESIAN_POINT ( 'NONE',  ( 3.011165235168160592, -4.478679656440356815, 304.8000000000000114 ) ) ;
#1106 = AXIS2_PLACEMENT_3D ( 'NONE', #7384, #12405, #7117 ) ;
#1107 = LINE ( 'NONE', #8260, #3006 ) ;
#1108 = AXIS2_PLACEMENT_3D ( 'NONE', #1195, #4237, #12503 ) ;
#1109 = EDGE_CURVE ( 'NONE', #56, #11035, #12722, .T. ) ;
#1110 = LINE ( 'NONE', #4152, #10610 ) ;
#1111 = EDGE_LOOP ( 'NONE', ( #1022, #9929, #8991, #11968 ) ) ;
#1112 = FACE_OUTER_BOUND ( 'NONE', #6199, .T. ) ;
#1113 = VERTEX_POINT ( 'NONE', #684 ) ;
#1114 = AXIS2_PLACEMENT_3D ( 'NONE', #5558, #8552, #12574 ) ;
#1115 = EDGE_CURVE ( 'NONE', #11406, #6712, #810, .T. ) ;
#1116 = ORIENTED_EDGE ( 'NONE', *, *, #5980, .F. ) ;
#1117 = DIRECTION ( 'NONE',  ( 0.000000000000000000, 0.000000000000000000, 1.000000000000000000 ) ) ;
#1118 = CIRCLE ( 'NONE', #1960, 0.5000000000000008882 ) ;
#1119 = DIRECTION ( 'NONE',  ( -1.000000000000000000, 0.000000000000000000, 0.000000000000000000 ) ) ;
#1120 = VERTEX_POINT ( 'NONE', #3581 ) ;
#1122 = ADVANCED_FACE ( 'NONE', ( #4586 ), #12912, .F. ) ;
#1121 = DIRECTION ( 'NONE',  ( 0.000000000000000000, -0.000000000000000000, -1.000000000000000000 ) ) ;
#1123 = DIRECTION ( 'NONE',  ( -1.000000000000000000, 0.000000000000000000, 0.000000000000000000 ) ) ;
#1124 = DIRECTION ( 'NONE',  ( 1.000000000000000000, 3.304235192336776498E-16, -3.304235192336776498E-16 ) ) ;
#1125 = ORIENTED_EDGE ( 'NONE', *, *, #2840, .F. ) ;
#1126 = EDGE_CURVE ( 'NONE', #8111, #9184, #12785, .T. ) ;
#1127 = ORIENTED_EDGE ( 'NONE', *, *, #7749, .T. ) ;
#1128 = VECTOR ( 'NONE', #10787, 1000.000000000000000 ) ;
#1129 = CIRCLE ( 'NONE', #3452, 0.5000000000000004441 ) ;
#1130 = ADVANCED_FACE ( 'NONE', ( #8827 ), #8630, .T. ) ;
#1131 = LINE ( 'NONE', #9942, #5127 ) ;
#1132 = DIRECTION ( 'NONE',  ( -0.000000000000000000, -0.000000000000000000, -1.000000000000000000 ) ) ;
#1133 = DIRECTION ( 'NONE',  ( -1.000000000000000000, 0.000000000000000000, 0.000000000000000000 ) ) ;
#1134 = DIRECTION ( 'NONE',  ( -0.000000000000000000, 0.000000000000000000, -1.000000000000000000 ) ) ;
#1135 = DIRECTION ( 'NONE',  ( -1.000000000000000000, 0.000000000000000000, 0.000000000000000000 ) ) ;
#1136 = VECTOR ( 'NONE', #5413, 1000.000000000000000 ) ;
#1139 = ADVANCED_FACE ( 'NONE', ( #3650 ), #7823, .F. ) ;
#1138 = VECTOR ( 'NONE', #6250, 1000.000000000000000 ) ;
#1137 = DIRECTION ( 'NONE',  ( 1.000000000000000000, 0.000000000000000000, 0.000000000000000000 ) ) ;
#1140 = PLANE ( 'NONE',  #2932 ) ;
#1141 = ORIENTED_EDGE ( 'NONE', *, *, #556, .F. ) ;
#1142 = ORIENTED_EDGE ( 'NONE', *, *, #3332, .F. ) ;
#1143 =( NAMED_UNIT ( * ) SI_UNIT ( $, .STERADIAN. ) SOLID_ANGLE_UNIT ( ) );
#1144 = ORIENTED_EDGE ( 'NONE', *, *, #8297, .F. ) ;
#1145 = ORIENTED_EDGE ( 'NONE', *, *, #10052, .F. ) ;
#1146 = LINE ( 'NONE', #941, #4028 ) ;
#1147 = VECTOR ( 'NONE', #11976, 1000.000000000000000 ) ;
#1148 = CARTESIAN_POINT ( 'NONE',  ( 0.8898448916085185401, -3.600000000000000533, 304.8000000000000114 ) ) ;
#1149 = VERTEX_POINT ( 'NONE', #11733 ) ;
#1150 = CARTESIAN_POINT ( 'NONE',  ( -3.000000000000000888, 7.924621202458751235, 94.79999999999999716 ) ) ;
#1151 = DIRECTION ( 'NONE',  ( -0.000000000000000000, -0.000000000000000000, -1.000000000000000000 ) ) ;
#1152 = FACE_OUTER_BOUND ( 'NONE', #5317, .T. ) ;
#1153 = LINE ( 'NONE', #6966, #6946 ) ;
#1154 = ORIENTED_EDGE ( 'NONE', *, *, #12022, .F. ) ;
#1155 = DIRECTION ( 'NONE',  ( -0.000000000000000000, 0.000000000000000000, -1.000000000000000000 ) ) ;
#1156 = ORIENTED_EDGE ( 'NONE', *, *, #12757, .F. ) ;
#1157 = CARTESIAN_POINT ( 'NONE',  ( -3.000000000000000888, -8.424621202458752123, 304.8000000000000114 ) ) ;
#1158 = ORIENTED_EDGE ( 'NONE', *, *, #6287, .F. ) ;
#1159 = ORIENTED_EDGE ( 'NONE', *, *, #158, .T. ) ;
#1160 = DIRECTION ( 'NONE',  ( 1.000000000000000000, 3.304235192336776498E-16, 0.000000000000000000 ) ) ;
#1161 = VERTEX_POINT ( 'NONE', #6701 ) ;
#1162 = ORIENTED_EDGE ( 'NONE', *, *, #682, .T. ) ;
#1163 = CARTESIAN_POINT ( 'NONE',  ( 2.500000000000000000, 8.424621202458752123, -24.77500000000004832 ) ) ;
#1164 = EDGE_CURVE ( 'NONE', #3840, #7968, #12122, .T. ) ;
#1165 = ADVANCED_FACE ( 'NONE', ( #2843 ), #6896, .F. ) ;
#1166 = DIRECTION ( 'NONE',  ( -0.000000000000000000, -0.000000000000000000, -1.000000000000000000 ) ) ;
#1167 = LINE ( 'NONE', #10385, #9150 ) ;
#1168 = ADVANCED_FACE ( 'NONE', ( #7026 ), #8160, .F. ) ;
#1169 = ORIENTED_EDGE ( 'NONE', *, *, #11350, .F. ) ;
#1170 = DIRECTION ( 'NONE',  ( -1.000000000000000000, 0.000000000000000000, 0.000000000000000000 ) ) ;
#1171 = CARTESIAN_POINT ( 'NONE',  ( 5.603553390593272177, -7.071067811865475505, 304.8000000000000114 ) ) ;
#1172 = DIRECTION ( 'NONE',  ( -0.000000000000000000, 0.000000000000000000, -1.000000000000000000 ) ) ;
#1173 = ORIENTED_EDGE ( 'NONE', *, *, #12444, .F. ) ;
#1174 = DIRECTION ( 'NONE',  ( 0.7071067811865474617, 0.7071067811865476838, 0.000000000000000000 ) ) ;
#1175 = ORIENTED_EDGE ( 'NONE', *, *, #10055, .F. ) ;
#1176 = ORIENTED_EDGE ( 'NONE', *, *, #275, .T. ) ;
#1177 = DIRECTION ( 'NONE',  ( -1.000000000000000000, 0.000000000000000000, 0.000000000000000000 ) ) ;
#1178 = DIRECTION ( 'NONE',  ( -1.000000000000000000, 0.000000000000000000, 0.000000000000000000 ) ) ;
#1179 = DIRECTION ( 'NONE',  ( 0.000000000000000000, -1.000000000000000000, -0.000000000000000000 ) ) ;
#1180 = ORIENTED_EDGE ( 'NONE', *, *, #1996, .F. ) ;
#1181 = CARTESIAN_POINT ( 'NONE',  ( 0.000000000000000000, 3.600000000000000089, 304.8000000000000114 ) ) ;
#1182 = ORIENTED_EDGE ( 'NONE', *, *, #7425, .T. ) ;
#1183 = ORIENTED_EDGE ( 'NONE', *, *, #5153, .T. ) ;
#1184 = FACE_OUTER_BOUND ( 'NONE', #3975, .T. ) ;
#1185 = CARTESIAN_POINT ( 'NONE',  ( -9.500000000000000000, 2.500000000000000444, -20.77500000000004476 ) ) ;
#1186 = ORIENTED_EDGE ( 'NONE', *, *, #5795, .F. ) ;
#1187 = DIRECTION ( 'NONE',  ( -1.000000000000000000, 0.000000000000000000, 0.000000000000000000 ) ) ;
#1188 = CIRCLE ( 'NONE', #7939, 2.150000000000012790 ) ;
#1189 = ADVANCED_FACE ( 'NONE', ( #4971 ), #3908, .T. ) ;
#1190 = CYLINDRICAL_SURFACE ( 'NONE', #12432, 0.5000000000000004441 ) ;
#1191 = DIRECTION ( 'NONE',  ( 1.091797020627685427E-31, -3.304235192336776498E-16, -1.000000000000000000 ) ) ;
#1192 = ORIENTED_EDGE ( 'NONE', *, *, #11545, .F. ) ;
#1193 = ORIENTED_EDGE ( 'NONE', *, *, #4272, .T. ) ;
#1194 = ADVANCED_FACE ( 'NONE', ( #12046 ), #7094, .F. ) ;
#1195 = CARTESIAN_POINT ( 'NONE',  ( 3.600000000000000089, 0.000000000000000000, 304.8000000000000114 ) ) ;
#1196 = DIRECTION ( 'NONE',  ( -1.541976423090498986E-15, -1.000000000000000000, 0.000000000000000000 ) ) ;
#1197 = DIRECTION ( 'NONE',  ( 0.000000000000000000, 0.000000000000000000, 1.000000000000000000 ) ) ;
#1199 = ADVANCED_FACE ( 'NONE', ( #5982 ), #2905, .F. ) ;
#1198 = DIRECTION ( 'NONE',  ( 0.000000000000000000, -0.000000000000000000, 1.000000000000000000 ) ) ;
#1200 = DIRECTION ( 'NONE',  ( -1.000000000000000000, 0.000000000000000000, 0.000000000000000000 ) ) ;
#1201 = FACE_OUTER_BOUND ( 'NONE', #952, .T. ) ;
#1202 = CARTESIAN_POINT ( 'NONE',  ( 9.500000000000000000, -2.500000000000000000, -20.77500000000004476 ) ) ;
#1203 = EDGE_CURVE ( 'NONE', #11721, #2249, #3110, .T. ) ;
#1204 = DIRECTION ( 'NONE',  ( -0.000000000000000000, -0.000000000000000000, -1.000000000000000000 ) ) ;
#1205 = ORIENTED_EDGE ( 'NONE', *, *, #1625, .T. ) ;
#1206 = AXIS2_PLACEMENT_3D ( 'NONE', #8939, #981, #9068 ) ;
#1207 = AXIS2_PLACEMENT_3D ( 'NONE', #4114, #5902, #8959 ) ;
#1208 = ORIENTED_EDGE ( 'NONE', *, *, #3051, .T. ) ;
#1209 = CARTESIAN_POINT ( 'NONE',  ( 7.924621202458747682, 5.249999999999995559, 304.8000000000000114 ) ) ;
#1210 = EDGE_CURVE ( 'NONE', #6760, #6149, #4020, .T. ) ;
#1211 = CARTESIAN_POINT ( 'NONE',  ( -3.011165235168161924, 4.478679656440357704, -24.77500000000004832 ) ) ;
#1212 = CARTESIAN_POINT ( 'NONE',  ( 7.071067811865473729, -5.603553390593270400, 304.8000000000000114 ) ) ;
#1213 = DIRECTION ( 'NONE',  ( -0.7071067811865474617, -0.7071067811865476838, 0.000000000000000000 ) ) ;
#1214 = AXIS2_PLACEMENT_3D ( 'NONE', #6829, #4772, #12713 ) ;
#1215 = LINE ( 'NONE', #5247, #11983 ) ;
#1216 = DIRECTION ( 'NONE',  ( 0.000000000000000000, -0.000000000000000000, -1.000000000000000000 ) ) ;
#1217 = EDGE_CURVE ( 'NONE', #8198, #8247, #5906, .T. ) ;
#1218 = ORIENTED_EDGE ( 'NONE', *, *, #12429, .F. ) ;
#1219 = DIRECTION ( 'NONE',  ( -0.7071067811865465735, -0.7071067811865483499, 0.000000000000000000 ) ) ;
#1220 = VERTEX_POINT ( 'NONE', #1997 ) ;
#1221 = DIRECTION ( 'NONE',  ( -0.000000000000000000, -0.000000000000000000, -1.000000000000000000 ) ) ;
#1222 = VERTEX_POINT ( 'NONE', #9087 ) ;
#1223 = ORIENTED_EDGE ( 'NONE', *, *, #11063, .T. ) ;
#1224 = DIRECTION ( 'NONE',  ( 0.000000000000000000, 0.000000000000000000, -1.000000000000000000 ) ) ;
#1225 = ORIENTED_EDGE ( 'NONE', *, *, #6406, .T. ) ;
#1226 = AXIS2_PLACEMENT_3D ( 'NONE', #9585, #6587, #11679 ) ;
#1227 = VERTEX_POINT ( 'NONE', #90 ) ;
#1228 = LINE ( 'NONE', #5260, #5525 ) ;
#1229 = DIRECTION ( 'NONE',  ( -0.000000000000000000, -0.000000000000000000, -1.000000000000000000 ) ) ;
#1230 = CARTESIAN_POINT ( 'NONE',  ( 7.924621202458747682, -5.249999999999995559, 304.8000000000000114 ) ) ;
#1231 = ORIENTED_EDGE ( 'NONE', *, *, #2088, .T. ) ;
#1232 = CARTESIAN_POINT ( 'NONE',  ( 0.8898448916085185401, -3.600000000000000533, 304.8000000000000114 ) ) ;
#1233 = LINE ( 'NONE', #5266, #4325 ) ;
#1234 = VECTOR ( 'NONE', #6941, 1000.000000000000000 ) ;
#1235 = CARTESIAN_POINT ( 'NONE',  ( -10.00000000000000000, -8.250000000000000000, 304.8000000000000114 ) ) ;
#1236 = ADVANCED_FACE ( 'NONE', ( #10027 ), #2125, .F. ) ;
#1237 = DIRECTION ( 'NONE',  ( 0.7071067811865465735, 0.7071067811865484609, 0.000000000000000000 ) ) ;
#1238 = EDGE_CURVE ( 'NONE', #9971, #2930, #1146, .T. ) ;
#1239 = ORIENTED_EDGE ( 'NONE', *, *, #4238, .T. ) ;
#1240 = ORIENTED_EDGE ( 'NONE', *, *, #1331, .F. ) ;
#1241 = EDGE_CURVE ( 'NONE', #2857, #11481, #12187, .T. ) ;
#1242 = DIRECTION ( 'NONE',  ( 0.7071067811865474617, 0.7071067811865476838, 0.000000000000000000 ) ) ;
#1243 = ORIENTED_EDGE ( 'NONE', *, *, #7394, .F. ) ;
#1244 = DIRECTION ( 'NONE',  ( 1.000000000000000000, 0.000000000000000000, 0.000000000000000000 ) ) ;
#1245 = AXIS2_PLACEMENT_3D ( 'NONE', #838, #12015, #1893 ) ;
#1246 = CARTESIAN_POINT ( 'NONE',  ( 3.000000000000000888, -10.00000000000000000, -104.7750000000000057 ) ) ;
#1247 = ORIENTED_EDGE ( 'NONE', *, *, #2634, .F. ) ;
#1248 = ORIENTED_EDGE ( 'NONE', *, *, #2658, .F. ) ;
#1249 = CARTESIAN_POINT ( 'NONE',  ( -3.000000000000000888, -9.500000000000000000, -104.7750000000000057 ) ) ;
#1250 = DIRECTION ( 'NONE',  ( 1.000000000000000000, 0.000000000000000000, 0.000000000000000000 ) ) ;
#1251 = EDGE_CURVE ( 'NONE', #3676, #4348, #12049, .T. ) ;
#1252 = CARTESIAN_POINT ( 'NONE',  ( 0.8898448916085185401, -6.599999999999999645, 304.8000000000000114 ) ) ;
#1253 = ADVANCED_FACE ( 'NONE', ( #1069 ), #6959, .F. ) ;
#1254 = AXIS2_PLACEMENT_3D ( 'NONE', #1812, #10957, #12001 ) ;
#1255 = DIRECTION ( 'NONE',  ( -1.000000000000000000, 0.000000000000000000, 0.000000000000000000 ) ) ;
#1256 = DIRECTION ( 'NONE',  ( 1.000000000000000000, 3.304235192336776498E-16, -3.304235192336776498E-16 ) ) ;
#1257 = ORIENTED_EDGE ( 'NONE', *, *, #588, .T. ) ;
#1258 = ORIENTED_EDGE ( 'NONE', *, *, #8678, .F. ) ;
#1259 = LINE ( 'NONE', #5293, #481 ) ;
#1260 = CIRCLE ( 'NONE', #4634, 0.5000000000000013323 ) ;
#1261 = CARTESIAN_POINT ( 'NONE',  ( 8.424621202458750346, 2.500000000000000000, -20.77500000000004476 ) ) ;
#1262 = LINE ( 'NONE', #280, #7875 ) ;
#1263 = CARTESIAN_POINT ( 'NONE',  ( 0.000000000000000000, -3.600000000000000089, 304.8000000000000114 ) ) ;
#1264 = DIRECTION ( 'NONE',  ( 0.000000000000000000, -0.000000000000000000, 1.000000000000000000 ) ) ;
#1265 = CARTESIAN_POINT ( 'NONE',  ( 10.00000000000000000, -3.000000000000001332, 304.8000000000000114 ) ) ;
#1266 = CARTESIAN_POINT ( 'NONE',  ( 10.00000000000000000, 8.250000000000000000, 304.8000000000000114 ) ) ;
#1267 = CARTESIAN_POINT ( 'NONE',  ( -7.924621202458747682, -5.249999999999995559, 304.8000000000000114 ) ) ;
#1268 = EDGE_CURVE ( 'NONE', #7718, #6160, #7408, .T. ) ;
#1269 = VECTOR ( 'NONE', #995, 1000.000000000000000 ) ;
#1270 = ORIENTED_EDGE ( 'NONE', *, *, #3956, .F. ) ;
#1271 = EDGE_LOOP ( 'NONE', ( #11438, #12333, #61, #2641 ) ) ;
#1272 = VERTEX_POINT ( 'NONE', #10159 ) ;
#1273 = EDGE_CURVE ( 'NONE', #6357, #1227, #9168, .T. ) ;
#1274 = LINE ( 'NONE', #11270, #11433 ) ;
#1275 = CARTESIAN_POINT ( 'NONE',  ( 3.000000000000000888, -7.924621202458751235, 304.8000000000000114 ) ) ;
#1276 = CARTESIAN_POINT ( 'NONE',  ( 10.00000000000000000, 3.000000000000001332, 304.8000000000000114 ) ) ;
#1277 = EDGE_CURVE ( 'NONE', #284, #12814, #10795, .T. ) ;
#1278 = CARTESIAN_POINT ( 'NONE',  ( 3.000000000000000888, -7.924621202458751235, 304.8000000000000114 ) ) ;
#1279 = VECTOR ( 'NONE', #7901, 1000.000000000000000 ) ;
#1280 = AXIS2_PLACEMENT_3D ( 'NONE', #6463, #5710, #5456 ) ;
#1281 = DIRECTION ( 'NONE',  ( -1.000000000000000000, 0.000000000000000000, 0.000000000000000000 ) ) ;
#1282 = CARTESIAN_POINT ( 'NONE',  ( -3.011165235168160592, 4.478679656440357704, 304.8000000000000114 ) ) ;
#1283 = ORIENTED_EDGE ( 'NONE', *, *, #4190, .F. ) ;
#1284 = CARTESIAN_POINT ( 'NONE',  ( -5.603553390593272177, -7.071067811865475505, 304.8000000000000114 ) ) ;
#1285 = ORIENTED_EDGE ( 'NONE', *, *, #3162, .F. ) ;
#1286 = DIRECTION ( 'NONE',  ( 4.873668131198272923E-16, 1.000000000000000000, -0.000000000000000000 ) ) ;
#1287 = EDGE_CURVE ( 'NONE', #11239, #12905, #9495, .T. ) ;
#1288 = ORIENTED_EDGE ( 'NONE', *, *, #12073, .T. ) ;
#1289 = ORIENTED_EDGE ( 'NONE', *, *, #11073, .T. ) ;
#1290 = CARTESIAN_POINT ( 'NONE',  ( -6.599999999999996092, -0.8898448916085081040, -20.77500000000004476 ) ) ;
#1291 = VECTOR ( 'NONE', #8972, 1000.000000000000000 ) ;
#1292 = ORIENTED_EDGE ( 'NONE', *, *, #11564, .T. ) ;
#1293 = AXIS2_PLACEMENT_3D ( 'NONE', #4426, #8546, #2439 ) ;
#1294 = DIRECTION ( 'NONE',  ( 3.304235192336776498E-16, 1.000000000000000000, 0.000000000000000000 ) ) ;
#1295 = DIRECTION ( 'NONE',  ( 1.000000000000000000, 0.000000000000000000, -0.000000000000000000 ) ) ;
#1296 = CARTESIAN_POINT ( 'NONE',  ( -1.257674520083185143E-14, 1.257674520083185143E-14, 304.8000000000000114 ) ) ;
#1297 = EDGE_CURVE ( 'NONE', #11999, #12226, #6308, .T. ) ;
#1298 = DIRECTION ( 'NONE',  ( -1.000000000000000000, 2.924200878718996689E-15, 0.000000000000000000 ) ) ;
#1299 = ORIENTED_EDGE ( 'NONE', *, *, #1217, .T. ) ;
#1300 = DIRECTION ( 'NONE',  ( 1.541976423090499183E-15, 1.000000000000000000, 0.000000000000000000 ) ) ;
#1301 = VECTOR ( 'NONE', #5070, 1000.000000000000000 ) ;
#1302 = VECTOR ( 'NONE', #3535, 1000.000000000000000 ) ;
#1303 = CARTESIAN_POINT ( 'NONE',  ( 8.250000000000000000, -8.250000000000000000, -24.77500000000004832 ) ) ;
#1304 = DIRECTION ( 'NONE',  ( -8.065639195895846808E-16, -1.000000000000000000, 0.000000000000000000 ) ) ;
#1305 = EDGE_CURVE ( 'NONE', #11806, #2249, #9557, .T. ) ;
#1306 = VERTEX_POINT ( 'NONE', #8301 ) ;
#1307 = ORIENTED_EDGE ( 'NONE', *, *, #12131, .F. ) ;
#1308 = DIRECTION ( 'NONE',  ( -1.000000000000000000, 0.000000000000000000, 0.000000000000000000 ) ) ;
#1309 = VERTEX_POINT ( 'NONE', #7427 ) ;
#1310 = LINE ( 'NONE', #512, #2965 ) ;
#1311 = AXIS2_PLACEMENT_3D ( 'NONE', #2507, #2571, #5489 ) ;
#1312 = AXIS2_PLACEMENT_3D ( 'NONE', #8718, #12801, #7776 ) ;
#1313 = DIRECTION ( 'NONE',  ( -0.7071067811865474617, 0.7071067811865476838, 0.000000000000000000 ) ) ;
#1314 = VERTEX_POINT ( 'NONE', #2455 ) ;
#1315 = VECTOR ( 'NONE', #10566, 1000.000000000000000 ) ;
#1316 = ORIENTED_EDGE ( 'NONE', *, *, #6136, .T. ) ;
#1317 = DIRECTION ( 'NONE',  ( -0.000000000000000000, 0.000000000000000000, -1.000000000000000000 ) ) ;
#1318 = FACE_OUTER_BOUND ( 'NONE', #855, .T. ) ;
#1319 = AXIS2_PLACEMENT_3D ( 'NONE', #6298, #5231, #346 ) ;
#1320 = LINE ( 'NONE', #12230, #8400 ) ;
#1321 = VECTOR ( 'NONE', #6646, 1000.000000000000000 ) ;
#1322 = CARTESIAN_POINT ( 'NONE',  ( 2.500000000000000444, 9.500000000000000000, 304.8000000000000114 ) ) ;
#1323 = CARTESIAN_POINT ( 'NONE',  ( 53.84411853037588713, 419.2108796227576022, 312.2976979552246348 ) ) ;
#1324 = ORIENTED_EDGE ( 'NONE', *, *, #5111, .T. ) ;
#1325 = FACE_OUTER_BOUND ( 'NONE', #4075, .T. ) ;
#1326 = ORIENTED_EDGE ( 'NONE', *, *, #1830, .T. ) ;
#1327 = CIRCLE ( 'NONE', #6413, 1.749999999999999778 ) ;
#1328 = ADVANCED_FACE ( 'NONE', ( #11333 ), #2266, .F. ) ;
#1329 = FACE_OUTER_BOUND ( 'NONE', #6418, .T. ) ;
#1331 = EDGE_CURVE ( 'NONE', #2933, #9627, #4444, .T. ) ;
#1330 = CIRCLE ( 'NONE', #9164, 0.4999999999999995559 ) ;
#1332 = LINE ( 'NONE', #9613, #8120 ) ;
#1333 = EDGE_CURVE ( 'NONE', #4222, #2502, #5300, .T. ) ;
#1334 = CARTESIAN_POINT ( 'NONE',  ( -7.924621202458747682, 5.249999999999995559, 304.8000000000000114 ) ) ;
#1335 = CARTESIAN_POINT ( 'NONE',  ( -7.924621202458747682, 5.249999999999995559, 304.8000000000000114 ) ) ;
#1336 = FACE_OUTER_BOUND ( 'NONE', #5223, .T. ) ;
#1337 = LINE ( 'NONE', #1458, #4980 ) ;
#1338 = DIRECTION ( 'NONE',  ( -0.000000000000000000, -0.000000000000000000, -1.000000000000000000 ) ) ;
#1339 = VECTOR ( 'NONE', #9001, 1000.000000000000000 ) ;
#1340 = LINE ( 'NONE', #12247, #8606 ) ;
#1341 = VECTOR ( 'NONE', #6962, 1000.000000000000000 ) ;
#1342 = ORIENTED_EDGE ( 'NONE', *, *, #4796, .T. ) ;
#1343 = EDGE_LOOP ( 'NONE', ( #7243, #7103, #11103, #192 ) ) ;
#1344 = ORIENTED_EDGE ( 'NONE', *, *, #3659, .F. ) ;
#1345 = DIRECTION ( 'NONE',  ( 0.7071067811865465735, -0.7071067811865483499, 0.000000000000000000 ) ) ;
#1346 = CARTESIAN_POINT ( 'NONE',  ( -7.924621202458749458, 3.000000000000001332, 304.8000000000000114 ) ) ;
#1347 = LINE ( 'NONE', #1469, #6432 ) ;
#1348 = VECTOR ( 'NONE', #3542, 1000.000000000000000 ) ;
#1349 = DIRECTION ( 'NONE',  ( -8.065639195895846808E-16, 1.000000000000000000, 0.000000000000000000 ) ) ;
#1350 = VECTOR ( 'NONE', #12523, 1000.000000000000000 ) ;
#1351 = DIRECTION ( 'NONE',  ( 0.000000000000000000, -0.000000000000000000, -1.000000000000000000 ) ) ;
#1352 = ORIENTED_EDGE ( 'NONE', *, *, #4422, .F. ) ;
#1353 = CARTESIAN_POINT ( 'NONE',  ( -3.000000000000000888, 8.424621202458752123, -20.77500000000004476 ) ) ;
#1354 = ORIENTED_EDGE ( 'NONE', *, *, #8692, .T. ) ;
#1355 = ORIENTED_EDGE ( 'NONE', *, *, #6702, .F. ) ;
#1356 = EDGE_CURVE ( 'NONE', #2122, #12000, #3252, .T. ) ;
#1357 = VECTOR ( 'NONE', #1656, 1000.000000000000000 ) ;
#1358 = AXIS2_PLACEMENT_3D ( 'NONE', #9943, #12969, #2832 ) ;
#1359 = ORIENTED_EDGE ( 'NONE', *, *, #10133, .T. ) ;
#1360 = FACE_OUTER_BOUND ( 'NONE', #2301, .T. ) ;
#1361 = CARTESIAN_POINT ( 'NONE',  ( 3.000000000000000888, 9.500000000000000000, 304.8000000000000114 ) ) ;
#1362 = CYLINDRICAL_SURFACE ( 'NONE', #8948, 2.999999999999999556 ) ;
#1363 = DIRECTION ( 'NONE',  ( -0.000000000000000000, -0.000000000000000000, -1.000000000000000000 ) ) ;
#1364 = EDGE_CURVE ( 'NONE', #10960, #2767, #1274, .T. ) ;
#1365 = CIRCLE ( 'NONE', #8130, 2.999999999999999556 ) ;
#1366 = DIRECTION ( 'NONE',  ( 0.000000000000000000, 0.000000000000000000, 1.000000000000000000 ) ) ;
#1367 = AXIS2_PLACEMENT_3D ( 'NONE', #9737, #652, #8739 ) ;
#1368 = EDGE_CURVE ( 'NONE', #7438, #640, #9440, .T. ) ;
#1369 = CARTESIAN_POINT ( 'NONE',  ( 7.924621202458747682, -5.249999999999995559, -24.77500000000004832 ) ) ;
#1370 = CARTESIAN_POINT ( 'NONE',  ( -3.000000000000000888, 7.924621202458751235, 304.8000000000000114 ) ) ;
#1371 = ORIENTED_EDGE ( 'NONE', *, *, #6334, .T. ) ;
#1372 = ORIENTED_EDGE ( 'NONE', *, *, #5845, .T. ) ;
#1373 = EDGE_CURVE ( 'NONE', #3374, #11732, #854, .T. ) ;
#1374 = CARTESIAN_POINT ( 'NONE',  ( -4.478679656440354151, -3.011165235168150378, 304.8000000000000114 ) ) ;
#1375 = ORIENTED_EDGE ( 'NONE', *, *, #7305, .F. ) ;
#1376 = CARTESIAN_POINT ( 'NONE',  ( 2.500000000000000444, 9.500000000000000000, 304.8000000000000114 ) ) ;
#1377 = LINE ( 'NONE', #5409, #32 ) ;
#1378 = ORIENTED_EDGE ( 'NONE', *, *, #6228, .F. ) ;
#1379 = ORIENTED_EDGE ( 'NONE', *, *, #11602, .F. ) ;
#1380 = EDGE_CURVE ( 'NONE', #3043, #6013, #9, .T. ) ;
#1381 = CARTESIAN_POINT ( 'NONE',  ( 9.500000000000000000, 2.500000000000000444, 304.8000000000000114 ) ) ;
#1382 = APPLICATION_CONTEXT ( 'automotive_design' ) ;
#1383 = LINE ( 'NONE', #4159, #5228 ) ;
#1384 = DIRECTION ( 'NONE',  ( -1.000000000000000000, 0.000000000000000000, 0.000000000000000000 ) ) ;
#1385 = ORIENTED_EDGE ( 'NONE', *, *, #4743, .T. ) ;
#1386 = ADVANCED_FACE ( 'NONE', ( #647 ), #4324, .F. ) ;
#1387 = DIRECTION ( 'NONE',  ( -1.000000000000000000, -4.873668131198272923E-16, 0.000000000000000000 ) ) ;
#1388 = DIRECTION ( 'NONE',  ( 1.000000000000000000, -3.304235192336776498E-16, 3.304235192336776498E-16 ) ) ;
#1389 = DIRECTION ( 'NONE',  ( -1.000000000000000000, 0.000000000000000000, 0.000000000000000000 ) ) ;
#1390 = CYLINDRICAL_SURFACE ( 'NONE', #4702, 0.5000000000000004441 ) ;
#1391 = CARTESIAN_POINT ( 'NONE',  ( 3.011165235168160592, 4.478679656440356815, 304.8000000000000114 ) ) ;
#1392 = PLANE ( 'NONE',  #12536 ) ;
#1393 = DIRECTION ( 'NONE',  ( 4.873668131198272923E-16, 1.000000000000000000, -0.000000000000000000 ) ) ;
#1394 = DIRECTION ( 'NONE',  ( 0.7071067811865474617, -0.7071067811865476838, 0.000000000000000000 ) ) ;
#1395 = DIRECTION ( 'NONE',  ( -1.000000000000000000, 0.000000000000000000, 0.000000000000000000 ) ) ;
#1396 = CARTESIAN_POINT ( 'NONE',  ( -3.000000000000000888, -8.424621202458752123, -104.7750000000000057 ) ) ;
#1397 = LINE ( 'NONE', #12515, #373 ) ;
#1398 = EDGE_CURVE ( 'NONE', #202, #10123, #12252, .T. ) ;
#1399 = EDGE_CURVE ( 'NONE', #1309, #1314, #11531, .T. ) ;
#1400 = ORIENTED_EDGE ( 'NONE', *, *, #1593, .F. ) ;
#1401 = EDGE_CURVE ( 'NONE', #7646, #4744, #7367, .T. ) ;
#1402 = VERTEX_POINT ( 'NONE', #11395 ) ;
#1403 = VECTOR ( 'NONE', #9549, 1000.000000000000000 ) ;
#1404 = VERTEX_POINT ( 'NONE', #5439 ) ;
#1405 = DIRECTION ( 'NONE',  ( -0.7071067811865474617, 0.7071067811865476838, 0.000000000000000000 ) ) ;
#1406 = CARTESIAN_POINT ( 'NONE',  ( -3.000000000000000888, -10.00000000000000000, 304.8000000000000114 ) ) ;
#1407 = FACE_OUTER_BOUND ( 'NONE', #13053, .T. ) ;
#1408 = PRODUCT_DEFINITION_SHAPE ( 'NONE', 'NONE',  #12779 ) ;
#1409 = CARTESIAN_POINT ( 'NONE',  ( 0.8898448916085185401, 3.600000000000000533, 304.8000000000000114 ) ) ;
#1410 = DIRECTION ( 'NONE',  ( -1.000000000000000000, 0.000000000000000000, 0.000000000000000000 ) ) ;
#1412 = AXIS2_PLACEMENT_3D ( 'NONE', #1629, #522, #457 ) ;
#1411 = CARTESIAN_POINT ( 'NONE',  ( -3.000000000000000888, -7.924621202458751235, 198.8000000000000398 ) ) ;
#1413 = CIRCLE ( 'NONE', #6696, 0.5000000000000013323 ) ;
#1414 = ORIENTED_EDGE ( 'NONE', *, *, #11162, .T. ) ;
#1415 = CARTESIAN_POINT ( 'NONE',  ( 8.250000000000000000, 8.250000000000000000, -24.77500000000004832 ) ) ;
#1416 = ORIENTED_EDGE ( 'NONE', *, *, #6186, .F. ) ;
#1417 = LINE ( 'NONE', #5453, #10422 ) ;
#1418 = CARTESIAN_POINT ( 'NONE',  ( -8.424621202458750346, 2.500000000000000000, 304.8000000000000114 ) ) ;
#1419 = VECTOR ( 'NONE', #12217, 1000.000000000000000 ) ;
#1420 = DIRECTION ( 'NONE',  ( -0.000000000000000000, 0.000000000000000000, 1.000000000000000000 ) ) ;
#1421 = AXIS2_PLACEMENT_3D ( 'NONE', #10152, #2902, #870 ) ;
#1422 = DIRECTION ( 'NONE',  ( -1.000000000000000000, 3.304235192336776498E-16, 0.000000000000000000 ) ) ;
#1423 = EDGE_LOOP ( 'NONE', ( #9129, #3084, #8223, #7708 ) ) ;
#1424 = CARTESIAN_POINT ( 'NONE',  ( -3.000000000000000888, -10.00000000000000000, 94.79999999999999716 ) ) ;
#1425 = CARTESIAN_POINT ( 'NONE',  ( 4.478679656440354151, 3.011165235168150378, 304.8000000000000114 ) ) ;
#1426 = ORIENTED_EDGE ( 'NONE', *, *, #7553, .F. ) ;
#1427 = DIRECTION ( 'NONE',  ( -0.000000000000000000, 0.000000000000000000, -1.000000000000000000 ) ) ;
#1428 = AXIS2_PLACEMENT_3D ( 'NONE', #12199, #8103, #4061 ) ;
#1429 = ORIENTED_EDGE ( 'NONE', *, *, #12595, .F. ) ;
#1430 = ORIENTED_EDGE ( 'NONE', *, *, #11042, .F. ) ;
#1431 = LINE ( 'NONE', #3532, #2086 ) ;
#1432 = ORIENTED_EDGE ( 'NONE', *, *, #988, .T. ) ;
#1433 = ADVANCED_FACE ( 'NONE', ( #10299 ), #2326, .F. ) ;
#1434 = CARTESIAN_POINT ( 'NONE',  ( -8.424621202458750346, 3.000000000000001332, -104.7750000000000057 ) ) ;
#1435 = CARTESIAN_POINT ( 'NONE',  ( 4.478679656440354151, -3.011165235168150378, 304.8000000000000114 ) ) ;
#1436 = ORIENTED_EDGE ( 'NONE', *, *, #682, .F. ) ;
#1437 = CYLINDRICAL_SURFACE ( 'NONE', #9771, 0.5000000000000013323 ) ;
#1438 = EDGE_CURVE ( 'NONE', #3389, #10723, #4750, .T. ) ;
#1439 = EDGE_LOOP ( 'NONE', ( #8155, #8695, #9736, #4990 ) ) ;
#1440 = VECTOR ( 'NONE', #6029, 1000.000000000000000 ) ;
#1441 = EDGE_CURVE ( 'NONE', #12681, #5484, #6995, .T. ) ;
#1442 = DIRECTION ( 'NONE',  ( -1.000000000000000000, 0.000000000000000000, 0.000000000000000000 ) ) ;
#1443 = DIRECTION ( 'NONE',  ( -0.000000000000000000, -0.000000000000000000, -1.000000000000000000 ) ) ;
#1444 = DIRECTION ( 'NONE',  ( 1.000000000000000000, -0.000000000000000000, -0.000000000000000000 ) ) ;
#1445 = ORIENTED_EDGE ( 'NONE', *, *, #22, .F. ) ;
#1446 = CARTESIAN_POINT ( 'NONE',  ( -8.250000000000000000, 10.00000000000000178, 94.79999999999999716 ) ) ;
#1447 = ADVANCED_FACE ( 'NONE', ( #13011 ), #12020, .F. ) ;
#1448 = CIRCLE ( 'NONE', #10554, 0.5000000000000008882 ) ;
#1449 = CARTESIAN_POINT ( 'NONE',  ( 3.000000000000000888, -8.424621202458752123, 304.8000000000000114 ) ) ;
#1450 = ORIENTED_EDGE ( 'NONE', *, *, #1994, .F. ) ;
#1451 = ORIENTED_EDGE ( 'NONE', *, *, #24, .F. ) ;
#1452 = DIRECTION ( 'NONE',  ( 8.065639195895846808E-16, -1.000000000000000000, 0.000000000000000000 ) ) ;
#1453 = EDGE_CURVE ( 'NONE', #6801, #761, #12877, .T. ) ;
#1454 = DIRECTION ( 'NONE',  ( 0.000000000000000000, -0.000000000000000000, -1.000000000000000000 ) ) ;
#1455 = VECTOR ( 'NONE', #9318, 1000.000000000000000 ) ;
#1456 = FACE_OUTER_BOUND ( 'NONE', #8172, .T. ) ;
#1457 = LINE ( 'NONE', #4374, #9836 ) ;
#1458 = CARTESIAN_POINT ( 'NONE',  ( -8.424621202458750346, -2.500000000000000000, 304.8000000000000114 ) ) ;
#1459 = CARTESIAN_POINT ( 'NONE',  ( 3.011165235168160592, -4.478679656440356815, -24.77500000000004832 ) ) ;
#1460 = CARTESIAN_POINT ( 'NONE',  ( 10.00000000000000000, 3.000000000000001332, 304.8000000000000114 ) ) ;
#1461 = EDGE_CURVE ( 'NONE', #4666, #12103, #11959, .T. ) ;
#1462 = VERTEX_POINT ( 'NONE', #12813 ) ;
#1463 = VERTEX_POINT ( 'NONE', #6732 ) ;
#1464 = AXIS2_PLACEMENT_3D ( 'NONE', #9175, #2067, #6117 ) ;
#1465 = ORIENTED_EDGE ( 'NONE', *, *, #3781, .F. ) ;
#1466 = ORIENTED_EDGE ( 'NONE', *, *, #1305, .F. ) ;
#1467 = DIRECTION ( 'NONE',  ( -0.000000000000000000, -0.000000000000000000, -1.000000000000000000 ) ) ;
#1468 = CARTESIAN_POINT ( 'NONE',  ( -2.499999999999999556, 8.424621202458752123, -24.77500000000004832 ) ) ;
#1469 = CARTESIAN_POINT ( 'NONE',  ( 2.499999999999999556, 8.424621202458752123, 304.8000000000000114 ) ) ;
#1470 = CARTESIAN_POINT ( 'NONE',  ( -3.000000000000000888, -8.424621202458752123, 304.8000000000000114 ) ) ;
#1471 = EDGE_CURVE ( 'NONE', #12908, #6093, #2939, .T. ) ;
#1472 = VECTOR ( 'NONE', #1843, 1000.000000000000000 ) ;
#1473 = CARTESIAN_POINT ( 'NONE',  ( -3.011165235168161924, -4.478679656440357704, -104.7750000000000057 ) ) ;
#1474 = VERTEX_POINT ( 'NONE', #841 ) ;
#1475 = DIRECTION ( 'NONE',  ( 0.000000000000000000, -1.000000000000000000, 0.000000000000000000 ) ) ;
#1476 = APPLICATION_CONTEXT ( 'automotive_design' ) ;
#1477 = ORIENTED_EDGE ( 'NONE', *, *, #4547, .T. ) ;
#1478 = LINE ( 'NONE', #4458, #9143 ) ;
#1479 = VECTOR ( 'NONE', #7104, 1000.000000000000000 ) ;
#1480 = FACE_BOUND ( 'NONE', #11072, .T. ) ;
#1481 = CYLINDRICAL_SURFACE ( 'NONE', #6615, 0.5000000000000008882 ) ;
#1482 = AXIS2_PLACEMENT_3D ( 'NONE', #2847, #12053, #1939 ) ;
#1483 = ADVANCED_FACE ( 'NONE', ( #1898 ), #5946, .F. ) ;
#1484 = DIRECTION ( 'NONE',  ( 0.000000000000000000, 1.000000000000000000, 0.000000000000000000 ) ) ;
#1485 = EDGE_CURVE ( 'NONE', #2858, #7920, #1773, .T. ) ;
#1486 = ADVANCED_FACE ( 'NONE', ( #2876 ), #12755, .F. ) ;
#1487 = CARTESIAN_POINT ( 'NONE',  ( 8.424621202458750346, -2.500000000000001332, -104.7750000000000057 ) ) ;
#1488 = VERTEX_POINT ( 'NONE', #7989 ) ;
#1489 = DIRECTION ( 'NONE',  ( -1.000000000000000000, -4.873668131198272923E-16, 0.000000000000000000 ) ) ;
#1490 = AXIS2_PLACEMENT_3D ( 'NONE', #366, #11405, #5388 ) ;
#1491 = AXIS2_PLACEMENT_3D ( 'NONE', #215, #295, #3314 ) ;
#1492 = ORIENTED_EDGE ( 'NONE', *, *, #917, .T. ) ;
#1493 = ORIENTED_EDGE ( 'NONE', *, *, #11994, .T. ) ;
#1494 = LINE ( 'NONE', #509, #8647 ) ;
#1495 = ORIENTED_EDGE ( 'NONE', *, *, #4236, .F. ) ;
#1496 = CARTESIAN_POINT ( 'NONE',  ( -2.500000000000000444, -9.500000000000000000, -104.7750000000000057 ) ) ;
#1497 = CARTESIAN_POINT ( 'NONE',  ( -9.999999999999998224, -8.250000000000000000, -24.77500000000004832 ) ) ;
#1498 = ORIENTED_EDGE ( 'NONE', *, *, #9555, .T. ) ;
#1499 = CARTESIAN_POINT ( 'NONE',  ( -7.071067811865473729, 5.603553390593270400, 198.8000000000000398 ) ) ;
#1500 = ORIENTED_EDGE ( 'NONE', *, *, #6932, .T. ) ;
#1501 = VECTOR ( 'NONE', #12089, 1000.000000000000000 ) ;
#1502 = VECTOR ( 'NONE', #9718, 1000.000000000000000 ) ;
#1503 = DIRECTION ( 'NONE',  ( -1.000000000000000000, 0.000000000000000000, 0.000000000000000000 ) ) ;
#1504 = PLANE ( 'NONE',  #7789 ) ;
#1505 = DIRECTION ( 'NONE',  ( -1.000000000000000000, 0.000000000000000000, 0.000000000000000000 ) ) ;
#1506 = ORIENTED_EDGE ( 'NONE', *, *, #8452, .T. ) ;
#1507 = FACE_OUTER_BOUND ( 'NONE', #8870, .T. ) ;
#1508 = PRODUCT_CONTEXT ( 'NONE', #8335, 'mechanical' ) ;
#1509 = AXIS2_PLACEMENT_3D ( 'NONE', #7252, #5454, #3333 ) ;
#1510 = AXIS2_PLACEMENT_3D ( 'NONE', #3735, #9911, #2733 ) ;
#1511 = EDGE_CURVE ( 'NONE', #6471, #4824, #10608, .T. ) ;
#1512 = CARTESIAN_POINT ( 'NONE',  ( -7.924621202458747682, 5.249999999999995559, 304.8000000000000114 ) ) ;
#1513 = EDGE_LOOP ( 'NONE', ( #8134, #6341, #11404, #8825 ) ) ;
#1514 = CARTESIAN_POINT ( 'NONE',  ( 3.000000000000000888, -10.00000000000000000, 304.8000000000000114 ) ) ;
#1515 = CIRCLE ( 'NONE', #2148, 0.5000000000000013323 ) ;
#1516 = CARTESIAN_POINT ( 'NONE',  ( -10.00000000000000000, 8.250000000000000000, 198.8000000000000398 ) ) ;
#1517 = EDGE_CURVE ( 'NONE', #11775, #5465, #3749, .T. ) ;
#1518 = VECTOR ( 'NONE', #3653, 1000.000000000000000 ) ;
#1519 = CARTESIAN_POINT ( 'NONE',  ( 7.071067811865473729, -5.603553390593270400, 198.8000000000000398 ) ) ;
#1520 = CARTESIAN_POINT ( 'NONE',  ( -10.00000000000000000, -3.000000000000001332, -20.77500000000004476 ) ) ;
#1521 = LINE ( 'NONE', #7677, #5846 ) ;
#1522 = CARTESIAN_POINT ( 'NONE',  ( -3.600000000000000089, 0.000000000000000000, 304.8000000000000114 ) ) ;
#1523 = EDGE_CURVE ( 'NONE', #12977, #233, #1702, .T. ) ;
#1524 = DIRECTION ( 'NONE',  ( -0.000000000000000000, 0.000000000000000000, -1.000000000000000000 ) ) ;
#1525 = AXIS2_PLACEMENT_3D ( 'NONE', #12498, #4231, #12431 ) ;
#1526 = EDGE_LOOP ( 'NONE', ( #4653, #8089, #10969, #11319 ) ) ;
#1527 = EDGE_CURVE ( 'NONE', #1835, #447, #4878, .T. ) ;
#1528 = ORIENTED_EDGE ( 'NONE', *, *, #5654, .T. ) ;
#1529 = VECTOR ( 'NONE', #8217, 1000.000000000000000 ) ;
#1530 = VECTOR ( 'NONE', #10286, 1000.000000000000000 ) ;
#1531 = LINE ( 'NONE', #10614, #11476 ) ;
#1532 = DIRECTION ( 'NONE',  ( 0.000000000000000000, -0.000000000000000000, -1.000000000000000000 ) ) ;
#1533 = ORIENTED_EDGE ( 'NONE', *, *, #10504, .F. ) ;
#1534 = CYLINDRICAL_SURFACE ( 'NONE', #12257, 0.5000000000000004441 ) ;
#1535 = EDGE_CURVE ( 'NONE', #8728, #10723, #8794, .T. ) ;
#1536 = CIRCLE ( 'NONE', #5987, 2.999999999999999556 ) ;
#1538 = VECTOR ( 'NONE', #12085, 1000.000000000000000 ) ;
#1537 = CYLINDRICAL_SURFACE ( 'NONE', #11751, 0.5000000000000008882 ) ;
#1539 = CARTESIAN_POINT ( 'NONE',  ( 0.8898448916085185401, -3.600000000000000533, 304.8000000000000114 ) ) ;
#1540 = ORIENTED_EDGE ( 'NONE', *, *, #7224, .F. ) ;
#1541 = CARTESIAN_POINT ( 'NONE',  ( -5.603553390593272177, -7.071067811865475505, 304.8000000000000114 ) ) ;
#1542 = ORIENTED_EDGE ( 'NONE', *, *, #9749, .T. ) ;
#1543 = VERTEX_POINT ( 'NONE', #11898 ) ;
#1544 = DIRECTION ( 'NONE',  ( 0.000000000000000000, 0.000000000000000000, -1.000000000000000000 ) ) ;
#1545 = AXIS2_PLACEMENT_3D ( 'NONE', #12437, #8483, #11452 ) ;
#1546 = VECTOR ( 'NONE', #2000, 1000.000000000000000 ) ;
#1547 = DIRECTION ( 'NONE',  ( -3.304235192336776498E-16, -1.000000000000000000, 0.000000000000000000 ) ) ;
#1548 = LINE ( 'NONE', #6705, #11060 ) ;
#1549 = DIRECTION ( 'NONE',  ( -1.000000000000000000, 0.000000000000000000, 0.000000000000000000 ) ) ;
#1550 = CIRCLE ( 'NONE', #6221, 2.999999999999999556 ) ;
#1551 = VERTEX_POINT ( 'NONE', #9926 ) ;
#1552 = CARTESIAN_POINT ( 'NONE',  ( 2.499999999999999556, 8.424621202458752123, 198.8000000000000398 ) ) ;
#1553 = VECTOR ( 'NONE', #206, 1000.000000000000000 ) ;
#1554 = ORIENTED_EDGE ( 'NONE', *, *, #7700, .F. ) ;
#1555 = VERTEX_POINT ( 'NONE', #10063 ) ;
#1556 = CARTESIAN_POINT ( 'NONE',  ( -3.000000000000000888, 10.00000000000000000, 304.8000000000000114 ) ) ;
#1557 = ORIENTED_EDGE ( 'NONE', *, *, #1441, .F. ) ;
#1558 = ORIENTED_EDGE ( 'NONE', *, *, #7364, .T. ) ;
#1559 = EDGE_CURVE ( 'NONE', #59, #10274, #2748, .T. ) ;
#1560 = EDGE_CURVE ( 'NONE', #2956, #3948, #6800, .T. ) ;
#1561 = DIRECTION ( 'NONE',  ( 0.000000000000000000, 0.000000000000000000, -1.000000000000000000 ) ) ;
#1562 = CARTESIAN_POINT ( 'NONE',  ( 2.149999999999999911, 1.284004426264853453E-14, 304.8000000000000114 ) ) ;
#1563 = ORIENTED_EDGE ( 'NONE', *, *, #410, .T. ) ;
#1564 = DIRECTION ( 'NONE',  ( -0.000000000000000000, -0.000000000000000000, -1.000000000000000000 ) ) ;
#1565 = AXIS2_PLACEMENT_3D ( 'NONE', #7813, #866, #3242 ) ;
#1566 = ORIENTED_EDGE ( 'NONE', *, *, #6700, .T. ) ;
#1567 = VECTOR ( 'NONE', #11357, 1000.000000000000000 ) ;
#1568 = CARTESIAN_POINT ( 'NONE',  ( -10.00000000000000000, 3.000000000000001332, -20.77500000000004476 ) ) ;
#1569 = CARTESIAN_POINT ( 'NONE',  ( 10.00000000000000000, 3.000000000000001332, 304.8000000000000114 ) ) ;
#1570 = CARTESIAN_POINT ( 'NONE',  ( 3.011165235168160592, -4.478679656440356815, 304.8000000000000114 ) ) ;
#1571 = VERTEX_POINT ( 'NONE', #6869 ) ;
#1572 = ORIENTED_EDGE ( 'NONE', *, *, #4759, .F. ) ;
#1573 = DIRECTION ( 'NONE',  ( 0.000000000000000000, -0.000000000000000000, -1.000000000000000000 ) ) ;
#1574 = CARTESIAN_POINT ( 'NONE',  ( 8.250000000000000000, 8.250000000000000000, 304.8000000000000114 ) ) ;
#1575 = ORIENTED_EDGE ( 'NONE', *, *, #6071, .T. ) ;
#1576 = VERTEX_POINT ( 'NONE', #10912 ) ;
#1577 = CARTESIAN_POINT ( 'NONE',  ( 4.478679656440354151, -3.011165235168150378, -24.77500000000004832 ) ) ;
#1578 = PLANE ( 'NONE',  #5769 ) ;
#1579 = LINE ( 'NONE', #4756, #11260 ) ;
#1580 = EDGE_CURVE ( 'NONE', #413, #11285, #1832, .T. ) ;
#1581 = CARTESIAN_POINT ( 'NONE',  ( 3.599999999999997424, -0.8898448916085081040, -20.77500000000004476 ) ) ;
#1582 = FACE_OUTER_BOUND ( 'NONE', #10880, .T. ) ;
#1583 = DIRECTION ( 'NONE',  ( 1.000000000000000000, 4.873668131198272923E-16, 0.000000000000000000 ) ) ;
#1584 = DIRECTION ( 'NONE',  ( -0.7071067811865474617, -0.7071067811865476838, 0.000000000000000000 ) ) ;
#1585 = DIRECTION ( 'NONE',  ( 0.000000000000000000, 0.000000000000000000, -1.000000000000000000 ) ) ;
#1586 = VERTEX_POINT ( 'NONE', #9131 ) ;
#1587 = VERTEX_POINT ( 'NONE', #9339 ) ;
#1588 = ADVANCED_FACE ( 'NONE', ( #127 ), #2166, .F. ) ;
#1589 = CARTESIAN_POINT ( 'NONE',  ( -7.424621202458747682, -5.249999999999995559, 304.8000000000000114 ) ) ;
#1590 = DIRECTION ( 'NONE',  ( 1.000000000000000000, 4.873668131198272923E-16, 0.000000000000000000 ) ) ;
#1591 = EDGE_CURVE ( 'NONE', #4013, #7476, #3392, .T. ) ;
#1592 = LINE ( 'NONE', #1409, #4021 ) ;
#1593 = EDGE_CURVE ( 'NONE', #5997, #5908, #9969, .T. ) ;
#1594 = DIRECTION ( 'NONE',  ( -0.000000000000000000, -0.000000000000000000, -1.000000000000000000 ) ) ;
#1595 = CARTESIAN_POINT ( 'NONE',  ( -2.150000000000025224, 1.257674520083185143E-14, -20.77500000000004476 ) ) ;
#1596 = ORIENTED_EDGE ( 'NONE', *, *, #10677, .F. ) ;
#1597 = CYLINDRICAL_SURFACE ( 'NONE', #13026, 2.150000000000012790 ) ;
#1598 = ORIENTED_EDGE ( 'NONE', *, *, #5350, .T. ) ;
#1599 = CIRCLE ( 'NONE', #13035, 0.4999999999999995559 ) ;
#1600 = EDGE_CURVE ( 'NONE', #6107, #3996, #10130, .T. ) ;
#1601 = LINE ( 'NONE', #2657, #12687 ) ;
#1602 = FACE_OUTER_BOUND ( 'NONE', #5890, .T. ) ;
#1603 = DIRECTION ( 'NONE',  ( -1.000000000000000000, 3.304235192336776498E-16, 0.000000000000000000 ) ) ;
#1604 = PLANE ( 'NONE',  #5381 ) ;
#1605 = AXIS2_PLACEMENT_3D ( 'NONE', #12841, #4711, #3644 ) ;
#1606 = ADVANCED_FACE ( 'NONE', ( #258 ), #10273, .F. ) ;
#1607 = LINE ( 'NONE', #9842, #9949 ) ;
#1608 = ORIENTED_EDGE ( 'NONE', *, *, #12916, .T. ) ;
#1609 = DIRECTION ( 'NONE',  ( -0.000000000000000000, 0.000000000000000000, -1.000000000000000000 ) ) ;
#1610 = ORIENTED_EDGE ( 'NONE', *, *, #6854, .F. ) ;
#1611 = VERTEX_POINT ( 'NONE', #9274 ) ;
#1612 = FACE_OUTER_BOUND ( 'NONE', #385, .T. ) ;
#1613 = ORIENTED_EDGE ( 'NONE', *, *, #11024, .F. ) ;
#1614 = ORIENTED_EDGE ( 'NONE', *, *, #2021, .T. ) ;
#1615 = EDGE_CURVE ( 'NONE', #9425, #10216, #11306, .T. ) ;
#1616 = AXIS2_PLACEMENT_3D ( 'NONE', #4627, #6809, #3627 ) ;
#1617 = VECTOR ( 'NONE', #4969, 1000.000000000000000 ) ;
#1618 = LINE ( 'NONE', #5661, #7219 ) ;
#1619 = DIRECTION ( 'NONE',  ( -1.000000000000000000, 3.304235192336776498E-16, 0.000000000000000000 ) ) ;
#1620 = EDGE_LOOP ( 'NONE', ( #4031, #367, #7049, #5570 ) ) ;
#1621 = LINE ( 'NONE', #12741, #10819 ) ;
#1622 = ORIENTED_EDGE ( 'NONE', *, *, #11708, .F. ) ;
#1623 = CARTESIAN_POINT ( 'NONE',  ( -3.000000000000000888, 10.00000000000000000, 304.8000000000000114 ) ) ;
#1624 = EDGE_CURVE ( 'NONE', #11284, #6471, #1039, .T. ) ;
#1625 = EDGE_CURVE ( 'NONE', #2197, #4811, #11015, .T. ) ;
#1626 = CIRCLE ( 'NONE', #7351, 0.5000000000000004441 ) ;
#1627 = DIRECTION ( 'NONE',  ( 0.000000000000000000, 0.000000000000000000, -1.000000000000000000 ) ) ;
#1628 = VECTOR ( 'NONE', #4519, 1000.000000000000000 ) ;
#1629 = CARTESIAN_POINT ( 'NONE',  ( 7.071067811865473729, 5.603553390593270400, 304.8000000000000114 ) ) ;
#1630 = ORIENTED_EDGE ( 'NONE', *, *, #8485, .F. ) ;
#1631 = DIRECTION ( 'NONE',  ( -8.065639195895846808E-16, -1.000000000000000000, 0.000000000000000000 ) ) ;
#1632 = DIRECTION ( 'NONE',  ( 1.000000000000000000, 0.000000000000000000, 0.000000000000000000 ) ) ;
#1633 = CARTESIAN_POINT ( 'NONE',  ( 6.599999999999996092, -0.8898448916085081040, 304.8000000000000114 ) ) ;
#1634 = AXIS2_PLACEMENT_3D ( 'NONE', #10309, #1221, #3191 ) ;
#1635 = EDGE_LOOP ( 'NONE', ( #5551, #5546, #4864, #11005 ) ) ;
#1636 = ORIENTED_EDGE ( 'NONE', *, *, #11862, .T. ) ;
#1637 = ORIENTED_EDGE ( 'NONE', *, *, #4320, .F. ) ;
#1638 = DIRECTION ( 'NONE',  ( 0.000000000000000000, -1.000000000000000000, 0.000000000000000000 ) ) ;
#1639 = FACE_OUTER_BOUND ( 'NONE', #12880, .T. ) ;
#1640 = ADVANCED_FACE ( 'NONE', ( #1112 ), #6279, .F. ) ;
#1641 = ADVANCED_FACE ( 'NONE', ( #12292 ), #2300, .F. ) ;
#1642 = CARTESIAN_POINT ( 'NONE',  ( -0.8898448916085185401, 6.599999999999999645, 304.8000000000000114 ) ) ;
#1643 = CARTESIAN_POINT ( 'NONE',  ( -3.000000000000000888, -10.00000000000000000, 304.8000000000000114 ) ) ;
#1644 = FACE_OUTER_BOUND ( 'NONE', #6628, .T. ) ;
#1646 = AXIS2_PLACEMENT_3D ( 'NONE', #7739, #12637, #1715 ) ;
#1645 = LINE ( 'NONE', #5687, #4225 ) ;
#1647 = DIRECTION ( 'NONE',  ( -0.000000000000000000, -0.000000000000000000, -1.000000000000000000 ) ) ;
#1648 = LINE ( 'NONE', #1786, #8931 ) ;
#1649 = ORIENTED_EDGE ( 'NONE', *, *, #10715, .F. ) ;
#1650 = PRODUCT_DEFINITION_CONTEXT ( 'detailed design', #2044, 'design' ) ;
#1651 = ORIENTED_EDGE ( 'NONE', *, *, #6383, .T. ) ;
#1652 = VERTEX_POINT ( 'NONE', #1246 ) ;
#1653 = DIRECTION ( 'NONE',  ( -2.924200878718996689E-15, 1.000000000000000000, 0.000000000000000000 ) ) ;
#1654 = CARTESIAN_POINT ( 'NONE',  ( 8.424621202458750346, -3.000000000000001332, 304.8000000000000114 ) ) ;
#1655 = DIRECTION ( 'NONE',  ( 1.000000000000000000, -3.304235192336776498E-16, 0.000000000000000000 ) ) ;
#1656 = DIRECTION ( 'NONE',  ( 0.7071067811865474617, -0.7071067811865476838, 0.000000000000000000 ) ) ;
#1657 = EDGE_LOOP ( 'NONE', ( #9369, #8905, #10745, #12341 ) ) ;
#1658 = EDGE_CURVE ( 'NONE', #2357, #380, #11649, .T. ) ;
#1659 = CARTESIAN_POINT ( 'NONE',  ( -3.011165235168160592, 4.478679656440356815, 304.8000000000000114 ) ) ;
#1660 = FACE_OUTER_BOUND ( 'NONE', #11312, .T. ) ;
#1661 = ORIENTED_EDGE ( 'NONE', *, *, #12751, .F. ) ;
#1662 = DIRECTION ( 'NONE',  ( 0.000000000000000000, -1.000000000000000000, -0.000000000000000000 ) ) ;
#1663 = AXIS2_PLACEMENT_3D ( 'NONE', #12927, #35, #9104 ) ;
#1664 = EDGE_LOOP ( 'NONE', ( #5745, #2158, #8467, #2711 ) ) ;
#1665 = EDGE_CURVE ( 'NONE', #9132, #10945, #6573, .T. ) ;
#1666 = CARTESIAN_POINT ( 'NONE',  ( 0.8898448916085185401, -3.600000000000000533, -24.77500000000004832 ) ) ;
#1667 = ADVANCED_FACE ( 'NONE', ( #8133 ), #5009, .F. ) ;
#1668 = CARTESIAN_POINT ( 'NONE',  ( -7.924621202458747682, 5.249999999999995559, 304.8000000000000114 ) ) ;
#1669 = LINE ( 'NONE', #812, #7262 ) ;
#1670 = FACE_OUTER_BOUND ( 'NONE', #11034, .T. ) ;
#1671 = AXIS2_PLACEMENT_3D ( 'NONE', #11663, #6694, #8761 ) ;
#1672 = ADVANCED_FACE ( 'NONE', ( #5143 ), #6344, .T. ) ;
#1673 = DIRECTION ( 'NONE',  ( -0.7071067811865474617, -0.7071067811865476838, 0.000000000000000000 ) ) ;
#1674 = ORIENTED_EDGE ( 'NONE', *, *, #10205, .T. ) ;
#1675 = CYLINDRICAL_SURFACE ( 'NONE', #3732, 2.999999999999999556 ) ;
#1676 = ORIENTED_EDGE ( 'NONE', *, *, #3983, .F. ) ;
#1677 = ORIENTED_EDGE ( 'NONE', *, *, #12241, .T. ) ;
#1678 = EDGE_CURVE ( 'NONE', #2424, #12977, #7069, .T. ) ;
#1679 = DIRECTION ( 'NONE',  ( -1.000000000000000000, -0.000000000000000000, -0.000000000000000000 ) ) ;
#1680 = ORIENTED_EDGE ( 'NONE', *, *, #5639, .F. ) ;
#1681 = ORIENTED_EDGE ( 'NONE', *, *, #10693, .F. ) ;
#1682 = AXIS2_PLACEMENT_3D ( 'NONE', #12903, #3973, #3839 ) ;
#1683 = DIRECTION ( 'NONE',  ( -1.000000000000000000, 0.000000000000000000, 0.000000000000000000 ) ) ;
#1684 = EDGE_CURVE ( 'NONE', #7920, #765, #7134, .T. ) ;
#1685 = CARTESIAN_POINT ( 'NONE',  ( 10.00000000000000000, -8.250000000000000000, 304.8000000000000114 ) ) ;
#1686 = ORIENTED_EDGE ( 'NONE', *, *, #947, .T. ) ;
#1687 = DIRECTION ( 'NONE',  ( -3.304235192336776005E-16, 1.000000000000000000, 0.000000000000000000 ) ) ;
#1688 = EDGE_LOOP ( 'NONE', ( #11925, #11903, #5001, #8029 ) ) ;
#1689 = CARTESIAN_POINT ( 'NONE',  ( 3.000000000000000888, 7.924621202458751235, 304.8000000000000114 ) ) ;
#1690 = ADVANCED_FACE ( 'NONE', ( #3412 ), #10582, .F. ) ;
#1691 = AXIS2_PLACEMENT_3D ( 'NONE', #9901, #7638, #5590 ) ;
#1692 = VECTOR ( 'NONE', #6248, 1000.000000000000000 ) ;
#1693 = CARTESIAN_POINT ( 'NONE',  ( 10.00000000000000000, 8.250000000000000000, 94.79999999999999716 ) ) ;
#1694 = VECTOR ( 'NONE', #2459, 1000.000000000000000 ) ;
#1695 = FACE_OUTER_BOUND ( 'NONE', #2799, .T. ) ;
#1696 = VERTEX_POINT ( 'NONE', #11688 ) ;
#1697 = LINE ( 'NONE', #4746, #10138 ) ;
#1698 = ITEM_DEFINED_TRANSFORMATION ( 'NONE', 'NONE', #2773,  #3417 ) ;
#1699 = CARTESIAN_POINT ( 'NONE',  ( -7.071067811865473729, 5.603553390593270400, 304.8000000000000114 ) ) ;
#1700 = AXIS2_PLACEMENT_3D ( 'NONE', #5837, #8691, #9893 ) ;
#1701 = VECTOR ( 'NONE', #8533, 1000.000000000000000 ) ;
#1702 = LINE ( 'NONE', #7856, #3182 ) ;
#1703 = ORIENTED_EDGE ( 'NONE', *, *, #6887, .T. ) ;
#1704 = CIRCLE ( 'NONE', #6567, 0.5000000000000004441 ) ;
#1705 = EDGE_LOOP ( 'NONE', ( #703, #3859, #7310, #976 ) ) ;
#1706 = ORIENTED_EDGE ( 'NONE', *, *, #12534, .T. ) ;
#1707 = CARTESIAN_POINT ( 'NONE',  ( -8.424621202458750346, -2.500000000000000000, 304.8000000000000114 ) ) ;
#1708 = CARTESIAN_POINT ( 'NONE',  ( 3.000000000000000888, 9.500000000000000000, 304.8000000000000114 ) ) ;
#1709 = DIRECTION ( 'NONE',  ( 0.7071067811865465735, 0.7071067811865483499, 0.000000000000000000 ) ) ;
#1710 = DIRECTION ( 'NONE',  ( -0.000000000000000000, -0.000000000000000000, -1.000000000000000000 ) ) ;
#1711 = DIRECTION ( 'NONE',  ( 0.000000000000000000, 0.000000000000000000, -1.000000000000000000 ) ) ;
#1712 = VECTOR ( 'NONE', #2925, 1000.000000000000000 ) ;
#1713 = DIRECTION ( 'NONE',  ( -0.000000000000000000, -0.000000000000000000, -1.000000000000000000 ) ) ;
#1714 = VECTOR ( 'NONE', #11622, 1000.000000000000000 ) ;
#1715 = DIRECTION ( 'NONE',  ( -1.000000000000000000, 0.000000000000000000, 0.000000000000000000 ) ) ;
#1716 = ORIENTED_EDGE ( 'NONE', *, *, #3820, .T. ) ;
#1717 = ORIENTED_EDGE ( 'NONE', *, *, #8206, .F. ) ;
#1718 = EDGE_CURVE ( 'NONE', #10925, #6212, #11444, .T. ) ;
#1719 = ORIENTED_EDGE ( 'NONE', *, *, #8080, .F. ) ;
#1720 = EDGE_CURVE ( 'NONE', #40, #7127, #1377, .T. ) ;
#1721 = CIRCLE ( 'NONE', #10418, 1.749999999999999778 ) ;
#1722 = PLANE ( 'NONE',  #12309 ) ;
#1723 = CIRCLE ( 'NONE', #5093, 0.5000000000000013323 ) ;
#1724 = DIRECTION ( 'NONE',  ( -0.000000000000000000, 0.000000000000000000, -1.000000000000000000 ) ) ;
#1725 = VECTOR ( 'NONE', #12068, 1000.000000000000000 ) ;
#1726 = CARTESIAN_POINT ( 'NONE',  ( -5.249999999999997335, -7.424621202458749458, 198.8000000000000398 ) ) ;
#1727 = DIRECTION ( 'NONE',  ( -0.000000000000000000, 0.000000000000000000, -1.000000000000000000 ) ) ;
#1728 = AXIS2_PLACEMENT_3D ( 'NONE', #6356, #3358, #1256 ) ;
#1729 = CARTESIAN_POINT ( 'NONE',  ( 7.924621202458747682, -5.249999999999995559, -24.77500000000004832 ) ) ;
#1730 = CARTESIAN_POINT ( 'NONE',  ( 9.500000000000000000, -2.500000000000000444, 304.8000000000000114 ) ) ;
#1731 = ORIENTED_EDGE ( 'NONE', *, *, #4949, .F. ) ;
#1732 = AXIS2_PLACEMENT_3D ( 'NONE', #9485, #2113, #6439 ) ;
#1733 = CARTESIAN_POINT ( 'NONE',  ( -3.011165235168160592, 4.478679656440357704, 304.8000000000000114 ) ) ;
#1734 = AXIS2_PLACEMENT_3D ( 'NONE', #7368, #2327, #4512 ) ;
#1735 = ORIENTED_EDGE ( 'NONE', *, *, #11150, .F. ) ;
#1736 = DIRECTION ( 'NONE',  ( -0.000000000000000000, -0.000000000000000000, -1.000000000000000000 ) ) ;
#1737 = CARTESIAN_POINT ( 'NONE',  ( -1.257674520083185143E-14, 1.257674520083185143E-14, 304.8000000000000114 ) ) ;
#1738 = CARTESIAN_POINT ( 'NONE',  ( -3.000000000000000888, -7.924621202458751235, 304.8000000000000114 ) ) ;
#1739 = AXIS2_PLACEMENT_3D ( 'NONE', #1470, #4516, #7559 ) ;
#1740 = LINE ( 'NONE', #10947, #10797 ) ;
#1741 = AXIS2_PLACEMENT_3D ( 'NONE', #9628, #7809, #10872 ) ;
#1742 = CIRCLE ( 'NONE', #2780, 0.5000000000000004441 ) ;
#1743 = EDGE_CURVE ( 'NONE', #1402, #10348, #12419, .T. ) ;
#1744 = LINE ( 'NONE', #4652, #8884 ) ;
#1745 = ORIENTED_EDGE ( 'NONE', *, *, #4822, .F. ) ;
#1746 = PLANE ( 'NONE',  #12627 ) ;
#1747 = ORIENTED_EDGE ( 'NONE', *, *, #3738, .F. ) ;
#1748 = VERTEX_POINT ( 'NONE', #6531 ) ;
#1749 = CARTESIAN_POINT ( 'NONE',  ( 10.00000000000000000, 3.000000000000001332, 304.8000000000000114 ) ) ;
#1750 = AXIS2_PLACEMENT_3D ( 'NONE', #6364, #2504, #10419 ) ;
#1751 = ORIENTED_EDGE ( 'NONE', *, *, #7899, .T. ) ;
#1752 = ORIENTED_EDGE ( 'NONE', *, *, #8251, .T. ) ;
#1753 = VECTOR ( 'NONE', #749, 1000.000000000000000 ) ;
#1754 = ORIENTED_EDGE ( 'NONE', *, *, #429, .F. ) ;
#1755 = CARTESIAN_POINT ( 'NONE',  ( -3.000000000000000888, 7.924621202458751235, 198.8000000000000398 ) ) ;
#1756 = ADVANCED_FACE ( 'NONE', ( #2616 ), #9653, .T. ) ;
#1757 = CARTESIAN_POINT ( 'NONE',  ( -1.257674520083185143E-14, 1.257674520083185143E-14, 304.8000000000000114 ) ) ;
#1758 = VERTEX_POINT ( 'NONE', #1497 ) ;
#1759 = CARTESIAN_POINT ( 'NONE',  ( 3.000000000000000888, -7.924621202458751235, 304.8000000000000114 ) ) ;
#1760 = ORIENTED_EDGE ( 'NONE', *, *, #12833, .F. ) ;
#1761 = EDGE_CURVE ( 'NONE', #10523, #4535, #5536, .T. ) ;
#1762 = VECTOR ( 'NONE', #3208, 1000.000000000000000 ) ;
#1763 = LINE ( 'NONE', #5733, #9817 ) ;
#1764 = VECTOR ( 'NONE', #8563, 1000.000000000000000 ) ;
#1765 = EDGE_CURVE ( 'NONE', #3780, #8104, #4607, .T. ) ;
#1766 = CYLINDRICAL_SURFACE ( 'NONE', #6502, 0.5000000000000008882 ) ;
#1767 = EDGE_LOOP ( 'NONE', ( #3553, #1636, #11343, #6425, #11940, #692, #5870, #1716, #12164, #11843, #3816, #8123, #2069, #5416, #5498, #11362, #7365, #3564, #12132, #5875, #1142, #10502, #2488, #2821, #7399, #10830, #10811, #7088, #7808, #4332, #8966, #3514, #10500, #3474, #12304, #3592, #5856, #6934, #444, #12982, #7029, #6217, #9208, #8210, #3212, #6232, #9520, #4700, #9586, #4745, #2376, #62, #5583, #6697, #12545, #9688, #5665, #4466, #5202, #7460, #9556, #4406, #11951, #5277, #11738, #4569, #10680, #3649, #12161, #10586, #9791, #5580 ) ) ;
#1768 = CARTESIAN_POINT ( 'NONE',  ( -8.250000000000000000, -10.00000000000000178, 304.8000000000000114 ) ) ;
#1769 = DIRECTION ( 'NONE',  ( 0.000000000000000000, 1.000000000000000000, 0.000000000000000000 ) ) ;
#1770 = VECTOR ( 'NONE', #6, 1000.000000000000000 ) ;
#1772 = EDGE_CURVE ( 'NONE', #3152, #1826, #4353, .T. ) ;
#1771 = AXIS2_PLACEMENT_3D ( 'NONE', #2187, #8005, #6238 ) ;
#1773 = LINE ( 'NONE', #7725, #5731 ) ;
#1774 = ORIENTED_EDGE ( 'NONE', *, *, #9638, .T. ) ;
#1775 = ORIENTED_EDGE ( 'NONE', *, *, #10492, .F. ) ;
#1776 = ORIENTED_EDGE ( 'NONE', *, *, #8159, .F. ) ;
#1777 = DIRECTION ( 'NONE',  ( -0.000000000000000000, -0.000000000000000000, -1.000000000000000000 ) ) ;
#1778 = CARTESIAN_POINT ( 'NONE',  ( -1.257674520083185143E-14, 1.257674520083185143E-14, 304.8000000000000114 ) ) ;
#1779 = LINE ( 'NONE', #9066, #1957 ) ;
#1780 = ADVANCED_FACE ( 'NONE', ( #4541 ), #384, .F. ) ;
#1781 = FACE_OUTER_BOUND ( 'NONE', #2042, .T. ) ;
#1782 = VECTOR ( 'NONE', #3367, 1000.000000000000000 ) ;
#1783 = DIRECTION ( 'NONE',  ( 0.000000000000000000, 0.000000000000000000, 1.000000000000000000 ) ) ;
#1784 = LINE ( 'NONE', #8252, #5291 ) ;
#1785 = LINE ( 'NONE', #10440, #3113 ) ;
#1786 = CARTESIAN_POINT ( 'NONE',  ( -7.071067811865473729, -5.603553390593270400, 304.8000000000000114 ) ) ;
#1787 = ORIENTED_EDGE ( 'NONE', *, *, #6327, .T. ) ;
#1788 = ORIENTED_EDGE ( 'NONE', *, *, #393, .T. ) ;
#1789 = VERTEX_POINT ( 'NONE', #8465 ) ;
#1790 = DIRECTION ( 'NONE',  ( -0.000000000000000000, 0.000000000000000000, -1.000000000000000000 ) ) ;
#1791 = CARTESIAN_POINT ( 'NONE',  ( -8.250000000000000000, 10.00000000000000178, 304.8000000000000114 ) ) ;
#1792 = CARTESIAN_POINT ( 'NONE',  ( 0.8898448916085185401, 6.599999999999999645, -104.7750000000000057 ) ) ;
#1793 = CARTESIAN_POINT ( 'NONE',  ( 6.599999999999996092, 0.8898448916085081040, -104.7750000000000057 ) ) ;
#1794 = EDGE_CURVE ( 'NONE', #5054, #4208, #9118, .T. ) ;
#1796 = ADVANCED_FACE ( 'NONE', ( #571 ), #12613, .F. ) ;
#1795 = DIRECTION ( 'NONE',  ( 3.304235192336776005E-16, 1.000000000000000000, -0.000000000000000000 ) ) ;
#1797 = DIRECTION ( 'NONE',  ( 0.000000000000000000, -0.000000000000000000, -1.000000000000000000 ) ) ;
#1798 = EDGE_CURVE ( 'NONE', #13005, #7392, #6477, .T. ) ;
#1799 = ORIENTED_EDGE ( 'NONE', *, *, #1052, .F. ) ;
#1800 = DIRECTION ( 'NONE',  ( 1.000000000000000000, 0.000000000000000000, 0.000000000000000000 ) ) ;
#1801 = EDGE_LOOP ( 'NONE', ( #6411, #11268, #12138, #7245 ) ) ;
#1802 = CARTESIAN_POINT ( 'NONE',  ( -8.424621202458750346, 3.000000000000001332, 304.8000000000000114 ) ) ;
#1803 = DIRECTION ( 'NONE',  ( 0.000000000000000000, 0.000000000000000000, -1.000000000000000000 ) ) ;
#1804 = CARTESIAN_POINT ( 'NONE',  ( 8.250000000000000000, 8.250000000000000000, 304.8000000000000114 ) ) ;
#1805 = DIRECTION ( 'NONE',  ( 8.065639195895846808E-16, 1.000000000000000000, 0.000000000000000000 ) ) ;
#1806 = EDGE_CURVE ( 'NONE', #11013, #465, #6596, .T. ) ;
#1807 = CARTESIAN_POINT ( 'NONE',  ( 5.603553390593272177, -7.071067811865475505, 304.8000000000000114 ) ) ;
#1808 = ORIENTED_EDGE ( 'NONE', *, *, #11156, .F. ) ;
#1809 = DIRECTION ( 'NONE',  ( 0.7071067811865474617, 0.7071067811865476838, 0.000000000000000000 ) ) ;
#1810 = ORIENTED_EDGE ( 'NONE', *, *, #5579, .F. ) ;
#1811 = ORIENTED_EDGE ( 'NONE', *, *, #8806, .T. ) ;
#1812 = CARTESIAN_POINT ( 'NONE',  ( 9.500000000000000000, -3.000000000000001332, -24.77500000000004832 ) ) ;
#1813 = VERTEX_POINT ( 'NONE', #1435 ) ;
#1814 = ORIENTED_EDGE ( 'NONE', *, *, #7935, .F. ) ;
#1815 = ORIENTED_EDGE ( 'NONE', *, *, #9643, .T. ) ;
#1816 = DIRECTION ( 'NONE',  ( -0.000000000000000000, -0.000000000000000000, -1.000000000000000000 ) ) ;
#1817 = CARTESIAN_POINT ( 'NONE',  ( -3.011165235168161924, -4.478679656440357704, -20.77500000000004476 ) ) ;
#1818 = ORIENTED_EDGE ( 'NONE', *, *, #7515, .T. ) ;
#1819 = AXIS2_PLACEMENT_3D ( 'NONE', #7021, #2836, #1137 ) ;
#1820 = CARTESIAN_POINT ( 'NONE',  ( 7.924621202458747682, -5.249999999999995559, 304.8000000000000114 ) ) ;
#1821 = ORIENTED_EDGE ( 'NONE', *, *, #9082, .F. ) ;
#1822 = DIRECTION ( 'NONE',  ( -0.000000000000000000, -0.000000000000000000, -1.000000000000000000 ) ) ;
#1824 = EDGE_CURVE ( 'NONE', #9448, #11235, #10651, .T. ) ;
#1823 = CARTESIAN_POINT ( 'NONE',  ( 7.924621202458749458, -3.000000000000001332, 304.8000000000000114 ) ) ;
#1825 = CIRCLE ( 'NONE', #7743, 0.5000000000000008882 ) ;
#1826 = VERTEX_POINT ( 'NONE', #9523 ) ;
#1827 = VECTOR ( 'NONE', #10998, 1000.000000000000000 ) ;
#1828 = DIRECTION ( 'NONE',  ( 0.000000000000000000, 0.000000000000000000, -1.000000000000000000 ) ) ;
#1829 = CONTEXT_DEPENDENT_SHAPE_REPRESENTATION ( #12966, #7637 ) ;
#1830 = EDGE_CURVE ( 'NONE', #10952, #6716, #449, .T. ) ;
#1831 = LINE ( 'NONE', #4807, #11651 ) ;
#1832 = LINE ( 'NONE', #9207, #12061 ) ;
#1833 = EDGE_LOOP ( 'NONE', ( #7910, #2738, #8840, #10578 ) ) ;
#1834 = EDGE_CURVE ( 'NONE', #8738, #9382, #12553, .T. ) ;
#1835 = VERTEX_POINT ( 'NONE', #6660 ) ;
#1836 = AXIS2_PLACEMENT_3D ( 'NONE', #10907, #8921, #12080 ) ;
#1837 = FACE_OUTER_BOUND ( 'NONE', #5626, .T. ) ;
#1838 = VECTOR ( 'NONE', #10558, 1000.000000000000000 ) ;
#1839 = DIRECTION ( 'NONE',  ( -0.000000000000000000, -0.000000000000000000, -1.000000000000000000 ) ) ;
#1840 = SURFACE_SIDE_STYLE ('',( #10002 ) ) ;
#1842 = ADVANCED_FACE ( 'NONE', ( #7715 ), #5662, .T. ) ;
#1841 = CARTESIAN_POINT ( 'NONE',  ( 7.071067811865473729, 5.603553390593270400, 304.8000000000000114 ) ) ;
#1843 = DIRECTION ( 'NONE',  ( -0.000000000000000000, -0.000000000000000000, -1.000000000000000000 ) ) ;
#1844 = CARTESIAN_POINT ( 'NONE',  ( -7.924621202458747682, -5.249999999999995559, -24.77500000000004832 ) ) ;
#1845 = ORIENTED_EDGE ( 'NONE', *, *, #11141, .T. ) ;
#1846 = CIRCLE ( 'NONE', #9277, 2.999999999999999112 ) ;
#1847 = ORIENTED_EDGE ( 'NONE', *, *, #11745, .F. ) ;
#1848 = EDGE_CURVE ( 'NONE', #9020, #11239, #12280, .T. ) ;
#1849 = DIRECTION ( 'NONE',  ( 0.7071067811865484609, -0.7071067811865466846, 0.000000000000000000 ) ) ;
#1850 = DIRECTION ( 'NONE',  ( -3.304235192336776005E-16, -1.000000000000000000, 0.000000000000000000 ) ) ;
#1851 = CARTESIAN_POINT ( 'NONE',  ( 3.000000000000000888, 10.00000000000000000, 304.8000000000000114 ) ) ;
#1852 = VECTOR ( 'NONE', #9535, 1000.000000000000000 ) ;
#1853 = CARTESIAN_POINT ( 'NONE',  ( -5.249999999999997335, -7.424621202458749458, 304.8000000000000114 ) ) ;
#1854 = CARTESIAN_POINT ( 'NONE',  ( 8.250000000000000000, 10.00000000000000178, 304.8000000000000114 ) ) ;
#1855 = LINE ( 'NONE', #994, #10716 ) ;
#1856 = DIRECTION ( 'NONE',  ( 0.000000000000000000, 0.000000000000000000, -1.000000000000000000 ) ) ;
#1857 = ORIENTED_EDGE ( 'NONE', *, *, #917, .F. ) ;
#1858 = ORIENTED_EDGE ( 'NONE', *, *, #2996, .F. ) ;
#1859 = DIRECTION ( 'NONE',  ( -1.000000000000000000, -3.304235192336776005E-16, 0.000000000000000000 ) ) ;
#1860 = ORIENTED_EDGE ( 'NONE', *, *, #4032, .F. ) ;
#1861 = AXIS2_PLACEMENT_3D ( 'NONE', #3232, #7280, #1255 ) ;
#1862 = DIRECTION ( 'NONE',  ( 3.304235192336776498E-16, -1.000000000000000000, 0.000000000000000000 ) ) ;
#1863 = EDGE_CURVE ( 'NONE', #9491, #12831, #8275, .T. ) ;
#1864 = CYLINDRICAL_SURFACE ( 'NONE', #5331, 0.5000000000000004441 ) ;
#1865 = ORIENTED_EDGE ( 'NONE', *, *, #12482, .F. ) ;
#1866 = LINE ( 'NONE', #3719, #8538 ) ;
#1867 = DIRECTION ( 'NONE',  ( 0.000000000000000000, -1.000000000000000000, 0.000000000000000000 ) ) ;
#1868 = VECTOR ( 'NONE', #5658, 1000.000000000000114 ) ;
#1869 = PLANE ( 'NONE',  #2306 ) ;
#1870 = CARTESIAN_POINT ( 'NONE',  ( 7.924621202458747682, -5.249999999999995559, 304.8000000000000114 ) ) ;
#1871 = ORIENTED_EDGE ( 'NONE', *, *, #4981, .F. ) ;
#1872 = LINE ( 'NONE', #5851, #11153 ) ;
#1873 = EDGE_LOOP ( 'NONE', ( #6586, #10717, #10473, #12189 ) ) ;
#1874 = ORIENTED_EDGE ( 'NONE', *, *, #5012, .T. ) ;
#1875 = LINE ( 'NONE', #9037, #6530 ) ;
#1876 = VERTEX_POINT ( 'NONE', #12005 ) ;
#1877 = VERTEX_POINT ( 'NONE', #5861 ) ;
#1878 = EDGE_LOOP ( 'NONE', ( #9855, #10884, #5539, #4390 ) ) ;
#1879 = CARTESIAN_POINT ( 'NONE',  ( -7.071067811865473729, -5.603553390593270400, 304.8000000000000114 ) ) ;
#1880 = EDGE_CURVE ( 'NONE', #7639, #2890, #8846, .T. ) ;
#1881 = EDGE_CURVE ( 'NONE', #5803, #9491, #11749, .T. ) ;
#1882 = VECTOR ( 'NONE', #4520, 1000.000000000000000 ) ;
#1883 = DIRECTION ( 'NONE',  ( 1.000000000000000000, 0.000000000000000000, 0.000000000000000000 ) ) ;
#1884 = CARTESIAN_POINT ( 'NONE',  ( -9.500000000000000000, 3.000000000000001332, 304.8000000000000114 ) ) ;
#1885 = ADVANCED_FACE ( 'NONE', ( #6784 ), #10767, .F. ) ;
#1886 = ORIENTED_EDGE ( 'NONE', *, *, #4425, .F. ) ;
#1887 = DIRECTION ( 'NONE',  ( -0.7071067811865484609, -0.7071067811865466846, 0.000000000000000000 ) ) ;
#1888 = CARTESIAN_POINT ( 'NONE',  ( -1.257674520083185143E-14, 1.257674520083185143E-14, -104.7750000000000057 ) ) ;
#1889 = CIRCLE ( 'NONE', #4640, 0.5000000000000013323 ) ;
#1890 = ORIENTED_EDGE ( 'NONE', *, *, #8299, .T. ) ;
#1891 = ORIENTED_EDGE ( 'NONE', *, *, #5207, .T. ) ;
#1892 = VECTOR ( 'NONE', #2623, 1000.000000000000000 ) ;
#1893 = DIRECTION ( 'NONE',  ( -1.541976423090498986E-15, 1.000000000000000000, 0.000000000000000000 ) ) ;
#1894 = ITEM_DEFINED_TRANSFORMATION ( 'NONE', 'NONE', #673,  #3417 ) ;
#1895 = DIRECTION ( 'NONE',  ( -0.000000000000000000, -0.000000000000000000, -1.000000000000000000 ) ) ;
#1896 =( REPRESENTATION_RELATIONSHIP ('NONE','NONE', #11367, #7647 ) REPRESENTATION_RELATIONSHIP_WITH_TRANSFORMATION ( #4009 )SHAPE_REPRESENTATION_RELATIONSHIP( ) );
#1897 = CYLINDRICAL_SURFACE ( 'NONE', #1075, 0.5000000000000008882 ) ;
#1898 = FACE_OUTER_BOUND ( 'NONE', #2901, .T. ) ;
#1899 = ORIENTED_EDGE ( 'NONE', *, *, #1527, .F. ) ;
#1900 = ORIENTED_EDGE ( 'NONE', *, *, #2598, .T. ) ;
#1901 = ORIENTED_EDGE ( 'NONE', *, *, #9941, .T. ) ;
#1902 = VECTOR ( 'NONE', #11800, 1000.000000000000000 ) ;
#1903 = ORIENTED_EDGE ( 'NONE', *, *, #1356, .F. ) ;
#1904 = VECTOR ( 'NONE', #5110, 1000.000000000000000 ) ;
#1905 = CARTESIAN_POINT ( 'NONE',  ( 7.424621202458747682, 5.249999999999995559, 304.8000000000000114 ) ) ;
#1906 = DIRECTION ( 'NONE',  ( -3.304235192336776005E-16, 1.000000000000000000, 0.000000000000000000 ) ) ;
#1907 = DIRECTION ( 'NONE',  ( -0.7071067811865476838, 0.7071067811865474617, 0.000000000000000000 ) ) ;
#1908 = CYLINDRICAL_SURFACE ( 'NONE', #11218, 2.999999999999999556 ) ;
#1909 = ADVANCED_FACE ( 'NONE', ( #3800 ), #9720, .F. ) ;
#1910 = DIRECTION ( 'NONE',  ( -1.000000000000000000, 0.000000000000000000, -0.000000000000000000 ) ) ;
#1911 = DIRECTION ( 'NONE',  ( 0.000000000000000000, 0.000000000000000000, 1.000000000000000000 ) ) ;
#1912 = AXIS2_PLACEMENT_3D ( 'NONE', #8508, #3262, #3456 ) ;
#1913 = AXIS2_PLACEMENT_3D ( 'NONE', #3846, #1736, #6764 ) ;
#1914 = ORIENTED_EDGE ( 'NONE', *, *, #5258, .F. ) ;
#1915 = AXIS2_PLACEMENT_3D ( 'NONE', #7481, #7667, #5550 ) ;
#1916 = ORIENTED_EDGE ( 'NONE', *, *, #4299, .F. ) ;
#1917 = EDGE_CURVE ( 'NONE', #1314, #5770, #667, .T. ) ;
#1918 = CARTESIAN_POINT ( 'NONE',  ( -9.500000000000000000, 2.500000000000000444, 304.8000000000000114 ) ) ;
#1919 = DIRECTION ( 'NONE',  ( 0.000000000000000000, 0.000000000000000000, -1.000000000000000000 ) ) ;
#1920 = VECTOR ( 'NONE', #9596, 1000.000000000000000 ) ;
#1923 = EDGE_CURVE ( 'NONE', #5119, #12293, #11884, .T. ) ;
#1922 = CIRCLE ( 'NONE', #9352, 1.749999999999999778 ) ;
#1921 = FACE_OUTER_BOUND ( 'NONE', #3726, .T. ) ;
#1924 = CARTESIAN_POINT ( 'NONE',  ( 3.011165235168160592, -4.478679656440356815, 304.8000000000000114 ) ) ;
#1925 = DIRECTION ( 'NONE',  ( -1.000000000000000000, 0.000000000000000000, 0.000000000000000000 ) ) ;
#1926 = DIRECTION ( 'NONE',  ( -0.000000000000000000, 0.000000000000000000, -1.000000000000000000 ) ) ;
#1927 = EDGE_CURVE ( 'NONE', #5465, #3840, #9559, .T. ) ;
#1928 = EDGE_LOOP ( 'NONE', ( #179, #3940, #8795, #9997 ) ) ;
#1929 = FILL_AREA_STYLE ('',( #7888 ) ) ;
#1930 = ORIENTED_EDGE ( 'NONE', *, *, #2244, .T. ) ;
#1931 = AXIS2_PLACEMENT_3D ( 'NONE', #12072, #1955, #963 ) ;
#1932 = VECTOR ( 'NONE', #5587, 1000.000000000000000 ) ;
#1933 = VECTOR ( 'NONE', #4135, 1000.000000000000000 ) ;
#1934 = CARTESIAN_POINT ( 'NONE',  ( -10.00000000000000000, -3.000000000000001332, 304.8000000000000114 ) ) ;
#1935 = EDGE_CURVE ( 'NONE', #13071, #6532, #7847, .T. ) ;
#1936 = CARTESIAN_POINT ( 'NONE',  ( -5.249999999999997335, -7.924621202458751235, 304.8000000000000114 ) ) ;
#1937 = ORIENTED_EDGE ( 'NONE', *, *, #4817, .F. ) ;
#1938 = DIRECTION ( 'NONE',  ( -1.000000000000000000, 0.000000000000000000, 0.000000000000000000 ) ) ;
#1939 = DIRECTION ( 'NONE',  ( -1.000000000000000000, 0.000000000000000000, 0.000000000000000000 ) ) ;
#1940 = AXIS2_PLACEMENT_3D ( 'NONE', #113, #4278, #9192 ) ;
#1942 = AXIS2_PLACEMENT_3D ( 'NONE', #3583, #3783, #11928 ) ;
#1941 = CARTESIAN_POINT ( 'NONE',  ( 8.424621202458750346, 2.500000000000000000, 304.8000000000000114 ) ) ;
#1943 = CARTESIAN_POINT ( 'NONE',  ( 7.924621202458749458, -3.000000000000001332, 304.8000000000000114 ) ) ;
#1944 = CARTESIAN_POINT ( 'NONE',  ( -2.500000000000000444, -9.500000000000000000, 94.79999999999999716 ) ) ;
#1945 = ORIENTED_EDGE ( 'NONE', *, *, #7897, .F. ) ;
#1946 = DIRECTION ( 'NONE',  ( 3.304235192336776498E-16, -1.000000000000000000, 0.000000000000000000 ) ) ;
#1947 = ORIENTED_EDGE ( 'NONE', *, *, #2912, .T. ) ;
#1948 = ORIENTED_EDGE ( 'NONE', *, *, #6756, .T. ) ;
#1949 = CARTESIAN_POINT ( 'NONE',  ( 5.603553390593272177, -7.071067811865474617, 198.8000000000000398 ) ) ;
#1950 = ORIENTED_EDGE ( 'NONE', *, *, #8674, .F. ) ;
#1951 = ORIENTED_EDGE ( 'NONE', *, *, #9280, .F. ) ;
#1952 = FACE_OUTER_BOUND ( 'NONE', #7126, .T. ) ;
#1953 = VECTOR ( 'NONE', #8813, 1000.000000000000000 ) ;
#1954 = PLANE ( 'NONE',  #873 ) ;
#1955 = DIRECTION ( 'NONE',  ( 0.000000000000000000, -0.000000000000000000, 1.000000000000000000 ) ) ;
#1956 = VERTEX_POINT ( 'NONE', #6719 ) ;
#1957 = VECTOR ( 'NONE', #7867, 1000.000000000000000 ) ;
#1958 = DIRECTION ( 'NONE',  ( 0.000000000000000000, -0.000000000000000000, -1.000000000000000000 ) ) ;
#1959 = DIRECTION ( 'NONE',  ( -0.000000000000000000, -0.000000000000000000, -1.000000000000000000 ) ) ;
#1961 = EDGE_CURVE ( 'NONE', #3676, #3595, #9852, .T. ) ;
#1960 = AXIS2_PLACEMENT_3D ( 'NONE', #10946, #3981, #2783 ) ;
#1962 = ORIENTED_EDGE ( 'NONE', *, *, #466, .T. ) ;
#1963 = ORIENTED_EDGE ( 'NONE', *, *, #1824, .T. ) ;
#1964 = EDGE_CURVE ( 'NONE', #8055, #2338, #10835, .T. ) ;
#1965 = DIRECTION ( 'NONE',  ( 2.924200878718996689E-15, -1.000000000000000000, 0.000000000000000000 ) ) ;
#1966 = CONTEXT_DEPENDENT_SHAPE_REPRESENTATION ( #9094, #2458 ) ;
#1967 = LINE ( 'NONE', #6992, #9592 ) ;
#1968 = DIRECTION ( 'NONE',  ( 1.000000000000000000, -3.304235192336776498E-16, 0.000000000000000000 ) ) ;
#1969 = CARTESIAN_POINT ( 'NONE',  ( -2.499999999999999556, -8.424621202458752123, -104.7750000000000057 ) ) ;
#1970 = ORIENTED_EDGE ( 'NONE', *, *, #3491, .F. ) ;
#1971 = AXIS2_PLACEMENT_3D ( 'NONE', #8593, #389, #11435 ) ;
#1972 = VERTEX_POINT ( 'NONE', #1685 ) ;
#1973 = VECTOR ( 'NONE', #9962, 1000.000000000000000 ) ;
#1974 = ORIENTED_EDGE ( 'NONE', *, *, #10882, .T. ) ;
#1975 = DIRECTION ( 'NONE',  ( 1.000000000000000000, -3.304235192336776005E-16, 0.000000000000000000 ) ) ;
#1976 =( NAMED_UNIT ( * ) SI_UNIT ( $, .STERADIAN. ) SOLID_ANGLE_UNIT ( ) );
#1977 = CARTESIAN_POINT ( 'NONE',  ( -6.599999999999996092, 0.8898448916085081040, 198.8000000000000398 ) ) ;
#1978 = LINE ( 'NONE', #2888, #5666 ) ;
#1979 = AXIS2_PLACEMENT_3D ( 'NONE', #11890, #5667, #4740 ) ;
#1980 = CIRCLE ( 'NONE', #9414, 0.4999999999999995559 ) ;
#1981 = ORIENTED_EDGE ( 'NONE', *, *, #4207, .T. ) ;
#1982 = ORIENTED_EDGE ( 'NONE', *, *, #5571, .F. ) ;
#1983 = DIRECTION ( 'NONE',  ( -1.541976423090498986E-15, 1.000000000000000000, 0.000000000000000000 ) ) ;
#1984 = CARTESIAN_POINT ( 'NONE',  ( -10.00000000000000000, -3.000000000000001332, 304.8000000000000114 ) ) ;
#1985 = CIRCLE ( 'NONE', #4725, 2.150000000000012790 ) ;
#1986 = DIRECTION ( 'NONE',  ( 0.000000000000000000, 0.000000000000000000, 1.000000000000000000 ) ) ;
#1987 = AXIS2_PLACEMENT_3D ( 'NONE', #9454, #3336, #4399 ) ;
#1988 = DIRECTION ( 'NONE',  ( -0.7071067811865465735, -0.7071067811865483499, 0.000000000000000000 ) ) ;
#1989 = LINE ( 'NONE', #4897, #1147 ) ;
#1990 = FACE_OUTER_BOUND ( 'NONE', #8342, .T. ) ;
#1991 = LINE ( 'NONE', #6039, #2321 ) ;
#1992 = ORIENTED_EDGE ( 'NONE', *, *, #25, .T. ) ;
#1993 = CARTESIAN_POINT ( 'NONE',  ( -3.000000000000000888, -10.00000000000000000, 304.8000000000000114 ) ) ;
#1994 = EDGE_CURVE ( 'NONE', #12396, #8836, #4885, .T. ) ;
#1995 = ORIENTED_EDGE ( 'NONE', *, *, #12641, .F. ) ;
#1996 = EDGE_CURVE ( 'NONE', #1576, #837, #2801, .T. ) ;
#1997 = CARTESIAN_POINT ( 'NONE',  ( 5.603553390593272177, -7.071067811865474617, -104.7750000000000057 ) ) ;
#1998 = CARTESIAN_POINT ( 'NONE',  ( -5.249999999999997335, 7.424621202458749458, 304.8000000000000114 ) ) ;
#1999 = ORIENTED_EDGE ( 'NONE', *, *, #11021, .F. ) ;
#2000 = DIRECTION ( 'NONE',  ( -0.000000000000000000, 0.000000000000000000, -1.000000000000000000 ) ) ;
#2001 = EDGE_CURVE ( 'NONE', #2988, #11508, #9130, .T. ) ;
#2002 = CARTESIAN_POINT ( 'NONE',  ( 3.000000000000000888, -9.500000000000000000, -104.7750000000000057 ) ) ;
#2003 = CARTESIAN_POINT ( 'NONE',  ( -8.250000000000000000, -8.250000000000000000, 198.8000000000000398 ) ) ;
#2004 = LINE ( 'NONE', #3119, #10564 ) ;
#2005 = ORIENTED_EDGE ( 'NONE', *, *, #5520, .T. ) ;
#2006 = DIRECTION ( 'NONE',  ( -0.000000000000000000, -0.000000000000000000, -1.000000000000000000 ) ) ;
#2007 = VERTEX_POINT ( 'NONE', #1817 ) ;
#2008 = CARTESIAN_POINT ( 'NONE',  ( 8.424621202458750346, -2.500000000000000000, 304.8000000000000114 ) ) ;
#2009 = EDGE_CURVE ( 'NONE', #11615, #11750, #10420, .T. ) ;
#2010 = ORIENTED_EDGE ( 'NONE', *, *, #5969, .F. ) ;
#2011 = ORIENTED_EDGE ( 'NONE', *, *, #6927, .T. ) ;
#2012 = CARTESIAN_POINT ( 'NONE',  ( 3.000000000000000888, -7.924621202458751235, 304.8000000000000114 ) ) ;
#2013 = ORIENTED_EDGE ( 'NONE', *, *, #4474, .T. ) ;
#2014 = ORIENTED_EDGE ( 'NONE', *, *, #4016, .T. ) ;
#2015 = DIRECTION ( 'NONE',  ( 1.000000000000000000, 0.000000000000000000, 0.000000000000000000 ) ) ;
#2016 = CARTESIAN_POINT ( 'NONE',  ( 3.000000000000000888, 8.424621202458752123, -24.77500000000004832 ) ) ;
#2017 = CARTESIAN_POINT ( 'NONE',  ( -0.8898448916085185401, -3.600000000000000533, 304.8000000000000114 ) ) ;
#2018 = ADVANCED_FACE ( 'NONE', ( #7913 ), #6130, .T. ) ;
#2019 = ORIENTED_EDGE ( 'NONE', *, *, #4030, .F. ) ;
#2020 = DIRECTION ( 'NONE',  ( -0.000000000000000000, -0.000000000000000000, -1.000000000000000000 ) ) ;
#2021 = EDGE_CURVE ( 'NONE', #10902, #2421, #1021, .T. ) ;
#2022 = DIRECTION ( 'NONE',  ( -0.000000000000000000, -0.000000000000000000, -1.000000000000000000 ) ) ;
#2023 = ORIENTED_EDGE ( 'NONE', *, *, #9268, .T. ) ;
#2024 = ORIENTED_EDGE ( 'NONE', *, *, #9127, .T. ) ;
#2025 = PLANE ( 'NONE',  #3549 ) ;
#2026 = DIRECTION ( 'NONE',  ( 1.000000000000000000, 0.000000000000000000, 0.000000000000000000 ) ) ;
#2027 = AXIS2_PLACEMENT_3D ( 'NONE', #5822, #5686, #6555 ) ;
#2028 = CARTESIAN_POINT ( 'NONE',  ( -8.424621202458750346, -3.000000000000001332, -20.77500000000004476 ) ) ;
#2029 = ORIENTED_EDGE ( 'NONE', *, *, #12896, .T. ) ;
#2030 = CARTESIAN_POINT ( 'NONE',  ( -5.249999999999997335, -7.424621202458749458, 304.8000000000000114 ) ) ;
#2031 = ORIENTED_EDGE ( 'NONE', *, *, #2973, .F. ) ;
#2032 = ORIENTED_EDGE ( 'NONE', *, *, #6952, .T. ) ;
#2033 = ORIENTED_EDGE ( 'NONE', *, *, #9593, .T. ) ;
#2034 = EDGE_CURVE ( 'NONE', #9867, #33, #9982, .T. ) ;
#2035 = VERTEX_POINT ( 'NONE', #12208 ) ;
#2036 = DIRECTION ( 'NONE',  ( 1.000000000000000000, -0.000000000000000000, -0.000000000000000000 ) ) ;
#2037 = VECTOR ( 'NONE', #11819, 1000.000000000000000 ) ;
#2038 = DIRECTION ( 'NONE',  ( 1.541976423090498986E-15, -1.000000000000000000, 0.000000000000000000 ) ) ;
#2039 = CYLINDRICAL_SURFACE ( 'NONE', #9673, 2.999999999999999112 ) ;
#2040 = CARTESIAN_POINT ( 'NONE',  ( -2.500000000000000000, -8.424621202458752123, 304.8000000000000114 ) ) ;
#2041 = ORIENTED_EDGE ( 'NONE', *, *, #4118, .F. ) ;
#2042 = EDGE_LOOP ( 'NONE', ( #9288, #12991, #10703, #8789 ) ) ;
#2043 = CIRCLE ( 'NONE', #13034, 1.749999999999999778 ) ;
#2044 = APPLICATION_CONTEXT ( 'automotive_design' ) ;
#2045 = VECTOR ( 'NONE', #9636, 1000.000000000000000 ) ;
#2046 = EDGE_CURVE ( 'NONE', #905, #1696, #6979, .T. ) ;
#2047 = LINE ( 'NONE', #4103, #7661 ) ;
#2048 = ADVANCED_FACE ( 'NONE', ( #177 ), #3133, .F. ) ;
#2049 = DIRECTION ( 'NONE',  ( -8.065639195895846808E-16, 1.000000000000000000, 0.000000000000000000 ) ) ;
#2050 = FACE_OUTER_BOUND ( 'NONE', #6793, .T. ) ;
#2051 = CARTESIAN_POINT ( 'NONE',  ( 7.424621202458747682, 5.249999999999995559, 304.8000000000000114 ) ) ;
#2052 = FACE_OUTER_BOUND ( 'NONE', #1928, .T. ) ;
#2053 = FACE_OUTER_BOUND ( 'NONE', #611, .T. ) ;
#2055 = AXIS2_PLACEMENT_3D ( 'NONE', #7458, #10514, #5461 ) ;
#2054 = FACE_OUTER_BOUND ( 'NONE', #9764, .T. ) ;
#2056 = EDGE_LOOP ( 'NONE', ( #3919, #7025, #1506, #12866 ) ) ;
#2057 = LINE ( 'NONE', #1066, #2462 ) ;
#2058 = ORIENTED_EDGE ( 'NONE', *, *, #7146, .F. ) ;
#2059 = DIRECTION ( 'NONE',  ( 1.541976423090498986E-15, 1.000000000000000000, 0.000000000000000000 ) ) ;
#2060 = CARTESIAN_POINT ( 'NONE',  ( 3.000000000000000888, -10.00000000000000000, 304.8000000000000114 ) ) ;
#2061 = CIRCLE ( 'NONE', #1861, 0.5000000000000004441 ) ;
#2062 = ORIENTED_EDGE ( 'NONE', *, *, #1268, .T. ) ;
#2063 = CARTESIAN_POINT ( 'NONE',  ( 5.249999999999997335, 7.924621202458751235, 304.8000000000000114 ) ) ;
#2064 = CARTESIAN_POINT ( 'NONE',  ( -7.924621202458747682, -5.249999999999995559, 304.8000000000000114 ) ) ;
#2065 = EDGE_CURVE ( 'NONE', #7954, #3017, #12706, .T. ) ;
#2066 = CYLINDRICAL_SURFACE ( 'NONE', #4561, 0.5000000000000004441 ) ;
#2067 = DIRECTION ( 'NONE',  ( -0.000000000000000000, -0.000000000000000000, -1.000000000000000000 ) ) ;
#2068 = EDGE_CURVE ( 'NONE', #5807, #11664, #8703, .T. ) ;
#2069 = ORIENTED_EDGE ( 'NONE', *, *, #10095, .F. ) ;
#2070 = CARTESIAN_POINT ( 'NONE',  ( 3.000000000000000888, -8.424621202458752123, 304.8000000000000114 ) ) ;
#2071 = ORIENTED_EDGE ( 'NONE', *, *, #9662, .T. ) ;
#2072 = CARTESIAN_POINT ( 'NONE',  ( -3.011165235168160592, -4.478679656440356815, -104.7750000000000057 ) ) ;
#2073 = VECTOR ( 'NONE', #9202, 1000.000000000000000 ) ;
#2074 = ORIENTED_EDGE ( 'NONE', *, *, #12674, .F. ) ;
#2075 = ORIENTED_EDGE ( 'NONE', *, *, #1559, .T. ) ;
#2076 = EDGE_CURVE ( 'NONE', #427, #761, #10615, .T. ) ;
#2077 = LINE ( 'NONE', #4132, #9505 ) ;
#2078 = ORIENTED_EDGE ( 'NONE', *, *, #10827, .F. ) ;
#2079 = ORIENTED_EDGE ( 'NONE', *, *, #11063, .F. ) ;
#2080 = CARTESIAN_POINT ( 'NONE',  ( 7.071067811865473729, -5.603553390593270400, -24.77500000000004832 ) ) ;
#2081 = CARTESIAN_POINT ( 'NONE',  ( 5.249999999999997335, 7.424621202458749458, 304.8000000000000114 ) ) ;
#2082 = CYLINDRICAL_SURFACE ( 'NONE', #4291, 2.999999999999999556 ) ;
#2083 = ORIENTED_EDGE ( 'NONE', *, *, #2866, .F. ) ;
#2084 = CARTESIAN_POINT ( 'NONE',  ( 2.499999999999999556, 8.424621202458752123, -20.77500000000004476 ) ) ;
#2085 = EDGE_CURVE ( 'NONE', #6160, #5670, #2146, .T. ) ;
#2086 = VECTOR ( 'NONE', #6714, 1000.000000000000000 ) ;
#2087 = DIRECTION ( 'NONE',  ( -1.000000000000000000, 0.000000000000000000, 0.000000000000000000 ) ) ;
#2088 = EDGE_CURVE ( 'NONE', #3879, #4006, #8042, .T. ) ;
#2089 = CARTESIAN_POINT ( 'NONE',  ( 5.249999999999997335, 7.424621202458749458, 304.8000000000000114 ) ) ;
#2090 = VERTEX_POINT ( 'NONE', #6005 ) ;
#2091 = ORIENTED_EDGE ( 'NONE', *, *, #5734, .F. ) ;
#2092 = ADVANCED_FACE ( 'NONE', ( #6204 ), #6065, .F. ) ;
#2093 = LINE ( 'NONE', #4874, #6100 ) ;
#2094 = CARTESIAN_POINT ( 'NONE',  ( -9.500000000000000000, -3.000000000000001332, -104.7750000000000057 ) ) ;
#2095 = AXIS2_PLACEMENT_3D ( 'NONE', #7314, #11347, #11286 ) ;
#2096 = DIRECTION ( 'NONE',  ( -2.924200878718996689E-15, 1.000000000000000000, 0.000000000000000000 ) ) ;
#2097 = EDGE_LOOP ( 'NONE', ( #6126, #3932, #7668, #1342 ) ) ;
#2098 = DIRECTION ( 'NONE',  ( -0.000000000000000000, -0.000000000000000000, -1.000000000000000000 ) ) ;
#2099 = ORIENTED_EDGE ( 'NONE', *, *, #11489, .T. ) ;
#2100 = ADVANCED_FACE ( 'NONE', ( #11026 ), #1954, .F. ) ;
#2101 = FACE_OUTER_BOUND ( 'NONE', #1801, .T. ) ;
#2102 = AXIS2_PLACEMENT_3D ( 'NONE', #7437, #6315, #2209 ) ;
#2103 = ORIENTED_EDGE ( 'NONE', *, *, #5801, .F. ) ;
#2104 = DIRECTION ( 'NONE',  ( -1.000000000000000000, 0.000000000000000000, 0.000000000000000000 ) ) ;
#2105 = DIRECTION ( 'NONE',  ( 0.000000000000000000, -0.000000000000000000, -1.000000000000000000 ) ) ;
#2106 = CARTESIAN_POINT ( 'NONE',  ( 53.84411853037588713, 419.2108796227576022, -77.27730204477533960 ) ) ;
#2107 = ORIENTED_EDGE ( 'NONE', *, *, #88, .F. ) ;
#2108 = ORIENTED_EDGE ( 'NONE', *, *, #3046, .F. ) ;
#2109 = AXIS2_PLACEMENT_3D ( 'NONE', #11650, #3439, #7608 ) ;
#2110 = LINE ( 'NONE', #3032, #10834 ) ;
#2111 = CARTESIAN_POINT ( 'NONE',  ( 3.000000000000000888, -7.924621202458751235, 304.8000000000000114 ) ) ;
#2112 = FACE_OUTER_BOUND ( 'NONE', #693, .T. ) ;
#2113 = DIRECTION ( 'NONE',  ( 0.000000000000000000, 0.000000000000000000, 1.000000000000000000 ) ) ;
#2114 = CARTESIAN_POINT ( 'NONE',  ( 5.249999999999997335, -7.424621202458749458, 198.8000000000000398 ) ) ;
#2115 = CARTESIAN_POINT ( 'NONE',  ( 3.000000000000000888, 9.500000000000000000, 304.8000000000000114 ) ) ;
#2116 = VECTOR ( 'NONE', #9329, 1000.000000000000000 ) ;
#2117 = AXIS2_PLACEMENT_3D ( 'NONE', #10364, #6378, #1345 ) ;
#2118 = DIRECTION ( 'NONE',  ( -1.000000000000000000, -8.065639195895846808E-16, 0.000000000000000000 ) ) ;
#2119 = ORIENTED_EDGE ( 'NONE', *, *, #12484, .F. ) ;
#2120 = DIRECTION ( 'NONE',  ( 0.000000000000000000, -0.000000000000000000, -1.000000000000000000 ) ) ;
#2121 = EDGE_CURVE ( 'NONE', #12487, #12196, #2138, .T. ) ;
#2122 = VERTEX_POINT ( 'NONE', #11224 ) ;
#2123 = EDGE_CURVE ( 'NONE', #2293, #11098, #9111, .T. ) ;
#2124 = ORIENTED_EDGE ( 'NONE', *, *, #8844, .F. ) ;
#2125 = PLANE ( 'NONE',  #11219 ) ;
#2126 = CARTESIAN_POINT ( 'NONE',  ( -8.424621202458750346, 3.000000000000001332, 198.8000000000000398 ) ) ;
#2127 = AXIS2_PLACEMENT_3D ( 'NONE', #11242, #4088, #7269 ) ;
#2128 = ORIENTED_EDGE ( 'NONE', *, *, #624, .T. ) ;
#2129 = DIRECTION ( 'NONE',  ( -0.000000000000000000, 0.000000000000000000, -1.000000000000000000 ) ) ;
#2130 = VECTOR ( 'NONE', #2096, 1000.000000000000000 ) ;
#2131 = PLANE ( 'NONE',  #4860 ) ;
#2132 = DIRECTION ( 'NONE',  ( 1.000000000000000000, 0.000000000000000000, 0.000000000000000000 ) ) ;
#2133 = DIRECTION ( 'NONE',  ( 0.000000000000000000, -0.000000000000000000, -1.000000000000000000 ) ) ;
#2134 = ORIENTED_EDGE ( 'NONE', *, *, #5446, .T. ) ;
#2135 = CARTESIAN_POINT ( 'NONE',  ( 5.249999999999997335, 7.424621202458749458, 304.8000000000000114 ) ) ;
#2136 = ORIENTED_EDGE ( 'NONE', *, *, #1441, .T. ) ;
#2137 = DIRECTION ( 'NONE',  ( 0.000000000000000000, 0.000000000000000000, 1.000000000000000000 ) ) ;
#2138 = CIRCLE ( 'NONE', #9772, 0.5000000000000013323 ) ;
#2139 = VERTEX_POINT ( 'NONE', #8113 ) ;
#2140 = VERTEX_POINT ( 'NONE', #11157 ) ;
#2141 = AXIS2_PLACEMENT_3D ( 'NONE', #9507, #10316, #2467 ) ;
#2142 = CARTESIAN_POINT ( 'NONE',  ( 3.000000000000000888, 8.424621202458752123, -104.7750000000000057 ) ) ;
#2143 = ORIENTED_EDGE ( 'NONE', *, *, #2188, .T. ) ;
#2144 = ORIENTED_EDGE ( 'NONE', *, *, #2223, .T. ) ;
#2145 = CARTESIAN_POINT ( 'NONE',  ( 5.603553390593272177, 7.071067811865474617, -104.7750000000000057 ) ) ;
#2146 = LINE ( 'NONE', #7181, #7004 ) ;
#2147 = CARTESIAN_POINT ( 'NONE',  ( 3.599999999999997424, 0.8898448916085081040, 304.8000000000000114 ) ) ;
#2148 = AXIS2_PLACEMENT_3D ( 'NONE', #12763, #1710, #5753 ) ;
#2149 = ORIENTED_EDGE ( 'NONE', *, *, #506, .F. ) ;
#2150 = LINE ( 'NONE', #11416, #8975 ) ;
#2151 = CIRCLE ( 'NONE', #2569, 0.5000000000000004441 ) ;
#2152 = EDGE_CURVE ( 'NONE', #2992, #5257, #4268, .T. ) ;
#2153 = CARTESIAN_POINT ( 'NONE',  ( -4.478679656440354151, -3.011165235168150378, -24.77500000000004832 ) ) ;
#2154 =( GEOMETRIC_REPRESENTATION_CONTEXT ( 3 ) GLOBAL_UNCERTAINTY_ASSIGNED_CONTEXT ( ( #5625 ) ) GLOBAL_UNIT_ASSIGNED_CONTEXT ( ( #10007, #925, #6091 ) ) REPRESENTATION_CONTEXT ( 'NONE', 'WORKASPACE' ) );
#2155 = DIRECTION ( 'NONE',  ( -0.000000000000000000, 0.000000000000000000, 1.000000000000000000 ) ) ;
#2156 = LINE ( 'NONE', #3277, #8407 ) ;
#2157 = ORIENTED_EDGE ( 'NONE', *, *, #1485, .F. ) ;
#2158 = ORIENTED_EDGE ( 'NONE', *, *, #2720, .F. ) ;
#2159 = CARTESIAN_POINT ( 'NONE',  ( 0.8898448916085185401, 6.599999999999999645, 304.8000000000000114 ) ) ;
#2160 = CIRCLE ( 'NONE', #8075, 0.5000000000000004441 ) ;
#2161 = CARTESIAN_POINT ( 'NONE',  ( 3.600000000000000089, 0.000000000000000000, 198.8000000000000398 ) ) ;
#2162 = EDGE_CURVE ( 'NONE', #5813, #2344, #11292, .T. ) ;
#2163 = AXIS2_PLACEMENT_3D ( 'NONE', #8302, #7300, #6310 ) ;
#2164 = LINE ( 'NONE', #2234, #10813 ) ;
#2165 = ORIENTED_EDGE ( 'NONE', *, *, #12200, .F. ) ;
#2166 = PLANE ( 'NONE',  #1072 ) ;
#2167 = VERTEX_POINT ( 'NONE', #4136 ) ;
#2168 = AXIS2_PLACEMENT_3D ( 'NONE', #1642, #2506, #7605 ) ;
#2169 = ADVANCED_FACE ( 'NONE', ( #8181 ), #8245, .F. ) ;
#2170 = EDGE_CURVE ( 'NONE', #8100, #7973, #477, .T. ) ;
#2171 = ORIENTED_EDGE ( 'NONE', *, *, #158, .F. ) ;
#2172 = ADVANCED_FACE ( 'NONE', ( #1480, #3518 ), #6461, .T. ) ;
#2173 = CARTESIAN_POINT ( 'NONE',  ( 3.000000000000000888, 10.00000000000000000, -104.7750000000000057 ) ) ;
#2174 = CIRCLE ( 'NONE', #8531, 0.5000000000000008882 ) ;
#2175 = CARTESIAN_POINT ( 'NONE',  ( 3.599999999999997424, -0.8898448916085081040, 304.8000000000000114 ) ) ;
#2176 = ORIENTED_EDGE ( 'NONE', *, *, #1743, .F. ) ;
#2177 = DIRECTION ( 'NONE',  ( -1.000000000000000000, 0.000000000000000000, 0.000000000000000000 ) ) ;
#2178 = DIRECTION ( 'NONE',  ( -1.000000000000000000, 0.000000000000000000, 0.000000000000000000 ) ) ;
#2179 = DIRECTION ( 'NONE',  ( 1.000000000000000000, 0.000000000000000000, 0.000000000000000000 ) ) ;
#2180 = ADVANCED_FACE ( 'NONE', ( #12403 ), #9394, .F. ) ;
#2181 = EDGE_LOOP ( 'NONE', ( #6058, #12931, #2608, #11023 ) ) ;
#2182 = EDGE_LOOP ( 'NONE', ( #3373, #3178, #10913, #1845 ) ) ;
#2183 = ORIENTED_EDGE ( 'NONE', *, *, #4828, .F. ) ;
#2184 = AXIS2_PLACEMENT_3D ( 'NONE', #1708, #10859, #12883 ) ;
#2185 = VECTOR ( 'NONE', #797, 1000.000000000000000 ) ;
#2186 = CARTESIAN_POINT ( 'NONE',  ( -3.000000000000000888, 10.00000000000000000, -20.77500000000004476 ) ) ;
#2187 = CARTESIAN_POINT ( 'NONE',  ( -0.8898448916085185401, -6.599999999999999645, 304.8000000000000114 ) ) ;
#2188 = EDGE_CURVE ( 'NONE', #7759, #2293, #5524, .T. ) ;
#2189 = DIRECTION ( 'NONE',  ( -1.000000000000000000, 0.000000000000000000, 0.000000000000000000 ) ) ;
#2190 = CARTESIAN_POINT ( 'NONE',  ( 9.500000000000000000, 2.500000000000000444, -24.77500000000004832 ) ) ;
#2191 = DIRECTION ( 'NONE',  ( -0.000000000000000000, 0.000000000000000000, -1.000000000000000000 ) ) ;
#2193 = VECTOR ( 'NONE', #4312, 1000.000000000000000 ) ;
#2192 = DIRECTION ( 'NONE',  ( 0.000000000000000000, -0.000000000000000000, -1.000000000000000000 ) ) ;
#2194 = CARTESIAN_POINT ( 'NONE',  ( -7.071067811865473729, -5.603553390593270400, -20.77500000000004476 ) ) ;
#2195 = CARTESIAN_POINT ( 'NONE',  ( -8.424621202458750346, 3.000000000000001332, 304.8000000000000114 ) ) ;
#2196 = ADVANCED_FACE ( 'NONE', ( #7383 ), #5395, .F. ) ;
#2197 = VERTEX_POINT ( 'NONE', #432 ) ;
#2198 = ORIENTED_EDGE ( 'NONE', *, *, #5501, .T. ) ;
#2199 = CARTESIAN_POINT ( 'NONE',  ( 10.00000000000000000, 3.000000000000001332, 198.8000000000000398 ) ) ;
#2200 = CIRCLE ( 'NONE', #11296, 1.749999999999999778 ) ;
#2201 = AXIS2_PLACEMENT_3D ( 'NONE', #9327, #11227, #8453 ) ;
#2202 = DIRECTION ( 'NONE',  ( 0.000000000000000000, 0.000000000000000000, 1.000000000000000000 ) ) ;
#2203 = DIRECTION ( 'NONE',  ( 0.000000000000000000, -0.000000000000000000, -1.000000000000000000 ) ) ;
#2204 = ADVANCED_FACE ( 'NONE', ( #314 ), #2347, .T. ) ;
#2205 = CARTESIAN_POINT ( 'NONE',  ( 9.500000000000000000, -3.000000000000001332, 304.8000000000000114 ) ) ;
#2206 = EDGE_CURVE ( 'NONE', #12003, #10518, #12596, .T. ) ;
#2207 = EDGE_CURVE ( 'NONE', #7565, #11146, #8066, .T. ) ;
#2208 = DIRECTION ( 'NONE',  ( 8.065639195895844836E-16, 1.000000000000000000, 0.000000000000000000 ) ) ;
#2209 = DIRECTION ( 'NONE',  ( -1.000000000000000000, 0.000000000000000000, 0.000000000000000000 ) ) ;
#2210 = VERTEX_POINT ( 'NONE', #11608 ) ;
#2211 = DIRECTION ( 'NONE',  ( -1.000000000000000000, 0.000000000000000000, 0.000000000000000000 ) ) ;
#2212 = ORIENTED_EDGE ( 'NONE', *, *, #9883, .T. ) ;
#2213 = DIRECTION ( 'NONE',  ( -0.000000000000000000, -0.000000000000000000, -1.000000000000000000 ) ) ;
#2214 = ORIENTED_EDGE ( 'NONE', *, *, #3366, .T. ) ;
#2215 = ORIENTED_EDGE ( 'NONE', *, *, #273, .T. ) ;
#2216 = CARTESIAN_POINT ( 'NONE',  ( -3.000000000000000888, 8.424621202458752123, 198.8000000000000398 ) ) ;
#2217 = ORIENTED_EDGE ( 'NONE', *, *, #4032, .T. ) ;
#2218 = ORIENTED_EDGE ( 'NONE', *, *, #1684, .T. ) ;
#2219 = DIRECTION ( 'NONE',  ( -0.000000000000000000, -0.000000000000000000, -1.000000000000000000 ) ) ;
#2220 = CARTESIAN_POINT ( 'NONE',  ( -1.257674520083185143E-14, 1.257674520083185143E-14, 304.8000000000000114 ) ) ;
#2221 = CARTESIAN_POINT ( 'NONE',  ( -3.000000000000000888, -10.00000000000000000, 304.8000000000000114 ) ) ;
#2222 = VERTEX_POINT ( 'NONE', #9452 ) ;
#2223 = EDGE_CURVE ( 'NONE', #11640, #9492, #4588, .T. ) ;
#2224 = DIRECTION ( 'NONE',  ( 0.000000000000000000, -0.000000000000000000, -1.000000000000000000 ) ) ;
#2225 = EDGE_CURVE ( 'NONE', #2139, #7886, #4048, .T. ) ;
#2226 = CARTESIAN_POINT ( 'NONE',  ( 9.500000000000000000, -2.500000000000000444, 304.8000000000000114 ) ) ;
#2227 = CARTESIAN_POINT ( 'NONE',  ( 3.000000000000000888, 10.00000000000000000, 304.8000000000000114 ) ) ;
#2228 = DIRECTION ( 'NONE',  ( -0.000000000000000000, -0.000000000000000000, -1.000000000000000000 ) ) ;
#2229 = VERTEX_POINT ( 'NONE', #7319 ) ;
#2230 = APPLICATION_CONTEXT ( 'automotive_design' ) ;
#2231 = VERTEX_POINT ( 'NONE', #8387 ) ;
#2232 = CARTESIAN_POINT ( 'NONE',  ( 10.00000000000000000, 3.000000000000001332, 304.8000000000000114 ) ) ;
#2233 = ORIENTED_EDGE ( 'NONE', *, *, #10095, .T. ) ;
#2234 = CARTESIAN_POINT ( 'NONE',  ( 7.924621202458747682, -5.249999999999995559, 304.8000000000000114 ) ) ;
#2235 = CARTESIAN_POINT ( 'NONE',  ( 3.000000000000000888, -10.00000000000000000, 94.79999999999999716 ) ) ;
#2236 = ORIENTED_EDGE ( 'NONE', *, *, #6059, .T. ) ;
#2237 = ORIENTED_EDGE ( 'NONE', *, *, #7786, .F. ) ;
#2238 = DIRECTION ( 'NONE',  ( 1.000000000000000000, 0.000000000000000000, 0.000000000000000000 ) ) ;
#2239 = EDGE_CURVE ( 'NONE', #2167, #9879, #370, .T. ) ;
#2240 = CARTESIAN_POINT ( 'NONE',  ( -3.000000000000000888, -7.924621202458751235, 304.8000000000000114 ) ) ;
#2241 = VERTEX_POINT ( 'NONE', #10448 ) ;
#2242 = FACE_OUTER_BOUND ( 'NONE', #11378, .T. ) ;
#2243 = AXIS2_PLACEMENT_3D ( 'NONE', #10686, #1594, #7621 ) ;
#2244 = EDGE_CURVE ( 'NONE', #10311, #6260, #5741, .T. ) ;
#2245 = CARTESIAN_POINT ( 'NONE',  ( 4.478679656440354151, -3.011165235168150378, 304.8000000000000114 ) ) ;
#2246 = CARTESIAN_POINT ( 'NONE',  ( 88.61911853037609887, 104.4108796227578324, -77.27730204477535381 ) ) ;
#2247 = EDGE_LOOP ( 'NONE', ( #7534, #5346, #8722, #6345 ) ) ;
#2248 = EDGE_CURVE ( 'NONE', #6776, #10134, #1723, .T. ) ;
#2249 = VERTEX_POINT ( 'NONE', #7447 ) ;
#2250 = PRODUCT_DEFINITION_SHAPE ( 'NONE', 'NONE',  #5910 ) ;
#2251 = CARTESIAN_POINT ( 'NONE',  ( 9.500000000000000000, 3.000000000000001332, 94.79999999999999716 ) ) ;
#2252 = AXIS2_PLACEMENT_3D ( 'NONE', #4966, #9081, #10149 ) ;
#2253 = CARTESIAN_POINT ( 'NONE',  ( -3.000000000000000888, 9.500000000000000000, -104.7750000000000057 ) ) ;
#2254 = DIRECTION ( 'NONE',  ( 1.000000000000000000, 0.000000000000000000, 0.000000000000000000 ) ) ;
#2255 = EDGE_CURVE ( 'NONE', #12417, #7694, #11487, .T. ) ;
#2256 = DIRECTION ( 'NONE',  ( 0.000000000000000000, 0.000000000000000000, 1.000000000000000000 ) ) ;
#2257 = CYLINDRICAL_SURFACE ( 'NONE', #5163, 0.5000000000000004441 ) ;
#2258 = DIRECTION ( 'NONE',  ( 0.000000000000000000, -0.000000000000000000, -1.000000000000000000 ) ) ;
#2259 = CARTESIAN_POINT ( 'NONE',  ( 0.000000000000000000, 3.600000000000000089, 304.8000000000000114 ) ) ;
#2260 = FACE_OUTER_BOUND ( 'NONE', #2322, .T. ) ;
#2261 = ORIENTED_EDGE ( 'NONE', *, *, #4988, .F. ) ;
#2262 = AXIS2_PLACEMENT_3D ( 'NONE', #7477, #8272, #11439 ) ;
#2263 = VECTOR ( 'NONE', #4506, 1000.000000000000000 ) ;
#2264 = ADVANCED_FACE ( 'NONE', ( #7511 ), #5518, .F. ) ;
#2265 = VERTEX_POINT ( 'NONE', #2286 ) ;
#2266 = PLANE ( 'NONE',  #2117 ) ;
#2267 = DIRECTION ( 'NONE',  ( -1.000000000000000000, 1.734723475976807292E-15, 0.000000000000000000 ) ) ;
#2268 = CARTESIAN_POINT ( 'NONE',  ( 9.500000000000000000, 2.500000000000000444, 304.8000000000000114 ) ) ;
#2269 = CARTESIAN_POINT ( 'NONE',  ( -7.071067811865473729, 5.603553390593270400, -24.77500000000004832 ) ) ;
#2270 = EDGE_CURVE ( 'NONE', #5254, #10763, #6576, .T. ) ;
#2271 = VECTOR ( 'NONE', #1444, 1000.000000000000000 ) ;
#2272 = CIRCLE ( 'NONE', #12592, 0.5000000000000004441 ) ;
#2273 = CARTESIAN_POINT ( 'NONE',  ( -8.250000000000000000, -10.00000000000000178, 304.8000000000000114 ) ) ;
#2274 = LINE ( 'NONE', #3385, #3567 ) ;
#2275 = AXIS2_PLACEMENT_3D ( 'NONE', #8205, #3155, #12364 ) ;
#2276 = VERTEX_POINT ( 'NONE', #12654 ) ;
#2277 = DIRECTION ( 'NONE',  ( -1.000000000000000000, 0.000000000000000000, 0.000000000000000000 ) ) ;
#2278 = EDGE_LOOP ( 'NONE', ( #9647, #12701, #1096, #12628 ) ) ;
#2279 = CARTESIAN_POINT ( 'NONE',  ( 7.071067811865473729, -5.603553390593270400, 304.8000000000000114 ) ) ;
#2280 = ORIENTED_EDGE ( 'NONE', *, *, #5776, .F. ) ;
#2281 = EDGE_LOOP ( 'NONE', ( #842, #9967, #10058, #437 ) ) ;
#2282 = CARTESIAN_POINT ( 'NONE',  ( 3.000000000000000888, 7.924621202458751235, 304.8000000000000114 ) ) ;
#2283 = CIRCLE ( 'NONE', #5867, 2.999999999999999556 ) ;
#2284 = ORIENTED_EDGE ( 'NONE', *, *, #2682, .T. ) ;
#2285 = DIRECTION ( 'NONE',  ( 1.000000000000000000, 0.000000000000000000, 0.000000000000000000 ) ) ;
#2286 = CARTESIAN_POINT ( 'NONE',  ( 3.000000000000000888, -10.00000000000000000, 304.8000000000000114 ) ) ;
#2287 = CARTESIAN_POINT ( 'NONE',  ( -4.478679656440354151, -3.011165235168150378, 304.8000000000000114 ) ) ;
#2288 = PLANE ( 'NONE',  #12766 ) ;
#2289 = DIRECTION ( 'NONE',  ( -1.000000000000000000, 0.000000000000000000, 0.000000000000000000 ) ) ;
#2290 = DIRECTION ( 'NONE',  ( -0.000000000000000000, 0.000000000000000000, -1.000000000000000000 ) ) ;
#2291 = VERTEX_POINT ( 'NONE', #4779 ) ;
#2292 = DIRECTION ( 'NONE',  ( 1.000000000000000000, -8.065639195895846808E-16, 0.000000000000000000 ) ) ;
#2293 = VERTEX_POINT ( 'NONE', #877 ) ;
#2294 = VERTEX_POINT ( 'NONE', #4647 ) ;
#2295 = CARTESIAN_POINT ( 'NONE',  ( -3.000000000000000888, 10.00000000000000000, 304.8000000000000114 ) ) ;
#2296 = EDGE_LOOP ( 'NONE', ( #2926, #11348, #1017, #8238, #101, #3325, #203, #8854, #11046, #89, #2355, #8911, #4468, #5938, #2612, #8906, #4089, #1858, #2655, #5758, #1937, #2766, #11017, #1465, #11613, #5211, #3234, #5181, #12030, #7528, #574, #3888, #1183, #3830, #12496, #11942, #2062, #2358, #9176, #10562, #4253, #10999, #7993, #12605, #352, #6727, #169, #7961, #1760, #9386, #11304, #4347, #10398, #4581, #10825, #11990, #12832, #6011, #2776, #7143, #11553, #9717, #5527, #2157, #7024, #9996, #4799, #11668, #259, #12893, #2546, #8012 ) ) ;
#2297 = ADVANCED_FACE ( 'NONE', ( #9768 ), #3848, .F. ) ;
#2298 = EDGE_CURVE ( 'NONE', #12002, #7172, #10943, .T. ) ;
#2299 = DIRECTION ( 'NONE',  ( -1.000000000000000000, 0.000000000000000000, 0.000000000000000000 ) ) ;
#2300 = CYLINDRICAL_SURFACE ( 'NONE', #5717, 0.5000000000000004441 ) ;
#2301 = EDGE_LOOP ( 'NONE', ( #2108, #1258, #12904, #9459 ) ) ;
#2302 = ORIENTED_EDGE ( 'NONE', *, *, #698, .F. ) ;
#2303 = FACE_OUTER_BOUND ( 'NONE', #3268, .T. ) ;
#2304 = CARTESIAN_POINT ( 'NONE',  ( -8.250000000000000000, 10.00000000000000178, 304.8000000000000114 ) ) ;
#2305 = CARTESIAN_POINT ( 'NONE',  ( 7.924621202458749458, 3.000000000000001332, 304.8000000000000114 ) ) ;
#2306 = AXIS2_PLACEMENT_3D ( 'NONE', #7959, #1008, #12130 ) ;
#2307 = DIRECTION ( 'NONE',  ( 1.000000000000000000, 0.000000000000000000, 0.000000000000000000 ) ) ;
#2308 = DIRECTION ( 'NONE',  ( 2.465190328815661892E-32, -2.220446049250313081E-16, 1.000000000000000000 ) ) ;
#2309 = ORIENTED_EDGE ( 'NONE', *, *, #1615, .F. ) ;
#2310 = VERTEX_POINT ( 'NONE', #9959 ) ;
#2311 = DIRECTION ( 'NONE',  ( 0.000000000000000000, -0.000000000000000000, -1.000000000000000000 ) ) ;
#2312 = AXIS2_PLACEMENT_3D ( 'NONE', #4262, #10436, #8441 ) ;
#2313 = DIRECTION ( 'NONE',  ( -0.000000000000000000, -0.000000000000000000, -1.000000000000000000 ) ) ;
#2314 = CARTESIAN_POINT ( 'NONE',  ( 8.424621202458750346, -2.500000000000000000, 304.8000000000000114 ) ) ;
#2315 = FACE_OUTER_BOUND ( 'NONE', #5050, .T. ) ;
#2316 = ADVANCED_FACE ( 'NONE', ( #1602 ), #7893, .T. ) ;
#2317 = DIRECTION ( 'NONE',  ( -0.000000000000000000, 0.000000000000000000, -1.000000000000000000 ) ) ;
#2318 = CARTESIAN_POINT ( 'NONE',  ( 2.500000000000000000, -8.424621202458752123, 304.8000000000000114 ) ) ;
#2319 = FACE_OUTER_BOUND ( 'NONE', #6376, .T. ) ;
#2320 = DIRECTION ( 'NONE',  ( 1.000000000000000000, 0.000000000000000000, 0.000000000000000000 ) ) ;
#2321 = VECTOR ( 'NONE', #5372, 1000.000000000000000 ) ;
#2322 = EDGE_LOOP ( 'NONE', ( #12702, #1344, #8848, #3075 ) ) ;
#2323 = CIRCLE ( 'NONE', #9325, 2.999999999999999112 ) ;
#2324 = ORIENTED_EDGE ( 'NONE', *, *, #10634, .T. ) ;
#2325 = EDGE_CURVE ( 'NONE', #6925, #10236, #267, .T. ) ;
#2326 = PLANE ( 'NONE',  #5077 ) ;
#2327 = DIRECTION ( 'NONE',  ( 0.000000000000000000, 0.000000000000000000, 1.000000000000000000 ) ) ;
#2328 = DIRECTION ( 'NONE',  ( 0.000000000000000000, -0.000000000000000000, -1.000000000000000000 ) ) ;
#2329 = EDGE_CURVE ( 'NONE', #10926, #11374, #11670, .T. ) ;
#2330 = DIRECTION ( 'NONE',  ( 1.000000000000000000, 0.000000000000000000, 0.000000000000000000 ) ) ;
#2331 = VECTOR ( 'NONE', #4339, 1000.000000000000000 ) ;
#2332 = CIRCLE ( 'NONE', #4440, 1.749999999999999778 ) ;
#2333 = ADVANCED_FACE ( 'NONE', ( #12913 ), #2659, .F. ) ;
#2334 = SURFACE_STYLE_FILL_AREA ( #2401 ) ;
#2335 = DIRECTION ( 'NONE',  ( -0.7071067811865474617, -0.7071067811865476838, 0.000000000000000000 ) ) ;
#2336 = ORIENTED_EDGE ( 'NONE', *, *, #12593, .T. ) ;
#2337 = DIRECTION ( 'NONE',  ( 0.000000000000000000, 0.000000000000000000, -1.000000000000000000 ) ) ;
#2338 = VERTEX_POINT ( 'NONE', #12724 ) ;
#2339 = DIRECTION ( 'NONE',  ( -0.000000000000000000, 0.000000000000000000, -1.000000000000000000 ) ) ;
#2340 = ORIENTED_EDGE ( 'NONE', *, *, #78, .T. ) ;
#2341 = EDGE_CURVE ( 'NONE', #8823, #8100, #5103, .T. ) ;
#2342 = AXIS2_PLACEMENT_3D ( 'NONE', #2135, #1010, #6192 ) ;
#2343 = VECTOR ( 'NONE', #4777, 1000.000000000000000 ) ;
#2344 = VERTEX_POINT ( 'NONE', #2782 ) ;
#2345 = CIRCLE ( 'NONE', #9758, 0.5000000000000004441 ) ;
#2346 = LINE ( 'NONE', #8573, #8038 ) ;
#2347 = CYLINDRICAL_SURFACE ( 'NONE', #7429, 0.5000000000000004441 ) ;
#2348 = DIRECTION ( 'NONE',  ( -1.000000000000000000, -3.304235192336776005E-16, 0.000000000000000000 ) ) ;
#2349 = CARTESIAN_POINT ( 'NONE',  ( -3.599999999999997424, -0.8898448916085081040, 304.8000000000000114 ) ) ;
#2350 = FACE_OUTER_BOUND ( 'NONE', #8690, .T. ) ;
#2351 = AXIS2_PLACEMENT_3D ( 'NONE', #6218, #3150, #57 ) ;
#2352 = AXIS2_PLACEMENT_3D ( 'NONE', #10581, #3799, #763 ) ;
#2353 = PRODUCT_DEFINITION_SHAPE ( 'NONE', 'NONE',  #13077 ) ;
#2354 = CARTESIAN_POINT ( 'NONE',  ( 5.249999999999997335, 7.924621202458751235, -104.7750000000000057 ) ) ;
#2355 = ORIENTED_EDGE ( 'NONE', *, *, #556, .T. ) ;
#2356 = DIRECTION ( 'NONE',  ( -0.000000000000000000, -0.000000000000000000, -1.000000000000000000 ) ) ;
#2357 = VERTEX_POINT ( 'NONE', #10887 ) ;
#2358 = ORIENTED_EDGE ( 'NONE', *, *, #2085, .T. ) ;
#2359 = DIRECTION ( 'NONE',  ( -1.000000000000000000, 0.000000000000000000, 0.000000000000000000 ) ) ;
#2360 = ORIENTED_EDGE ( 'NONE', *, *, #3087, .T. ) ;
#2361 = DIRECTION ( 'NONE',  ( 0.000000000000000000, -0.000000000000000000, -1.000000000000000000 ) ) ;
#2362 = VECTOR ( 'NONE', #6621, 1000.000000000000000 ) ;
#2363 = AXIS2_PLACEMENT_3D ( 'NONE', #6517, #6328, #9575 ) ;
#2364 = DIRECTION ( 'NONE',  ( 0.000000000000000000, 0.000000000000000000, -1.000000000000000000 ) ) ;
#2365 = ORIENTED_EDGE ( 'NONE', *, *, #9389, .T. ) ;
#2366 = ORIENTED_EDGE ( 'NONE', *, *, #1720, .T. ) ;
#2367 = DIRECTION ( 'NONE',  ( 4.873668131198272923E-16, -1.000000000000000000, 0.000000000000000000 ) ) ;
#2368 = EDGE_CURVE ( 'NONE', #11727, #7874, #4692, .T. ) ;
#2369 = EDGE_CURVE ( 'NONE', #5714, #6212, #7701, .T. ) ;
#2371 = ADVANCED_FACE ( 'NONE', ( #7762 ), #9897, .F. ) ;
#2370 = CARTESIAN_POINT ( 'NONE',  ( 3.011165235168160592, -4.478679656440357704, 304.8000000000000114 ) ) ;
#2372 = VECTOR ( 'NONE', #992, 1000.000000000000000 ) ;
#2373 = ORIENTED_EDGE ( 'NONE', *, *, #10855, .F. ) ;
#2374 = CARTESIAN_POINT ( 'NONE',  ( -8.424621202458750346, -2.500000000000000000, -20.77500000000004476 ) ) ;
#2375 = VECTOR ( 'NONE', #8436, 1000.000000000000114 ) ;
#2376 = ORIENTED_EDGE ( 'NONE', *, *, #4272, .F. ) ;
#2377 = LINE ( 'NONE', #200, #1852 ) ;
#2378 = CARTESIAN_POINT ( 'NONE',  ( 2.500000000000000444, 9.500000000000000000, 304.8000000000000114 ) ) ;
#2379 = ORIENTED_EDGE ( 'NONE', *, *, #11852, .F. ) ;
#2380 = VECTOR ( 'NONE', #1919, 1000.000000000000000 ) ;
#2381 = DIRECTION ( 'NONE',  ( -1.000000000000000000, 0.000000000000000000, 0.000000000000000000 ) ) ;
#2382 = CIRCLE ( 'NONE', #11050, 0.4999999999999995559 ) ;
#2383 = DIRECTION ( 'NONE',  ( -1.000000000000000000, 0.000000000000000000, 0.000000000000000000 ) ) ;
#2384 = CARTESIAN_POINT ( 'NONE',  ( -4.478679656440354151, 3.011165235168150822, -24.77500000000004832 ) ) ;
#2385 = CIRCLE ( 'NONE', #2168, 2.999999999999999556 ) ;
#2386 = CARTESIAN_POINT ( 'NONE',  ( 7.924621202458747682, 5.249999999999995559, 304.8000000000000114 ) ) ;
#2387 = LINE ( 'NONE', #8553, #4679 ) ;
#2388 = LINE ( 'NONE', #4317, #3930 ) ;
#2389 = DIRECTION ( 'NONE',  ( -1.000000000000000000, 0.000000000000000000, 0.000000000000000000 ) ) ;
#2390 = AXIS2_PLACEMENT_3D ( 'NONE', #12311, #3240, #9078 ) ;
#2391 = DIRECTION ( 'NONE',  ( -3.304235192336776498E-16, 1.000000000000000000, 0.000000000000000000 ) ) ;
#2392 = CIRCLE ( 'NONE', #6820, 1.749999999999999778 ) ;
#2393 = ORIENTED_EDGE ( 'NONE', *, *, #1126, .T. ) ;
#2394 = ORIENTED_EDGE ( 'NONE', *, *, #11858, .F. ) ;
#2395 = CARTESIAN_POINT ( 'NONE',  ( -8.424621202458750346, 2.500000000000000000, 304.8000000000000114 ) ) ;
#2396 = DIRECTION ( 'NONE',  ( -0.000000000000000000, -0.000000000000000000, -1.000000000000000000 ) ) ;
#2397 = CARTESIAN_POINT ( 'NONE',  ( -7.924621202458747682, 5.249999999999995559, 304.8000000000000114 ) ) ;
#2398 = CARTESIAN_POINT ( 'NONE',  ( 2.149999999999999911, 1.284004426264853453E-14, 304.8000000000000114 ) ) ;
#2399 = AXIS2_PLACEMENT_3D ( 'NONE', #10616, #4513, #5573 ) ;
#2400 = EDGE_CURVE ( 'NONE', #5813, #185, #8768, .T. ) ;
#2401 = FILL_AREA_STYLE ('',( #7503 ) ) ;
#2402 = DIRECTION ( 'NONE',  ( -0.000000000000000000, -0.000000000000000000, -1.000000000000000000 ) ) ;
#2403 = ORIENTED_EDGE ( 'NONE', *, *, #7878, .T. ) ;
#2404 = CARTESIAN_POINT ( 'NONE',  ( 3.000000000000000888, -7.924621202458751235, 304.8000000000000114 ) ) ;
#2405 = VERTEX_POINT ( 'NONE', #2844 ) ;
#2406 = EDGE_CURVE ( 'NONE', #5679, #10518, #6767, .T. ) ;
#2407 = VECTOR ( 'NONE', #4282, 1000.000000000000000 ) ;
#2408 = VECTOR ( 'NONE', #1196, 1000.000000000000000 ) ;
#2409 = DIRECTION ( 'NONE',  ( 0.000000000000000000, -0.000000000000000000, -1.000000000000000000 ) ) ;
#2410 = ADVANCED_FACE ( 'NONE', ( #6897 ), #1864, .T. ) ;
#2411 = DIRECTION ( 'NONE',  ( -1.000000000000000000, 0.000000000000000000, 0.000000000000000000 ) ) ;
#2412 = CARTESIAN_POINT ( 'NONE',  ( 3.000000000000000888, 9.500000000000000000, 304.8000000000000114 ) ) ;
#2413 = CARTESIAN_POINT ( 'NONE',  ( 8.250000000000000000, -8.250000000000000000, 304.8000000000000114 ) ) ;
#2414 = VERTEX_POINT ( 'NONE', #5782 ) ;
#2415 = CIRCLE ( 'NONE', #10885, 0.5000000000000013323 ) ;
#2416 = DIRECTION ( 'NONE',  ( 2.924200878718997083E-15, 1.000000000000000000, -0.000000000000000000 ) ) ;
#2418 = ADVANCED_FACE ( 'NONE', ( #11863 ), #5841, .F. ) ;
#2417 = AXIS2_PLACEMENT_3D ( 'NONE', #11766, #5057, #9930 ) ;
#2419 = CARTESIAN_POINT ( 'NONE',  ( -3.000000000000000888, -7.924621202458751235, 304.8000000000000114 ) ) ;
#2420 = ADVANCED_FACE ( 'NONE', ( #11076 ), #6111, .F. ) ;
#2421 = VERTEX_POINT ( 'NONE', #7231 ) ;
#2422 = FACE_OUTER_BOUND ( 'NONE', #12094, .T. ) ;
#2423 = ORIENTED_EDGE ( 'NONE', *, *, #2681, .F. ) ;
#2424 = VERTEX_POINT ( 'NONE', #1936 ) ;
#2425 = DIRECTION ( 'NONE',  ( -1.000000000000000000, 1.734723475976807292E-15, 0.000000000000000000 ) ) ;
#2426 = ORIENTED_EDGE ( 'NONE', *, *, #4030, .T. ) ;
#2427 = DIRECTION ( 'NONE',  ( -1.000000000000000000, 0.000000000000000000, 0.000000000000000000 ) ) ;
#2428 = EDGE_CURVE ( 'NONE', #8034, #9218, #9023, .T. ) ;
#2429 = DIRECTION ( 'NONE',  ( 0.000000000000000000, -0.000000000000000000, -1.000000000000000000 ) ) ;
#2430 = ORIENTED_EDGE ( 'NONE', *, *, #3179, .F. ) ;
#2431 = DIRECTION ( 'NONE',  ( 0.000000000000000000, -0.000000000000000000, -1.000000000000000000 ) ) ;
#2432 = VERTEX_POINT ( 'NONE', #12253 ) ;
#2433 = EDGE_CURVE ( 'NONE', #10549, #7694, #2151, .T. ) ;
#2434 = CARTESIAN_POINT ( 'NONE',  ( 0.000000000000000000, 3.600000000000000089, 304.8000000000000114 ) ) ;
#2435 = PLANE ( 'NONE',  #10298 ) ;
#2436 = DIRECTION ( 'NONE',  ( -0.000000000000000000, -0.000000000000000000, -1.000000000000000000 ) ) ;
#2437 = ORIENTED_EDGE ( 'NONE', *, *, #4834, .T. ) ;
#2438 = DIRECTION ( 'NONE',  ( -0.000000000000000000, -0.000000000000000000, -1.000000000000000000 ) ) ;
#2439 = DIRECTION ( 'NONE',  ( -1.000000000000000000, 4.873668131198272923E-16, 0.000000000000000000 ) ) ;
#2440 = EDGE_CURVE ( 'NONE', #11146, #11718, #1071, .T. ) ;
#2441 = CARTESIAN_POINT ( 'NONE',  ( 3.011165235168160592, -4.478679656440356815, -104.7750000000000057 ) ) ;
#2442 = DIRECTION ( 'NONE',  ( 2.924200878718996689E-15, -1.000000000000000000, 0.000000000000000000 ) ) ;
#2443 = CARTESIAN_POINT ( 'NONE',  ( -4.478679656440354151, -3.011165235168150378, 304.8000000000000114 ) ) ;
#2444 = CARTESIAN_POINT ( 'NONE',  ( -7.924621202458747682, -5.249999999999995559, 304.8000000000000114 ) ) ;
#2445 = CARTESIAN_POINT ( 'NONE',  ( -10.00000000000000000, 3.000000000000001332, 304.8000000000000114 ) ) ;
#2446 = DIRECTION ( 'NONE',  ( -0.000000000000000000, -0.000000000000000000, -1.000000000000000000 ) ) ;
#2447 = DIRECTION ( 'NONE',  ( 1.000000000000000000, 0.000000000000000000, 0.000000000000000000 ) ) ;
#2448 = ORIENTED_EDGE ( 'NONE', *, *, #7714, .T. ) ;
#2449 = EDGE_LOOP ( 'NONE', ( #6075, #12062, #51, #2198 ) ) ;
#2450 = ADVANCED_FACE ( 'NONE', ( #17 ), #8019, .F. ) ;
#2451 = EDGE_CURVE ( 'NONE', #5254, #10533, #5105, .T. ) ;
#2452 = VECTOR ( 'NONE', #2258, 1000.000000000000000 ) ;
#2453 = ORIENTED_EDGE ( 'NONE', *, *, #5362, .F. ) ;
#2454 = EDGE_LOOP ( 'NONE', ( #7716, #9317, #8735, #5996 ) ) ;
#2455 = CARTESIAN_POINT ( 'NONE',  ( 4.478679656440354151, -3.011165235168150378, 304.8000000000000114 ) ) ;
#2456 = LINE ( 'NONE', #3379, #681 ) ;
#2457 = CYLINDRICAL_SURFACE ( 'NONE', #7682, 0.5000000000000004441 ) ;
#2458 = PRODUCT_DEFINITION_SHAPE ( 'NONE', 'NONE',  #13091 ) ;
#2459 = DIRECTION ( 'NONE',  ( -8.065639195895844836E-16, -1.000000000000000000, 0.000000000000000000 ) ) ;
#2460 = PRESENTATION_STYLE_ASSIGNMENT (( #360 ) ) ;
#2461 = DIRECTION ( 'NONE',  ( -0.7071067811865474617, 0.7071067811865476838, 0.000000000000000000 ) ) ;
#2462 = VECTOR ( 'NONE', #9954, 1000.000000000000000 ) ;
#2463 = ORIENTED_EDGE ( 'NONE', *, *, #12612, .F. ) ;
#2464 = LINE ( 'NONE', #3513, #4655 ) ;
#2465 = ORIENTED_EDGE ( 'NONE', *, *, #4236, .T. ) ;
#2466 = ORIENTED_EDGE ( 'NONE', *, *, #4198, .F. ) ;
#2467 = DIRECTION ( 'NONE',  ( 1.000000000000000000, 0.000000000000000000, 0.000000000000000000 ) ) ;
#2468 = EDGE_CURVE ( 'NONE', #4991, #1091, #9570, .T. ) ;
#2469 = CARTESIAN_POINT ( 'NONE',  ( 3.000000000000000888, -9.500000000000000000, 304.8000000000000114 ) ) ;
#2470 = AXIS2_PLACEMENT_3D ( 'NONE', #4080, #3807, #10967 ) ;
#2471 = CYLINDRICAL_SURFACE ( 'NONE', #3227, 0.5000000000000004441 ) ;
#2472 = CIRCLE ( 'NONE', #8822, 2.150000000000012790 ) ;
#2473 = CYLINDRICAL_SURFACE ( 'NONE', #4525, 0.5000000000000008882 ) ;
#2474 = EDGE_CURVE ( 'NONE', #9971, #3481, #11271, .T. ) ;
#2475 = DIRECTION ( 'NONE',  ( 0.000000000000000000, 0.000000000000000000, -1.000000000000000000 ) ) ;
#2476 = ORIENTED_EDGE ( 'NONE', *, *, #3772, .F. ) ;
#2477 = DIRECTION ( 'NONE',  ( 0.000000000000000000, 0.000000000000000000, 1.000000000000000000 ) ) ;
#2478 = VECTOR ( 'NONE', #8834, 1000.000000000000000 ) ;
#2479 = VERTEX_POINT ( 'NONE', #11988 ) ;
#2480 = ORIENTED_EDGE ( 'NONE', *, *, #5843, .T. ) ;
#2481 = DIRECTION ( 'NONE',  ( -0.000000000000000000, 0.000000000000000000, -1.000000000000000000 ) ) ;
#2482 = ORIENTED_EDGE ( 'NONE', *, *, #12868, .F. ) ;
#2483 = DIRECTION ( 'NONE',  ( -1.000000000000000000, 3.304235192336776498E-16, 0.000000000000000000 ) ) ;
#2484 = EDGE_CURVE ( 'NONE', #11605, #9413, #2978, .T. ) ;
#2485 = DIRECTION ( 'NONE',  ( 0.7071067811865476838, 0.7071067811865474617, 0.000000000000000000 ) ) ;
#2486 = ORIENTED_EDGE ( 'NONE', *, *, #5377, .F. ) ;
#2487 = DIRECTION ( 'NONE',  ( -1.000000000000000000, 0.000000000000000000, 0.000000000000000000 ) ) ;
#2488 = ORIENTED_EDGE ( 'NONE', *, *, #3386, .F. ) ;
#2489 = VECTOR ( 'NONE', #11652, 1000.000000000000000 ) ;
#2490 = EDGE_CURVE ( 'NONE', #3468, #2956, #10211, .T. ) ;
#2491 = PLANE ( 'NONE',  #5574 ) ;
#2492 = CARTESIAN_POINT ( 'NONE',  ( -0.8898448916085185401, -3.600000000000000533, 304.8000000000000114 ) ) ;
#2493 = EDGE_CURVE ( 'NONE', #765, #12977, #7854, .T. ) ;
#2494 = DIRECTION ( 'NONE',  ( 8.065639195895844836E-16, 1.000000000000000000, 0.000000000000000000 ) ) ;
#2495 = EDGE_LOOP ( 'NONE', ( #11518, #7059, #1158, #6053 ) ) ;
#2496 = DIRECTION ( 'NONE',  ( 0.000000000000000000, -0.000000000000000000, -1.000000000000000000 ) ) ;
#2497 = APPLICATION_PROTOCOL_DEFINITION ( 'draft international standard', 'automotive_design', 1998, #8335 ) ;
#2498 = AXIS2_PLACEMENT_3D ( 'NONE', #2159, #7265, #11501 ) ;
#2499 = CYLINDRICAL_SURFACE ( 'NONE', #6371, 2.999999999999999112 ) ;
#2500 = EDGE_CURVE ( 'NONE', #467, #11406, #8077, .T. ) ;
#2501 = VERTEX_POINT ( 'NONE', #8965 ) ;
#2502 = VERTEX_POINT ( 'NONE', #9088 ) ;
#2503 = DIRECTION ( 'NONE',  ( 0.7071067811865465735, 0.7071067811865484609, 0.000000000000000000 ) ) ;
#2504 = DIRECTION ( 'NONE',  ( 1.000000000000000000, 1.541976423090498986E-15, 0.000000000000000000 ) ) ;
#2505 = VECTOR ( 'NONE', #6190, 1000.000000000000000 ) ;
#2506 = DIRECTION ( 'NONE',  ( -0.000000000000000000, -0.000000000000000000, -1.000000000000000000 ) ) ;
#2507 = CARTESIAN_POINT ( 'NONE',  ( 8.250000000000000000, 8.250000000000000000, -20.77500000000004476 ) ) ;
#2508 = FACE_OUTER_BOUND ( 'NONE', #7423, .T. ) ;
#2509 = CARTESIAN_POINT ( 'NONE',  ( 3.000000000000000888, 9.500000000000000000, 198.8000000000000398 ) ) ;
#2510 = LINE ( 'NONE', #9683, #3511 ) ;
#2511 = ORIENTED_EDGE ( 'NONE', *, *, #1517, .T. ) ;
#2512 = ORIENTED_EDGE ( 'NONE', *, *, #587, .T. ) ;
#2513 = CIRCLE ( 'NONE', #5903, 2.999999999999999112 ) ;
#2514 = ORIENTED_EDGE ( 'NONE', *, *, #10750, .F. ) ;
#2515 = DIRECTION ( 'NONE',  ( 0.000000000000000000, 0.000000000000000000, -1.000000000000000000 ) ) ;
#2516 = CARTESIAN_POINT ( 'NONE',  ( -7.424621202458747682, -5.249999999999995559, 304.8000000000000114 ) ) ;
#2517 = CARTESIAN_POINT ( 'NONE',  ( 3.000000000000000888, 8.424621202458752123, 304.8000000000000114 ) ) ;
#2519 = EDGE_CURVE ( 'NONE', #4208, #11423, #4051, .T. ) ;
#2518 = CARTESIAN_POINT ( 'NONE',  ( -5.249999999999997335, 7.924621202458751235, 94.79999999999999716 ) ) ;
#2520 = DIRECTION ( 'NONE',  ( 0.000000000000000000, 0.000000000000000000, -1.000000000000000000 ) ) ;
#2521 = EDGE_CURVE ( 'NONE', #10122, #3416, #3112, .T. ) ;
#2522 = VERTEX_POINT ( 'NONE', #3048 ) ;
#2523 = LINE ( 'NONE', #6571, #6076 ) ;
#2524 = EDGE_LOOP ( 'NONE', ( #10515, #7199, #11467, #2540 ) ) ;
#2525 = FACE_OUTER_BOUND ( 'NONE', #7795, .T. ) ;
#2526 = CIRCLE ( 'NONE', #9745, 0.5000000000000013323 ) ;
#2527 = CARTESIAN_POINT ( 'NONE',  ( -8.424621202458750346, 2.500000000000000000, 304.8000000000000114 ) ) ;
#2528 = DIRECTION ( 'NONE',  ( -1.000000000000000000, 0.000000000000000000, 0.000000000000000000 ) ) ;
#2529 = AXIS2_PLACEMENT_3D ( 'NONE', #7634, #1422, #10569 ) ;
#2530 = CARTESIAN_POINT ( 'NONE',  ( -3.000000000000000888, -9.500000000000000000, 304.8000000000000114 ) ) ;
#2531 =( NAMED_UNIT ( * ) PLANE_ANGLE_UNIT ( ) SI_UNIT ( $, .RADIAN. ) );
#2532 = EDGE_LOOP ( 'NONE', ( #12446, #9100, #8734, #4215 ) ) ;
#2533 = DIRECTION ( 'NONE',  ( 0.000000000000000000, 0.000000000000000000, 1.000000000000000000 ) ) ;
#2534 = CIRCLE ( 'NONE', #8046, 1.749999999999999778 ) ;
#2535 = AXIS2_PLACEMENT_3D ( 'NONE', #8370, #4383, #12385 ) ;
#2536 = ORIENTED_EDGE ( 'NONE', *, *, #12911, .T. ) ;
#2537 = EDGE_LOOP ( 'NONE', ( #9243, #10664, #1477, #5568 ) ) ;
#2538 = CARTESIAN_POINT ( 'NONE',  ( 8.250000000000000000, 10.00000000000000178, 304.8000000000000114 ) ) ;
#2539 = VERTEX_POINT ( 'NONE', #11135 ) ;
#2540 = ORIENTED_EDGE ( 'NONE', *, *, #5738, .T. ) ;
#2541 = CARTESIAN_POINT ( 'NONE',  ( 4.478679656440354151, 3.011165235168150378, 304.8000000000000114 ) ) ;
#2542 = CARTESIAN_POINT ( 'NONE',  ( 8.424621202458750346, 2.500000000000000000, 198.8000000000000398 ) ) ;
#2543 = ORIENTED_EDGE ( 'NONE', *, *, #7691, .T. ) ;
#2544 = DIRECTION ( 'NONE',  ( -1.000000000000000000, 0.000000000000000000, 0.000000000000000000 ) ) ;
#2545 = ADVANCED_FACE ( 'NONE', ( #7162 ), #11202, .T. ) ;
#2546 = ORIENTED_EDGE ( 'NONE', *, *, #12409, .T. ) ;
#2547 = AXIS2_PLACEMENT_3D ( 'NONE', #3928, #829, #4930 ) ;
#2548 = AXIS2_PLACEMENT_3D ( 'NONE', #5141, #12087, #11169 ) ;
#2549 = LINE ( 'NONE', #10655, #6431 ) ;
#2550 = FACE_OUTER_BOUND ( 'NONE', #2942, .T. ) ;
#2552 = EDGE_CURVE ( 'NONE', #10086, #12580, #11003, .T. ) ;
#2551 = CARTESIAN_POINT ( 'NONE',  ( -8.424621202458750346, -2.500000000000000000, 304.8000000000000114 ) ) ;
#2553 = ORIENTED_EDGE ( 'NONE', *, *, #1109, .T. ) ;
#2554 = DIRECTION ( 'NONE',  ( -1.000000000000000000, 0.000000000000000000, 0.000000000000000000 ) ) ;
#2555 = DIRECTION ( 'NONE',  ( 0.000000000000000000, 0.000000000000000000, 1.000000000000000000 ) ) ;
#2556 = VECTOR ( 'NONE', #12007, 1000.000000000000000 ) ;
#2557 = AXIS2_PLACEMENT_3D ( 'NONE', #2081, #9253, #9190 ) ;
#2559 = EDGE_CURVE ( 'NONE', #3725, #8753, #7428, .T. ) ;
#2558 = AXIS2_PLACEMENT_3D ( 'NONE', #9187, #11291, #10256 ) ;
#2560 = DIRECTION ( 'NONE',  ( -1.000000000000000000, 0.000000000000000000, 0.000000000000000000 ) ) ;
#2561 = ORIENTED_EDGE ( 'NONE', *, *, #8936, .T. ) ;
#2562 = EDGE_CURVE ( 'NONE', #6750, #6014, #8298, .T. ) ;
#2563 = ORIENTED_EDGE ( 'NONE', *, *, #11170, .T. ) ;
#2564 = ORIENTED_EDGE ( 'NONE', *, *, #12287, .F. ) ;
#2565 = DIRECTION ( 'NONE',  ( -0.7071067811865474617, 0.7071067811865476838, 0.000000000000000000 ) ) ;
#2566 = AXIS2_PLACEMENT_3D ( 'NONE', #2864, #8043, #8784 ) ;
#2567 = DIRECTION ( 'NONE',  ( 0.000000000000000000, -0.000000000000000000, -1.000000000000000000 ) ) ;
#2568 =( REPRESENTATION_RELATIONSHIP ('NONE','NONE', #11367, #12703 ) REPRESENTATION_RELATIONSHIP_WITH_TRANSFORMATION ( #1698 )SHAPE_REPRESENTATION_RELATIONSHIP( ) );
#2569 = AXIS2_PLACEMENT_3D ( 'NONE', #2126, #1002, #3979 ) ;
#2570 = CARTESIAN_POINT ( 'NONE',  ( -8.250000000000000000, 8.250000000000000000, 304.8000000000000114 ) ) ;
#2571 = DIRECTION ( 'NONE',  ( -0.000000000000000000, -0.000000000000000000, -1.000000000000000000 ) ) ;
#2573 = EDGE_CURVE ( 'NONE', #1091, #11111, #356, .T. ) ;
#2572 = DIRECTION ( 'NONE',  ( -1.000000000000000000, 0.000000000000000000, 0.000000000000000000 ) ) ;
#2574 = DIRECTION ( 'NONE',  ( -1.000000000000000000, 0.000000000000000000, 0.000000000000000000 ) ) ;
#2575 = DIRECTION ( 'NONE',  ( 1.000000000000000000, 0.000000000000000000, 0.000000000000000000 ) ) ;
#2576 =( GEOMETRIC_REPRESENTATION_CONTEXT ( 3 ) GLOBAL_UNCERTAINTY_ASSIGNED_CONTEXT ( ( #9072 ) ) GLOBAL_UNIT_ASSIGNED_CONTEXT ( ( #9818, #5566, #12102 ) ) REPRESENTATION_CONTEXT ( 'NONE', 'WORKASPACE' ) );
#2577 = DIRECTION ( 'NONE',  ( 1.000000000000000000, -4.873668131198272923E-16, 0.000000000000000000 ) ) ;
#2578 = ORIENTED_EDGE ( 'NONE', *, *, #7582, .T. ) ;
#2579 = EDGE_LOOP ( 'NONE', ( #9493, #983, #5495, #12151 ) ) ;
#2580 = EDGE_CURVE ( 'NONE', #7172, #3263, #9558, .T. ) ;
#2581 = LINE ( 'NONE', #12705, #10637 ) ;
#2582 = AXIS2_PLACEMENT_3D ( 'NONE', #11522, #3625, #4500 ) ;
#2583 = DIRECTION ( 'NONE',  ( -0.000000000000000000, -0.000000000000000000, -1.000000000000000000 ) ) ;
#2584 = CARTESIAN_POINT ( 'NONE',  ( 0.8898448916085185401, 6.599999999999999645, 304.8000000000000114 ) ) ;
#2585 = DIRECTION ( 'NONE',  ( 1.000000000000000000, 0.000000000000000000, 0.000000000000000000 ) ) ;
#2586 = AXIS2_PLACEMENT_3D ( 'NONE', #13029, #7017, #6754 ) ;
#2587 = EDGE_CURVE ( 'NONE', #7392, #8808, #54, .T. ) ;
#2589 = VECTOR ( 'NONE', #13049, 1000.000000000000000 ) ;
#2588 = CARTESIAN_POINT ( 'NONE',  ( -4.478679656440354151, 3.011165235168150822, 198.8000000000000398 ) ) ;
#2590 = FACE_OUTER_BOUND ( 'NONE', #1878, .T. ) ;
#2591 = ORIENTED_EDGE ( 'NONE', *, *, #3708, .F. ) ;
#2592 = DIRECTION ( 'NONE',  ( 0.000000000000000000, -0.000000000000000000, -1.000000000000000000 ) ) ;
#2593 = ORIENTED_EDGE ( 'NONE', *, *, #3378, .F. ) ;
#2594 = DIRECTION ( 'NONE',  ( -0.000000000000000000, 0.000000000000000000, -1.000000000000000000 ) ) ;
#2595 = CIRCLE ( 'NONE', #9392, 2.999999999999999556 ) ;
#2596 = EDGE_CURVE ( 'NONE', #2522, #3389, #2456, .T. ) ;
#2598 = EDGE_CURVE ( 'NONE', #10134, #10533, #11470, .T. ) ;
#2597 = VECTOR ( 'NONE', #12387, 1000.000000000000000 ) ;
#2599 = DIRECTION ( 'NONE',  ( -0.000000000000000000, -0.000000000000000000, -1.000000000000000000 ) ) ;
#2600 = CARTESIAN_POINT ( 'NONE',  ( 3.000000000000000888, 7.924621202458751235, 304.8000000000000114 ) ) ;
#2601 = EDGE_CURVE ( 'NONE', #3885, #10549, #6452, .T. ) ;
#2602 = CARTESIAN_POINT ( 'NONE',  ( -2.150000000000025224, 1.257674520083185143E-14, 94.79999999999999716 ) ) ;
#2603 = AXIS2_PLACEMENT_3D ( 'NONE', #1249, #1044, #5080 ) ;
#2604 = CARTESIAN_POINT ( 'NONE',  ( -5.603553390593272177, -7.071067811865475505, 304.8000000000000114 ) ) ;
#2605 = ORIENTED_EDGE ( 'NONE', *, *, #6336, .T. ) ;
#2606 = LINE ( 'NONE', #1552, #12205 ) ;
#2607 = CIRCLE ( 'NONE', #6223, 2.999999999999999556 ) ;
#2608 = ORIENTED_EDGE ( 'NONE', *, *, #2368, .F. ) ;
#2609 = ORIENTED_EDGE ( 'NONE', *, *, #7200, .T. ) ;
#2610 = CARTESIAN_POINT ( 'NONE',  ( 10.00000000000000000, -3.000000000000001332, 304.8000000000000114 ) ) ;
#2611 = ORIENTED_EDGE ( 'NONE', *, *, #774, .F. ) ;
#2612 = ORIENTED_EDGE ( 'NONE', *, *, #7598, .F. ) ;
#2613 = DIRECTION ( 'NONE',  ( 0.7071067811865474617, 0.7071067811865476838, 0.000000000000000000 ) ) ;
#2614 = EDGE_CURVE ( 'NONE', #10158, #11730, #418, .T. ) ;
#2615 = EDGE_CURVE ( 'NONE', #8530, #9425, #11465, .T. ) ;
#2616 = FACE_OUTER_BOUND ( 'NONE', #2537, .T. ) ;
#2617 = ORIENTED_EDGE ( 'NONE', *, *, #5207, .F. ) ;
#2618 = FACE_OUTER_BOUND ( 'NONE', #2056, .T. ) ;
#2619 = VECTOR ( 'NONE', #9294, 1000.000000000000000 ) ;
#2620 = ORIENTED_EDGE ( 'NONE', *, *, #11587, .T. ) ;
#2621 = VECTOR ( 'NONE', #5616, 1000.000000000000000 ) ;
#2622 = CARTESIAN_POINT ( 'NONE',  ( 10.00000000000000000, -3.000000000000001332, 304.8000000000000114 ) ) ;
#2623 = DIRECTION ( 'NONE',  ( 0.000000000000000000, 0.000000000000000000, -1.000000000000000000 ) ) ;
#2624 = DIRECTION ( 'NONE',  ( -0.000000000000000000, -0.000000000000000000, -1.000000000000000000 ) ) ;
#2625 = ORIENTED_EDGE ( 'NONE', *, *, #752, .F. ) ;
#2626 = CARTESIAN_POINT ( 'NONE',  ( -6.599999999999996092, 0.8898448916085081040, 304.8000000000000114 ) ) ;
#2627 = DIRECTION ( 'NONE',  ( 0.000000000000000000, 0.000000000000000000, -1.000000000000000000 ) ) ;
#2628 = VERTEX_POINT ( 'NONE', #4445 ) ;
#2629 = VERTEX_POINT ( 'NONE', #8497 ) ;
#2630 = EDGE_CURVE ( 'NONE', #1043, #6003, #6379, .T. ) ;
#2631 = CARTESIAN_POINT ( 'NONE',  ( -5.249999999999997335, 7.924621202458751235, 304.8000000000000114 ) ) ;
#2632 = DIRECTION ( 'NONE',  ( 1.000000000000000000, 0.000000000000000000, 0.000000000000000000 ) ) ;
#2634 = EDGE_CURVE ( 'NONE', #8188, #2007, #9142, .T. ) ;
#2633 = CARTESIAN_POINT ( 'NONE',  ( 7.424621202458747682, 5.249999999999995559, 304.8000000000000114 ) ) ;
#2635 = CARTESIAN_POINT ( 'NONE',  ( -7.071067811865473729, 5.603553390593270400, 304.8000000000000114 ) ) ;
#2636 = FACE_OUTER_BOUND ( 'NONE', #11090, .T. ) ;
#2637 = DIRECTION ( 'NONE',  ( -0.000000000000000000, -0.000000000000000000, -1.000000000000000000 ) ) ;
#2638 = EDGE_CURVE ( 'NONE', #5924, #3190, #7499, .T. ) ;
#2639 = CARTESIAN_POINT ( 'NONE',  ( 3.599999999999997424, 0.8898448916085081040, 304.8000000000000114 ) ) ;
#2640 = DIRECTION ( 'NONE',  ( -0.000000000000000000, -0.000000000000000000, -1.000000000000000000 ) ) ;
#2641 = ORIENTED_EDGE ( 'NONE', *, *, #3597, .T. ) ;
#2642 = ORIENTED_EDGE ( 'NONE', *, *, #8513, .T. ) ;
#2643 = ORIENTED_EDGE ( 'NONE', *, *, #13043, .F. ) ;
#2644 = EDGE_CURVE ( 'NONE', #11718, #4354, #1098, .T. ) ;
#2645 = DIRECTION ( 'NONE',  ( -0.000000000000000000, 0.000000000000000000, -1.000000000000000000 ) ) ;
#2646 = DIRECTION ( 'NONE',  ( 0.000000000000000000, -0.000000000000000000, -1.000000000000000000 ) ) ;
#2647 = CARTESIAN_POINT ( 'NONE',  ( 3.000000000000000888, -7.924621202458751235, 304.8000000000000114 ) ) ;
#2648 = CARTESIAN_POINT ( 'NONE',  ( 9.500000000000000000, -2.500000000000000000, 198.8000000000000398 ) ) ;
#2649 = VERTEX_POINT ( 'NONE', #6507 ) ;
#2650 = DIRECTION ( 'NONE',  ( 0.000000000000000000, 0.000000000000000000, 1.000000000000000000 ) ) ;
#2651 = CARTESIAN_POINT ( 'NONE',  ( -9.500000000000000000, -2.500000000000000444, 304.8000000000000114 ) ) ;
#2652 = ADVANCED_FACE ( 'NONE', ( #6561 ), #8371, .F. ) ;
#2653 = ORIENTED_EDGE ( 'NONE', *, *, #12955, .F. ) ;
#2654 = PLANE ( 'NONE',  #5436 ) ;
#2655 = ORIENTED_EDGE ( 'NONE', *, *, #11867, .F. ) ;
#2656 = AXIS2_PLACEMENT_3D ( 'NONE', #5834, #8819, #7814 ) ;
#2657 = CARTESIAN_POINT ( 'NONE',  ( -0.8898448916085185401, 3.600000000000000533, 304.8000000000000114 ) ) ;
#2658 = EDGE_CURVE ( 'NONE', #11331, #6514, #3315, .T. ) ;
#2659 = PLANE ( 'NONE',  #3624 ) ;
#2660 = CARTESIAN_POINT ( 'NONE',  ( 3.000000000000000888, 9.500000000000000000, 304.8000000000000114 ) ) ;
#2661 = CARTESIAN_POINT ( 'NONE',  ( -3.000000000000000888, -8.424621202458752123, 304.8000000000000114 ) ) ;
#2662 = CARTESIAN_POINT ( 'NONE',  ( -10.00000000000000000, -3.000000000000001332, 304.8000000000000114 ) ) ;
#2663 = VERTEX_POINT ( 'NONE', #1211 ) ;
#2664 = DIRECTION ( 'NONE',  ( 1.000000000000000000, 0.000000000000000000, 0.000000000000000000 ) ) ;
#2665 = VERTEX_POINT ( 'NONE', #5242 ) ;
#2666 = VERTEX_POINT ( 'NONE', #3255 ) ;
#2667 = CARTESIAN_POINT ( 'NONE',  ( -5.603553390593272177, 7.071067811865475505, 304.8000000000000114 ) ) ;
#2668 = ORIENTED_EDGE ( 'NONE', *, *, #6564, .T. ) ;
#2669 = ORIENTED_EDGE ( 'NONE', *, *, #6739, .F. ) ;
#2670 = VECTOR ( 'NONE', #250, 1000.000000000000000 ) ;
#2671 = CIRCLE ( 'NONE', #5003, 2.999999999999999556 ) ;
#2672 = CARTESIAN_POINT ( 'NONE',  ( 6.599999999999996092, -0.8898448916085081040, 304.8000000000000114 ) ) ;
#2673 = DIRECTION ( 'NONE',  ( -3.304235192336776498E-16, -1.000000000000000000, 0.000000000000000000 ) ) ;
#2674 = ORIENTED_EDGE ( 'NONE', *, *, #6874, .F. ) ;
#2675 = DIRECTION ( 'NONE',  ( -1.000000000000000000, -3.304235192336776498E-16, 0.000000000000000000 ) ) ;
#2676 = VERTEX_POINT ( 'NONE', #1275 ) ;
#2677 = LINE ( 'NONE', #12743, #81 ) ;
#2678 = VECTOR ( 'NONE', #5916, 1000.000000000000000 ) ;
#2679 = DIRECTION ( 'NONE',  ( 0.000000000000000000, 0.000000000000000000, -1.000000000000000000 ) ) ;
#2680 = CARTESIAN_POINT ( 'NONE',  ( -8.424621202458750346, 3.000000000000001332, -20.77500000000004476 ) ) ;
#2681 = EDGE_CURVE ( 'NONE', #8493, #7155, #2382, .T. ) ;
#2682 = EDGE_CURVE ( 'NONE', #6175, #4872, #2778, .T. ) ;
#2683 = LINE ( 'NONE', #6607, #5458 ) ;
#2684 = CONTEXT_DEPENDENT_SHAPE_REPRESENTATION ( #5021, #2353 ) ;
#2685 = CARTESIAN_POINT ( 'NONE',  ( 8.250000000000000000, 10.00000000000000178, 304.8000000000000114 ) ) ;
#2686 = AXIS2_PLACEMENT_3D ( 'NONE', #8524, #562, #2664 ) ;
#2687 = DIRECTION ( 'NONE',  ( 0.000000000000000000, 0.000000000000000000, -1.000000000000000000 ) ) ;
#2688 = ORIENTED_EDGE ( 'NONE', *, *, #1115, .T. ) ;
#2689 = ORIENTED_EDGE ( 'NONE', *, *, #4766, .T. ) ;
#2690 = PLANE ( 'NONE',  #1367 ) ;
#2691 = CARTESIAN_POINT ( 'NONE',  ( 8.424621202458750346, -2.500000000000000000, 304.8000000000000114 ) ) ;
#2692 = FACE_OUTER_BOUND ( 'NONE', #1111, .T. ) ;
#2693 = LINE ( 'NONE', #2759, #7635 ) ;
#2694 = CARTESIAN_POINT ( 'NONE',  ( 7.924621202458749458, -3.000000000000001332, 304.8000000000000114 ) ) ;
#2696 = VECTOR ( 'NONE', #11514, 1000.000000000000000 ) ;
#2695 = CARTESIAN_POINT ( 'NONE',  ( -7.924621202458747682, 5.249999999999995559, 198.8000000000000398 ) ) ;
#2697 = DIRECTION ( 'NONE',  ( -0.000000000000000000, -0.000000000000000000, -1.000000000000000000 ) ) ;
#2698 = DIRECTION ( 'NONE',  ( -3.304235192336776005E-16, 1.000000000000000000, 0.000000000000000000 ) ) ;
#2699 = ORIENTED_EDGE ( 'NONE', *, *, #6503, .T. ) ;
#2700 = ORIENTED_EDGE ( 'NONE', *, *, #4710, .T. ) ;
#2701 = ORIENTED_EDGE ( 'NONE', *, *, #12484, .T. ) ;
#2702 = CARTESIAN_POINT ( 'NONE',  ( 9.999999999999998224, -8.250000000000000000, 94.79999999999999716 ) ) ;
#2703 = VECTOR ( 'NONE', #11036, 1000.000000000000000 ) ;
#2704 = CARTESIAN_POINT ( 'NONE',  ( 7.071067811865473729, -5.603553390593270400, -24.77500000000004832 ) ) ;
#2705 = EDGE_CURVE ( 'NONE', #5137, #7639, #5307, .T. ) ;
#2706 = DIRECTION ( 'NONE',  ( -1.000000000000000000, 0.000000000000000000, 0.000000000000000000 ) ) ;
#2707 = CARTESIAN_POINT ( 'NONE',  ( -5.249999999999997335, 7.924621202458751235, 304.8000000000000114 ) ) ;
#2708 = CARTESIAN_POINT ( 'NONE',  ( 3.000000000000000888, -8.424621202458752123, 304.8000000000000114 ) ) ;
#2709 = DIRECTION ( 'NONE',  ( 0.000000000000000000, -0.000000000000000000, -1.000000000000000000 ) ) ;
#2710 = EDGE_LOOP ( 'NONE', ( #4765, #3230, #1009, #8592 ) ) ;
#2711 = ORIENTED_EDGE ( 'NONE', *, *, #10203, .T. ) ;
#2712 = DIRECTION ( 'NONE',  ( -1.000000000000000000, 1.734723475976807292E-15, 0.000000000000000000 ) ) ;
#2713 = EDGE_CURVE ( 'NONE', #12905, #6357, #3843, .T. ) ;
#2714 = CIRCLE ( 'NONE', #10362, 2.999999999999999112 ) ;
#2715 = ORIENTED_EDGE ( 'NONE', *, *, #986, .F. ) ;
#2716 = EDGE_CURVE ( 'NONE', #2796, #7954, #1531, .T. ) ;
#2717 = DIRECTION ( 'NONE',  ( 1.000000000000000000, 3.304235192336776005E-16, 0.000000000000000000 ) ) ;
#2718 = DIRECTION ( 'NONE',  ( 1.000000000000000000, 3.304235192336776005E-16, 0.000000000000000000 ) ) ;
#2719 = CARTESIAN_POINT ( 'NONE',  ( -3.000000000000000888, -7.924621202458751235, 304.8000000000000114 ) ) ;
#2720 = EDGE_CURVE ( 'NONE', #6160, #5106, #3569, .T. ) ;
#2721 = DIRECTION ( 'NONE',  ( -1.000000000000000000, 0.000000000000000000, 0.000000000000000000 ) ) ;
#2722 = CIRCLE ( 'NONE', #13073, 0.5000000000000004441 ) ;
#2723 = DIRECTION ( 'NONE',  ( -0.000000000000000000, 0.000000000000000000, -1.000000000000000000 ) ) ;
#2724 = ORIENTED_EDGE ( 'NONE', *, *, #3657, .F. ) ;
#2725 = LINE ( 'NONE', #12060, #7979 ) ;
#2726 = EDGE_CURVE ( 'NONE', #2291, #10057, #666, .T. ) ;
#2727 = ORIENTED_EDGE ( 'NONE', *, *, #10537, .F. ) ;
#2728 = ORIENTED_EDGE ( 'NONE', *, *, #6134, .F. ) ;
#2729 = CARTESIAN_POINT ( 'NONE',  ( -7.924621202458749458, 3.000000000000001332, 94.79999999999999716 ) ) ;
#2730 = ORIENTED_EDGE ( 'NONE', *, *, #3606, .F. ) ;
#2731 = ORIENTED_EDGE ( 'NONE', *, *, #12774, .T. ) ;
#2732 = VECTOR ( 'NONE', #1583, 1000.000000000000000 ) ;
#2733 = DIRECTION ( 'NONE',  ( -1.000000000000000000, 0.000000000000000000, 0.000000000000000000 ) ) ;
#2734 = DIRECTION ( 'NONE',  ( 1.000000000000000000, 0.000000000000000000, 0.000000000000000000 ) ) ;
#2735 = VERTEX_POINT ( 'NONE', #5629 ) ;
#2736 = DIRECTION ( 'NONE',  ( 1.000000000000000000, 0.000000000000000000, 0.000000000000000000 ) ) ;
#2737 = EDGE_CURVE ( 'NONE', #7505, #7585, #9823, .T. ) ;
#2738 = ORIENTED_EDGE ( 'NONE', *, *, #2223, .F. ) ;
#2739 = LINE ( 'NONE', #6790, #3450 ) ;
#2740 = CIRCLE ( 'NONE', #4018, 2.999999999999999112 ) ;
#2741 = VECTOR ( 'NONE', #9374, 1000.000000000000000 ) ;
#2742 = DIRECTION ( 'NONE',  ( 1.000000000000000000, 0.000000000000000000, 0.000000000000000000 ) ) ;
#2743 = DIRECTION ( 'NONE',  ( -1.000000000000000000, 0.000000000000000000, 0.000000000000000000 ) ) ;
#2744 = ORIENTED_EDGE ( 'NONE', *, *, #8540, .T. ) ;
#2745 = CARTESIAN_POINT ( 'NONE',  ( -2.499999999999999556, -8.424621202458752123, 198.8000000000000398 ) ) ;
#2746 = DIRECTION ( 'NONE',  ( -1.000000000000000000, 0.000000000000000000, 0.000000000000000000 ) ) ;
#2747 = CIRCLE ( 'NONE', #10187, 2.999999999999999112 ) ;
#2748 = LINE ( 'NONE', #8928, #9350 ) ;
#2749 = ORIENTED_EDGE ( 'NONE', *, *, #698, .T. ) ;
#2750 = AXIS2_PLACEMENT_3D ( 'NONE', #1449, #12684, #3616 ) ;
#2751 = ORIENTED_EDGE ( 'NONE', *, *, #4908, .T. ) ;
#2752 = EDGE_CURVE ( 'NONE', #9506, #11077, #4572, .T. ) ;
#2753 = EDGE_CURVE ( 'NONE', #8104, #10122, #278, .T. ) ;
#2754 = ORIENTED_EDGE ( 'NONE', *, *, #6294, .T. ) ;
#2755 = CARTESIAN_POINT ( 'NONE',  ( 5.249999999999997335, -7.424621202458749458, 304.8000000000000114 ) ) ;
#2756 = ADVANCED_FACE ( 'NONE', ( #8618 ), #3831, .F. ) ;
#2757 = DIRECTION ( 'NONE',  ( -1.000000000000000000, -0.000000000000000000, -0.000000000000000000 ) ) ;
#2758 = CARTESIAN_POINT ( 'NONE',  ( -2.500000000000000444, 9.500000000000000000, 304.8000000000000114 ) ) ;
#2759 = CARTESIAN_POINT ( 'NONE',  ( -3.011165235168160592, -4.478679656440357704, 304.8000000000000114 ) ) ;
#2760 = CARTESIAN_POINT ( 'NONE',  ( -8.424621202458750346, 2.500000000000000000, 304.8000000000000114 ) ) ;
#2761 = AXIS2_PLACEMENT_3D ( 'NONE', #3736, #2673, #11945 ) ;
#2762 = DIRECTION ( 'NONE',  ( 1.000000000000000000, 0.000000000000000000, 0.000000000000000000 ) ) ;
#2763 = AXIS2_PLACEMENT_3D ( 'NONE', #4086, #1179, #6993 ) ;
#2764 = LINE ( 'NONE', #10678, #8211 ) ;
#2765 = DIRECTION ( 'NONE',  ( 1.000000000000000000, 3.304235192336776498E-16, 0.000000000000000000 ) ) ;
#2766 = ORIENTED_EDGE ( 'NONE', *, *, #1115, .F. ) ;
#2767 = VERTEX_POINT ( 'NONE', #2702 ) ;
#2768 = VECTOR ( 'NONE', #8535, 1000.000000000000000 ) ;
#2769 = CARTESIAN_POINT ( 'NONE',  ( 3.000000000000000888, -7.924621202458751235, 304.8000000000000114 ) ) ;
#2770 = LINE ( 'NONE', #3899, #498 ) ;
#2771 = CARTESIAN_POINT ( 'NONE',  ( -9.500000000000000000, -3.000000000000001332, 304.8000000000000114 ) ) ;
#2772 = CARTESIAN_POINT ( 'NONE',  ( -7.071067811865473729, -5.603553390593270400, 304.8000000000000114 ) ) ;
#2773 = AXIS2_PLACEMENT_3D ( 'NONE', #1323, #4424, #1124 ) ;
#2774 = LINE ( 'NONE', #742, #4793 ) ;
#2775 = DIRECTION ( 'NONE',  ( -1.541976423090499183E-15, -1.000000000000000000, -0.000000000000000000 ) ) ;
#2776 = ORIENTED_EDGE ( 'NONE', *, *, #8969, .F. ) ;
#2777 = CARTESIAN_POINT ( 'NONE',  ( 8.424621202458750346, -3.000000000000001332, -24.77500000000004832 ) ) ;
#2778 = CIRCLE ( 'NONE', #2163, 0.5000000000000004441 ) ;
#2779 = ORIENTED_EDGE ( 'NONE', *, *, #12593, .F. ) ;
#2780 = AXIS2_PLACEMENT_3D ( 'NONE', #3694, #4693, #8608 ) ;
#2781 = PLANE ( 'NONE',  #669 ) ;
#2782 = CARTESIAN_POINT ( 'NONE',  ( 3.000000000000000888, 10.00000000000000000, 198.8000000000000398 ) ) ;
#2783 = DIRECTION ( 'NONE',  ( 1.000000000000000000, 0.000000000000000000, 0.000000000000000000 ) ) ;
#2784 = CIRCLE ( 'NONE', #4495, 0.5000000000000004441 ) ;
#2785 = CARTESIAN_POINT ( 'NONE',  ( 6.599999999999996092, -0.8898448916085081040, 198.8000000000000398 ) ) ;
#2786 = ADVANCED_FACE ( 'NONE', ( #5572 ), #6632, .F. ) ;
#2787 = EDGE_CURVE ( 'NONE', #2992, #778, #3767, .T. ) ;
#2788 = CARTESIAN_POINT ( 'NONE',  ( -10.00000000000000000, 3.000000000000001332, 304.8000000000000114 ) ) ;
#2789 = ORIENTED_EDGE ( 'NONE', *, *, #11223, .F. ) ;
#2790 = DIRECTION ( 'NONE',  ( -8.065639195895846808E-16, -1.000000000000000000, 0.000000000000000000 ) ) ;
#2791 = ORIENTED_EDGE ( 'NONE', *, *, #12407, .T. ) ;
#2792 = ORIENTED_EDGE ( 'NONE', *, *, #2428, .F. ) ;
#2793 = EDGE_CURVE ( 'NONE', #7696, #7476, #8876, .T. ) ;
#2794 = PLANE ( 'NONE',  #3768 ) ;
#2795 = VECTOR ( 'NONE', #2757, 1000.000000000000000 ) ;
#2796 = VERTEX_POINT ( 'NONE', #11847 ) ;
#2797 = ORIENTED_EDGE ( 'NONE', *, *, #3787, .F. ) ;
#2798 = AXIS2_PLACEMENT_3D ( 'NONE', #6113, #9236, #4053 ) ;
#2799 = EDGE_LOOP ( 'NONE', ( #6200, #12735, #7278, #2218 ) ) ;
#2800 = CARTESIAN_POINT ( 'NONE',  ( -8.250000000000000000, -8.250000000000000000, 304.8000000000000114 ) ) ;
#2801 = LINE ( 'NONE', #4735, #3192 ) ;
#2802 = ORIENTED_EDGE ( 'NONE', *, *, #588, .F. ) ;
#2803 = FACE_OUTER_BOUND ( 'NONE', #12930, .T. ) ;
#2804 = EDGE_LOOP ( 'NONE', ( #633, #12428, #9734, #8777 ) ) ;
#2805 = EDGE_CURVE ( 'NONE', #12814, #12451, #9690, .T. ) ;
#2806 = AXIS2_PLACEMENT_3D ( 'NONE', #8187, #10118, #3072 ) ;
#2807 = LINE ( 'NONE', #5805, #12544 ) ;
#2808 = ADVANCED_FACE ( 'NONE', ( #2831 ), #6824, .F. ) ;
#2809 = CIRCLE ( 'NONE', #10264, 0.5000000000000004441 ) ;
#2810 = CYLINDRICAL_SURFACE ( 'NONE', #4168, 0.5000000000000004441 ) ;
#2811 = ORIENTED_EDGE ( 'NONE', *, *, #3179, .T. ) ;
#2812 = EDGE_CURVE ( 'NONE', #8136, #465, #2581, .T. ) ;
#2813 = DIRECTION ( 'NONE',  ( -0.7071067811865465735, 0.7071067811865483499, 0.000000000000000000 ) ) ;
#2814 = FACE_OUTER_BOUND ( 'NONE', #12817, .T. ) ;
#2815 = AXIS2_PLACEMENT_3D ( 'NONE', #5457, #9513, #8759 ) ;
#2816 = CIRCLE ( 'NONE', #6443, 2.999999999999999112 ) ;
#2817 = CARTESIAN_POINT ( 'NONE',  ( -3.000000000000000888, 7.924621202458751235, 304.8000000000000114 ) ) ;
#2818 = ORIENTED_EDGE ( 'NONE', *, *, #12510, .T. ) ;
#2819 = ORIENTED_EDGE ( 'NONE', *, *, #5501, .F. ) ;
#2820 = EDGE_CURVE ( 'NONE', #10283, #1826, #6686, .T. ) ;
#2821 = ORIENTED_EDGE ( 'NONE', *, *, #11628, .F. ) ;
#2822 = CARTESIAN_POINT ( 'NONE',  ( -2.150000000000025224, 1.257674520083185143E-14, 304.8000000000000114 ) ) ;
#2823 = DIRECTION ( 'NONE',  ( 1.000000000000000000, 8.065639195895846808E-16, -0.000000000000000000 ) ) ;
#2824 = DIRECTION ( 'NONE',  ( 1.000000000000000000, 0.000000000000000000, 0.000000000000000000 ) ) ;
#2825 = CARTESIAN_POINT ( 'NONE',  ( 8.250000000000000000, -8.250000000000000000, 304.8000000000000114 ) ) ;
#2826 = LINE ( 'NONE', #6876, #4858 ) ;
#2827 = LINE ( 'NONE', #10864, #6515 ) ;
#2828 = ADVANCED_FACE ( 'NONE', ( #3705 ), #1722, .F. ) ;
#2829 = ORIENTED_EDGE ( 'NONE', *, *, #6002, .T. ) ;
#2830 = VERTEX_POINT ( 'NONE', #739 ) ;
#2831 = FACE_OUTER_BOUND ( 'NONE', #8682, .T. ) ;
#2832 = DIRECTION ( 'NONE',  ( 8.065639195895846808E-16, -1.000000000000000000, 0.000000000000000000 ) ) ;
#2833 = CARTESIAN_POINT ( 'NONE',  ( -3.000000000000000888, -10.00000000000000000, -104.7750000000000057 ) ) ;
#2834 = CARTESIAN_POINT ( 'NONE',  ( 3.000000000000000888, 7.924621202458751235, 304.8000000000000114 ) ) ;
#2835 = CARTESIAN_POINT ( 'NONE',  ( -3.011165235168160592, -4.478679656440356815, 304.8000000000000114 ) ) ;
#2836 = DIRECTION ( 'NONE',  ( -0.000000000000000000, -0.000000000000000000, -1.000000000000000000 ) ) ;
#2837 = DIRECTION ( 'NONE',  ( -0.000000000000000000, -0.000000000000000000, -1.000000000000000000 ) ) ;
#2838 = ORIENTED_EDGE ( 'NONE', *, *, #2493, .T. ) ;
#2839 = EDGE_CURVE ( 'NONE', #10959, #2676, #4767, .T. ) ;
#2840 = EDGE_CURVE ( 'NONE', #11684, #11392, #2047, .T. ) ;
#2841 = ORIENTED_EDGE ( 'NONE', *, *, #7733, .F. ) ;
#2842 = EDGE_CURVE ( 'NONE', #3924, #8200, #12097, .T. ) ;
#2843 = FACE_OUTER_BOUND ( 'NONE', #10838, .T. ) ;
#2844 = CARTESIAN_POINT ( 'NONE',  ( -3.011165235168160592, -4.478679656440357704, 304.8000000000000114 ) ) ;
#2845 = VERTEX_POINT ( 'NONE', #11121 ) ;
#2846 = LINE ( 'NONE', #4846, #8956 ) ;
#2847 = CARTESIAN_POINT ( 'NONE',  ( 0.8898448916085185401, -6.599999999999999645, 304.8000000000000114 ) ) ;
#2848 = EDGE_LOOP ( 'NONE', ( #1436, #713, #7336, #6748 ) ) ;
#2850 = AXIS2_PLACEMENT_3D ( 'NONE', #12194, #11208, #6187 ) ;
#2849 = DIRECTION ( 'NONE',  ( -0.000000000000000000, -0.000000000000000000, -1.000000000000000000 ) ) ;
#2851 = FACE_OUTER_BOUND ( 'NONE', #394, .T. ) ;
#2852 = ORIENTED_EDGE ( 'NONE', *, *, #10453, .F. ) ;
#2853 = DIRECTION ( 'NONE',  ( -0.000000000000000000, -0.000000000000000000, -1.000000000000000000 ) ) ;
#2854 = ORIENTED_EDGE ( 'NONE', *, *, #13039, .T. ) ;
#2855 = ORIENTED_EDGE ( 'NONE', *, *, #5593, .F. ) ;
#2856 = CARTESIAN_POINT ( 'NONE',  ( -2.500000000000000444, 9.500000000000000000, 304.8000000000000114 ) ) ;
#2857 = VERTEX_POINT ( 'NONE', #12107 ) ;
#2858 = VERTEX_POINT ( 'NONE', #10012 ) ;
#2859 = ORIENTED_EDGE ( 'NONE', *, *, #4748, .T. ) ;
#2860 = LINE ( 'NONE', #6718, #8067 ) ;
#2861 = CARTESIAN_POINT ( 'NONE',  ( 3.000000000000000888, 8.424621202458752123, 304.8000000000000114 ) ) ;
#2862 = ORIENTED_EDGE ( 'NONE', *, *, #3461, .T. ) ;
#2863 = AXIS2_PLACEMENT_3D ( 'NONE', #8010, #7153, #9158 ) ;
#2864 = CARTESIAN_POINT ( 'NONE',  ( -3.000000000000000888, 8.424621202458752123, 94.79999999999999716 ) ) ;
#2865 = ORIENTED_EDGE ( 'NONE', *, *, #9861, .T. ) ;
#2866 = EDGE_CURVE ( 'NONE', #11463, #11235, #6605, .T. ) ;
#2867 = DIRECTION ( 'NONE',  ( 1.000000000000000000, 0.000000000000000000, 0.000000000000000000 ) ) ;
#2868 = DIRECTION ( 'NONE',  ( -1.000000000000000000, 0.000000000000000000, 0.000000000000000000 ) ) ;
#2869 = AXIS2_PLACEMENT_3D ( 'NONE', #7344, #4162, #1384 ) ;
#2870 = ORIENTED_EDGE ( 'NONE', *, *, #1923, .F. ) ;
#2871 = AXIS2_PLACEMENT_3D ( 'NONE', #2195, #3371, #10358 ) ;
#2872 = LINE ( 'NONE', #3880, #9069 ) ;
#2873 = ITEM_DEFINED_TRANSFORMATION ( 'NONE', 'NONE', #1728,  #3417 ) ;
#2874 = EDGE_CURVE ( 'NONE', #3603, #4982, #2110, .T. ) ;
#2875 = DIRECTION ( 'NONE',  ( -1.000000000000000000, 0.000000000000000000, 0.000000000000000000 ) ) ;
#2876 = FACE_OUTER_BOUND ( 'NONE', #8158, .T. ) ;
#2877 = EDGE_LOOP ( 'NONE', ( #1156, #5263, #3813, #290 ) ) ;
#2878 = ADVANCED_FACE ( 'NONE', ( #10220 ), #6097, .F. ) ;
#2879 = ORIENTED_EDGE ( 'NONE', *, *, #1471, .T. ) ;
#2880 = AXIS2_PLACEMENT_3D ( 'NONE', #5402, #9458, #4213 ) ;
#2881 = VECTOR ( 'NONE', #1795, 1000.000000000000000 ) ;
#2882 = EDGE_CURVE ( 'NONE', #9635, #2421, #6806, .T. ) ;
#2883 = CARTESIAN_POINT ( 'NONE',  ( 3.011165235168160592, -4.478679656440356815, 304.8000000000000114 ) ) ;
#2884 = VECTOR ( 'NONE', #8270, 1000.000000000000000 ) ;
#2885 = CARTESIAN_POINT ( 'NONE',  ( 10.00000000000000000, 8.250000000000000000, 198.8000000000000398 ) ) ;
#2886 = DIRECTION ( 'NONE',  ( 0.7071067811865474617, 0.7071067811865476838, 0.000000000000000000 ) ) ;
#2887 = DIRECTION ( 'NONE',  ( -0.000000000000000000, -0.000000000000000000, -1.000000000000000000 ) ) ;
#2888 = CARTESIAN_POINT ( 'NONE',  ( 3.000000000000000888, 7.924621202458751235, -104.7750000000000057 ) ) ;
#2889 = EDGE_CURVE ( 'NONE', #3715, #3020, #1131, .T. ) ;
#2890 = VERTEX_POINT ( 'NONE', #6163 ) ;
#2891 = CIRCLE ( 'NONE', #3742, 0.5000000000000008882 ) ;
#2892 = ORIENTED_EDGE ( 'NONE', *, *, #7305, .T. ) ;
#2893 = CARTESIAN_POINT ( 'NONE',  ( -1.257674520083185143E-14, 1.257674520083185143E-14, -20.77500000000004476 ) ) ;
#2894 = FACE_OUTER_BOUND ( 'NONE', #6427, .T. ) ;
#2895 = DIRECTION ( 'NONE',  ( 0.7071067811865465735, -0.7071067811865483499, 0.000000000000000000 ) ) ;
#2896 = CIRCLE ( 'NONE', #388, 2.999999999999999112 ) ;
#2897 = DIRECTION ( 'NONE',  ( -0.000000000000000000, -0.000000000000000000, -1.000000000000000000 ) ) ;
#2898 = DIRECTION ( 'NONE',  ( -1.000000000000000000, 0.000000000000000000, -0.000000000000000000 ) ) ;
#2899 = DIRECTION ( 'NONE',  ( 0.000000000000000000, -0.000000000000000000, 1.000000000000000000 ) ) ;
#2900 = CARTESIAN_POINT ( 'NONE',  ( 6.599999999999996092, 0.8898448916085081040, -24.77500000000004832 ) ) ;
#2901 = EDGE_LOOP ( 'NONE', ( #1247, #11685, #889, #4959 ) ) ;
#2902 = DIRECTION ( 'NONE',  ( 0.7071067811865484609, -0.7071067811865466846, 0.000000000000000000 ) ) ;
#2903 = ORIENTED_EDGE ( 'NONE', *, *, #7552, .T. ) ;
#2904 = CIRCLE ( 'NONE', #12009, 2.999999999999999112 ) ;
#2905 = CYLINDRICAL_SURFACE ( 'NONE', #12270, 0.5000000000000013323 ) ;
#2906 = DIRECTION ( 'NONE',  ( -0.000000000000000000, -0.000000000000000000, -1.000000000000000000 ) ) ;
#2907 = ORIENTED_EDGE ( 'NONE', *, *, #9193, .F. ) ;
#2908 = CARTESIAN_POINT ( 'NONE',  ( 2.499999999999999556, -8.424621202458752123, 94.79999999999999716 ) ) ;
#2909 = ADVANCED_FACE ( 'NONE', ( #8076 ), #989, .F. ) ;
#2910 = DIRECTION ( 'NONE',  ( -1.000000000000000000, 0.000000000000000000, 0.000000000000000000 ) ) ;
#2911 = EDGE_CURVE ( 'NONE', #28, #640, #5891, .T. ) ;
#2912 = EDGE_CURVE ( 'NONE', #1956, #7549, #5161, .T. ) ;
#2913 = CIRCLE ( 'NONE', #4830, 0.4999999999999995559 ) ;
#2914 = DIRECTION ( 'NONE',  ( -1.000000000000000000, 0.000000000000000000, 0.000000000000000000 ) ) ;
#2915 = CARTESIAN_POINT ( 'NONE',  ( -3.000000000000000888, 7.924621202458751235, 94.79999999999999716 ) ) ;
#2916 = EDGE_LOOP ( 'NONE', ( #11877, #1622, #1747, #5660 ) ) ;
#2917 = FACE_OUTER_BOUND ( 'NONE', #1513, .T. ) ;
#2918 = ORIENTED_EDGE ( 'NONE', *, *, #12150, .F. ) ;
#2919 = VERTEX_POINT ( 'NONE', #11187 ) ;
#2920 = LINE ( 'NONE', #9847, #7386 ) ;
#2921 = ORIENTED_EDGE ( 'NONE', *, *, #8329, .F. ) ;
#2922 = ORIENTED_EDGE ( 'NONE', *, *, #2552, .T. ) ;
#2923 = CARTESIAN_POINT ( 'NONE',  ( -7.924621202458751235, -3.000000000000001332, -20.77500000000004476 ) ) ;
#2924 = VECTOR ( 'NONE', #224, 1000.000000000000000 ) ;
#2925 = DIRECTION ( 'NONE',  ( 0.000000000000000000, -0.000000000000000000, -1.000000000000000000 ) ) ;
#2926 = ORIENTED_EDGE ( 'NONE', *, *, #1794, .T. ) ;
#2927 = LINE ( 'NONE', #12999, #12704 ) ;
#2928 = ORIENTED_EDGE ( 'NONE', *, *, #11636, .F. ) ;
#2929 = CARTESIAN_POINT ( 'NONE',  ( -1.257674520083185143E-14, 1.257674520083185143E-14, 94.79999999999999716 ) ) ;
#2930 = VERTEX_POINT ( 'NONE', #4033 ) ;
#2931 = FACE_OUTER_BOUND ( 'NONE', #11448, .T. ) ;
#2932 = AXIS2_PLACEMENT_3D ( 'NONE', #4435, #6244, #5169 ) ;
#2933 = VERTEX_POINT ( 'NONE', #1918 ) ;
#2934 = EDGE_LOOP ( 'NONE', ( #5718, #755, #7398, #2553 ) ) ;
#2935 = LINE ( 'NONE', #6990, #2703 ) ;
#2936 = CONTEXT_DEPENDENT_SHAPE_REPRESENTATION ( #8432, #12502 ) ;
#2937 = DIRECTION ( 'NONE',  ( -1.000000000000000000, 0.000000000000000000, 0.000000000000000000 ) ) ;
#2938 = CARTESIAN_POINT ( 'NONE',  ( 2.500000000000000444, -9.500000000000000000, 304.8000000000000114 ) ) ;
#2939 = LINE ( 'NONE', #10851, #11004 ) ;
#2940 = VERTEX_POINT ( 'NONE', #4170 ) ;
#2941 = ORIENTED_EDGE ( 'NONE', *, *, #2255, .F. ) ;
#2942 = EDGE_LOOP ( 'NONE', ( #1125, #3512, #8060, #9401 ) ) ;
#2943 = VECTOR ( 'NONE', #1172, 1000.000000000000000 ) ;
#2944 = ORIENTED_EDGE ( 'NONE', *, *, #11264, .F. ) ;
#2945 = CIRCLE ( 'NONE', #4451, 2.999999999999999112 ) ;
#2946 = PLANE ( 'NONE',  #6836 ) ;
#2947 = EDGE_CURVE ( 'NONE', #2276, #8055, #4293, .T. ) ;
#2948 = CYLINDRICAL_SURFACE ( 'NONE', #8941, 0.5000000000000004441 ) ;
#2949 = LINE ( 'NONE', #3225, #6684 ) ;
#2950 = DIRECTION ( 'NONE',  ( 0.000000000000000000, 0.000000000000000000, -1.000000000000000000 ) ) ;
#2951 = EDGE_CURVE ( 'NONE', #7478, #7517, #11972, .T. ) ;
#2952 = DIRECTION ( 'NONE',  ( -0.7071067811865474617, -0.7071067811865476838, 0.000000000000000000 ) ) ;
#2953 =( LENGTH_UNIT ( ) NAMED_UNIT ( * ) SI_UNIT ( .MILLI., .METRE. ) );
#2954 = CIRCLE ( 'NONE', #11002, 0.5000000000000004441 ) ;
#2955 = AXIS2_PLACEMENT_3D ( 'NONE', #4254, #1467, #8434 ) ;
#2956 = VERTEX_POINT ( 'NONE', #12237 ) ;
#2957 = EDGE_CURVE ( 'NONE', #11370, #4029, #6881, .T. ) ;
#2958 = ORIENTED_EDGE ( 'NONE', *, *, #8564, .T. ) ;
#2959 = DIRECTION ( 'NONE',  ( -1.000000000000000000, -0.000000000000000000, -0.000000000000000000 ) ) ;
#2960 = DIRECTION ( 'NONE',  ( 0.000000000000000000, 0.000000000000000000, 1.000000000000000000 ) ) ;
#2961 = CARTESIAN_POINT ( 'NONE',  ( 5.249999999999997335, 7.924621202458751235, 304.8000000000000114 ) ) ;
#2962 = ADVANCED_FACE ( 'NONE', ( #4961 ), #1, .T. ) ;
#2963 = VECTOR ( 'NONE', #2429, 1000.000000000000000 ) ;
#2965 = VECTOR ( 'NONE', #1561, 1000.000000000000000 ) ;
#2964 = DIRECTION ( 'NONE',  ( 0.000000000000000000, 0.000000000000000000, -1.000000000000000000 ) ) ;
#2966 = FACE_OUTER_BOUND ( 'NONE', #10045, .T. ) ;
#2967 = CARTESIAN_POINT ( 'NONE',  ( -0.8898448916085185401, -3.600000000000000533, 304.8000000000000114 ) ) ;
#2968 = CARTESIAN_POINT ( 'NONE',  ( -3.000000000000000888, 10.00000000000000000, 304.8000000000000114 ) ) ;
#2969 = ORIENTED_EDGE ( 'NONE', *, *, #1399, .T. ) ;
#2970 = VERTEX_POINT ( 'NONE', #4892 ) ;
#2971 = LINE ( 'NONE', #9163, #3092 ) ;
#2972 = ORIENTED_EDGE ( 'NONE', *, *, #4871, .T. ) ;
#2973 = EDGE_CURVE ( 'NONE', #5714, #3265, #4488, .T. ) ;
#2974 = VECTOR ( 'NONE', #10672, 1000.000000000000000 ) ;
#2975 = AXIS2_PLACEMENT_3D ( 'NONE', #8913, #12935, #3870 ) ;
#2976 = AXIS2_PLACEMENT_3D ( 'NONE', #12402, #3330, #9573 ) ;
#2977 = CARTESIAN_POINT ( 'NONE',  ( 3.600000000000000089, 0.000000000000000000, 94.79999999999999716 ) ) ;
#2978 = LINE ( 'NONE', #1148, #3411 ) ;
#2979 = ORIENTED_EDGE ( 'NONE', *, *, #624, .F. ) ;
#2980 = DIRECTION ( 'NONE',  ( -0.000000000000000000, 0.000000000000000000, -1.000000000000000000 ) ) ;
#2981 = AXIS2_PLACEMENT_3D ( 'NONE', #11377, #340, #10476 ) ;
#2982 = PRODUCT_RELATED_PRODUCT_CATEGORY ( 'part', '', ( #9237 ) ) ;
#2983 = DIRECTION ( 'NONE',  ( 0.000000000000000000, 0.000000000000000000, 1.000000000000000000 ) ) ;
#2984 = CIRCLE ( 'NONE', #7012, 0.5000000000000004441 ) ;
#2986 = VECTOR ( 'NONE', #12386, 1000.000000000000000 ) ;
#2985 = CARTESIAN_POINT ( 'NONE',  ( 7.071067811865473729, -5.603553390593270400, 304.8000000000000114 ) ) ;
#2987 = CARTESIAN_POINT ( 'NONE',  ( 2.149999999999999911, 1.284004426264853453E-14, -20.77500000000004476 ) ) ;
#2988 = VERTEX_POINT ( 'NONE', #8003 ) ;
#2989 = LINE ( 'NONE', #12261, #6985 ) ;
#2990 = ORIENTED_EDGE ( 'NONE', *, *, #8771, .T. ) ;
#2991 = FACE_OUTER_BOUND ( 'NONE', #11301, .T. ) ;
#2992 = VERTEX_POINT ( 'NONE', #12034 ) ;
#2993 = ORIENTED_EDGE ( 'NONE', *, *, #8080, .T. ) ;
#2994 = DIRECTION ( 'NONE',  ( 1.000000000000000000, 0.000000000000000000, 0.000000000000000000 ) ) ;
#2995 = ORIENTED_EDGE ( 'NONE', *, *, #3307, .T. ) ;
#2996 = EDGE_CURVE ( 'NONE', #3632, #12477, #4311, .T. ) ;
#2997 = ORIENTED_EDGE ( 'NONE', *, *, #8327, .T. ) ;
#2998 = DIRECTION ( 'NONE',  ( -0.000000000000000000, 0.000000000000000000, -1.000000000000000000 ) ) ;
#2999 = VECTOR ( 'NONE', #8683, 1000.000000000000000 ) ;
#3000 = CARTESIAN_POINT ( 'NONE',  ( -3.000000000000000888, -10.00000000000000000, -24.77500000000004832 ) ) ;
#3001 = DIRECTION ( 'NONE',  ( -0.000000000000000000, -0.000000000000000000, -1.000000000000000000 ) ) ;
#3002 = ORIENTED_EDGE ( 'NONE', *, *, #4748, .F. ) ;
#3003 = DIRECTION ( 'NONE',  ( -1.000000000000000000, 0.000000000000000000, 0.000000000000000000 ) ) ;
#3004 = AXIS2_PLACEMENT_3D ( 'NONE', #142, #4173, #7290 ) ;
#3005 = CARTESIAN_POINT ( 'NONE',  ( 9.500000000000000000, 3.000000000000001332, -24.77500000000004832 ) ) ;
#3006 = VECTOR ( 'NONE', #4150, 1000.000000000000000 ) ;
#3007 = VERTEX_POINT ( 'NONE', #12371 ) ;
#3008 = ORIENTED_EDGE ( 'NONE', *, *, #6717, .F. ) ;
#3009 = DIRECTION ( 'NONE',  ( -0.000000000000000000, 0.000000000000000000, 1.000000000000000000 ) ) ;
#3010 = CONTEXT_DEPENDENT_SHAPE_REPRESENTATION ( #4184, #9354 ) ;
#3011 = CARTESIAN_POINT ( 'NONE',  ( 4.478679656440354151, 3.011165235168150378, 304.8000000000000114 ) ) ;
#3012 = EDGE_CURVE ( 'NONE', #4853, #585, #1330, .T. ) ;
#3013 = ADVANCED_FACE ( 'NONE', ( #11449 ), #3431, .F. ) ;
#3014 = LINE ( 'NONE', #2938, #8277 ) ;
#3015 = ORIENTED_EDGE ( 'NONE', *, *, #2716, .F. ) ;
#3016 = DIRECTION ( 'NONE',  ( -1.000000000000000000, 0.000000000000000000, 0.000000000000000000 ) ) ;
#3017 = VERTEX_POINT ( 'NONE', #12308 ) ;
#3018 = ORIENTED_EDGE ( 'NONE', *, *, #1794, .F. ) ;
#3019 = CIRCLE ( 'NONE', #3243, 2.999999999999999556 ) ;
#3020 = VERTEX_POINT ( 'NONE', #402 ) ;
#3021 = CIRCLE ( 'NONE', #8333, 1.749999999999999778 ) ;
#3022 = ORIENTED_EDGE ( 'NONE', *, *, #7949, .T. ) ;
#3023 = CARTESIAN_POINT ( 'NONE',  ( -7.924621202458749458, 3.000000000000001332, 304.8000000000000114 ) ) ;
#3024 = DIRECTION ( 'NONE',  ( 1.000000000000000000, 0.000000000000000000, 0.000000000000000000 ) ) ;
#3025 = CARTESIAN_POINT ( 'NONE',  ( 5.249999999999997335, -7.924621202458751235, 304.8000000000000114 ) ) ;
#3026 = CARTESIAN_POINT ( 'NONE',  ( 7.424621202458747682, -5.249999999999995559, 304.8000000000000114 ) ) ;
#3027 = AXIS2_PLACEMENT_3D ( 'NONE', #7257, #6984, #5932 ) ;
#3028 = VECTOR ( 'NONE', #6164, 1000.000000000000000 ) ;
#3029 = ORIENTED_EDGE ( 'NONE', *, *, #12131, .T. ) ;
#3030 = ORIENTED_EDGE ( 'NONE', *, *, #826, .T. ) ;
#3031 = ADVANCED_FACE ( 'NONE', ( #1329 ), #1390, .T. ) ;
#3032 = CARTESIAN_POINT ( 'NONE',  ( 7.924621202458747682, 5.249999999999995559, 198.8000000000000398 ) ) ;
#3033 = FACE_OUTER_BOUND ( 'NONE', #7123, .T. ) ;
#3034 = EDGE_CURVE ( 'NONE', #10009, #104, #10349, .T. ) ;
#3035 = DIRECTION ( 'NONE',  ( -0.000000000000000000, 0.000000000000000000, -1.000000000000000000 ) ) ;
#3036 = CIRCLE ( 'NONE', #1987, 1.749999999999999778 ) ;
#3037 = DIRECTION ( 'NONE',  ( -1.000000000000000000, 0.000000000000000000, 0.000000000000000000 ) ) ;
#3038 = EDGE_CURVE ( 'NONE', #2479, #1587, #9426, .T. ) ;
#3039 = PLANE ( 'NONE',  #729 ) ;
#3040 = FACE_BOUND ( 'NONE', #12772, .T. ) ;
#3041 = CARTESIAN_POINT ( 'NONE',  ( 3.011165235168160592, 4.478679656440357704, 304.8000000000000114 ) ) ;
#3042 = ORIENTED_EDGE ( 'NONE', *, *, #6044, .F. ) ;
#3043 = VERTEX_POINT ( 'NONE', #7484 ) ;
#3044 = CARTESIAN_POINT ( 'NONE',  ( -3.000000000000000888, 7.924621202458751235, 304.8000000000000114 ) ) ;
#3045 = ORIENTED_EDGE ( 'NONE', *, *, #2882, .F. ) ;
#3046 = EDGE_CURVE ( 'NONE', #11254, #12731, #10844, .T. ) ;
#3047 = DIRECTION ( 'NONE',  ( -1.000000000000000000, 0.000000000000000000, 0.000000000000000000 ) ) ;
#3048 = CARTESIAN_POINT ( 'NONE',  ( -9.500000000000000000, -2.500000000000000444, 304.8000000000000114 ) ) ;
#3049 = ORIENTED_EDGE ( 'NONE', *, *, #9228, .T. ) ;
#3050 = CARTESIAN_POINT ( 'NONE',  ( 9.500000000000000000, 3.000000000000001332, 304.8000000000000114 ) ) ;
#3051 = EDGE_CURVE ( 'NONE', #10377, #10493, #1259, .T. ) ;
#3052 = FACE_OUTER_BOUND ( 'NONE', #10780, .T. ) ;
#3053 = ADVANCED_FACE ( 'NONE', ( #11257 ), #343, .F. ) ;
#3054 = DIRECTION ( 'NONE',  ( 0.000000000000000000, 0.000000000000000000, 1.000000000000000000 ) ) ;
#3055 = CARTESIAN_POINT ( 'NONE',  ( 2.499999999999999556, -8.424621202458752123, -24.77500000000004832 ) ) ;
#3056 = ORIENTED_EDGE ( 'NONE', *, *, #6880, .F. ) ;
#3057 = LINE ( 'NONE', #6119, #9958 ) ;
#3058 = ORIENTED_EDGE ( 'NONE', *, *, #4976, .T. ) ;
#3059 = FACE_OUTER_BOUND ( 'NONE', #12394, .T. ) ;
#3060 = VERTEX_POINT ( 'NONE', #7411 ) ;
#3061 = ORIENTED_EDGE ( 'NONE', *, *, #9096, .F. ) ;
#3062 = LINE ( 'NONE', #1749, #9924 ) ;
#3063 = ORIENTED_EDGE ( 'NONE', *, *, #3983, .T. ) ;
#3064 = EDGE_CURVE ( 'NONE', #5117, #4632, #10481, .T. ) ;
#3065 = ORIENTED_EDGE ( 'NONE', *, *, #10124, .T. ) ;
#3066 = CYLINDRICAL_SURFACE ( 'NONE', #6583, 2.999999999999999112 ) ;
#3067 = DIRECTION ( 'NONE',  ( 0.000000000000000000, 0.000000000000000000, -1.000000000000000000 ) ) ;
#3068 = ORIENTED_EDGE ( 'NONE', *, *, #8226, .F. ) ;
#3069 = CARTESIAN_POINT ( 'NONE',  ( -5.249999999999997335, -7.924621202458751235, 304.8000000000000114 ) ) ;
#3070 = ORIENTED_EDGE ( 'NONE', *, *, #6978, .F. ) ;
#3071 = DIRECTION ( 'NONE',  ( -0.7071067811865465735, 0.7071067811865483499, 0.000000000000000000 ) ) ;
#3072 = DIRECTION ( 'NONE',  ( -2.924200878718996689E-15, -1.000000000000000000, 0.000000000000000000 ) ) ;
#3073 = ORIENTED_EDGE ( 'NONE', *, *, #5845, .F. ) ;
#3074 = CARTESIAN_POINT ( 'NONE',  ( 10.00000000000000000, 8.250000000000000000, -20.77500000000004476 ) ) ;
#3075 = ORIENTED_EDGE ( 'NONE', *, *, #8934, .T. ) ;
#3076 = ORIENTED_EDGE ( 'NONE', *, *, #9662, .F. ) ;
#3077 = FACE_OUTER_BOUND ( 'NONE', #12209, .T. ) ;
#3078 = FACE_OUTER_BOUND ( 'NONE', #11341, .T. ) ;
#3079 = VECTOR ( 'NONE', #7086, 1000.000000000000000 ) ;
#3080 = DIRECTION ( 'NONE',  ( 0.000000000000000000, 0.000000000000000000, -1.000000000000000000 ) ) ;
#3081 = VERTEX_POINT ( 'NONE', #7353 ) ;
#3082 = DIRECTION ( 'NONE',  ( -0.000000000000000000, 0.000000000000000000, -1.000000000000000000 ) ) ;
#3083 = ORIENTED_EDGE ( 'NONE', *, *, #10107, .F. ) ;
#3084 = ORIENTED_EDGE ( 'NONE', *, *, #12012, .F. ) ;
#3085 = ORIENTED_EDGE ( 'NONE', *, *, #7098, .T. ) ;
#3086 = DIRECTION ( 'NONE',  ( 1.000000000000000000, 0.000000000000000000, -0.000000000000000000 ) ) ;
#3087 = EDGE_CURVE ( 'NONE', #4131, #5106, #277, .T. ) ;
#3088 = ADVANCED_FACE ( 'NONE', ( #5227 ), #9289, .F. ) ;
#3089 = VECTOR ( 'NONE', #1711, 1000.000000000000000 ) ;
#3091 = EDGE_CURVE ( 'NONE', #9940, #4062, #3238, .T. ) ;
#3090 = CARTESIAN_POINT ( 'NONE',  ( -5.249999999999997335, 7.924621202458751235, 304.8000000000000114 ) ) ;
#3092 = VECTOR ( 'NONE', #2120, 1000.000000000000000 ) ;
#3093 = DIRECTION ( 'NONE',  ( 1.000000000000000000, 0.000000000000000000, 0.000000000000000000 ) ) ;
#3094 = LINE ( 'NONE', #4888, #1234 ) ;
#3095 = EDGE_LOOP ( 'NONE', ( #8256, #8058, #9515, #387 ) ) ;
#3096 = ORIENTED_EDGE ( 'NONE', *, *, #793, .T. ) ;
#3097 = VECTOR ( 'NONE', #10456, 1000.000000000000000 ) ;
#3098 = VECTOR ( 'NONE', #1410, 1000.000000000000000 ) ;
#3099 = DIRECTION ( 'NONE',  ( -1.000000000000000000, 0.000000000000000000, 0.000000000000000000 ) ) ;
#3100 = DIRECTION ( 'NONE',  ( 0.000000000000000000, 0.000000000000000000, 1.000000000000000000 ) ) ;
#3101 = LINE ( 'NONE', #10224, #6828 ) ;
#3102 = CARTESIAN_POINT ( 'NONE',  ( 0.8898448916085185401, -3.600000000000000533, 304.8000000000000114 ) ) ;
#3103 = DIRECTION ( 'NONE',  ( 0.000000000000000000, -1.000000000000000000, -0.000000000000000000 ) ) ;
#3104 = DIRECTION ( 'NONE',  ( -1.000000000000000000, 0.000000000000000000, 0.000000000000000000 ) ) ;
#3105 = DIRECTION ( 'NONE',  ( 1.000000000000000000, 0.000000000000000000, 0.000000000000000000 ) ) ;
#3106 = ORIENTED_EDGE ( 'NONE', *, *, #12322, .F. ) ;
#3107 = ORIENTED_EDGE ( 'NONE', *, *, #1535, .F. ) ;
#3108 = ORIENTED_EDGE ( 'NONE', *, *, #5032, .T. ) ;
#3109 = ORIENTED_EDGE ( 'NONE', *, *, #8340, .F. ) ;
#3110 = LINE ( 'NONE', #2977, #11842 ) ;
#3111 = EDGE_CURVE ( 'NONE', #5018, #8257, #7251, .T. ) ;
#3112 = LINE ( 'NONE', #5175, #5534 ) ;
#3113 = VECTOR ( 'NONE', #1524, 1000.000000000000000 ) ;
#3114 = EDGE_LOOP ( 'NONE', ( #12171, #821 ) ) ;
#3115 = DIRECTION ( 'NONE',  ( -3.304235192336776498E-16, -1.000000000000000000, 0.000000000000000000 ) ) ;
#3116 = LINE ( 'NONE', #7234, #638 ) ;
#3117 = EDGE_CURVE ( 'NONE', #10652, #12013, #9203, .T. ) ;
#3118 = DIRECTION ( 'NONE',  ( 0.000000000000000000, -0.000000000000000000, -1.000000000000000000 ) ) ;
#3119 = CARTESIAN_POINT ( 'NONE',  ( 4.478679656440354151, -3.011165235168150378, 304.8000000000000114 ) ) ;
#3120 = ORIENTED_EDGE ( 'NONE', *, *, #9534, .F. ) ;
#3121 = CARTESIAN_POINT ( 'NONE',  ( -8.424621202458750346, -2.500000000000000000, 304.8000000000000114 ) ) ;
#3122 = ORIENTED_EDGE ( 'NONE', *, *, #6861, .T. ) ;
#3123 = FACE_OUTER_BOUND ( 'NONE', #5774, .T. ) ;
#3124 = AXIS2_PLACEMENT_3D ( 'NONE', #8461, #6340, #11236 ) ;
#3125 = VERTEX_POINT ( 'NONE', #7131 ) ;
#3126 = EDGE_LOOP ( 'NONE', ( #1243, #2119, #683, #7587 ) ) ;
#3127 = EDGE_CURVE ( 'NONE', #4348, #2501, #9126, .T. ) ;
#3128 = DIRECTION ( 'NONE',  ( 0.000000000000000000, -0.000000000000000000, -1.000000000000000000 ) ) ;
#3129 = ORIENTED_EDGE ( 'NONE', *, *, #2839, .F. ) ;
#3130 = ORIENTED_EDGE ( 'NONE', *, *, #6336, .F. ) ;
#3131 = DIRECTION ( 'NONE',  ( 0.000000000000000000, 0.000000000000000000, 1.000000000000000000 ) ) ;
#3132 = ADVANCED_FACE ( 'NONE', ( #9056 ), #5140, .F. ) ;
#3133 = CYLINDRICAL_SURFACE ( 'NONE', #5319, 2.150000000000012790 ) ;
#3134 = ORIENTED_EDGE ( 'NONE', *, *, #1591, .F. ) ;
#3135 = LINE ( 'NONE', #4206, #6603 ) ;
#3136 = ORIENTED_EDGE ( 'NONE', *, *, #4514, .F. ) ;
#3137 = DIRECTION ( 'NONE',  ( -8.065639195895846808E-16, 1.000000000000000000, 0.000000000000000000 ) ) ;
#3138 = AXIS2_PLACEMENT_3D ( 'NONE', #2142, #171, #4201 ) ;
#3139 = FACE_OUTER_BOUND ( 'NONE', #4442, .T. ) ;
#3140 = EDGE_CURVE ( 'NONE', #9161, #5628, #1967, .T. ) ;
#3141 = FACE_OUTER_BOUND ( 'NONE', #7469, .T. ) ;
#3142 = ORIENTED_EDGE ( 'NONE', *, *, #788, .T. ) ;
#3143 = ORIENTED_EDGE ( 'NONE', *, *, #8642, .T. ) ;
#3144 = DIRECTION ( 'NONE',  ( 0.000000000000000000, -0.000000000000000000, -1.000000000000000000 ) ) ;
#3145 = DIRECTION ( 'NONE',  ( 0.7071067811865465735, -0.7071067811865484609, 0.000000000000000000 ) ) ;
#3146 = CIRCLE ( 'NONE', #5274, 0.5000000000000004441 ) ;
#3147 = DIRECTION ( 'NONE',  ( -0.000000000000000000, -0.000000000000000000, -1.000000000000000000 ) ) ;
#3148 = EDGE_CURVE ( 'NONE', #7089, #954, #12158, .T. ) ;
#3149 = ORIENTED_EDGE ( 'NONE', *, *, #641, .F. ) ;
#3150 = DIRECTION ( 'NONE',  ( 0.000000000000000000, 0.000000000000000000, 1.000000000000000000 ) ) ;
#3151 = ORIENTED_EDGE ( 'NONE', *, *, #3698, .T. ) ;
#3152 = VERTEX_POINT ( 'NONE', #12723 ) ;
#3153 = CARTESIAN_POINT ( 'NONE',  ( 3.000000000000000888, -9.500000000000000000, 304.8000000000000114 ) ) ;
#3154 = VECTOR ( 'NONE', #8220, 1000.000000000000000 ) ;
#3155 = DIRECTION ( 'NONE',  ( 0.000000000000000000, 0.000000000000000000, 1.000000000000000000 ) ) ;
#3156 = VERTEX_POINT ( 'NONE', #5205 ) ;
#3157 = CARTESIAN_POINT ( 'NONE',  ( 2.500000000000000000, 8.424621202458752123, 304.8000000000000114 ) ) ;
#3158 = PLANE ( 'NONE',  #596 ) ;
#3159 = DIRECTION ( 'NONE',  ( 1.000000000000000000, -3.304235192336776005E-16, -4.930380657631323784E-32 ) ) ;
#3160 = VERTEX_POINT ( 'NONE', #11039 ) ;
#3161 = ORIENTED_EDGE ( 'NONE', *, *, #9141, .T. ) ;
#3162 = EDGE_CURVE ( 'NONE', #9351, #3389, #3645, .T. ) ;
#3163 = ADVANCED_FACE ( 'NONE', ( #3078 ), #9992, .F. ) ;
#3164 = CIRCLE ( 'NONE', #442, 2.999999999999999556 ) ;
#3165 = EDGE_CURVE ( 'NONE', #7170, #9864, #4916, .T. ) ;
#3166 = DIRECTION ( 'NONE',  ( -0.000000000000000000, -0.000000000000000000, -1.000000000000000000 ) ) ;
#3167 = FACE_OUTER_BOUND ( 'NONE', #6692, .T. ) ;
#3168 = LINE ( 'NONE', #207, #11892 ) ;
#3169 = DIRECTION ( 'NONE',  ( 0.000000000000000000, 0.000000000000000000, -1.000000000000000000 ) ) ;
#3170 = CARTESIAN_POINT ( 'NONE',  ( 7.424621202458747682, 5.249999999999995559, 304.8000000000000114 ) ) ;
#3171 = CARTESIAN_POINT ( 'NONE',  ( 7.924621202458751235, -3.000000000000001332, -24.77500000000004832 ) ) ;
#3172 = VECTOR ( 'NONE', #12532, 1000.000000000000000 ) ;
#3173 = AXIS2_PLACEMENT_3D ( 'NONE', #1802, #3782, #8767 ) ;
#3174 = CARTESIAN_POINT ( 'NONE',  ( -10.00000000000000000, -3.000000000000001332, 304.8000000000000114 ) ) ;
#3175 = VECTOR ( 'NONE', #5944, 1000.000000000000000 ) ;
#3176 = DIRECTION ( 'NONE',  ( -1.000000000000000000, -8.065639195895846808E-16, 0.000000000000000000 ) ) ;
#3177 = VERTEX_POINT ( 'NONE', #4085 ) ;
#3178 = ORIENTED_EDGE ( 'NONE', *, *, #5925, .F. ) ;
#3179 = EDGE_CURVE ( 'NONE', #10945, #11071, #10195, .T. ) ;
#3180 = DIRECTION ( 'NONE',  ( -8.065639195895844836E-16, -1.000000000000000000, 0.000000000000000000 ) ) ;
#3181 = DIRECTION ( 'NONE',  ( -1.000000000000000000, 0.000000000000000000, 0.000000000000000000 ) ) ;
#3182 = VECTOR ( 'NONE', #720, 1000.000000000000000 ) ;
#3183 = LINE ( 'NONE', #7232, #1546 ) ;
#3184 = CIRCLE ( 'NONE', #5309, 2.999999999999999556 ) ;
#3185 = FACE_OUTER_BOUND ( 'NONE', #6663, .T. ) ;
#3186 = CARTESIAN_POINT ( 'NONE',  ( 7.071067811865473729, -5.603553390593270400, 304.8000000000000114 ) ) ;
#3187 = DIRECTION ( 'NONE',  ( 0.000000000000000000, 0.000000000000000000, 1.000000000000000000 ) ) ;
#3188 = ORIENTED_EDGE ( 'NONE', *, *, #12444, .T. ) ;
#3189 = DIRECTION ( 'NONE',  ( -0.000000000000000000, -0.000000000000000000, -1.000000000000000000 ) ) ;
#3190 = VERTEX_POINT ( 'NONE', #4217 ) ;
#3191 = DIRECTION ( 'NONE',  ( -1.000000000000000000, 0.000000000000000000, 0.000000000000000000 ) ) ;
#3192 = VECTOR ( 'NONE', #8782, 1000.000000000000000 ) ;
#3193 = ORIENTED_EDGE ( 'NONE', *, *, #9896, .T. ) ;
#3194 = ORIENTED_EDGE ( 'NONE', *, *, #7107, .T. ) ;
#3195 = CIRCLE ( 'NONE', #2976, 0.5000000000000013323 ) ;
#3196 = CARTESIAN_POINT ( 'NONE',  ( -3.000000000000000888, 7.924621202458751235, 304.8000000000000114 ) ) ;
#3197 = ORIENTED_EDGE ( 'NONE', *, *, #4190, .T. ) ;
#3198 = VERTEX_POINT ( 'NONE', #8053 ) ;
#3199 = CARTESIAN_POINT ( 'NONE',  ( 10.00000000000000000, 8.250000000000000000, 304.8000000000000114 ) ) ;
#3200 = EDGE_CURVE ( 'NONE', #5403, #3715, #1107, .T. ) ;
#3201 = DIRECTION ( 'NONE',  ( 1.000000000000000000, 0.000000000000000000, 0.000000000000000000 ) ) ;
#3202 = DIRECTION ( 'NONE',  ( -1.000000000000000000, 0.000000000000000000, 0.000000000000000000 ) ) ;
#3203 = VECTOR ( 'NONE', #655, 1000.000000000000000 ) ;
#3204 = EDGE_LOOP ( 'NONE', ( #9853, #9698, #10964, #1948 ) ) ;
#3205 = CARTESIAN_POINT ( 'NONE',  ( 7.071067811865473729, -5.603553390593270400, 304.8000000000000114 ) ) ;
#3206 = AXIS2_PLACEMENT_3D ( 'NONE', #6045, #7953, #10300 ) ;
#3207 = EDGE_CURVE ( 'NONE', #7505, #6107, #8195, .T. ) ;
#3208 = DIRECTION ( 'NONE',  ( -1.000000000000000000, 4.873668131198272923E-16, 0.000000000000000000 ) ) ;
#3209 = EDGE_CURVE ( 'NONE', #3596, #7225, #7195, .T. ) ;
#3210 = AXIS2_PLACEMENT_3D ( 'NONE', #9422, #6289, #7480 ) ;
#3211 = DIRECTION ( 'NONE',  ( -0.000000000000000000, 0.000000000000000000, -1.000000000000000000 ) ) ;
#3212 = ORIENTED_EDGE ( 'NONE', *, *, #8062, .T. ) ;
#3213 = CARTESIAN_POINT ( 'NONE',  ( -10.00000000000000000, 3.000000000000001332, 304.8000000000000114 ) ) ;
#3214 = ORIENTED_EDGE ( 'NONE', *, *, #10442, .T. ) ;
#3215 = ORIENTED_EDGE ( 'NONE', *, *, #12911, .F. ) ;
#3216 = CYLINDRICAL_SURFACE ( 'NONE', #8216, 0.5000000000000008882 ) ;
#3217 = CIRCLE ( 'NONE', #1319, 2.150000000000012790 ) ;
#3218 = CARTESIAN_POINT ( 'NONE',  ( -3.011165235168160592, -4.478679656440356815, -20.77500000000004476 ) ) ;
#3219 = VECTOR ( 'NONE', #540, 1000.000000000000000 ) ;
#3220 = LINE ( 'NONE', #11305, #3605 ) ;
#3221 = EDGE_CURVE ( 'NONE', #3043, #3728, #6017, .T. ) ;
#3222 = DIRECTION ( 'NONE',  ( -0.000000000000000000, -0.000000000000000000, -1.000000000000000000 ) ) ;
#3223 = ORIENTED_EDGE ( 'NONE', *, *, #2046, .T. ) ;
#3224 = AXIS2_PLACEMENT_3D ( 'NONE', #10920, #4493, #4023 ) ;
#3225 = CARTESIAN_POINT ( 'NONE',  ( 10.00000000000000000, -3.000000000000001332, 198.8000000000000398 ) ) ;
#3226 = CARTESIAN_POINT ( 'NONE',  ( 7.071067811865473729, 5.603553390593270400, -104.7750000000000057 ) ) ;
#3227 = AXIS2_PLACEMENT_3D ( 'NONE', #7633, #12725, #11488 ) ;
#3228 = CARTESIAN_POINT ( 'NONE',  ( 0.000000000000000000, -3.600000000000000089, 304.8000000000000114 ) ) ;
#3229 = EDGE_CURVE ( 'NONE', #7227, #5813, #699, .T. ) ;
#3230 = ORIENTED_EDGE ( 'NONE', *, *, #10024, .F. ) ;
#3231 = DIRECTION ( 'NONE',  ( 0.000000000000000000, -0.000000000000000000, -1.000000000000000000 ) ) ;
#3232 = CARTESIAN_POINT ( 'NONE',  ( -3.000000000000000888, 9.500000000000000000, 304.8000000000000114 ) ) ;
#3233 = CARTESIAN_POINT ( 'NONE',  ( 53.84411853037601503, 649.2108796227576022, 312.2976979552246348 ) ) ;
#3234 = ORIENTED_EDGE ( 'NONE', *, *, #7473, .F. ) ;
#3235 = ORIENTED_EDGE ( 'NONE', *, *, #8816, .T. ) ;
#3236 = CIRCLE ( 'NONE', #2184, 0.5000000000000004441 ) ;
#3237 = VECTOR ( 'NONE', #9305, 1000.000000000000000 ) ;
#3238 = LINE ( 'NONE', #7287, #9173 ) ;
#3239 = FACE_OUTER_BOUND ( 'NONE', #4404, .T. ) ;
#3240 = DIRECTION ( 'NONE',  ( 0.000000000000000000, 0.000000000000000000, 1.000000000000000000 ) ) ;
#3241 = CARTESIAN_POINT ( 'NONE',  ( 3.011165235168161036, 4.478679656440357704, 94.79999999999999716 ) ) ;
#3242 = DIRECTION ( 'NONE',  ( -1.000000000000000000, 0.000000000000000000, 0.000000000000000000 ) ) ;
#3243 = AXIS2_PLACEMENT_3D ( 'NONE', #12279, #4002, #13002 ) ;
#3246 = EDGE_CURVE ( 'NONE', #2007, #765, #11106, .T. ) ;
#3245 = VECTOR ( 'NONE', #7215, 1000.000000000000000 ) ;
#3244 = CARTESIAN_POINT ( 'NONE',  ( 7.071067811865473729, -5.603553390593270400, 304.8000000000000114 ) ) ;
#3247 = LINE ( 'NONE', #9488, #10164 ) ;
#3248 = LINE ( 'NONE', #12379, #5636 ) ;
#3249 = ORIENTED_EDGE ( 'NONE', *, *, #3698, .F. ) ;
#3250 = ORIENTED_EDGE ( 'NONE', *, *, #11314, .F. ) ;
#3251 =( REPRESENTATION_RELATIONSHIP ('NONE','NONE', #11367, #7647 ) REPRESENTATION_RELATIONSHIP_WITH_TRANSFORMATION ( #8052 )SHAPE_REPRESENTATION_RELATIONSHIP( ) );
#3252 = LINE ( 'NONE', #7299, #7202 ) ;
#3253 = AXIS2_PLACEMENT_3D ( 'NONE', #80, #3103, #2317 ) ;
#3254 = CIRCLE ( 'NONE', #8132, 0.5000000000000004441 ) ;
#3255 = CARTESIAN_POINT ( 'NONE',  ( 0.8898448916085185401, -3.600000000000000533, 304.8000000000000114 ) ) ;
#3256 = FACE_OUTER_BOUND ( 'NONE', #8177, .T. ) ;
#3257 = FACE_OUTER_BOUND ( 'NONE', #10513, .T. ) ;
#3258 = ADVANCED_FACE ( 'NONE', ( #8995 ), #10061, .T. ) ;
#3259 = CARTESIAN_POINT ( 'NONE',  ( -7.424621202458747682, -5.249999999999995559, 198.8000000000000398 ) ) ;
#3260 = EDGE_CURVE ( 'NONE', #12477, #4013, #6078, .T. ) ;
#3261 = ORIENTED_EDGE ( 'NONE', *, *, #9332, .T. ) ;
#3262 = DIRECTION ( 'NONE',  ( 0.000000000000000000, 1.000000000000000000, 0.000000000000000000 ) ) ;
#3263 = VERTEX_POINT ( 'NONE', #12539 ) ;
#3264 = CARTESIAN_POINT ( 'NONE',  ( -10.00000000000000000, 8.250000000000000000, -24.77500000000004832 ) ) ;
#3265 = VERTEX_POINT ( 'NONE', #6462 ) ;
#3266 = EDGE_LOOP ( 'NONE', ( #7092, #6475, #7771, #2972 ) ) ;
#3267 = CARTESIAN_POINT ( 'NONE',  ( 2.500000000000000444, 9.500000000000000000, -104.7750000000000057 ) ) ;
#3268 = EDGE_LOOP ( 'NONE', ( #2309, #1945, #10691, #10338 ) ) ;
#3269 = EDGE_LOOP ( 'NONE', ( #10360, #9554, #3249, #2136 ) ) ;
#3270 = CARTESIAN_POINT ( 'NONE',  ( -3.000000000000000888, -8.424621202458752123, 304.8000000000000114 ) ) ;
#3271 = CARTESIAN_POINT ( 'NONE',  ( 8.424621202458750346, -3.000000000000001332, 304.8000000000000114 ) ) ;
#3272 = CARTESIAN_POINT ( 'NONE',  ( 7.424621202458747682, -5.249999999999995559, 94.79999999999999716 ) ) ;
#3273 = DIRECTION ( 'NONE',  ( -1.000000000000000000, 0.000000000000000000, 0.000000000000000000 ) ) ;
#3274 = CARTESIAN_POINT ( 'NONE',  ( 0.8898448916085185401, -3.600000000000000533, 304.8000000000000114 ) ) ;
#3275 = DIRECTION ( 'NONE',  ( 1.000000000000000000, -3.304235192336776005E-16, 0.000000000000000000 ) ) ;
#3276 = ORIENTED_EDGE ( 'NONE', *, *, #12124, .T. ) ;
#3277 = CARTESIAN_POINT ( 'NONE',  ( -10.00000000000000000, -3.000000000000001332, 94.79999999999999716 ) ) ;
#3278 = VERTEX_POINT ( 'NONE', #4460 ) ;
#3279 = ORIENTED_EDGE ( 'NONE', *, *, #2559, .T. ) ;
#3280 = CARTESIAN_POINT ( 'NONE',  ( -8.424621202458750346, -2.500000000000001332, -104.7750000000000057 ) ) ;
#3281 = VERTEX_POINT ( 'NONE', #4590 ) ;
#3282 = CYLINDRICAL_SURFACE ( 'NONE', #454, 0.5000000000000004441 ) ;
#3283 = CARTESIAN_POINT ( 'NONE',  ( -3.000000000000000888, -9.500000000000000000, 304.8000000000000114 ) ) ;
#3284 = ORIENTED_EDGE ( 'NONE', *, *, #6299, .T. ) ;
#3285 = ADVANCED_FACE ( 'NONE', ( #9706 ), #1362, .F. ) ;
#3286 = ORIENTED_EDGE ( 'NONE', *, *, #154, .F. ) ;
#3287 = CARTESIAN_POINT ( 'NONE',  ( -0.8898448916085185401, -6.599999999999999645, 304.8000000000000114 ) ) ;
#3288 = DIRECTION ( 'NONE',  ( 1.000000000000000000, -4.873668131198272923E-16, 0.000000000000000000 ) ) ;
#3289 = ORIENTED_EDGE ( 'NONE', *, *, #9941, .F. ) ;
#3291 = ADVANCED_FACE ( 'NONE', ( #5455 ), #555, .T. ) ;
#3290 = CARTESIAN_POINT ( 'NONE',  ( -8.424621202458750346, 2.500000000000000000, 304.8000000000000114 ) ) ;
#3292 = AXIS2_PLACEMENT_3D ( 'NONE', #8027, #1007, #7782 ) ;
#3293 = DIRECTION ( 'NONE',  ( 0.000000000000000000, 0.000000000000000000, -1.000000000000000000 ) ) ;
#3294 = CARTESIAN_POINT ( 'NONE',  ( 88.61911853037609887, 334.4108796227575340, 6.722697955224614219 ) ) ;
#3295 = VERTEX_POINT ( 'NONE', #8515 ) ;
#3296 = ADVANCED_FACE ( 'NONE', ( #6577 ), #2471, .F. ) ;
#3297 = VERTEX_POINT ( 'NONE', #8632 ) ;
#3298 = PRODUCT_DEFINITION_SHAPE ( 'NONE', 'NONE',  #13088 ) ;
#3299 = EDGE_CURVE ( 'NONE', #5656, #999, #3464, .T. ) ;
#3300 = CARTESIAN_POINT ( 'NONE',  ( 3.000000000000000888, -9.500000000000000000, 304.8000000000000114 ) ) ;
#3301 = AXIS2_PLACEMENT_3D ( 'NONE', #10878, #2650, #9889 ) ;
#3302 = CARTESIAN_POINT ( 'NONE',  ( -3.000000000000000888, -7.924621202458751235, 94.79999999999999716 ) ) ;
#3303 = PLANE ( 'NONE',  #12941 ) ;
#3304 = DIRECTION ( 'NONE',  ( -0.000000000000000000, -0.000000000000000000, -1.000000000000000000 ) ) ;
#3305 = CARTESIAN_POINT ( 'NONE',  ( 0.8898448916085185401, -6.599999999999999645, 304.8000000000000114 ) ) ;
#3307 = EDGE_CURVE ( 'NONE', #7742, #11423, #1548, .T. ) ;
#3306 = CARTESIAN_POINT ( 'NONE',  ( -5.249999999999997335, 7.424621202458749458, 304.8000000000000114 ) ) ;
#3308 = CARTESIAN_POINT ( 'NONE',  ( -8.424621202458750346, 2.500000000000000000, 304.8000000000000114 ) ) ;
#3309 = CARTESIAN_POINT ( 'NONE',  ( 8.250000000000000000, 10.00000000000000178, 304.8000000000000114 ) ) ;
#3310 = ORIENTED_EDGE ( 'NONE', *, *, #5084, .T. ) ;
#3311 = VECTOR ( 'NONE', #6875, 1000.000000000000000 ) ;
#3312 = MECHANICAL_DESIGN_GEOMETRIC_PRESENTATION_REPRESENTATION (  '', ( #12819 ), #152 ) ;
#3313 = ORIENTED_EDGE ( 'NONE', *, *, #3597, .F. ) ;
#3314 = DIRECTION ( 'NONE',  ( -1.000000000000000000, 0.000000000000000000, 0.000000000000000000 ) ) ;
#3315 = LINE ( 'NONE', #1468, #4905 ) ;
#3316 = DIRECTION ( 'NONE',  ( 0.000000000000000000, -0.000000000000000000, -1.000000000000000000 ) ) ;
#3317 = CARTESIAN_POINT ( 'NONE',  ( -3.000000000000000888, -10.00000000000000000, 304.8000000000000114 ) ) ;
#3318 = AXIS2_PLACEMENT_3D ( 'NONE', #3588, #2533, #4467 ) ;
#3319 = VECTOR ( 'NONE', #8566, 1000.000000000000000 ) ;
#3320 = DIRECTION ( 'NONE',  ( -3.304235192336776498E-16, 1.000000000000000000, 0.000000000000000000 ) ) ;
#3321 = DIRECTION ( 'NONE',  ( -1.000000000000000000, 3.304235192336776005E-16, 0.000000000000000000 ) ) ;
#3322 = AXIS2_PLACEMENT_3D ( 'NONE', #5414, #5150, #7277 ) ;
#3323 = VERTEX_POINT ( 'NONE', #12655 ) ;
#3324 = CARTESIAN_POINT ( 'NONE',  ( -7.924621202458747682, -5.249999999999995559, 304.8000000000000114 ) ) ;
#3325 = ORIENTED_EDGE ( 'NONE', *, *, #5376, .T. ) ;
#3326 = DIRECTION ( 'NONE',  ( 0.000000000000000000, -0.000000000000000000, -1.000000000000000000 ) ) ;
#3327 = VERTEX_POINT ( 'NONE', #8700 ) ;
#3328 = AXIS2_PLACEMENT_3D ( 'NONE', #1157, #11283, #5045 ) ;
#3329 = ORIENTED_EDGE ( 'NONE', *, *, #6409, .T. ) ;
#3330 = DIRECTION ( 'NONE',  ( 0.000000000000000000, 0.000000000000000000, 1.000000000000000000 ) ) ;
#3331 = ADVANCED_FACE ( 'NONE', ( #11671 ), #4648, .F. ) ;
#3332 = EDGE_CURVE ( 'NONE', #10652, #12054, #6203, .T. ) ;
#3333 = DIRECTION ( 'NONE',  ( -1.000000000000000000, -3.304235192336776498E-16, 0.000000000000000000 ) ) ;
#3334 = DIRECTION ( 'NONE',  ( 2.924200878718997083E-15, 1.000000000000000000, -0.000000000000000000 ) ) ;
#3335 = EDGE_CURVE ( 'NONE', #9850, #905, #8323, .T. ) ;
#3336 = DIRECTION ( 'NONE',  ( -0.000000000000000000, -0.000000000000000000, -1.000000000000000000 ) ) ;
#3337 = DIRECTION ( 'NONE',  ( -0.000000000000000000, 0.000000000000000000, -1.000000000000000000 ) ) ;
#3338 = AXIS2_PLACEMENT_3D ( 'NONE', #9348, #339, #1387 ) ;
#3339 = CARTESIAN_POINT ( 'NONE',  ( -2.500000000000000000, -8.424621202458752123, 304.8000000000000114 ) ) ;
#3340 = EDGE_LOOP ( 'NONE', ( #9580, #6120, #4091, #8349 ) ) ;
#3341 = CARTESIAN_POINT ( 'NONE',  ( 3.011165235168161036, 4.478679656440357704, -104.7750000000000057 ) ) ;
#3342 = ORIENTED_EDGE ( 'NONE', *, *, #6534, .F. ) ;
#3343 = EDGE_LOOP ( 'NONE', ( #7316, #391, #1962, #10066 ) ) ;
#3344 = CARTESIAN_POINT ( 'NONE',  ( -2.150000000000025224, 1.257674520083185143E-14, -104.7750000000000057 ) ) ;
#3345 = ORIENTED_EDGE ( 'NONE', *, *, #5109, .T. ) ;
#3346 = DIRECTION ( 'NONE',  ( -1.000000000000000000, 0.000000000000000000, 0.000000000000000000 ) ) ;
#3347 = VECTOR ( 'NONE', #642, 1000.000000000000000 ) ;
#3348 = DIRECTION ( 'NONE',  ( -1.000000000000000000, 3.469446951953617344E-15, 0.000000000000000000 ) ) ;
#3349 = EDGE_LOOP ( 'NONE', ( #175, #3737, #12262, #3551 ) ) ;
#3350 = ORIENTED_EDGE ( 'NONE', *, *, #7302, .T. ) ;
#3351 = CARTESIAN_POINT ( 'NONE',  ( 3.000000000000000888, 10.00000000000000000, 304.8000000000000114 ) ) ;
#3352 = CARTESIAN_POINT ( 'NONE',  ( -7.071067811865473729, 5.603553390593270400, 304.8000000000000114 ) ) ;
#3353 = ORIENTED_EDGE ( 'NONE', *, *, #5362, .T. ) ;
#3354 = CARTESIAN_POINT ( 'NONE',  ( 10.00000000000000000, 3.000000000000001332, 304.8000000000000114 ) ) ;
#3355 = AXIS2_PLACEMENT_3D ( 'NONE', #7837, #4924, #7965 ) ;
#3356 = VERTEX_POINT ( 'NONE', #2600 ) ;
#3357 = DIRECTION ( 'NONE',  ( -1.000000000000000000, 8.065639195895846808E-16, 0.000000000000000000 ) ) ;
#3358 = DIRECTION ( 'NONE',  ( 3.304235192336776498E-16, -1.000000000000000000, 0.000000000000000000 ) ) ;
#3359 = ORIENTED_EDGE ( 'NONE', *, *, #3970, .T. ) ;
#3360 = ORIENTED_EDGE ( 'NONE', *, *, #12390, .T. ) ;
#3361 = ADVANCED_FACE ( 'NONE', ( #9453 ), #1481, .T. ) ;
#3362 = DIRECTION ( 'NONE',  ( 1.000000000000000000, 0.000000000000000000, 0.000000000000000000 ) ) ;
#3363 = LINE ( 'NONE', #3492, #12558 ) ;
#3364 = LINE ( 'NONE', #10669, #10238 ) ;
#3366 = EDGE_CURVE ( 'NONE', #10259, #12533, #4397, .T. ) ;
#3365 = CARTESIAN_POINT ( 'NONE',  ( 7.071067811865473729, -5.603553390593270400, -20.77500000000004476 ) ) ;
#3367 = DIRECTION ( 'NONE',  ( 1.541976423090499183E-15, -1.000000000000000000, -0.000000000000000000 ) ) ;
#3368 = LINE ( 'NONE', #7417, #6895 ) ;
#3369 = CARTESIAN_POINT ( 'NONE',  ( -3.000000000000000888, -8.424621202458752123, 304.8000000000000114 ) ) ;
#3370 = EDGE_CURVE ( 'NONE', #7920, #2424, #5772, .T. ) ;
#3371 = DIRECTION ( 'NONE',  ( 0.000000000000000000, -0.000000000000000000, 1.000000000000000000 ) ) ;
#3372 = VECTOR ( 'NONE', #475, 1000.000000000000000 ) ;
#3373 = ORIENTED_EDGE ( 'NONE', *, *, #12438, .F. ) ;
#3374 = VERTEX_POINT ( 'NONE', #614 ) ;
#3375 = ORIENTED_EDGE ( 'NONE', *, *, #3631, .F. ) ;
#3376 = ORIENTED_EDGE ( 'NONE', *, *, #3465, .F. ) ;
#3377 = CARTESIAN_POINT ( 'NONE',  ( 7.071067811865473729, -5.603553390593270400, 304.8000000000000114 ) ) ;
#3378 = EDGE_CURVE ( 'NONE', #11873, #9194, #2392, .T. ) ;
#3379 = CARTESIAN_POINT ( 'NONE',  ( -9.500000000000000000, -2.500000000000000444, 304.8000000000000114 ) ) ;
#3380 = CARTESIAN_POINT ( 'NONE',  ( -8.424621202458750346, -2.500000000000000000, 304.8000000000000114 ) ) ;
#3381 = FACE_OUTER_BOUND ( 'NONE', #11361, .T. ) ;
#3382 = VECTOR ( 'NONE', #4127, 1000.000000000000000 ) ;
#3383 = VECTOR ( 'NONE', #3180, 1000.000000000000000 ) ;
#3384 = AXIS2_PLACEMENT_3D ( 'NONE', #6048, #7829, #13050 ) ;
#3385 = CARTESIAN_POINT ( 'NONE',  ( 7.071067811865473729, -5.603553390593270400, 304.8000000000000114 ) ) ;
#3386 = EDGE_CURVE ( 'NONE', #56, #12045, #4496, .T. ) ;
#3387 = EDGE_LOOP ( 'NONE', ( #9005, #9073, #3777, #11288 ) ) ;
#3388 = LINE ( 'NONE', #10307, #5716 ) ;
#3389 = VERTEX_POINT ( 'NONE', #3520 ) ;
#3390 = VERTEX_POINT ( 'NONE', #7569 ) ;
#3391 = CIRCLE ( 'NONE', #853, 0.5000000000000004441 ) ;
#3392 = CIRCLE ( 'NONE', #3604, 0.5000000000000004441 ) ;
#3393 = AXIS2_PLACEMENT_3D ( 'NONE', #1633, #5873, #2875 ) ;
#3394 = DIRECTION ( 'NONE',  ( -0.000000000000000000, -0.000000000000000000, -1.000000000000000000 ) ) ;
#3395 = CARTESIAN_POINT ( 'NONE',  ( -10.00000000000000000, 8.250000000000000000, 304.8000000000000114 ) ) ;
#3396 = DIRECTION ( 'NONE',  ( 1.000000000000000000, 0.000000000000000000, 0.000000000000000000 ) ) ;
#3397 = CARTESIAN_POINT ( 'NONE',  ( 8.424621202458750346, 2.500000000000000000, -20.77500000000004476 ) ) ;
#3398 = ORIENTED_EDGE ( 'NONE', *, *, #10078, .T. ) ;
#3399 = CARTESIAN_POINT ( 'NONE',  ( 8.424621202458750346, 2.500000000000000000, 304.8000000000000114 ) ) ;
#3400 = CIRCLE ( 'NONE', #7848, 2.150000000000012790 ) ;
#3401 = LINE ( 'NONE', #1425, #4449 ) ;
#3402 = ORIENTED_EDGE ( 'NONE', *, *, #5032, .F. ) ;
#3403 = DIRECTION ( 'NONE',  ( 1.000000000000000000, 3.304235192336776498E-16, 0.000000000000000000 ) ) ;
#3404 = EDGE_CURVE ( 'NONE', #3177, #153, #11609, .T. ) ;
#3405 = ORIENTED_EDGE ( 'NONE', *, *, #12346, .T. ) ;
#3406 = ORIENTED_EDGE ( 'NONE', *, *, #7833, .F. ) ;
#3407 = DIRECTION ( 'NONE',  ( 1.000000000000000000, 0.000000000000000000, 0.000000000000000000 ) ) ;
#3408 = ORIENTED_EDGE ( 'NONE', *, *, #12716, .T. ) ;
#3409 = CARTESIAN_POINT ( 'NONE',  ( -3.011165235168160592, -4.478679656440357704, 304.8000000000000114 ) ) ;
#3410 = AXIS2_PLACEMENT_3D ( 'NONE', #9598, #11752, #6721 ) ;
#3411 = VECTOR ( 'NONE', #4911, 1000.000000000000000 ) ;
#3412 = FACE_OUTER_BOUND ( 'NONE', #8131, .T. ) ;
#3413 = ORIENTED_EDGE ( 'NONE', *, *, #10491, .F. ) ;
#3414 = CARTESIAN_POINT ( 'NONE',  ( 7.924621202458747682, 5.249999999999995559, 304.8000000000000114 ) ) ;
#3415 = CIRCLE ( 'NONE', #5742, 0.5000000000000004441 ) ;
#3416 = VERTEX_POINT ( 'NONE', #10032 ) ;
#3417 = AXIS2_PLACEMENT_3D ( 'NONE', #10140, #1911, #7999 ) ;
#3418 = DIRECTION ( 'NONE',  ( -0.7071067811865465735, 0.7071067811865484609, 0.000000000000000000 ) ) ;
#3419 = FACE_OUTER_BOUND ( 'NONE', #696, .T. ) ;
#3420 = CIRCLE ( 'NONE', #7649, 2.999999999999999112 ) ;
#3421 = EDGE_CURVE ( 'NONE', #4824, #7308, #686, .T. ) ;
#3422 = EDGE_LOOP ( 'NONE', ( #12732, #6023, #3530, #10272 ) ) ;
#3423 = CARTESIAN_POINT ( 'NONE',  ( -5.249999999999997335, -7.924621202458751235, 304.8000000000000114 ) ) ;
#3425 = EDGE_CURVE ( 'NONE', #1272, #11108, #8769, .T. ) ;
#3424 = VECTOR ( 'NONE', #4327, 1000.000000000000000 ) ;
#3426 = EDGE_LOOP ( 'NONE', ( #9299, #2453, #6030, #5950 ) ) ;
#3427 = DIRECTION ( 'NONE',  ( -1.000000000000000000, 0.000000000000000000, 0.000000000000000000 ) ) ;
#3428 = DIRECTION ( 'NONE',  ( 1.000000000000000000, -3.304235192336776005E-16, -4.930380657631323784E-32 ) ) ;
#3429 = DIRECTION ( 'NONE',  ( 0.000000000000000000, 0.000000000000000000, -1.000000000000000000 ) ) ;
#3430 = AXIS2_PLACEMENT_3D ( 'NONE', #2517, #8565, #5575 ) ;
#3431 = PLANE ( 'NONE',  #1108 ) ;
#3432 = VECTOR ( 'NONE', #10416, 1000.000000000000000 ) ;
#3433 = CARTESIAN_POINT ( 'NONE',  ( -9.500000000000000000, 2.500000000000000444, 198.8000000000000398 ) ) ;
#3434 = CARTESIAN_POINT ( 'NONE',  ( -0.8898448916085185401, 6.599999999999999645, -24.77500000000004832 ) ) ;
#3435 = AXIS2_PLACEMENT_3D ( 'NONE', #12243, #1198, #7357 ) ;
#3436 = CARTESIAN_POINT ( 'NONE',  ( 3.000000000000000888, 7.924621202458751235, -24.77500000000004832 ) ) ;
#3437 = CARTESIAN_POINT ( 'NONE',  ( -2.499999999999999556, 8.424621202458752123, 304.8000000000000114 ) ) ;
#3438 = DIRECTION ( 'NONE',  ( -0.000000000000000000, -0.000000000000000000, -1.000000000000000000 ) ) ;
#3439 = DIRECTION ( 'NONE',  ( 3.304235192336776498E-16, -1.000000000000000000, 0.000000000000000000 ) ) ;
#3440 = AXIS2_PLACEMENT_3D ( 'NONE', #469, #4499, #8551 ) ;
#3441 = DIRECTION ( 'NONE',  ( -0.000000000000000000, -0.000000000000000000, -1.000000000000000000 ) ) ;
#3442 = EDGE_CURVE ( 'NONE', #11280, #109, #8897, .T. ) ;
#3443 = ORIENTED_EDGE ( 'NONE', *, *, #2009, .T. ) ;
#3444 = ORIENTED_EDGE ( 'NONE', *, *, #1863, .F. ) ;
#3445 = EDGE_CURVE ( 'NONE', #12926, #28, #6899, .T. ) ;
#3446 = DIRECTION ( 'NONE',  ( 1.000000000000000000, 0.000000000000000000, 0.000000000000000000 ) ) ;
#3447 = CARTESIAN_POINT ( 'NONE',  ( 0.000000000000000000, -3.600000000000000089, -24.77500000000004832 ) ) ;
#3448 = DIRECTION ( 'NONE',  ( -1.000000000000000000, 0.000000000000000000, 0.000000000000000000 ) ) ;
#3449 = EDGE_CURVE ( 'NONE', #7936, #5119, #12737, .T. ) ;
#3450 = VECTOR ( 'NONE', #635, 1000.000000000000000 ) ;
#3451 = CARTESIAN_POINT ( 'NONE',  ( -3.000000000000000888, 7.924621202458751235, 304.8000000000000114 ) ) ;
#3452 = AXIS2_PLACEMENT_3D ( 'NONE', #6453, #7558, #5441 ) ;
#3453 = CARTESIAN_POINT ( 'NONE',  ( 9.500000000000000000, 2.500000000000000444, 94.79999999999999716 ) ) ;
#3454 = CARTESIAN_POINT ( 'NONE',  ( 5.603553390593272177, -7.071067811865475505, 304.8000000000000114 ) ) ;
#3455 = ORIENTED_EDGE ( 'NONE', *, *, #563, .T. ) ;
#3456 = DIRECTION ( 'NONE',  ( 0.000000000000000000, 0.000000000000000000, -1.000000000000000000 ) ) ;
#3457 = EDGE_CURVE ( 'NONE', #6267, #11154, #12915, .T. ) ;
#3458 = ORIENTED_EDGE ( 'NONE', *, *, #292, .F. ) ;
#3459 = AXIS2_PLACEMENT_3D ( 'NONE', #1793, #4835, #7943 ) ;
#3460 = VECTOR ( 'NONE', #2049, 1000.000000000000000 ) ;
#3461 = EDGE_CURVE ( 'NONE', #8910, #10251, #10647, .T. ) ;
#3462 = DIRECTION ( 'NONE',  ( -8.065639195895844836E-16, 1.000000000000000000, 0.000000000000000000 ) ) ;
#3463 = DIRECTION ( 'NONE',  ( -1.541976423090498986E-15, -1.000000000000000000, 0.000000000000000000 ) ) ;
#3464 = LINE ( 'NONE', #9641, #3853 ) ;
#3465 = EDGE_CURVE ( 'NONE', #12002, #3467, #1118, .T. ) ;
#3466 = DIRECTION ( 'NONE',  ( 1.000000000000000000, 3.304235192336776498E-16, 0.000000000000000000 ) ) ;
#3467 = VERTEX_POINT ( 'NONE', #11930 ) ;
#3468 = VERTEX_POINT ( 'NONE', #10816 ) ;
#3469 = FILL_AREA_STYLE ('',( #5526 ) ) ;
#3470 = ORIENTED_EDGE ( 'NONE', *, *, #8374, .T. ) ;
#3471 = DIRECTION ( 'NONE',  ( -1.000000000000000000, 0.000000000000000000, 0.000000000000000000 ) ) ;
#3472 = EDGE_CURVE ( 'NONE', #10761, #9105, #2174, .T. ) ;
#3473 = ORIENTED_EDGE ( 'NONE', *, *, #5648, .F. ) ;
#3474 = ORIENTED_EDGE ( 'NONE', *, *, #1560, .T. ) ;
#3475 = LINE ( 'NONE', #7772, #814 ) ;
#3476 = ORIENTED_EDGE ( 'NONE', *, *, #11675, .F. ) ;
#3477 = DIRECTION ( 'NONE',  ( 0.000000000000000000, 0.000000000000000000, 1.000000000000000000 ) ) ;
#3478 = CARTESIAN_POINT ( 'NONE',  ( -4.478679656440354151, -3.011165235168150378, 304.8000000000000114 ) ) ;
#3479 = ORIENTED_EDGE ( 'NONE', *, *, #6220, .F. ) ;
#3480 = CARTESIAN_POINT ( 'NONE',  ( 5.249999999999997335, -7.424621202458749458, 304.8000000000000114 ) ) ;
#3481 = VERTEX_POINT ( 'NONE', #5986 ) ;
#3482 = FACE_OUTER_BOUND ( 'NONE', #11029, .T. ) ;
#3483 = DIRECTION ( 'NONE',  ( -1.000000000000000000, 0.000000000000000000, 0.000000000000000000 ) ) ;
#3484 = LINE ( 'NONE', #1570, #160 ) ;
#3485 = ORIENTED_EDGE ( 'NONE', *, *, #2820, .T. ) ;
#3486 = LINE ( 'NONE', #8790, #189 ) ;
#3487 = PRODUCT_CONTEXT ( 'NONE', #6375, 'mechanical' ) ;
#3488 = CARTESIAN_POINT ( 'NONE',  ( 10.00000000000000000, -8.250000000000000000, 304.8000000000000114 ) ) ;
#3489 = VERTEX_POINT ( 'NONE', #10753 ) ;
#3490 = ADVANCED_FACE ( 'NONE', ( #12051 ), #879, .T. ) ;
#3491 = EDGE_CURVE ( 'NONE', #6213, #10074, #4723, .T. ) ;
#3492 = CARTESIAN_POINT ( 'NONE',  ( -10.00000000000000000, 8.250000000000000000, 304.8000000000000114 ) ) ;
#3493 = EDGE_CURVE ( 'NONE', #7642, #12554, #9602, .T. ) ;
#3494 = PLANE ( 'NONE',  #1750 ) ;
#3495 =( REPRESENTATION_RELATIONSHIP ('NONE','NONE', #11367, #4593 ) REPRESENTATION_RELATIONSHIP_WITH_TRANSFORMATION ( #1894 )SHAPE_REPRESENTATION_RELATIONSHIP( ) );
#3496 = CARTESIAN_POINT ( 'NONE',  ( 3.011165235168160592, 4.478679656440356815, -104.7750000000000057 ) ) ;
#3497 = LINE ( 'NONE', #8669, #2974 ) ;
#3498 = CARTESIAN_POINT ( 'NONE',  ( 7.071067811865473729, 5.603553390593270400, 304.8000000000000114 ) ) ;
#3499 = DIRECTION ( 'NONE',  ( 1.000000000000000000, -3.304235192336776005E-16, 0.000000000000000000 ) ) ;
#3500 = CARTESIAN_POINT ( 'NONE',  ( 7.071067811865473729, -5.603553390593270400, 304.8000000000000114 ) ) ;
#3501 = ORIENTED_EDGE ( 'NONE', *, *, #10100, .T. ) ;
#3502 = ORIENTED_EDGE ( 'NONE', *, *, #9149, .T. ) ;
#3503 = AXIS2_PLACEMENT_3D ( 'NONE', #8955, #12975, #3903 ) ;
#3504 = ORIENTED_EDGE ( 'NONE', *, *, #10333, .F. ) ;
#3505 = CARTESIAN_POINT ( 'NONE',  ( -3.000000000000000888, 7.924621202458751235, -24.77500000000004832 ) ) ;
#3506 = CARTESIAN_POINT ( 'NONE',  ( 10.00000000000000000, -8.250000000000000000, 304.8000000000000114 ) ) ;
#3507 = LINE ( 'NONE', #604, #1694 ) ;
#3508 = DIRECTION ( 'NONE',  ( -0.000000000000000000, -0.000000000000000000, -1.000000000000000000 ) ) ;
#3510 = AXIS2_PLACEMENT_3D ( 'NONE', #11696, #2624, #1505 ) ;
#3509 = LINE ( 'NONE', #7753, #205 ) ;
#3511 = VECTOR ( 'NONE', #11840, 1000.000000000000000 ) ;
#3512 = ORIENTED_EDGE ( 'NONE', *, *, #11066, .F. ) ;
#3513 = CARTESIAN_POINT ( 'NONE',  ( -3.000000000000000888, 7.924621202458751235, 304.8000000000000114 ) ) ;
#3514 = ORIENTED_EDGE ( 'NONE', *, *, #10403, .T. ) ;
#3515 = ORIENTED_EDGE ( 'NONE', *, *, #10033, .F. ) ;
#3516 = EDGE_CURVE ( 'NONE', #1587, #5951, #1669, .T. ) ;
#3517 = DIRECTION ( 'NONE',  ( 0.000000000000000000, 0.000000000000000000, 1.000000000000000000 ) ) ;
#3518 = FACE_OUTER_BOUND ( 'NONE', #5406, .T. ) ;
#3519 = CIRCLE ( 'NONE', #11981, 0.4999999999999995559 ) ;
#3520 = CARTESIAN_POINT ( 'NONE',  ( -9.500000000000000000, -2.500000000000000000, -104.7750000000000057 ) ) ;
#3521 = VECTOR ( 'NONE', #488, 1000.000000000000000 ) ;
#3522 = PLANE ( 'NONE',  #4107 ) ;
#3523 = EDGE_CURVE ( 'NONE', #7794, #6132, #2846, .T. ) ;
#3524 = EDGE_CURVE ( 'NONE', #8973, #3007, #3850, .T. ) ;
#3525 = CYLINDRICAL_SURFACE ( 'NONE', #12889, 2.999999999999999556 ) ;
#3526 = ORIENTED_EDGE ( 'NONE', *, *, #9752, .F. ) ;
#3527 = PLANE ( 'NONE',  #4388 ) ;
#3528 = AXIS2_PLACEMENT_3D ( 'NONE', #31, #1012, #9246 ) ;
#3529 = ORIENTED_EDGE ( 'NONE', *, *, #6580, .T. ) ;
#3530 = ORIENTED_EDGE ( 'NONE', *, *, #3731, .T. ) ;
#3531 = EDGE_CURVE ( 'NONE', #3468, #8874, #1866, .T. ) ;
#3532 = CARTESIAN_POINT ( 'NONE',  ( -8.424621202458750346, 2.500000000000000000, 198.8000000000000398 ) ) ;
#3533 = VERTEX_POINT ( 'NONE', #5909 ) ;
#3534 = ORIENTED_EDGE ( 'NONE', *, *, #1718, .T. ) ;
#3535 = DIRECTION ( 'NONE',  ( -0.000000000000000000, 0.000000000000000000, -1.000000000000000000 ) ) ;
#3536 = DIRECTION ( 'NONE',  ( -1.000000000000000000, 0.000000000000000000, 0.000000000000000000 ) ) ;
#3537 = ORIENTED_EDGE ( 'NONE', *, *, #7093, .T. ) ;
#3538 = CARTESIAN_POINT ( 'NONE',  ( 7.924621202458747682, 5.249999999999995559, 304.8000000000000114 ) ) ;
#3539 = EDGE_LOOP ( 'NONE', ( #10757, #1024, #4901, #5341 ) ) ;
#3540 = EDGE_CURVE ( 'NONE', #7696, #1463, #11797, .T. ) ;
#3541 = AXIS2_PLACEMENT_3D ( 'NONE', #5479, #6288, #10281 ) ;
#3542 = DIRECTION ( 'NONE',  ( 0.000000000000000000, 0.000000000000000000, -1.000000000000000000 ) ) ;
#3543 = PLANE ( 'NONE',  #12250 ) ;
#3544 = CARTESIAN_POINT ( 'NONE',  ( 10.00000000000000000, 8.250000000000000000, 304.8000000000000114 ) ) ;
#3545 = ORIENTED_EDGE ( 'NONE', *, *, #11587, .F. ) ;
#3546 = EDGE_CURVE ( 'NONE', #5020, #4869, #8967, .T. ) ;
#3547 = CARTESIAN_POINT ( 'NONE',  ( -3.000000000000000888, -7.924621202458751235, 304.8000000000000114 ) ) ;
#3548 = PRODUCT_CONTEXT ( 'NONE', #2230, 'mechanical' ) ;
#3549 = AXIS2_PLACEMENT_3D ( 'NONE', #906, #9990, #10059 ) ;
#3550 = DIRECTION ( 'NONE',  ( -0.000000000000000000, -0.000000000000000000, -1.000000000000000000 ) ) ;
#3551 = ORIENTED_EDGE ( 'NONE', *, *, #7951, .T. ) ;
#3552 = VERTEX_POINT ( 'NONE', #10366 ) ;
#3553 = ORIENTED_EDGE ( 'NONE', *, *, #5333, .T. ) ;
#3554 = CARTESIAN_POINT ( 'NONE',  ( -8.424621202458750346, 2.500000000000000000, 304.8000000000000114 ) ) ;
#3555 = CARTESIAN_POINT ( 'NONE',  ( 0.8898448916085185401, -3.600000000000000533, 304.8000000000000114 ) ) ;
#3556 = VECTOR ( 'NONE', #5048, 1000.000000000000000 ) ;
#3557 = CARTESIAN_POINT ( 'NONE',  ( 9.999999999999998224, -8.250000000000000000, -104.7750000000000057 ) ) ;
#3558 = CARTESIAN_POINT ( 'NONE',  ( -9.500000000000000000, 3.000000000000001332, 304.8000000000000114 ) ) ;
#3559 = CARTESIAN_POINT ( 'NONE',  ( -8.424621202458750346, -2.500000000000000000, 304.8000000000000114 ) ) ;
#3560 = LINE ( 'NONE', #7492, #5061 ) ;
#3561 = CARTESIAN_POINT ( 'NONE',  ( -3.599999999999997424, -0.8898448916085081040, -24.77500000000004832 ) ) ;
#3562 = EDGE_CURVE ( 'NONE', #33, #7392, #8303, .T. ) ;
#3563 = ADVANCED_FACE ( 'NONE', ( #94 ), #12127, .T. ) ;
#3564 = ORIENTED_EDGE ( 'NONE', *, *, #6383, .F. ) ;
#3565 = EDGE_CURVE ( 'NONE', #11689, #4986, #3021, .T. ) ;
#3566 = ORIENTED_EDGE ( 'NONE', *, *, #5446, .F. ) ;
#3567 = VECTOR ( 'NONE', #2461, 1000.000000000000000 ) ;
#3568 = ORIENTED_EDGE ( 'NONE', *, *, #262, .F. ) ;
#3569 = LINE ( 'NONE', #6752, #688 ) ;
#3570 = LINE ( 'NONE', #8619, #1350 ) ;
#3571 = DIRECTION ( 'NONE',  ( -0.000000000000000000, -0.000000000000000000, -1.000000000000000000 ) ) ;
#3572 = CARTESIAN_POINT ( 'NONE',  ( 3.000000000000000888, -7.924621202458751235, 304.8000000000000114 ) ) ;
#3573 = VECTOR ( 'NONE', #4376, 1000.000000000000000 ) ;
#3574 = DIRECTION ( 'NONE',  ( -1.000000000000000000, 0.000000000000000000, 0.000000000000000000 ) ) ;
#3575 = ORIENTED_EDGE ( 'NONE', *, *, #162, .T. ) ;
#3576 = ORIENTED_EDGE ( 'NONE', *, *, #12767, .T. ) ;
#3577 = CARTESIAN_POINT ( 'NONE',  ( 8.250000000000000000, -10.00000000000000178, 304.8000000000000114 ) ) ;
#3578 = EDGE_CURVE ( 'NONE', #12463, #4744, #5308, .T. ) ;
#3579 = EDGE_CURVE ( 'NONE', #9250, #3323, #7483, .T. ) ;
#3580 = VERTEX_POINT ( 'NONE', #1074 ) ;
#3581 = CARTESIAN_POINT ( 'NONE',  ( 3.000000000000000888, -7.924621202458751235, -104.7750000000000057 ) ) ;
#3582 = CIRCLE ( 'NONE', #636, 1.749999999999999778 ) ;
#3583 = CARTESIAN_POINT ( 'NONE',  ( 7.424621202458747682, -5.249999999999995559, 304.8000000000000114 ) ) ;
#3584 = DIRECTION ( 'NONE',  ( -1.000000000000000000, 0.000000000000000000, 0.000000000000000000 ) ) ;
#3585 = DIRECTION ( 'NONE',  ( 0.7071067811865484609, 0.7071067811865466846, -0.000000000000000000 ) ) ;
#3586 = DIRECTION ( 'NONE',  ( 0.000000000000000000, 0.000000000000000000, -1.000000000000000000 ) ) ;
#3587 = ORIENTED_EDGE ( 'NONE', *, *, #10818, .T. ) ;
#3588 = CARTESIAN_POINT ( 'NONE',  ( 0.8898448916085185401, -6.599999999999999645, -104.7750000000000057 ) ) ;
#3589 = AXIS2_PLACEMENT_3D ( 'NONE', #1870, #5043, #5914 ) ;
#3590 = VECTOR ( 'NONE', #1405, 1000.000000000000000 ) ;
#3591 = ORIENTED_EDGE ( 'NONE', *, *, #10117, .T. ) ;
#3592 = ORIENTED_EDGE ( 'NONE', *, *, #900, .T. ) ;
#3593 = VECTOR ( 'NONE', #463, 1000.000000000000000 ) ;
#3594 = DIRECTION ( 'NONE',  ( 0.7071067811865465735, 0.7071067811865484609, 0.000000000000000000 ) ) ;
#3595 = VERTEX_POINT ( 'NONE', #7164 ) ;
#3596 = VERTEX_POINT ( 'NONE', #297 ) ;
#3597 = EDGE_CURVE ( 'NONE', #4019, #427, #3183, .T. ) ;
#3598 = LINE ( 'NONE', #1755, #4887 ) ;
#3599 = DIRECTION ( 'NONE',  ( 0.7071067811865474617, 0.7071067811865476838, 0.000000000000000000 ) ) ;
#3600 = ORIENTED_EDGE ( 'NONE', *, *, #7678, .T. ) ;
#3601 = CARTESIAN_POINT ( 'NONE',  ( 8.424621202458750346, 3.000000000000001332, -24.77500000000004832 ) ) ;
#3602 = ADVANCED_FACE ( 'NONE', ( #12190 ), #11078, .F. ) ;
#3603 = VERTEX_POINT ( 'NONE', #5107 ) ;
#3604 = AXIS2_PLACEMENT_3D ( 'NONE', #12358, #8199, #10200 ) ;
#3605 = VECTOR ( 'NONE', #7987, 1000.000000000000000 ) ;
#3606 = EDGE_CURVE ( 'NONE', #10466, #7741, #8372, .T. ) ;
#3607 = PLANE ( 'NONE',  #10865 ) ;
#3608 = DIRECTION ( 'NONE',  ( -3.304235192336776498E-16, 1.000000000000000000, 0.000000000000000000 ) ) ;
#3609 = DIRECTION ( 'NONE',  ( -0.7071067811865484609, 0.7071067811865466846, 0.000000000000000000 ) ) ;
#3610 = ORIENTED_EDGE ( 'NONE', *, *, #336, .T. ) ;
#3611 = CARTESIAN_POINT ( 'NONE',  ( 7.924621202458749458, -3.000000000000001332, 304.8000000000000114 ) ) ;
#3612 = AXIS2_PLACEMENT_3D ( 'NONE', #3601, #6479, #7586 ) ;
#3613 = ADVANCED_FACE ( 'NONE', ( #3256 ), #8095, .F. ) ;
#3614 = AXIS2_PLACEMENT_3D ( 'NONE', #1757, #630, #1883 ) ;
#3615 = AXIS2_PLACEMENT_3D ( 'NONE', #12273, #12997, #1294 ) ;
#3616 = DIRECTION ( 'NONE',  ( -1.000000000000000000, 0.000000000000000000, 0.000000000000000000 ) ) ;
#3617 = ORIENTED_EDGE ( 'NONE', *, *, #6581, .F. ) ;
#3618 = EDGE_LOOP ( 'NONE', ( #265, #2617, #6374, #8719 ) ) ;
#3619 = EDGE_LOOP ( 'NONE', ( #50, #1533, #662, #6954 ) ) ;
#3620 = PLANE ( 'NONE',  #7689 ) ;
#3621 = EDGE_CURVE ( 'NONE', #7574, #4535, #9171, .T. ) ;
#3622 = CIRCLE ( 'NONE', #11464, 0.5000000000000004441 ) ;
#3623 = LINE ( 'NONE', #8607, #5134 ) ;
#3624 = AXIS2_PLACEMENT_3D ( 'NONE', #5644, #8631, #9705 ) ;
#3625 = DIRECTION ( 'NONE',  ( 1.000000000000000000, 8.065639195895846808E-16, -0.000000000000000000 ) ) ;
#3626 = LINE ( 'NONE', #2635, #5802 ) ;
#3627 = DIRECTION ( 'NONE',  ( -1.000000000000000000, 0.000000000000000000, 0.000000000000000000 ) ) ;
#3628 = DIRECTION ( 'NONE',  ( -0.7071067811865474617, 0.7071067811865476838, 0.000000000000000000 ) ) ;
#3629 = DIRECTION ( 'NONE',  ( 0.000000000000000000, -0.000000000000000000, 1.000000000000000000 ) ) ;
#3630 = LINE ( 'NONE', #10793, #4898 ) ;
#3631 = EDGE_CURVE ( 'NONE', #1543, #11371, #7030, .T. ) ;
#3632 = VERTEX_POINT ( 'NONE', #2268 ) ;
#3633 = EDGE_LOOP ( 'NONE', ( #10443, #8602, #5641, #3058 ) ) ;
#3634 = VECTOR ( 'NONE', #3035, 1000.000000000000000 ) ;
#3635 = AXIS2_PLACEMENT_3D ( 'NONE', #1589, #4704, #796 ) ;
#3636 = ORIENTED_EDGE ( 'NONE', *, *, #9704, .F. ) ;
#3637 = CARTESIAN_POINT ( 'NONE',  ( 2.499999999999999556, -8.424621202458752123, 304.8000000000000114 ) ) ;
#3638 = AXIS2_PLACEMENT_3D ( 'NONE', #2633, #11646, #531 ) ;
#3639 = DIRECTION ( 'NONE',  ( -0.000000000000000000, -0.000000000000000000, -1.000000000000000000 ) ) ;
#3640 = LINE ( 'NONE', #4386, #8679 ) ;
#3641 = LINE ( 'NONE', #4343, #2407 ) ;
#3642 = VECTOR ( 'NONE', #10727, 1000.000000000000000 ) ;
#3643 = VERTEX_POINT ( 'NONE', #10301 ) ;
#3645 = CIRCLE ( 'NONE', #4081, 0.5000000000000004441 ) ;
#3644 = DIRECTION ( 'NONE',  ( -0.7071067811865465735, 0.7071067811865483499, 0.000000000000000000 ) ) ;
#3646 = CARTESIAN_POINT ( 'NONE',  ( 7.071067811865473729, 5.603553390593270400, 304.8000000000000114 ) ) ;
#3647 = ORIENTED_EDGE ( 'NONE', *, *, #1373, .T. ) ;
#3648 = DIRECTION ( 'NONE',  ( -0.000000000000000000, -0.000000000000000000, -1.000000000000000000 ) ) ;
#3649 = ORIENTED_EDGE ( 'NONE', *, *, #1743, .T. ) ;
#3650 = FACE_OUTER_BOUND ( 'NONE', #7620, .T. ) ;
#3651 = VECTOR ( 'NONE', #9724, 1000.000000000000000 ) ;
#3652 = VECTOR ( 'NONE', #5842, 1000.000000000000000 ) ;
#3653 = DIRECTION ( 'NONE',  ( -0.7071067811865465735, 0.7071067811865484609, 0.000000000000000000 ) ) ;
#3654 = DIRECTION ( 'NONE',  ( 1.000000000000000000, 0.000000000000000000, 0.000000000000000000 ) ) ;
#3655 = EDGE_CURVE ( 'NONE', #9506, #12531, #6312, .T. ) ;
#3656 = DIRECTION ( 'NONE',  ( 1.000000000000000000, 0.000000000000000000, 0.000000000000000000 ) ) ;
#3657 = EDGE_CURVE ( 'NONE', #7645, #12183, #11497, .T. ) ;
#3658 = SHAPE_REPRESENTATION ( 'AL325.575_5537T104', ( #3417 ), #8512 ) ;
#3659 = EDGE_CURVE ( 'NONE', #12054, #9248, #5176, .T. ) ;
#3660 = VECTOR ( 'NONE', #1958, 1000.000000000000000 ) ;
#3661 = PLANE ( 'NONE',  #8037 ) ;
#3662 = EDGE_LOOP ( 'NONE', ( #913, #3988, #12945, #12265 ) ) ;
#3663 = DIRECTION ( 'NONE',  ( 0.000000000000000000, 0.000000000000000000, 1.000000000000000000 ) ) ;
#3664 = ORIENTED_EDGE ( 'NONE', *, *, #2614, .F. ) ;
#3665 = ORIENTED_EDGE ( 'NONE', *, *, #6544, .T. ) ;
#3666 = CARTESIAN_POINT ( 'NONE',  ( 3.000000000000000888, -9.500000000000000000, 304.8000000000000114 ) ) ;
#3667 = EDGE_LOOP ( 'NONE', ( #8797, #2944, #10339, #12638 ) ) ;
#3668 = EDGE_LOOP ( 'NONE', ( #7836, #9748, #1717, #6572 ) ) ;
#3669 = DIRECTION ( 'NONE',  ( -1.000000000000000000, 0.000000000000000000, 0.000000000000000000 ) ) ;
#3670 =( REPRESENTATION_RELATIONSHIP ('NONE','NONE', #11367, #5522 ) REPRESENTATION_RELATIONSHIP_WITH_TRANSFORMATION ( #9800 )SHAPE_REPRESENTATION_RELATIONSHIP( ) );
#3671 = DIRECTION ( 'NONE',  ( 3.304235192336776498E-16, 1.000000000000000000, -0.000000000000000000 ) ) ;
#3672 = ORIENTED_EDGE ( 'NONE', *, *, #11644, .F. ) ;
#3673 = VERTEX_POINT ( 'NONE', #1150 ) ;
#3674 = CARTESIAN_POINT ( 'NONE',  ( 2.500000000000000000, 8.424621202458752123, 304.8000000000000114 ) ) ;
#3675 = VECTOR ( 'NONE', #3902, 1000.000000000000000 ) ;
#3676 = VERTEX_POINT ( 'NONE', #20 ) ;
#3677 = AXIS2_PLACEMENT_3D ( 'NONE', #12469, #1298, #9258 ) ;
#3678 = FACE_OUTER_BOUND ( 'NONE', #7555, .T. ) ;
#3679 = LINE ( 'NONE', #4549, #7183 ) ;
#3680 = DIRECTION ( 'NONE',  ( 0.000000000000000000, 0.000000000000000000, 1.000000000000000000 ) ) ;
#3681 = ORIENTED_EDGE ( 'NONE', *, *, #6351, .T. ) ;
#3682 = VERTEX_POINT ( 'NONE', #4257 ) ;
#3683 = DIRECTION ( 'NONE',  ( 1.000000000000000000, 0.000000000000000000, 0.000000000000000000 ) ) ;
#3684 = APPLICATION_PROTOCOL_DEFINITION ( 'draft international standard', 'automotive_design', 1998, #5285 ) ;
#3685 = EDGE_CURVE ( 'NONE', #4270, #10601, #10656, .T. ) ;
#3686 = FACE_OUTER_BOUND ( 'NONE', #5100, .T. ) ;
#3687 = CARTESIAN_POINT ( 'NONE',  ( 8.250000000000000000, -10.00000000000000178, 304.8000000000000114 ) ) ;
#3688 = ORIENTED_EDGE ( 'NONE', *, *, #11874, .F. ) ;
#3689 = EDGE_LOOP ( 'NONE', ( #5049, #4367, #1239, #12023 ) ) ;
#3690 = VERTEX_POINT ( 'NONE', #157 ) ;
#3691 = FACE_OUTER_BOUND ( 'NONE', #6780, .T. ) ;
#3692 = CARTESIAN_POINT ( 'NONE',  ( 7.924621202458749458, 3.000000000000001332, 304.8000000000000114 ) ) ;
#3693 = EDGE_CURVE ( 'NONE', #5403, #2628, #4189, .T. ) ;
#3694 = CARTESIAN_POINT ( 'NONE',  ( -9.500000000000000000, 3.000000000000001332, -24.77500000000004832 ) ) ;
#3695 = DIRECTION ( 'NONE',  ( 1.000000000000000000, 0.000000000000000000, 0.000000000000000000 ) ) ;
#3696 = CYLINDRICAL_SURFACE ( 'NONE', #6067, 2.999999999999999556 ) ;
#3697 = CARTESIAN_POINT ( 'NONE',  ( 0.000000000000000000, 3.600000000000000089, 304.8000000000000114 ) ) ;
#3698 = EDGE_CURVE ( 'NONE', #12681, #3725, #12328, .T. ) ;
#3699 = DIRECTION ( 'NONE',  ( 0.000000000000000000, -0.000000000000000000, 1.000000000000000000 ) ) ;
#3700 = PLANE ( 'NONE',  #9256 ) ;
#3701 = ORIENTED_EDGE ( 'NONE', *, *, #4448, .F. ) ;
#3702 = ADVANCED_FACE ( 'NONE', ( #419 ), #2457, .T. ) ;
#3703 = ORIENTED_EDGE ( 'NONE', *, *, #11000, .T. ) ;
#3704 = ORIENTED_EDGE ( 'NONE', *, *, #4109, .T. ) ;
#3705 = FACE_OUTER_BOUND ( 'NONE', #8752, .T. ) ;
#3706 = FACE_OUTER_BOUND ( 'NONE', #10439, .T. ) ;
#3707 = CARTESIAN_POINT ( 'NONE',  ( 7.071067811865473729, 5.603553390593270400, 94.79999999999999716 ) ) ;
#3708 = EDGE_CURVE ( 'NONE', #9694, #9940, #10241, .T. ) ;
#3709 = LINE ( 'NONE', #3274, #10465 ) ;
#3710 = ORIENTED_EDGE ( 'NONE', *, *, #244, .F. ) ;
#3711 = LINE ( 'NONE', #3572, #10937 ) ;
#3712 = CARTESIAN_POINT ( 'NONE',  ( 10.00000000000000000, -3.000000000000001332, -104.7750000000000057 ) ) ;
#3713 = VERTEX_POINT ( 'NONE', #9691 ) ;
#3714 = CARTESIAN_POINT ( 'NONE',  ( -0.8898448916085185401, -6.599999999999999645, -24.77500000000004832 ) ) ;
#3715 = VERTEX_POINT ( 'NONE', #11658 ) ;
#3716 = EDGE_CURVE ( 'NONE', #7759, #7741, #8684, .T. ) ;
#3717 = CARTESIAN_POINT ( 'NONE',  ( -10.00000000000000000, 3.000000000000001332, 198.8000000000000398 ) ) ;
#3718 = CARTESIAN_POINT ( 'NONE',  ( -8.250000000000000000, -8.250000000000000000, 304.8000000000000114 ) ) ;
#3719 = CARTESIAN_POINT ( 'NONE',  ( -5.603553390593272177, 7.071067811865475505, 304.8000000000000114 ) ) ;
#3720 = PLANE ( 'NONE',  #10165 ) ;
#3721 = VECTOR ( 'NONE', #4954, 1000.000000000000000 ) ;
#3722 = LINE ( 'NONE', #4783, #7611 ) ;
#3723 = ORIENTED_EDGE ( 'NONE', *, *, #4752, .F. ) ;
#3724 = DIRECTION ( 'NONE',  ( -8.065639195895844836E-16, 1.000000000000000000, 0.000000000000000000 ) ) ;
#3725 = VERTEX_POINT ( 'NONE', #3506 ) ;
#3726 = EDGE_LOOP ( 'NONE', ( #2918, #4957, #2103, #6022 ) ) ;
#3727 = CARTESIAN_POINT ( 'NONE',  ( 3.011165235168160592, 4.478679656440356815, 304.8000000000000114 ) ) ;
#3728 = VERTEX_POINT ( 'NONE', #12584 ) ;
#3729 = ORIENTED_EDGE ( 'NONE', *, *, #8144, .T. ) ;
#3730 = EDGE_CURVE ( 'NONE', #11112, #1272, #7370, .T. ) ;
#3731 = EDGE_CURVE ( 'NONE', #3323, #8985, #8499, .T. ) ;
#3732 = AXIS2_PLACEMENT_3D ( 'NONE', #621, #1609, #5528 ) ;
#3733 = EDGE_CURVE ( 'NONE', #5936, #12533, #3570, .T. ) ;
#3734 = VECTOR ( 'NONE', #6106, 1000.000000000000000 ) ;
#3735 = CARTESIAN_POINT ( 'NONE',  ( 8.250000000000000000, 8.250000000000000000, 304.8000000000000114 ) ) ;
#3736 = CARTESIAN_POINT ( 'NONE',  ( -3.000000000000000888, 10.00000000000000000, 304.8000000000000114 ) ) ;
#3737 = ORIENTED_EDGE ( 'NONE', *, *, #12296, .F. ) ;
#3738 = EDGE_CURVE ( 'NONE', #9940, #7313, #9629, .T. ) ;
#3739 = DIRECTION ( 'NONE',  ( 3.304235192336776005E-16, -1.000000000000000000, 0.000000000000000000 ) ) ;
#3740 = ORIENTED_EDGE ( 'NONE', *, *, #11626, .T. ) ;
#3741 = DIRECTION ( 'NONE',  ( 1.000000000000000000, 0.000000000000000000, 0.000000000000000000 ) ) ;
#3742 = AXIS2_PLACEMENT_3D ( 'NONE', #13056, #8775, #12923 ) ;
#3743 = DIRECTION ( 'NONE',  ( 0.7071067811865474617, -0.7071067811865476838, 0.000000000000000000 ) ) ;
#3744 = CARTESIAN_POINT ( 'NONE',  ( -3.011165235168160592, -4.478679656440356815, 304.8000000000000114 ) ) ;
#3745 = ORIENTED_EDGE ( 'NONE', *, *, #2325, .F. ) ;
#3746 = DIRECTION ( 'NONE',  ( -0.000000000000000000, -0.000000000000000000, -1.000000000000000000 ) ) ;
#3747 = FACE_OUTER_BOUND ( 'NONE', #6592, .T. ) ;
#3748 = AXIS2_PLACEMENT_3D ( 'NONE', #7871, #5622, #5756 ) ;
#3749 = LINE ( 'NONE', #11761, #8489 ) ;
#3750 = ORIENTED_EDGE ( 'NONE', *, *, #2519, .F. ) ;
#3751 = ORIENTED_EDGE ( 'NONE', *, *, #4981, .T. ) ;
#3752 = ORIENTED_EDGE ( 'NONE', *, *, #10693, .T. ) ;
#3753 = FACE_OUTER_BOUND ( 'NONE', #1526, .T. ) ;
#3754 = CARTESIAN_POINT ( 'NONE',  ( -7.071067811865473729, 5.603553390593270400, 304.8000000000000114 ) ) ;
#3755 = DIRECTION ( 'NONE',  ( 0.000000000000000000, -1.000000000000000000, 0.000000000000000000 ) ) ;
#3756 = LINE ( 'NONE', #7800, #257 ) ;
#3757 = LINE ( 'NONE', #2760, #5216 ) ;
#3759 = AXIS2_PLACEMENT_3D ( 'NONE', #12157, #12939, #11104 ) ;
#3758 = CARTESIAN_POINT ( 'NONE',  ( 3.599999999999997424, 0.8898448916085081040, 304.8000000000000114 ) ) ;
#3760 = DIRECTION ( 'NONE',  ( -0.000000000000000000, -0.000000000000000000, -1.000000000000000000 ) ) ;
#3761 = CARTESIAN_POINT ( 'NONE',  ( -8.424621202458750346, -3.000000000000001332, 304.8000000000000114 ) ) ;
#3762 = ORIENTED_EDGE ( 'NONE', *, *, #10509, .F. ) ;
#3763 = UNCERTAINTY_MEASURE_WITH_UNIT (LENGTH_MEASURE( 1.000000000000000082E-05 ), #8791, 'distance_accuracy_value', 'NONE');
#3764 = ORIENTED_EDGE ( 'NONE', *, *, #1863, .T. ) ;
#3765 = EDGE_CURVE ( 'NONE', #8493, #585, #11471, .T. ) ;
#3766 = ORIENTED_EDGE ( 'NONE', *, *, #1471, .F. ) ;
#3767 = LINE ( 'NONE', #12643, #8935 ) ;
#3768 = AXIS2_PLACEMENT_3D ( 'NONE', #8838, #3793, #12994 ) ;
#3769 = FACE_OUTER_BOUND ( 'NONE', #9071, .T. ) ;
#3770 = ADVANCED_FACE ( 'NONE', ( #1407 ), #10496, .F. ) ;
#3771 = DIRECTION ( 'NONE',  ( 0.000000000000000000, 0.000000000000000000, -1.000000000000000000 ) ) ;
#3772 = EDGE_CURVE ( 'NONE', #3713, #1402, #12116, .T. ) ;
#3773 = DIRECTION ( 'NONE',  ( -1.000000000000000000, -0.000000000000000000, -0.000000000000000000 ) ) ;
#3774 = ORIENTED_EDGE ( 'NONE', *, *, #6064, .F. ) ;
#3775 = DIRECTION ( 'NONE',  ( 0.7071067811865474617, -0.7071067811865476838, 0.000000000000000000 ) ) ;
#3776 = CARTESIAN_POINT ( 'NONE',  ( 2.500000000000000000, 8.424621202458752123, 198.8000000000000398 ) ) ;
#3777 = ORIENTED_EDGE ( 'NONE', *, *, #3540, .T. ) ;
#3778 = CARTESIAN_POINT ( 'NONE',  ( -10.00000000000000000, 8.250000000000000000, 304.8000000000000114 ) ) ;
#3779 = VECTOR ( 'NONE', #1080, 1000.000000000000000 ) ;
#3780 = VERTEX_POINT ( 'NONE', #6381 ) ;
#3781 = EDGE_CURVE ( 'NONE', #10022, #467, #1347, .T. ) ;
#3782 = DIRECTION ( 'NONE',  ( 0.000000000000000000, -0.000000000000000000, 1.000000000000000000 ) ) ;
#3783 = DIRECTION ( 'NONE',  ( -0.000000000000000000, -0.000000000000000000, -1.000000000000000000 ) ) ;
#3784 = DIRECTION ( 'NONE',  ( 0.000000000000000000, 0.000000000000000000, -1.000000000000000000 ) ) ;
#3785 = FACE_OUTER_BOUND ( 'NONE', #8399, .T. ) ;
#3786 = AXIS2_PLACEMENT_3D ( 'NONE', #4331, #11536, #11339 ) ;
#3787 = EDGE_CURVE ( 'NONE', #10123, #9822, #357, .T. ) ;
#3788 = DIRECTION ( 'NONE',  ( -1.000000000000000000, 0.000000000000000000, 0.000000000000000000 ) ) ;
#3789 = ORIENTED_EDGE ( 'NONE', *, *, #4828, .T. ) ;
#3790 = DIRECTION ( 'NONE',  ( -1.000000000000000000, -3.304235192336776498E-16, 0.000000000000000000 ) ) ;
#3791 = ORIENTED_EDGE ( 'NONE', *, *, #6233, .F. ) ;
#3792 = ORIENTED_EDGE ( 'NONE', *, *, #1517, .F. ) ;
#3793 = DIRECTION ( 'NONE',  ( 0.000000000000000000, 1.000000000000000000, 0.000000000000000000 ) ) ;
#3794 = ORIENTED_EDGE ( 'NONE', *, *, #6778, .T. ) ;
#3795 = VERTEX_POINT ( 'NONE', #10433 ) ;
#3796 = AXIS2_PLACEMENT_3D ( 'NONE', #12697, #10731, #4504 ) ;
#3797 = ORIENTED_EDGE ( 'NONE', *, *, #5415, .T. ) ;
#3798 = AXIS2_PLACEMENT_3D ( 'NONE', #5384, #9172, #7099 ) ;
#3799 = DIRECTION ( 'NONE',  ( -0.000000000000000000, -0.000000000000000000, -1.000000000000000000 ) ) ;
#3800 = FACE_OUTER_BOUND ( 'NONE', #8536, .T. ) ;
#3801 = EDGE_LOOP ( 'NONE', ( #7329, #6448, #2511, #12582 ) ) ;
#3802 = DIRECTION ( 'NONE',  ( -0.000000000000000000, 0.000000000000000000, -1.000000000000000000 ) ) ;
#3803 = ORIENTED_EDGE ( 'NONE', *, *, #3935, .T. ) ;
#3804 = CYLINDRICAL_SURFACE ( 'NONE', #502, 0.5000000000000004441 ) ;
#3805 = EDGE_CURVE ( 'NONE', #8627, #10158, #1129, .T. ) ;
#3806 = CIRCLE ( 'NONE', #856, 2.999999999999999112 ) ;
#3807 = DIRECTION ( 'NONE',  ( 0.000000000000000000, 1.000000000000000000, 0.000000000000000000 ) ) ;
#3808 = ORIENTED_EDGE ( 'NONE', *, *, #2406, .F. ) ;
#3809 = PLANE ( 'NONE',  #1245 ) ;
#3810 = DIRECTION ( 'NONE',  ( -0.000000000000000000, -0.000000000000000000, -1.000000000000000000 ) ) ;
#3811 = AXIS2_PLACEMENT_3D ( 'NONE', #11044, #6930, #4809 ) ;
#3812 = DIRECTION ( 'NONE',  ( -1.000000000000000000, 0.000000000000000000, -0.000000000000000000 ) ) ;
#3813 = ORIENTED_EDGE ( 'NONE', *, *, #7591, .T. ) ;
#3814 = VECTOR ( 'NONE', #2613, 1000.000000000000000 ) ;
#3815 = ORIENTED_EDGE ( 'NONE', *, *, #5240, .F. ) ;
#3816 = ORIENTED_EDGE ( 'NONE', *, *, #707, .T. ) ;
#3817 = DIRECTION ( 'NONE',  ( -1.000000000000000000, 3.304235192336776498E-16, 0.000000000000000000 ) ) ;
#3818 = CARTESIAN_POINT ( 'NONE',  ( 8.250000000000000000, -10.00000000000000000, -24.77500000000004832 ) ) ;
#3819 = EDGE_CURVE ( 'NONE', #2857, #9971, #4507, .T. ) ;
#3820 = EDGE_CURVE ( 'NONE', #12369, #9694, #485, .T. ) ;
#3822 = EDGE_CURVE ( 'NONE', #6107, #8843, #5781, .T. ) ;
#3821 = DIRECTION ( 'NONE',  ( 1.000000000000000000, 0.000000000000000000, 0.000000000000000000 ) ) ;
#3823 = CARTESIAN_POINT ( 'NONE',  ( -7.924621202458747682, 5.249999999999995559, 304.8000000000000114 ) ) ;
#3824 = CARTESIAN_POINT ( 'NONE',  ( 10.00000000000000000, 3.000000000000001332, 304.8000000000000114 ) ) ;
#3825 = VECTOR ( 'NONE', #11811, 1000.000000000000000 ) ;
#3826 = LINE ( 'NONE', #10863, #1472 ) ;
#3827 = AXIS2_PLACEMENT_3D ( 'NONE', #4067, #3131, #8982 ) ;
#3828 = CARTESIAN_POINT ( 'NONE',  ( -3.011165235168160592, -4.478679656440357704, 304.8000000000000114 ) ) ;
#3829 = ORIENTED_EDGE ( 'NONE', *, *, #6499, .F. ) ;
#3830 = ORIENTED_EDGE ( 'NONE', *, *, #5972, .T. ) ;
#3831 = PLANE ( 'NONE',  #1741 ) ;
#3832 = VECTOR ( 'NONE', #92, 1000.000000000000000 ) ;
#3833 = CARTESIAN_POINT ( 'NONE',  ( -10.00000000000000000, 3.000000000000001332, 304.8000000000000114 ) ) ;
#3834 = DIRECTION ( 'NONE',  ( 0.000000000000000000, 0.000000000000000000, 1.000000000000000000 ) ) ;
#3835 = DIRECTION ( 'NONE',  ( -0.000000000000000000, -0.000000000000000000, -1.000000000000000000 ) ) ;
#3836 = CARTESIAN_POINT ( 'NONE',  ( -8.250000000000000000, 8.250000000000000000, 304.8000000000000114 ) ) ;
#3837 = AXIS2_PLACEMENT_3D ( 'NONE', #7536, #2555, #1632 ) ;
#3838 = CARTESIAN_POINT ( 'NONE',  ( -8.424621202458750346, 3.000000000000001332, 304.8000000000000114 ) ) ;
#3839 = DIRECTION ( 'NONE',  ( 1.000000000000000000, 0.000000000000000000, 0.000000000000000000 ) ) ;
#3840 = VERTEX_POINT ( 'NONE', #541 ) ;
#3841 = ORIENTED_EDGE ( 'NONE', *, *, #3523, .F. ) ;
#3842 = DIRECTION ( 'NONE',  ( -3.304235192336776005E-16, -1.000000000000000000, 0.000000000000000000 ) ) ;
#3843 = CIRCLE ( 'NONE', #5115, 0.4999999999999995559 ) ;
#3844 = EDGE_LOOP ( 'NONE', ( #1116, #7159, #12104, #9439 ) ) ;
#3845 = VECTOR ( 'NONE', #1906, 1000.000000000000000 ) ;
#3846 = CARTESIAN_POINT ( 'NONE',  ( 6.599999999999996092, -0.8898448916085081040, 304.8000000000000114 ) ) ;
#3847 = EDGE_CURVE ( 'NONE', #4269, #738, #4573, .T. ) ;
#3848 = CYLINDRICAL_SURFACE ( 'NONE', #7650, 0.5000000000000013323 ) ;
#3849 = ORIENTED_EDGE ( 'NONE', *, *, #6756, .F. ) ;
#3850 = LINE ( 'NONE', #9769, #10020 ) ;
#3851 = CIRCLE ( 'NONE', #5552, 2.999999999999999556 ) ;
#3852 = DIRECTION ( 'NONE',  ( 0.000000000000000000, 0.000000000000000000, 1.000000000000000000 ) ) ;
#3853 = VECTOR ( 'NONE', #500, 1000.000000000000000 ) ;
#3854 = ADVANCED_FACE ( 'NONE', ( #2894 ), #6753, .T. ) ;
#3855 = DIRECTION ( 'NONE',  ( -0.000000000000000000, -0.000000000000000000, -1.000000000000000000 ) ) ;
#3856 = LINE ( 'NONE', #7830, #1279 ) ;
#3857 = ORIENTED_EDGE ( 'NONE', *, *, #12457, .T. ) ;
#3858 = DIRECTION ( 'NONE',  ( 0.000000000000000000, 0.000000000000000000, -1.000000000000000000 ) ) ;
#3859 = ORIENTED_EDGE ( 'NONE', *, *, #8513, .F. ) ;
#3860 = ORIENTED_EDGE ( 'NONE', *, *, #3578, .F. ) ;
#3861 = ADVANCED_FACE ( 'NONE', ( #5968 ), #9754, .F. ) ;
#3862 = FACE_OUTER_BOUND ( 'NONE', #8582, .T. ) ;
#3863 = CIRCLE ( 'NONE', #1545, 0.5000000000000008882 ) ;
#3864 = ORIENTED_EDGE ( 'NONE', *, *, #4181, .F. ) ;
#3865 = VERTEX_POINT ( 'NONE', #10013 ) ;
#3866 = COLOUR_RGB ( '',0.7921568627450980005, 0.8196078431372548767, 0.9333333333333333481 ) ;
#3867 = ORIENTED_EDGE ( 'NONE', *, *, #321, .F. ) ;
#3868 = CARTESIAN_POINT ( 'NONE',  ( 2.499999999999999556, -8.424621202458752123, 304.8000000000000114 ) ) ;
#3869 = EDGE_CURVE ( 'NONE', #4804, #8257, #2770, .T. ) ;
#3870 = DIRECTION ( 'NONE',  ( 1.000000000000000000, 0.000000000000000000, 0.000000000000000000 ) ) ;
#3871 = CARTESIAN_POINT ( 'NONE',  ( -8.424621202458750346, 3.000000000000001332, 304.8000000000000114 ) ) ;
#3872 = ORIENTED_EDGE ( 'NONE', *, *, #1241, .T. ) ;
#3873 = CIRCLE ( 'NONE', #12338, 1.749999999999999778 ) ;
#3874 = DIRECTION ( 'NONE',  ( 0.000000000000000000, 0.000000000000000000, -1.000000000000000000 ) ) ;
#3876 = EDGE_CURVE ( 'NONE', #380, #5124, #6947, .T. ) ;
#3875 = VECTOR ( 'NONE', #3071, 1000.000000000000114 ) ;
#3877 = LINE ( 'NONE', #9052, #5857 ) ;
#3878 = ORIENTED_EDGE ( 'NONE', *, *, #10289, .T. ) ;
#3879 = VERTEX_POINT ( 'NONE', #1791 ) ;
#3880 = CARTESIAN_POINT ( 'NONE',  ( -4.478679656440354151, 3.011165235168150378, 304.8000000000000114 ) ) ;
#3881 = FACE_OUTER_BOUND ( 'NONE', #4939, .T. ) ;
#3882 = VECTOR ( 'NONE', #11787, 1000.000000000000000 ) ;
#3883 = AXIS2_PLACEMENT_3D ( 'NONE', #7862, #12148, #11904 ) ;
#3884 = DIRECTION ( 'NONE',  ( 0.000000000000000000, -0.000000000000000000, -1.000000000000000000 ) ) ;
#3885 = VERTEX_POINT ( 'NONE', #5766 ) ;
#3886 = EDGE_LOOP ( 'NONE', ( #6699, #5939, #1874, #12804 ) ) ;
#3887 = MANIFOLD_SOLID_BREP ( 'Cut-Extrude1', #4868 ) ;
#3888 = ORIENTED_EDGE ( 'NONE', *, *, #5801, .T. ) ;
#3889 = DIRECTION ( 'NONE',  ( -0.7071067811865465735, 0.7071067811865483499, 0.000000000000000000 ) ) ;
#3890 = FILL_AREA_STYLE_COLOUR ( '', #8315 ) ;
#3891 = LINE ( 'NONE', #5016, #12393 ) ;
#3892 = LINE ( 'NONE', #3758, #836 ) ;
#3893 = CYLINDRICAL_SURFACE ( 'NONE', #8835, 2.999999999999999556 ) ;
#3894 = VERTEX_POINT ( 'NONE', #12835 ) ;
#3895 = VERTEX_POINT ( 'NONE', #10738 ) ;
#3896 = ADVANCED_FACE ( 'NONE', ( #3706 ), #7747, .F. ) ;
#3897 = EDGE_CURVE ( 'NONE', #2857, #3278, #11782, .T. ) ;
#3898 = DIRECTION ( 'NONE',  ( 1.000000000000000000, 0.000000000000000000, 0.000000000000000000 ) ) ;
#3899 = CARTESIAN_POINT ( 'NONE',  ( 9.500000000000000000, 2.500000000000000444, 304.8000000000000114 ) ) ;
#3900 = CYLINDRICAL_SURFACE ( 'NONE', #10230, 0.5000000000000004441 ) ;
#3901 = PLANE ( 'NONE',  #6804 ) ;
#3902 = DIRECTION ( 'NONE',  ( -0.000000000000000000, 0.000000000000000000, -1.000000000000000000 ) ) ;
#3903 = DIRECTION ( 'NONE',  ( -1.000000000000000000, 0.000000000000000000, 0.000000000000000000 ) ) ;
#3904 = CARTESIAN_POINT ( 'NONE',  ( -5.249999999999997335, -7.424621202458749458, -104.7750000000000057 ) ) ;
#3905 = ORIENTED_EDGE ( 'NONE', *, *, #11708, .T. ) ;
#3906 = VERTEX_POINT ( 'NONE', #8814 ) ;
#3907 = ORIENTED_EDGE ( 'NONE', *, *, #2587, .T. ) ;
#3908 = CYLINDRICAL_SURFACE ( 'NONE', #8895, 0.5000000000000004441 ) ;
#3909 = DIRECTION ( 'NONE',  ( 0.000000000000000000, -0.000000000000000000, -1.000000000000000000 ) ) ;
#3910 = VERTEX_POINT ( 'NONE', #6883 ) ;
#3911 = VECTOR ( 'NONE', #6483, 1000.000000000000114 ) ;
#3912 = DIRECTION ( 'NONE',  ( 0.000000000000000000, -0.000000000000000000, 1.000000000000000000 ) ) ;
#3913 = CARTESIAN_POINT ( 'NONE',  ( 8.250000000000000000, -10.00000000000000000, -104.7750000000000057 ) ) ;
#3914 =( REPRESENTATION_RELATIONSHIP ('NONE','NONE', #11367, #12703 ) REPRESENTATION_RELATIONSHIP_WITH_TRANSFORMATION ( #11105 )SHAPE_REPRESENTATION_RELATIONSHIP( ) );
#3916 = AXIS2_PLACEMENT_3D ( 'NONE', #2003, #10098, #12258 ) ;
#3915 = LINE ( 'NONE', #4124, #7583 ) ;
#3917 = ADVANCED_FACE ( 'NONE', ( #3769 ), #10873, .F. ) ;
#3918 = LINE ( 'NONE', #9966, #4245 ) ;
#3919 = ORIENTED_EDGE ( 'NONE', *, *, #5209, .F. ) ;
#3920 = CARTESIAN_POINT ( 'NONE',  ( 2.499999999999999556, 8.424621202458752123, 304.8000000000000114 ) ) ;
#3921 = ORIENTED_EDGE ( 'NONE', *, *, #5153, .F. ) ;
#3922 = ORIENTED_EDGE ( 'NONE', *, *, #10985, .F. ) ;
#3923 = CARTESIAN_POINT ( 'NONE',  ( -3.011165235168160592, -4.478679656440357704, 304.8000000000000114 ) ) ;
#3924 = VERTEX_POINT ( 'NONE', #12895 ) ;
#3925 = ORIENTED_EDGE ( 'NONE', *, *, #398, .T. ) ;
#3926 = CARTESIAN_POINT ( 'NONE',  ( 3.000000000000000888, 7.924621202458751235, 198.8000000000000398 ) ) ;
#3927 = EDGE_CURVE ( 'NONE', #5555, #8627, #10930, .T. ) ;
#3928 = CARTESIAN_POINT ( 'NONE',  ( 3.000000000000000888, -8.424621202458752123, -24.77500000000004832 ) ) ;
#3929 = EDGE_LOOP ( 'NONE', ( #10267, #4252, #6560, #9881 ) ) ;
#3930 = VECTOR ( 'NONE', #11524, 1000.000000000000000 ) ;
#3931 = DIRECTION ( 'NONE',  ( -0.000000000000000000, -0.000000000000000000, -1.000000000000000000 ) ) ;
#3932 = ORIENTED_EDGE ( 'NONE', *, *, #11571, .F. ) ;
#3933 = EDGE_CURVE ( 'NONE', #2665, #5122, #11703, .T. ) ;
#3934 = DIRECTION ( 'NONE',  ( -0.000000000000000000, -0.000000000000000000, -1.000000000000000000 ) ) ;
#3935 = EDGE_CURVE ( 'NONE', #8179, #9571, #8950, .T. ) ;
#3936 = ORIENTED_EDGE ( 'NONE', *, *, #12561, .T. ) ;
#3937 = PLANE ( 'NONE',  #779 ) ;
#3938 = AXIS2_PLACEMENT_3D ( 'NONE', #4362, #2436, #1187 ) ;
#3939 = ORIENTED_EDGE ( 'NONE', *, *, #10781, .T. ) ;
#3940 = ORIENTED_EDGE ( 'NONE', *, *, #1678, .F. ) ;
#3941 = CIRCLE ( 'NONE', #6284, 0.5000000000000004441 ) ;
#3942 = CARTESIAN_POINT ( 'NONE',  ( -7.071067811865473729, -5.603553390593270400, -104.7750000000000057 ) ) ;
#3943 = CONTEXT_DEPENDENT_SHAPE_REPRESENTATION ( #2568, #559 ) ;
#3944 = DIRECTION ( 'NONE',  ( 1.000000000000000000, -1.541976423090498986E-15, 0.000000000000000000 ) ) ;
#3945 = CARTESIAN_POINT ( 'NONE',  ( 10.00000000000000000, -3.000000000000001332, -20.77500000000004476 ) ) ;
#3946 = EDGE_CURVE ( 'NONE', #5929, #7350, #9077, .T. ) ;
#3947 = DIRECTION ( 'NONE',  ( 0.000000000000000000, 1.000000000000000000, 0.000000000000000000 ) ) ;
#3948 = VERTEX_POINT ( 'NONE', #4034 ) ;
#3949 = ORIENTED_EDGE ( 'NONE', *, *, #9121, .F. ) ;
#3950 = EDGE_LOOP ( 'NONE', ( #7462, #11086, #12666, #7889 ) ) ;
#3951 = VECTOR ( 'NONE', #2228, 1000.000000000000000 ) ;
#3952 = AXIS2_PLACEMENT_3D ( 'NONE', #3186, #4192, #3743 ) ;
#3953 = PLANE ( 'NONE',  #11485 ) ;
#3954 = AXIS2_PLACEMENT_3D ( 'NONE', #9417, #9472, #1250 ) ;
#3955 =( LENGTH_UNIT ( ) NAMED_UNIT ( * ) SI_UNIT ( .MILLI., .METRE. ) );
#3956 = EDGE_CURVE ( 'NONE', #1826, #572, #2816, .T. ) ;
#3957 = DIRECTION ( 'NONE',  ( 1.000000000000000000, 0.000000000000000000, 0.000000000000000000 ) ) ;
#3958 = CARTESIAN_POINT ( 'NONE',  ( -7.924621202458747682, 5.249999999999995559, -20.77500000000004476 ) ) ;
#3959 = DIRECTION ( 'NONE',  ( -1.000000000000000000, 0.000000000000000000, 0.000000000000000000 ) ) ;
#3960 = EDGE_LOOP ( 'NONE', ( #10457, #10324, #2029, #12616 ) ) ;
#3961 = AXIS2_PLACEMENT_3D ( 'NONE', #4197, #6121, #6194 ) ;
#3962 = ORIENTED_EDGE ( 'NONE', *, *, #7660, .T. ) ;
#3963 = ADVANCED_FACE ( 'NONE', ( #11322 ), #4172, .F. ) ;
#3964 = DIRECTION ( 'NONE',  ( -1.000000000000000000, 0.000000000000000000, 0.000000000000000000 ) ) ;
#3965 = FACE_BOUND ( 'NONE', #3114, .T. ) ;
#3966 = CARTESIAN_POINT ( 'NONE',  ( 9.500000000000000000, -2.500000000000000444, 304.8000000000000114 ) ) ;
#3967 = CIRCLE ( 'NONE', #7144, 1.749999999999999778 ) ;
#3968 = DIRECTION ( 'NONE',  ( -1.000000000000000000, 0.000000000000000000, 0.000000000000000000 ) ) ;
#3969 = FACE_OUTER_BOUND ( 'NONE', #3960, .T. ) ;
#3970 = EDGE_CURVE ( 'NONE', #8442, #11393, #12240, .T. ) ;
#3972 = EDGE_CURVE ( 'NONE', #5433, #28, #2809, .T. ) ;
#3971 = DIRECTION ( 'NONE',  ( 1.000000000000000000, 0.000000000000000000, 0.000000000000000000 ) ) ;
#3973 = DIRECTION ( 'NONE',  ( 0.000000000000000000, 0.000000000000000000, 1.000000000000000000 ) ) ;
#3974 = ORIENTED_EDGE ( 'NONE', *, *, #2753, .T. ) ;
#3975 = EDGE_LOOP ( 'NONE', ( #9319, #1557, #1307, #10458 ) ) ;
#3976 = DIRECTION ( 'NONE',  ( -0.000000000000000000, -0.000000000000000000, -1.000000000000000000 ) ) ;
#3977 = ORIENTED_EDGE ( 'NONE', *, *, #3465, .T. ) ;
#3978 = DIRECTION ( 'NONE',  ( -1.541976423090498986E-15, 1.000000000000000000, 0.000000000000000000 ) ) ;
#3979 = DIRECTION ( 'NONE',  ( -1.000000000000000000, 0.000000000000000000, 0.000000000000000000 ) ) ;
#3980 = ORIENTED_EDGE ( 'NONE', *, *, #6071, .F. ) ;
#3981 = DIRECTION ( 'NONE',  ( 0.000000000000000000, -0.000000000000000000, 1.000000000000000000 ) ) ;
#3982 = DIRECTION ( 'NONE',  ( -0.000000000000000000, -0.000000000000000000, -1.000000000000000000 ) ) ;
#3983 = EDGE_CURVE ( 'NONE', #777, #9450, #10145, .T. ) ;
#3985 = EDGE_CURVE ( 'NONE', #954, #791, #10254, .T. ) ;
#3984 = CARTESIAN_POINT ( 'NONE',  ( 2.500000000000000000, -8.424621202458752123, 304.8000000000000114 ) ) ;
#3986 = CIRCLE ( 'NONE', #11179, 0.5000000000000008882 ) ;
#3987 = CARTESIAN_POINT ( 'NONE',  ( 3.000000000000000888, -10.00000000000000000, 304.8000000000000114 ) ) ;
#3988 = ORIENTED_EDGE ( 'NONE', *, *, #8792, .F. ) ;
#3989 = LINE ( 'NONE', #7038, #12475 ) ;
#3990 = ORIENTED_EDGE ( 'NONE', *, *, #10335, .T. ) ;
#3991 = CARTESIAN_POINT ( 'NONE',  ( 5.603553390593272177, 7.071067811865475505, 304.8000000000000114 ) ) ;
#3992 = ORIENTED_EDGE ( 'NONE', *, *, #5159, .T. ) ;
#3993 = VERTEX_POINT ( 'NONE', #2 ) ;
#3994 = DIRECTION ( 'NONE',  ( 3.304235192336776498E-16, -1.000000000000000000, 0.000000000000000000 ) ) ;
#3995 = VERTEX_POINT ( 'NONE', #4239 ) ;
#3996 = VERTEX_POINT ( 'NONE', #7149 ) ;
#3997 = DIRECTION ( 'NONE',  ( 0.000000000000000000, 0.000000000000000000, -1.000000000000000000 ) ) ;
#3998 = AXIS2_PLACEMENT_3D ( 'NONE', #3646, #5509, #12842 ) ;
#3999 = CARTESIAN_POINT ( 'NONE',  ( -7.071067811865473729, -5.603553390593270400, 304.8000000000000114 ) ) ;
#4000 = CARTESIAN_POINT ( 'NONE',  ( 7.071067811865473729, 5.603553390593270400, 304.8000000000000114 ) ) ;
#4001 = ORIENTED_EDGE ( 'NONE', *, *, #1368, .T. ) ;
#4002 = DIRECTION ( 'NONE',  ( 0.000000000000000000, 0.000000000000000000, 1.000000000000000000 ) ) ;
#4004 = ADVANCED_FACE ( 'NONE', ( #5162 ), #9221, .F. ) ;
#4003 = FACE_OUTER_BOUND ( 'NONE', #4153, .T. ) ;
#4005 = VECTOR ( 'NONE', #9815, 1000.000000000000000 ) ;
#4006 = VERTEX_POINT ( 'NONE', #5023 ) ;
#4007 = ORIENTED_EDGE ( 'NONE', *, *, #7475, .F. ) ;
#4008 = DIRECTION ( 'NONE',  ( -3.304235192336776498E-16, -1.000000000000000000, 0.000000000000000000 ) ) ;
#4009 = ITEM_DEFINED_TRANSFORMATION ( 'NONE', 'NONE', #4483,  #3417 ) ;
#4010 = DIRECTION ( 'NONE',  ( -1.000000000000000000, 0.000000000000000000, 0.000000000000000000 ) ) ;
#4011 = ADVANCED_FACE ( 'NONE', ( #3033, #3965 ), #11258, .T. ) ;
#4012 = FACE_OUTER_BOUND ( 'NONE', #12398, .T. ) ;
#4013 = VERTEX_POINT ( 'NONE', #1261 ) ;
#4014 = DIRECTION ( 'NONE',  ( 0.000000000000000000, 0.000000000000000000, -1.000000000000000000 ) ) ;
#4015 = ORIENTED_EDGE ( 'NONE', *, *, #5072, .F. ) ;
#4016 = EDGE_CURVE ( 'NONE', #8930, #1748, #11062, .T. ) ;
#4017 = ORIENTED_EDGE ( 'NONE', *, *, #1964, .F. ) ;
#4018 = AXIS2_PLACEMENT_3D ( 'NONE', #11838, #2155, #8940 ) ;
#4019 = VERTEX_POINT ( 'NONE', #1055 ) ;
#4020 = CIRCLE ( 'NONE', #5708, 0.5000000000000004441 ) ;
#4021 = VECTOR ( 'NONE', #6563, 1000.000000000000000 ) ;
#4022 = DIRECTION ( 'NONE',  ( 0.000000000000000000, 0.000000000000000000, 1.000000000000000000 ) ) ;
#4023 = DIRECTION ( 'NONE',  ( 1.000000000000000000, 0.000000000000000000, 0.000000000000000000 ) ) ;
#4025 = ADVANCED_FACE ( 'NONE', ( #3167 ), #8284, .F. ) ;
#4024 = CYLINDRICAL_SURFACE ( 'NONE', #5425, 2.150000000000012790 ) ;
#4026 = FACE_OUTER_BOUND ( 'NONE', #10736, .T. ) ;
#4027 = VECTOR ( 'NONE', #4643, 1000.000000000000000 ) ;
#4028 = VECTOR ( 'NONE', #9956, 1000.000000000000000 ) ;
#4029 = VERTEX_POINT ( 'NONE', #8146 ) ;
#4030 = EDGE_CURVE ( 'NONE', #3295, #3160, #12310, .T. ) ;
#4031 = ORIENTED_EDGE ( 'NONE', *, *, #865, .F. ) ;
#4032 = EDGE_CURVE ( 'NONE', #9262, #2405, #12340, .T. ) ;
#4033 = CARTESIAN_POINT ( 'NONE',  ( -5.603553390593272177, -7.071067811865475505, 304.8000000000000114 ) ) ;
#4034 = CARTESIAN_POINT ( 'NONE',  ( -3.000000000000000888, 7.924621202458751235, 304.8000000000000114 ) ) ;
#4035 = LINE ( 'NONE', #991, #7258 ) ;
#4036 = VECTOR ( 'NONE', #10973, 1000.000000000000000 ) ;
#4038 = CIRCLE ( 'NONE', #8697, 2.999999999999999112 ) ;
#4037 = CYLINDRICAL_SURFACE ( 'NONE', #10219, 2.999999999999999556 ) ;
#4039 = DIRECTION ( 'NONE',  ( 0.000000000000000000, -0.000000000000000000, -1.000000000000000000 ) ) ;
#4041 = EDGE_CURVE ( 'NONE', #6212, #10799, #12035, .T. ) ;
#4040 = CARTESIAN_POINT ( 'NONE',  ( 3.000000000000000888, -8.424621202458752123, 304.8000000000000114 ) ) ;
#4042 = DIRECTION ( 'NONE',  ( -0.7071067811865484609, 0.7071067811865466846, 0.000000000000000000 ) ) ;
#4043 = ORIENTED_EDGE ( 'NONE', *, *, #8659, .F. ) ;
#4044 = ORIENTED_EDGE ( 'NONE', *, *, #12527, .F. ) ;
#4045 = FACE_OUTER_BOUND ( 'NONE', #1833, .T. ) ;
#4046 = ORIENTED_EDGE ( 'NONE', *, *, #590, .F. ) ;
#4047 = CIRCLE ( 'NONE', #8296, 0.5000000000000004441 ) ;
#4048 = CIRCLE ( 'NONE', #11453, 1.749999999999999778 ) ;
#4049 = AXIS2_PLACEMENT_3D ( 'NONE', #3270, #7382, #2285 ) ;
#4050 = CARTESIAN_POINT ( 'NONE',  ( 2.499999999999999556, 8.424621202458752123, 304.8000000000000114 ) ) ;
#4051 = LINE ( 'NONE', #2060, #11251 ) ;
#4052 = ORIENTED_EDGE ( 'NONE', *, *, #2615, .T. ) ;
#4053 = DIRECTION ( 'NONE',  ( 1.000000000000000000, 0.000000000000000000, 0.000000000000000000 ) ) ;
#4054 = DIRECTION ( 'NONE',  ( -1.000000000000000000, 0.000000000000000000, 0.000000000000000000 ) ) ;
#4056 = VECTOR ( 'NONE', #12325, 1000.000000000000000 ) ;
#4055 = LINE ( 'NONE', #8098, #6293 ) ;
#4057 = FACE_OUTER_BOUND ( 'NONE', #3095, .T. ) ;
#4058 = EDGE_LOOP ( 'NONE', ( #3688, #8241, #7887, #9939 ) ) ;
#4059 = CARTESIAN_POINT ( 'NONE',  ( 3.000000000000000888, -7.924621202458751235, 304.8000000000000114 ) ) ;
#4060 = EDGE_LOOP ( 'NONE', ( #2365, #1018 ) ) ;
#4061 = DIRECTION ( 'NONE',  ( -1.000000000000000000, 0.000000000000000000, 0.000000000000000000 ) ) ;
#4062 = VERTEX_POINT ( 'NONE', #5229 ) ;
#4063 = ORIENTED_EDGE ( 'NONE', *, *, #7761, .F. ) ;
#4064 = DIRECTION ( 'NONE',  ( -1.000000000000000000, 0.000000000000000000, 0.000000000000000000 ) ) ;
#4065 = ORIENTED_EDGE ( 'NONE', *, *, #2753, .F. ) ;
#4066 = ORIENTED_EDGE ( 'NONE', *, *, #10596, .F. ) ;
#4067 = CARTESIAN_POINT ( 'NONE',  ( -6.599999999999996092, -0.8898448916085081040, -24.77500000000004832 ) ) ;
#4068 = VECTOR ( 'NONE', #932, 1000.000000000000000 ) ;
#4070 = ADVANCED_FACE ( 'NONE', ( #3239 ), #6034, .F. ) ;
#4069 = AXIS2_PLACEMENT_3D ( 'NONE', #9220, #10988, #3099 ) ;
#4071 = DIRECTION ( 'NONE',  ( 0.000000000000000000, -0.000000000000000000, -1.000000000000000000 ) ) ;
#4072 = ORIENTED_EDGE ( 'NONE', *, *, #472, .F. ) ;
#4073 = CARTESIAN_POINT ( 'NONE',  ( -2.500000000000000444, 9.500000000000000000, 304.8000000000000114 ) ) ;
#4074 = EDGE_CURVE ( 'NONE', #1161, #12557, #1332, .T. ) ;
#4075 = EDGE_LOOP ( 'NONE', ( #7390, #4931, #9251, #1901 ) ) ;
#4076 = FACE_OUTER_BOUND ( 'NONE', #1620, .T. ) ;
#4077 = AXIS2_PLACEMENT_3D ( 'NONE', #1263, #1393, #282 ) ;
#4078 = FACE_OUTER_BOUND ( 'NONE', #8154, .T. ) ;
#4079 = VECTOR ( 'NONE', #9545, 1000.000000000000000 ) ;
#4080 = CARTESIAN_POINT ( 'NONE',  ( -8.424621202458750346, 2.500000000000000000, 304.8000000000000114 ) ) ;
#4081 = AXIS2_PLACEMENT_3D ( 'NONE', #2094, #122, #6144 ) ;
#4082 = ORIENTED_EDGE ( 'NONE', *, *, #9146, .F. ) ;
#4083 = ORIENTED_EDGE ( 'NONE', *, *, #858, .T. ) ;
#4084 = LINE ( 'NONE', #8993, #6940 ) ;
#4085 = CARTESIAN_POINT ( 'NONE',  ( -7.924621202458749458, -3.000000000000001332, 304.8000000000000114 ) ) ;
#4086 = CARTESIAN_POINT ( 'NONE',  ( -3.000000000000000888, -7.924621202458751235, 304.8000000000000114 ) ) ;
#4087 = EDGE_LOOP ( 'NONE', ( #4881, #6290, #1030, #1528 ) ) ;
#4088 = DIRECTION ( 'NONE',  ( 0.000000000000000000, 0.000000000000000000, 1.000000000000000000 ) ) ;
#4089 = ORIENTED_EDGE ( 'NONE', *, *, #4683, .F. ) ;
#4090 = CIRCLE ( 'NONE', #6644, 0.5000000000000004441 ) ;
#4091 = ORIENTED_EDGE ( 'NONE', *, *, #2947, .F. ) ;
#4092 = VERTEX_POINT ( 'NONE', #5294 ) ;
#4093 = PLANE ( 'NONE',  #4720 ) ;
#4094 = LINE ( 'NONE', #4227, #580 ) ;
#4095 = CARTESIAN_POINT ( 'NONE',  ( 3.000000000000000888, 7.924621202458751235, 304.8000000000000114 ) ) ;
#4096 = EDGE_CURVE ( 'NONE', #11606, #6894, #8421, .T. ) ;
#4097 = CARTESIAN_POINT ( 'NONE',  ( 8.424621202458750346, 3.000000000000001332, 304.8000000000000114 ) ) ;
#4098 = AXIS2_PLACEMENT_3D ( 'NONE', #672, #12471, #2289 ) ;
#4099 = CIRCLE ( 'NONE', #10876, 0.5000000000000008882 ) ;
#4100 = ORIENTED_EDGE ( 'NONE', *, *, #8983, .F. ) ;
#4101 = VERTEX_POINT ( 'NONE', #5426 ) ;
#4102 = EDGE_CURVE ( 'NONE', #6514, #7172, #4099, .T. ) ;
#4103 = CARTESIAN_POINT ( 'NONE',  ( -3.000000000000000888, -7.924621202458751235, -104.7750000000000057 ) ) ;
#4104 = DIRECTION ( 'NONE',  ( 3.304235192336776498E-16, -1.000000000000000000, 0.000000000000000000 ) ) ;
#4105 = AXIS2_PLACEMENT_3D ( 'NONE', #3170, #7220, #7606 ) ;
#4106 = CARTESIAN_POINT ( 'NONE',  ( -3.000000000000000888, -8.424621202458752123, 304.8000000000000114 ) ) ;
#4107 = AXIS2_PLACEMENT_3D ( 'NONE', #9511, #10696, #11544 ) ;
#4109 = EDGE_CURVE ( 'NONE', #9300, #8823, #279, .T. ) ;
#4108 = CARTESIAN_POINT ( 'NONE',  ( -0.8898448916085185401, -6.599999999999999645, 304.8000000000000114 ) ) ;
#4110 = DIRECTION ( 'NONE',  ( 0.000000000000000000, -0.000000000000000000, -1.000000000000000000 ) ) ;
#4111 = DIRECTION ( 'NONE',  ( 0.000000000000000000, -0.000000000000000000, -1.000000000000000000 ) ) ;
#4112 = CARTESIAN_POINT ( 'NONE',  ( 2.499999999999999556, 8.424621202458752123, 304.8000000000000114 ) ) ;
#4113 = EDGE_CURVE ( 'NONE', #6173, #10925, #5365, .T. ) ;
#4114 = CARTESIAN_POINT ( 'NONE',  ( -6.599999999999996092, -0.8898448916085081040, 304.8000000000000114 ) ) ;
#4115 = ORIENTED_EDGE ( 'NONE', *, *, #2270, .T. ) ;
#4116 = ORIENTED_EDGE ( 'NONE', *, *, #1665, .T. ) ;
#4117 = DIRECTION ( 'NONE',  ( 0.000000000000000000, 0.000000000000000000, 1.000000000000000000 ) ) ;
#4118 = EDGE_CURVE ( 'NONE', #12417, #3885, #4936, .T. ) ;
#4119 = DIRECTION ( 'NONE',  ( -0.000000000000000000, -0.000000000000000000, -1.000000000000000000 ) ) ;
#4120 = EDGE_LOOP ( 'NONE', ( #1847, #677, #7774, #9165 ) ) ;
#4121 = DIRECTION ( 'NONE',  ( 0.000000000000000000, -0.000000000000000000, 1.000000000000000000 ) ) ;
#4122 = CARTESIAN_POINT ( 'NONE',  ( 10.00000000000000000, 3.000000000000001332, 304.8000000000000114 ) ) ;
#4123 = CARTESIAN_POINT ( 'NONE',  ( 3.000000000000000888, 10.00000000000000000, 304.8000000000000114 ) ) ;
#4124 = CARTESIAN_POINT ( 'NONE',  ( -2.150000000000025224, 1.257674520083185143E-14, 304.8000000000000114 ) ) ;
#4125 = EDGE_CURVE ( 'NONE', #8174, #7574, #4557, .T. ) ;
#4126 = ORIENTED_EDGE ( 'NONE', *, *, #11964, .F. ) ;
#4127 = DIRECTION ( 'NONE',  ( -1.000000000000000000, 0.000000000000000000, 0.000000000000000000 ) ) ;
#4128 = VERTEX_POINT ( 'NONE', #3433 ) ;
#4129 = CYLINDRICAL_SURFACE ( 'NONE', #1634, 0.5000000000000004441 ) ;
#4130 = ORIENTED_EDGE ( 'NONE', *, *, #1665, .F. ) ;
#4131 = VERTEX_POINT ( 'NONE', #11383 ) ;
#4132 = CARTESIAN_POINT ( 'NONE',  ( -7.924621202458749458, -3.000000000000001332, 304.8000000000000114 ) ) ;
#4133 = ORIENTED_EDGE ( 'NONE', *, *, #6459, .T. ) ;
#4134 = VERTEX_POINT ( 'NONE', #344 ) ;
#4135 = DIRECTION ( 'NONE',  ( 0.000000000000000000, 0.000000000000000000, -1.000000000000000000 ) ) ;
#4136 = CARTESIAN_POINT ( 'NONE',  ( -10.00000000000000000, 8.250000000000000000, 304.8000000000000114 ) ) ;
#4137 = ORIENTED_EDGE ( 'NONE', *, *, #11318, .T. ) ;
#4138 = CARTESIAN_POINT ( 'NONE',  ( 9.500000000000000000, 3.000000000000001332, 304.8000000000000114 ) ) ;
#4139 = ORIENTED_EDGE ( 'NONE', *, *, #194, .T. ) ;
#4140 = LINE ( 'NONE', #3397, #1567 ) ;
#4141 = DIRECTION ( 'NONE',  ( -0.000000000000000000, -0.000000000000000000, -1.000000000000000000 ) ) ;
#4142 = EDGE_CURVE ( 'NONE', #7037, #12690, #5486, .T. ) ;
#4143 = ORIENTED_EDGE ( 'NONE', *, *, #2298, .T. ) ;
#4144 = DIRECTION ( 'NONE',  ( -1.000000000000000000, 0.000000000000000000, 0.000000000000000000 ) ) ;
#4145 = ADVANCED_FACE ( 'NONE', ( #468 ), #12504, .F. ) ;
#4146 = ORIENTED_EDGE ( 'NONE', *, *, #11778, .F. ) ;
#4147 = ORIENTED_EDGE ( 'NONE', *, *, #1678, .T. ) ;
#4148 = EDGE_CURVE ( 'NONE', #11182, #8910, #10668, .T. ) ;
#4149 = CARTESIAN_POINT ( 'NONE',  ( -3.000000000000000888, -8.424621202458752123, 304.8000000000000114 ) ) ;
#4150 = DIRECTION ( 'NONE',  ( 0.000000000000000000, 0.000000000000000000, -1.000000000000000000 ) ) ;
#4151 = AXIS2_PLACEMENT_3D ( 'NONE', #12039, #2899, #10019 ) ;
#4152 = CARTESIAN_POINT ( 'NONE',  ( -10.00000000000000000, 3.000000000000001332, 304.8000000000000114 ) ) ;
#4153 = EDGE_LOOP ( 'NONE', ( #11149, #12355, #7922, #8044 ) ) ;
#4154 = CARTESIAN_POINT ( 'NONE',  ( -8.424621202458750346, -2.500000000000000000, 304.8000000000000114 ) ) ;
#4155 = ORIENTED_EDGE ( 'NONE', *, *, #4422, .T. ) ;
#4156 = ORIENTED_EDGE ( 'NONE', *, *, #11626, .F. ) ;
#4157 = DIRECTION ( 'NONE',  ( 0.000000000000000000, -0.000000000000000000, -1.000000000000000000 ) ) ;
#4158 = AXIS2_PLACEMENT_3D ( 'NONE', #11178, #9935, #4819 ) ;
#4159 = CARTESIAN_POINT ( 'NONE',  ( 10.00000000000000000, -3.000000000000001332, -104.7750000000000057 ) ) ;
#4160 = AXIS2_PLACEMENT_3D ( 'NONE', #1460, #8293, #2391 ) ;
#4161 = ORIENTED_EDGE ( 'NONE', *, *, #3386, .T. ) ;
#4162 = DIRECTION ( 'NONE',  ( 0.000000000000000000, 0.000000000000000000, 1.000000000000000000 ) ) ;
#4163 = EDGE_CURVE ( 'NONE', #5119, #9599, #8550, .T. ) ;
#4164 = DIRECTION ( 'NONE',  ( -0.000000000000000000, 0.000000000000000000, -1.000000000000000000 ) ) ;
#4165 = DIRECTION ( 'NONE',  ( 1.000000000000000000, -3.304235192336776498E-16, 3.304235192336776498E-16 ) ) ;
#4166 = ORIENTED_EDGE ( 'NONE', *, *, #8280, .T. ) ;
#4167 = VERTEX_POINT ( 'NONE', #4370 ) ;
#4168 = AXIS2_PLACEMENT_3D ( 'NONE', #8990, #7921, #2868 ) ;
#4169 = VECTOR ( 'NONE', #9633, 1000.000000000000000 ) ;
#4170 = CARTESIAN_POINT ( 'NONE',  ( 7.924621202458751235, -3.000000000000001332, 94.79999999999999716 ) ) ;
#4171 = AXIS2_PLACEMENT_3D ( 'NONE', #11311, #6225, #1119 ) ;
#4172 = PLANE ( 'NONE',  #10663 ) ;
#4173 = DIRECTION ( 'NONE',  ( -0.000000000000000000, -0.000000000000000000, -1.000000000000000000 ) ) ;
#4174 = LINE ( 'NONE', #7291, #7864 ) ;
#4175 = DIRECTION ( 'NONE',  ( 0.000000000000000000, 0.000000000000000000, 1.000000000000000000 ) ) ;
#4176 = CARTESIAN_POINT ( 'NONE',  ( -7.924621202458749458, 3.000000000000001332, 304.8000000000000114 ) ) ;
#4178 = AXIS2_PLACEMENT_3D ( 'NONE', #7768, #11802, #4852 ) ;
#4177 = DIRECTION ( 'NONE',  ( -0.000000000000000000, -0.000000000000000000, -1.000000000000000000 ) ) ;
#4179 = VERTEX_POINT ( 'NONE', #3302 ) ;
#4180 = CARTESIAN_POINT ( 'NONE',  ( -8.424621202458750346, 3.000000000000001332, 304.8000000000000114 ) ) ;
#4181 = EDGE_CURVE ( 'NONE', #9064, #3198, #3363, .T. ) ;
#4182 = ORIENTED_EDGE ( 'NONE', *, *, #4988, .T. ) ;
#4183 = ORIENTED_EDGE ( 'NONE', *, *, #9228, .F. ) ;
#4184 =( REPRESENTATION_RELATIONSHIP ('NONE','NONE', #11367, #5522 ) REPRESENTATION_RELATIONSHIP_WITH_TRANSFORMATION ( #9125 )SHAPE_REPRESENTATION_RELATIONSHIP( ) );
#4185 = EDGE_CURVE ( 'NONE', #3467, #2432, #10417, .T. ) ;
#4186 = CARTESIAN_POINT ( 'NONE',  ( 7.924621202458747682, -5.249999999999995559, 304.8000000000000114 ) ) ;
#4187 = DIRECTION ( 'NONE',  ( -0.000000000000000000, -0.000000000000000000, -1.000000000000000000 ) ) ;
#4188 = AXIS2_PLACEMENT_3D ( 'NONE', #12769, #3699, #11967 ) ;
#4189 = LINE ( 'NONE', #8228, #4927 ) ;
#4190 = EDGE_CURVE ( 'NONE', #12000, #9413, #2607, .T. ) ;
#4191 = CARTESIAN_POINT ( 'NONE',  ( 9.999999999999998224, -8.250000000000000000, -20.77500000000004476 ) ) ;
#4192 = DIRECTION ( 'NONE',  ( -0.7071067811865476838, -0.7071067811865474617, 0.000000000000000000 ) ) ;
#4193 = CARTESIAN_POINT ( 'NONE',  ( 3.011165235168161036, -4.478679656440357704, -24.77500000000004832 ) ) ;
#4194 = ORIENTED_EDGE ( 'NONE', *, *, #9298, .T. ) ;
#4195 = CARTESIAN_POINT ( 'NONE',  ( 7.924621202458749458, -3.000000000000001332, 304.8000000000000114 ) ) ;
#4196 = ORIENTED_EDGE ( 'NONE', *, *, #11186, .T. ) ;
#4197 = CARTESIAN_POINT ( 'NONE',  ( 7.924621202458747682, -5.249999999999995559, 304.8000000000000114 ) ) ;
#4198 = EDGE_CURVE ( 'NONE', #9373, #3156, #11578, .T. ) ;
#4199 = ORIENTED_EDGE ( 'NONE', *, *, #1020, .T. ) ;
#4200 = ORIENTED_EDGE ( 'NONE', *, *, #5963, .T. ) ;
#4201 = DIRECTION ( 'NONE',  ( -1.000000000000000000, 0.000000000000000000, 0.000000000000000000 ) ) ;
#4202 = ORIENTED_EDGE ( 'NONE', *, *, #6658, .T. ) ;
#4203 = ORIENTED_EDGE ( 'NONE', *, *, #108, .T. ) ;
#4204 = DIRECTION ( 'NONE',  ( -1.000000000000000000, 0.000000000000000000, 0.000000000000000000 ) ) ;
#4205 = CARTESIAN_POINT ( 'NONE',  ( 3.000000000000000888, 10.00000000000000000, 304.8000000000000114 ) ) ;
#4206 = CARTESIAN_POINT ( 'NONE',  ( 10.00000000000000000, 3.000000000000001332, 304.8000000000000114 ) ) ;
#4207 = EDGE_CURVE ( 'NONE', #10255, #12059, #10482, .T. ) ;
#4208 = VERTEX_POINT ( 'NONE', #1514 ) ;
#4209 = CARTESIAN_POINT ( 'NONE',  ( -10.00000000000000000, -3.000000000000001332, 304.8000000000000114 ) ) ;
#4210 = VECTOR ( 'NONE', #3855, 1000.000000000000000 ) ;
#4211 = CYLINDRICAL_SURFACE ( 'NONE', #12347, 2.150000000000012790 ) ;
#4212 = CARTESIAN_POINT ( 'NONE',  ( 8.250000000000000000, 10.00000000000000178, -104.7750000000000057 ) ) ;
#4213 = DIRECTION ( 'NONE',  ( -0.7071067811865474617, 0.7071067811865476838, 0.000000000000000000 ) ) ;
#4214 = ORIENTED_EDGE ( 'NONE', *, *, #2400, .F. ) ;
#4215 = ORIENTED_EDGE ( 'NONE', *, *, #3200, .T. ) ;
#4216 = CARTESIAN_POINT ( 'NONE',  ( 6.599999999999996092, 0.8898448916085081040, 304.8000000000000114 ) ) ;
#4217 = CARTESIAN_POINT ( 'NONE',  ( -3.011165235168161924, 4.478679656440357704, -20.77500000000004476 ) ) ;
#4218 = VECTOR ( 'NONE', #2837, 1000.000000000000000 ) ;
#4219 = DIRECTION ( 'NONE',  ( -0.000000000000000000, -0.000000000000000000, -1.000000000000000000 ) ) ;
#4220 = DIRECTION ( 'NONE',  ( -1.000000000000000000, -4.873668131198272923E-16, 0.000000000000000000 ) ) ;
#4221 = ORIENTED_EDGE ( 'NONE', *, *, #2001, .F. ) ;
#4222 = VERTEX_POINT ( 'NONE', #9482 ) ;
#4223 = EDGE_CURVE ( 'NONE', #1220, #9905, #11519, .T. ) ;
#4224 = CYLINDRICAL_SURFACE ( 'NONE', #7891, 0.5000000000000008882 ) ;
#4225 = VECTOR ( 'NONE', #11525, 1000.000000000000000 ) ;
#4226 = VECTOR ( 'NONE', #7657, 1000.000000000000000 ) ;
#4227 = CARTESIAN_POINT ( 'NONE',  ( -2.500000000000000444, -9.500000000000000000, 304.8000000000000114 ) ) ;
#4228 = ORIENTED_EDGE ( 'NONE', *, *, #9463, .T. ) ;
#4229 = CARTESIAN_POINT ( 'NONE',  ( -8.424621202458750346, -2.500000000000000000, 304.8000000000000114 ) ) ;
#4230 = FACE_OUTER_BOUND ( 'NONE', #6420, .T. ) ;
#4231 = DIRECTION ( 'NONE',  ( 3.304235192336776498E-16, -1.000000000000000000, 0.000000000000000000 ) ) ;
#4232 = EDGE_LOOP ( 'NONE', ( #927, #5203, #12543, #1316 ) ) ;
#4233 = ORIENTED_EDGE ( 'NONE', *, *, #11116, .T. ) ;
#4234 = AXIS2_PLACEMENT_3D ( 'NONE', #1303, #5335, #9400 ) ;
#4235 = CIRCLE ( 'NONE', #3798, 0.4999999999999995559 ) ;
#4236 = EDGE_CURVE ( 'NONE', #6132, #2229, #5576, .T. ) ;
#4237 = DIRECTION ( 'NONE',  ( -1.000000000000000000, 2.924200878718996689E-15, 0.000000000000000000 ) ) ;
#4238 = EDGE_CURVE ( 'NONE', #6323, #3152, #9674, .T. ) ;
#4239 = CARTESIAN_POINT ( 'NONE',  ( -3.000000000000000888, -10.00000000000000000, 304.8000000000000114 ) ) ;
#4240 = ADVANCED_FACE ( 'NONE', ( #8666 ), #3620, .F. ) ;
#4241 = CARTESIAN_POINT ( 'NONE',  ( 0.8898448916085185401, 6.599999999999999645, -24.77500000000004832 ) ) ;
#4242 = CARTESIAN_POINT ( 'NONE',  ( 3.000000000000000888, 10.00000000000000000, 304.8000000000000114 ) ) ;
#4243 = DIRECTION ( 'NONE',  ( 1.000000000000000000, 0.000000000000000000, 0.000000000000000000 ) ) ;
#4244 = DIRECTION ( 'NONE',  ( -1.000000000000000000, 0.000000000000000000, 0.000000000000000000 ) ) ;
#4245 = VECTOR ( 'NONE', #29, 1000.000000000000000 ) ;
#4246 = VECTOR ( 'NONE', #8997, 1000.000000000000000 ) ;
#4247 = CARTESIAN_POINT ( 'NONE',  ( 7.924621202458747682, -5.249999999999995559, -104.7750000000000057 ) ) ;
#4248 = CIRCLE ( 'NONE', #7203, 2.999999999999999112 ) ;
#4249 = ORIENTED_EDGE ( 'NONE', *, *, #11483, .F. ) ;
#4250 = CYLINDRICAL_SURFACE ( 'NONE', #7755, 0.5000000000000004441 ) ;
#4251 = EDGE_LOOP ( 'NONE', ( #5794, #11203, #5853, #1492 ) ) ;
#4252 = ORIENTED_EDGE ( 'NONE', *, *, #9749, .F. ) ;
#4253 = ORIENTED_EDGE ( 'NONE', *, *, #8435, .T. ) ;
#4254 = CARTESIAN_POINT ( 'NONE',  ( -1.257674520083185143E-14, 1.257674520083185143E-14, 304.8000000000000114 ) ) ;
#4255 = DIRECTION ( 'NONE',  ( -1.000000000000000000, 0.000000000000000000, 0.000000000000000000 ) ) ;
#4256 = AXIS2_PLACEMENT_3D ( 'NONE', #6148, #7198, #8263 ) ;
#4257 = CARTESIAN_POINT ( 'NONE',  ( -8.424621202458750346, 2.500000000000000000, 304.8000000000000114 ) ) ;
#4258 = AXIS2_PLACEMENT_3D ( 'NONE', #1434, #5343, #2299 ) ;
#4259 = PRODUCT_DEFINITION_SHAPE ( 'NONE', 'NONE',  #497 ) ;
#4260 = CARTESIAN_POINT ( 'NONE',  ( 7.924621202458747682, -5.249999999999995559, 94.79999999999999716 ) ) ;
#4261 = CARTESIAN_POINT ( 'NONE',  ( -8.424621202458750346, 3.000000000000001332, -24.77500000000004832 ) ) ;
#4262 = CARTESIAN_POINT ( 'NONE',  ( 3.000000000000000888, 7.924621202458751235, 304.8000000000000114 ) ) ;
#4263 = ORIENTED_EDGE ( 'NONE', *, *, #2580, .F. ) ;
#4264 = CIRCLE ( 'NONE', #1931, 0.5000000000000004441 ) ;
#4265 = CARTESIAN_POINT ( 'NONE',  ( -2.150000000000025224, 1.257674520083185143E-14, -24.77500000000004832 ) ) ;
#4266 = ORIENTED_EDGE ( 'NONE', *, *, #7919, .T. ) ;
#4267 = DIRECTION ( 'NONE',  ( -1.000000000000000000, 0.000000000000000000, 0.000000000000000000 ) ) ;
#4268 = CIRCLE ( 'NONE', #2557, 0.5000000000000013323 ) ;
#4269 = VERTEX_POINT ( 'NONE', #1577 ) ;
#4270 = VERTEX_POINT ( 'NONE', #2822 ) ;
#4271 = VECTOR ( 'NONE', #8845, 1000.000000000000114 ) ;
#4272 = EDGE_CURVE ( 'NONE', #251, #8174, #1980, .T. ) ;
#4273 = FACE_OUTER_BOUND ( 'NONE', #12067, .T. ) ;
#4274 = ORIENTED_EDGE ( 'NONE', *, *, #10154, .T. ) ;
#4275 = ORIENTED_EDGE ( 'NONE', *, *, #12388, .T. ) ;
#4276 = LINE ( 'NONE', #8320, #8510 ) ;
#4277 = DIRECTION ( 'NONE',  ( -1.541976423090498986E-15, -1.000000000000000000, 0.000000000000000000 ) ) ;
#4278 = DIRECTION ( 'NONE',  ( 0.7071067811865484609, -0.7071067811865466846, 0.000000000000000000 ) ) ;
#4279 = AXIS2_PLACEMENT_3D ( 'NONE', #10991, #5971, #8149 ) ;
#4280 = LINE ( 'NONE', #7322, #4945 ) ;
#4281 = ADVANCED_FACE ( 'NONE', ( #9809 ), #8117, .F. ) ;
#4282 = DIRECTION ( 'NONE',  ( -0.000000000000000000, -0.000000000000000000, -1.000000000000000000 ) ) ;
#4283 = ADVANCED_FACE ( 'NONE', ( #12691 ), #7729, .T. ) ;
#4284 = DIRECTION ( 'NONE',  ( -0.000000000000000000, -0.000000000000000000, -1.000000000000000000 ) ) ;
#4285 = ORIENTED_EDGE ( 'NONE', *, *, #7670, .T. ) ;
#4286 = CARTESIAN_POINT ( 'NONE',  ( 5.603553390593272177, 7.071067811865474617, -24.77500000000004832 ) ) ;
#4287 = ORIENTED_EDGE ( 'NONE', *, *, #313, .F. ) ;
#4288 = ORIENTED_EDGE ( 'NONE', *, *, #12985, .T. ) ;
#4289 = ADVANCED_FACE ( 'NONE', ( #12881 ), #5878, .F. ) ;
#4290 = CARTESIAN_POINT ( 'NONE',  ( 6.599999999999996092, 0.8898448916085081040, 304.8000000000000114 ) ) ;
#4291 = AXIS2_PLACEMENT_3D ( 'NONE', #41, #11225, #1094 ) ;
#4292 = EDGE_LOOP ( 'NONE', ( #10346, #6988, #3526, #10565 ) ) ;
#4293 = CIRCLE ( 'NONE', #8088, 0.5000000000000008882 ) ;
#4294 = CARTESIAN_POINT ( 'NONE',  ( -3.000000000000000888, 7.924621202458751235, -20.77500000000004476 ) ) ;
#4295 = DIRECTION ( 'NONE',  ( -1.000000000000000000, 0.000000000000000000, 0.000000000000000000 ) ) ;
#4296 = ORIENTED_EDGE ( 'NONE', *, *, #5415, .F. ) ;
#4297 = PRESENTATION_LAYER_ASSIGNMENT (  '', '', ( #10005 ) ) ;
#4298 = ORIENTED_EDGE ( 'NONE', *, *, #9141, .F. ) ;
#4299 = EDGE_CURVE ( 'NONE', #2344, #4934, #8798, .T. ) ;
#4300 = VECTOR ( 'NONE', #2706, 1000.000000000000000 ) ;
#4301 = CARTESIAN_POINT ( 'NONE',  ( -3.011165235168160592, 4.478679656440356815, 304.8000000000000114 ) ) ;
#4302 = DIRECTION ( 'NONE',  ( 0.000000000000000000, 0.000000000000000000, -1.000000000000000000 ) ) ;
#4303 = ORIENTED_EDGE ( 'NONE', *, *, #10910, .F. ) ;
#4304 = DIRECTION ( 'NONE',  ( -0.000000000000000000, -0.000000000000000000, -1.000000000000000000 ) ) ;
#4305 = FACE_OUTER_BOUND ( 'NONE', #4668, .T. ) ;
#4306 = CARTESIAN_POINT ( 'NONE',  ( 403.4191185303760108, 649.2108796227577159, 6.722697955224621325 ) ) ;
#4307 = ORIENTED_EDGE ( 'NONE', *, *, #7098, .F. ) ;
#4308 = ORIENTED_EDGE ( 'NONE', *, *, #6409, .F. ) ;
#4309 = AXIS2_PLACEMENT_3D ( 'NONE', #5557, #12692, #2442 ) ;
#4310 = AXIS2_PLACEMENT_3D ( 'NONE', #1804, #2980, #1938 ) ;
#4311 = LINE ( 'NONE', #8481, #894 ) ;
#4312 = DIRECTION ( 'NONE',  ( -1.541976423090499183E-15, -1.000000000000000000, -0.000000000000000000 ) ) ;
#4313 = DIRECTION ( 'NONE',  ( -1.000000000000000000, 1.734723475976805517E-15, 0.000000000000000000 ) ) ;
#4314 = DIRECTION ( 'NONE',  ( 8.065639195895844836E-16, -1.000000000000000000, 0.000000000000000000 ) ) ;
#4315 = LINE ( 'NONE', #6300, #5380 ) ;
#4316 = VECTOR ( 'NONE', #7338, 1000.000000000000000 ) ;
#4317 = CARTESIAN_POINT ( 'NONE',  ( -7.071067811865473729, 5.603553390593270400, 198.8000000000000398 ) ) ;
#4318 = LINE ( 'NONE', #8292, #3573 ) ;
#4319 = DIRECTION ( 'NONE',  ( -1.000000000000000000, 0.000000000000000000, 0.000000000000000000 ) ) ;
#4320 = EDGE_CURVE ( 'NONE', #791, #3278, #12760, .T. ) ;
#4321 = ORIENTED_EDGE ( 'NONE', *, *, #2951, .T. ) ;
#4322 = ADVANCED_FACE ( 'NONE', ( #4076 ), #7121, .F. ) ;
#4323 = ORIENTED_EDGE ( 'NONE', *, *, #10403, .F. ) ;
#4324 = PLANE ( 'NONE',  #2535 ) ;
#4325 = VECTOR ( 'NONE', #1300, 1000.000000000000000 ) ;
#4326 = AXIS2_PLACEMENT_3D ( 'NONE', #5330, #8389, #5397 ) ;
#4327 = DIRECTION ( 'NONE',  ( -1.000000000000000000, 4.873668131198272923E-16, 0.000000000000000000 ) ) ;
#4328 = CARTESIAN_POINT ( 'NONE',  ( -8.250000000000000000, 8.250000000000000000, 304.8000000000000114 ) ) ;
#4329 = DIRECTION ( 'NONE',  ( -0.000000000000000000, -0.000000000000000000, -1.000000000000000000 ) ) ;
#4330 = CARTESIAN_POINT ( 'NONE',  ( -8.424621202458750346, 2.500000000000000000, -24.77500000000004832 ) ) ;
#4331 = CARTESIAN_POINT ( 'NONE',  ( 0.8898448916085185401, -6.599999999999999645, 304.8000000000000114 ) ) ;
#4332 = ORIENTED_EDGE ( 'NONE', *, *, #4948, .F. ) ;
#4333 = DIRECTION ( 'NONE',  ( -0.000000000000000000, -0.000000000000000000, -1.000000000000000000 ) ) ;
#4334 = ORIENTED_EDGE ( 'NONE', *, *, #4074, .F. ) ;
#4335 = CARTESIAN_POINT ( 'NONE',  ( -0.8898448916085185401, -3.600000000000000533, 304.8000000000000114 ) ) ;
#4336 = ORIENTED_EDGE ( 'NONE', *, *, #9096, .T. ) ;
#4337 = ORIENTED_EDGE ( 'NONE', *, *, #1996, .T. ) ;
#4338 = ORIENTED_EDGE ( 'NONE', *, *, #8083, .T. ) ;
#4339 = DIRECTION ( 'NONE',  ( -0.000000000000000000, 0.000000000000000000, -1.000000000000000000 ) ) ;
#4340 = DIRECTION ( 'NONE',  ( -0.000000000000000000, -0.000000000000000000, -1.000000000000000000 ) ) ;
#4341 = DIRECTION ( 'NONE',  ( -0.000000000000000000, 0.000000000000000000, -1.000000000000000000 ) ) ;
#4342 = CARTESIAN_POINT ( 'NONE',  ( 9.500000000000000000, 2.500000000000000444, -20.77500000000004476 ) ) ;
#4343 = CARTESIAN_POINT ( 'NONE',  ( 7.924621202458749458, -3.000000000000001332, 304.8000000000000114 ) ) ;
#4344 = DIRECTION ( 'NONE',  ( 1.000000000000000000, 0.000000000000000000, 0.000000000000000000 ) ) ;
#4345 = ORIENTED_EDGE ( 'NONE', *, *, #10014, .F. ) ;
#4346 = DIRECTION ( 'NONE',  ( -3.304235192336776005E-16, -1.000000000000000000, 0.000000000000000000 ) ) ;
#4347 = ORIENTED_EDGE ( 'NONE', *, *, #3404, .F. ) ;
#4348 = VERTEX_POINT ( 'NONE', #12818 ) ;
#4349 = FACE_OUTER_BOUND ( 'NONE', #3619, .T. ) ;
#4350 = ORIENTED_EDGE ( 'NONE', *, *, #3730, .T. ) ;
#4351 = EDGE_CURVE ( 'NONE', #9036, #6021, #11706, .T. ) ;
#4352 = CARTESIAN_POINT ( 'NONE',  ( 2.500000000000000444, 9.500000000000000000, 304.8000000000000114 ) ) ;
#4353 = LINE ( 'NONE', #8588, #8056 ) ;
#4354 = VERTEX_POINT ( 'NONE', #10916 ) ;
#4355 = EDGE_CURVE ( 'NONE', #4889, #2231, #10477, .T. ) ;
#4356 = VERTEX_POINT ( 'NONE', #724 ) ;
#4357 = ADVANCED_FACE ( 'NONE', ( #1837 ), #2690, .F. ) ;
#4358 = CARTESIAN_POINT ( 'NONE',  ( -7.424621202458747682, 5.249999999999995559, 304.8000000000000114 ) ) ;
#4359 = CARTESIAN_POINT ( 'NONE',  ( 3.000000000000000888, -7.924621202458751235, 198.8000000000000398 ) ) ;
#4360 = ORIENTED_EDGE ( 'NONE', *, *, #6683, .F. ) ;
#4361 =( REPRESENTATION_RELATIONSHIP ('NONE','NONE', #11367, #12703 ) REPRESENTATION_RELATIONSHIP_WITH_TRANSFORMATION ( #11823 )SHAPE_REPRESENTATION_RELATIONSHIP( ) );
#4362 = CARTESIAN_POINT ( 'NONE',  ( 3.000000000000000888, -9.500000000000000000, 304.8000000000000114 ) ) ;
#4363 = AXIS2_PLACEMENT_3D ( 'NONE', #7944, #11978, #10993 ) ;
#4364 = DIRECTION ( 'NONE',  ( 8.065639195895846808E-16, 1.000000000000000000, 0.000000000000000000 ) ) ;
#4365 = DIRECTION ( 'NONE',  ( -1.000000000000000000, -3.304235192336776498E-16, 0.000000000000000000 ) ) ;
#4366 = ADVANCED_FACE ( 'NONE', ( #3691 ), #10785, .F. ) ;
#4367 = ORIENTED_EDGE ( 'NONE', *, *, #8083, .F. ) ;
#4368 = CARTESIAN_POINT ( 'NONE',  ( 0.000000000000000000, 3.600000000000000089, 304.8000000000000114 ) ) ;
#4369 = VECTOR ( 'NONE', #4304, 1000.000000000000000 ) ;
#4370 = CARTESIAN_POINT ( 'NONE',  ( 5.249999999999997335, -7.924621202458751235, 198.8000000000000398 ) ) ;
#4371 = ADVANCED_FACE ( 'NONE', ( #3753 ), #7796, .F. ) ;
#4372 = CYLINDRICAL_SURFACE ( 'NONE', #496, 2.999999999999999556 ) ;
#4373 = DIRECTION ( 'NONE',  ( -1.000000000000000000, 0.000000000000000000, 0.000000000000000000 ) ) ;
#4374 = CARTESIAN_POINT ( 'NONE',  ( 8.250000000000000000, -10.00000000000000178, 304.8000000000000114 ) ) ;
#4375 = CYLINDRICAL_SURFACE ( 'NONE', #6674, 2.999999999999999112 ) ;
#4376 = DIRECTION ( 'NONE',  ( -0.000000000000000000, -0.000000000000000000, -1.000000000000000000 ) ) ;
#4377 = DIRECTION ( 'NONE',  ( -1.000000000000000000, 3.469446951953617344E-15, 0.000000000000000000 ) ) ;
#4378 = EDGE_CURVE ( 'NONE', #3713, #3906, #12213, .T. ) ;
#4379 = VERTEX_POINT ( 'NONE', #4342 ) ;
#4380 = VECTOR ( 'NONE', #6987, 1000.000000000000000 ) ;
#4381 = ORIENTED_EDGE ( 'NONE', *, *, #7591, .F. ) ;
#4382 = EDGE_LOOP ( 'NONE', ( #6762, #12548, #7551, #1974 ) ) ;
#4383 = DIRECTION ( 'NONE',  ( -0.7071067811865484609, 0.7071067811865466846, 0.000000000000000000 ) ) ;
#4384 = CARTESIAN_POINT ( 'NONE',  ( 7.424621202458747682, -5.249999999999995559, -20.77500000000004476 ) ) ;
#4385 = DIRECTION ( 'NONE',  ( 1.000000000000000000, 0.000000000000000000, 0.000000000000000000 ) ) ;
#4386 = CARTESIAN_POINT ( 'NONE',  ( 0.000000000000000000, 3.600000000000000089, 304.8000000000000114 ) ) ;
#4387 = EDGE_CURVE ( 'NONE', #8568, #7051, #6207, .T. ) ;
#4388 = AXIS2_PLACEMENT_3D ( 'NONE', #9646, #12730, #5715 ) ;
#4389 = CYLINDRICAL_SURFACE ( 'NONE', #4841, 0.5000000000000004441 ) ;
#4390 = ORIENTED_EDGE ( 'NONE', *, *, #8723, .T. ) ;
#4391 = LINE ( 'NONE', #9569, #8488 ) ;
#4392 = EDGE_LOOP ( 'NONE', ( #7206, #6246, #2928, #4439 ) ) ;
#4393 = AXIS2_PLACEMENT_3D ( 'NONE', #10344, #10534, #4490 ) ;
#4394 = ORIENTED_EDGE ( 'NONE', *, *, #5535, .F. ) ;
#4395 = FACE_OUTER_BOUND ( 'NONE', #3343, .T. ) ;
#4396 = CARTESIAN_POINT ( 'NONE',  ( 10.00000000000000000, 3.000000000000001332, 304.8000000000000114 ) ) ;
#4397 = LINE ( 'NONE', #9576, #7876 ) ;
#4398 = EDGE_CURVE ( 'NONE', #11763, #11801, #11295, .T. ) ;
#4399 = DIRECTION ( 'NONE',  ( -1.000000000000000000, 0.000000000000000000, 0.000000000000000000 ) ) ;
#4400 = EDGE_CURVE ( 'NONE', #6176, #10926, #3036, .T. ) ;
#4401 = CARTESIAN_POINT ( 'NONE',  ( 3.000000000000000888, -9.500000000000000000, 304.8000000000000114 ) ) ;
#4402 = AXIS2_PLACEMENT_3D ( 'NONE', #11376, #12302, #2307 ) ;
#4403 = CARTESIAN_POINT ( 'NONE',  ( 3.000000000000000888, -10.00000000000000000, 304.8000000000000114 ) ) ;
#4404 = EDGE_LOOP ( 'NONE', ( #7972, #6715, #9038, #2071 ) ) ;
#4405 = CARTESIAN_POINT ( 'NONE',  ( 2.500000000000000000, -8.424621202458752123, -24.77500000000004832 ) ) ;
#4406 = ORIENTED_EDGE ( 'NONE', *, *, #3442, .F. ) ;
#4407 = ORIENTED_EDGE ( 'NONE', *, *, #5084, .F. ) ;
#4408 = DIRECTION ( 'NONE',  ( 3.304235192336776005E-16, -1.000000000000000000, 0.000000000000000000 ) ) ;
#4409 = ORIENTED_EDGE ( 'NONE', *, *, #4223, .F. ) ;
#4410 = CARTESIAN_POINT ( 'NONE',  ( -7.924621202458751235, -3.000000000000001332, -24.77500000000004832 ) ) ;
#4411 = AXIS2_PLACEMENT_3D ( 'NONE', #6865, #12083, #4008 ) ;
#4412 = DIRECTION ( 'NONE',  ( 1.000000000000000000, 3.304235192336776498E-16, 0.000000000000000000 ) ) ;
#4413 = ORIENTED_EDGE ( 'NONE', *, *, #12018, .T. ) ;
#4414 = ORIENTED_EDGE ( 'NONE', *, *, #11498, .T. ) ;
#4415 = CARTESIAN_POINT ( 'NONE',  ( -8.424621202458750346, -2.500000000000000000, 304.8000000000000114 ) ) ;
#4416 = EDGE_CURVE ( 'NONE', #7585, #8651, #6451, .T. ) ;
#4417 = LINE ( 'NONE', #11567, #4226 ) ;
#4418 = VERTEX_POINT ( 'NONE', #9195 ) ;
#4419 = LINE ( 'NONE', #10210, #363 ) ;
#4420 = AXIS2_PLACEMENT_3D ( 'NONE', #1290, #9182, #1089 ) ;
#4421 = EDGE_LOOP ( 'NONE', ( #1821, #4489, #4350, #11986 ) ) ;
#4422 = EDGE_CURVE ( 'NONE', #12093, #10047, #242, .T. ) ;
#4423 = CARTESIAN_POINT ( 'NONE',  ( -8.250000000000000000, -8.250000000000000000, 94.79999999999999716 ) ) ;
#4424 = DIRECTION ( 'NONE',  ( 3.304235192336776498E-16, -1.000000000000000000, 0.000000000000000000 ) ) ;
#4425 = EDGE_CURVE ( 'NONE', #7051, #5915, #12972, .T. ) ;
#4426 = CARTESIAN_POINT ( 'NONE',  ( 0.000000000000000000, -3.600000000000000089, 304.8000000000000114 ) ) ;
#4427 = DIRECTION ( 'NONE',  ( 1.541976423090498986E-15, 1.000000000000000000, 0.000000000000000000 ) ) ;
#4428 = AXIS2_PLACEMENT_3D ( 'NONE', #9831, #12715, #4641 ) ;
#4429 = CARTESIAN_POINT ( 'NONE',  ( 0.8898448916085185401, -6.599999999999999645, 94.79999999999999716 ) ) ;
#4430 = FACE_BOUND ( 'NONE', #12925, .T. ) ;
#4431 = EDGE_CURVE ( 'NONE', #5499, #10044, #6402, .T. ) ;
#4432 = FACE_OUTER_BOUND ( 'NONE', #5411, .T. ) ;
#4433 = CARTESIAN_POINT ( 'NONE',  ( -3.599999999999997424, 0.8898448916085081040, -24.77500000000004832 ) ) ;
#4434 = CYLINDRICAL_SURFACE ( 'NONE', #10079, 0.5000000000000004441 ) ;
#4435 = CARTESIAN_POINT ( 'NONE',  ( 3.000000000000000888, -10.00000000000000000, 304.8000000000000114 ) ) ;
#4436 = EDGE_CURVE ( 'NONE', #11370, #2663, #2150, .T. ) ;
#4437 = LINE ( 'NONE', #8492, #11558 ) ;
#4438 = AXIS2_PLACEMENT_3D ( 'NONE', #4628, #10791, #3628 ) ;
#4439 = ORIENTED_EDGE ( 'NONE', *, *, #10649, .T. ) ;
#4440 = AXIS2_PLACEMENT_3D ( 'NONE', #12327, #1151, #2330 ) ;
#4441 = EDGE_CURVE ( 'NONE', #6226, #539, #4280, .T. ) ;
#4442 = EDGE_LOOP ( 'NONE', ( #8780, #3860, #822, #4203 ) ) ;
#4443 = ORIENTED_EDGE ( 'NONE', *, *, #4185, .F. ) ;
#4444 = LINE ( 'NONE', #2395, #646 ) ;
#4445 = CARTESIAN_POINT ( 'NONE',  ( 0.8898448916085185401, 3.600000000000000533, 304.8000000000000114 ) ) ;
#4446 = DIRECTION ( 'NONE',  ( 1.000000000000000000, 0.000000000000000000, 0.000000000000000000 ) ) ;
#4447 = CARTESIAN_POINT ( 'NONE',  ( 7.071067811865473729, -5.603553390593270400, 304.8000000000000114 ) ) ;
#4448 = EDGE_CURVE ( 'NONE', #9404, #7247, #12137, .T. ) ;
#4449 = VECTOR ( 'NONE', #2290, 1000.000000000000000 ) ;
#4450 = AXIS2_PLACEMENT_3D ( 'NONE', #12653, #7699, #7631 ) ;
#4451 = AXIS2_PLACEMENT_3D ( 'NONE', #2785, #2983, #12917 ) ;
#4452 = LINE ( 'NONE', #9379, #1628 ) ;
#4453 = CARTESIAN_POINT ( 'NONE',  ( -3.000000000000000888, 10.00000000000000000, 304.8000000000000114 ) ) ;
#4454 = ORIENTED_EDGE ( 'NONE', *, *, #11672, .F. ) ;
#4455 = DIRECTION ( 'NONE',  ( 0.000000000000000000, -1.000000000000000000, 0.000000000000000000 ) ) ;
#4456 = ORIENTED_EDGE ( 'NONE', *, *, #12112, .T. ) ;
#4457 = CIRCLE ( 'NONE', #1915, 0.5000000000000004441 ) ;
#4458 = CARTESIAN_POINT ( 'NONE',  ( -9.500000000000000000, -2.500000000000000444, 304.8000000000000114 ) ) ;
#4459 = DIRECTION ( 'NONE',  ( 1.000000000000000000, -3.304235192336776498E-16, 0.000000000000000000 ) ) ;
#4460 = CARTESIAN_POINT ( 'NONE',  ( -0.8898448916085185401, -3.600000000000000533, 198.8000000000000398 ) ) ;
#4461 = FACE_OUTER_BOUND ( 'NONE', #2877, .T. ) ;
#4462 = LINE ( 'NONE', #9328, #1770 ) ;
#4463 = VECTOR ( 'NONE', #8984, 1000.000000000000114 ) ;
#4464 = AXIS2_PLACEMENT_3D ( 'NONE', #7396, #5599, #12357 ) ;
#4465 = PRODUCT_DEFINITION_SHAPE ( 'NONE', 'NONE',  #10620 ) ;
#4466 = ORIENTED_EDGE ( 'NONE', *, *, #7169, .F. ) ;
#4467 = DIRECTION ( 'NONE',  ( -1.000000000000000000, 0.000000000000000000, 0.000000000000000000 ) ) ;
#4468 = ORIENTED_EDGE ( 'NONE', *, *, #1380, .F. ) ;
#4469 = ORIENTED_EDGE ( 'NONE', *, *, #11715, .F. ) ;
#4470 = FACE_OUTER_BOUND ( 'NONE', #6999, .T. ) ;
#4471 = ORIENTED_EDGE ( 'NONE', *, *, #11489, .F. ) ;
#4472 = ADVANCED_FACE ( 'NONE', ( #8186 ), #2288, .F. ) ;
#4473 = ADVANCED_FACE ( 'NONE', ( #9396 ), #374, .F. ) ;
#4474 = EDGE_CURVE ( 'NONE', #12773, #11331, #9620, .T. ) ;
#4475 = DIRECTION ( 'NONE',  ( 0.000000000000000000, -0.000000000000000000, -1.000000000000000000 ) ) ;
#4476 = CIRCLE ( 'NONE', #3410, 0.5000000000000013323 ) ;
#4477 = AXIS2_PLACEMENT_3D ( 'NONE', #11796, #2599, #10752 ) ;
#4478 = CARTESIAN_POINT ( 'NONE',  ( 3.600000000000000089, 0.000000000000000000, -20.77500000000004476 ) ) ;
#4479 = ORIENTED_EDGE ( 'NONE', *, *, #11320, .T. ) ;
#4480 = CARTESIAN_POINT ( 'NONE',  ( -8.250000000000000000, 8.250000000000000000, 304.8000000000000114 ) ) ;
#4481 = CIRCLE ( 'NONE', #874, 0.5000000000000008882 ) ;
#4482 = EDGE_LOOP ( 'NONE', ( #8108, #5537, #87, #4730 ) ) ;
#4483 = AXIS2_PLACEMENT_3D ( 'NONE', #5357, #10720, #643 ) ;
#4484 = DIRECTION ( 'NONE',  ( 1.000000000000000000, 0.000000000000000000, 0.000000000000000000 ) ) ;
#4485 = CARTESIAN_POINT ( 'NONE',  ( -0.8898448916085185401, 6.599999999999999645, 304.8000000000000114 ) ) ;
#4486 = CIRCLE ( 'NONE', #7449, 0.4999999999999995559 ) ;
#4487 = LINE ( 'NONE', #11756, #7967 ) ;
#4488 = CIRCLE ( 'NONE', #7463, 0.4999999999999995559 ) ;
#4489 = ORIENTED_EDGE ( 'NONE', *, *, #10242, .F. ) ;
#4490 = DIRECTION ( 'NONE',  ( -1.000000000000000000, 0.000000000000000000, 0.000000000000000000 ) ) ;
#4491 = CIRCLE ( 'NONE', #9167, 0.5000000000000004441 ) ;
#4492 = PLANE ( 'NONE',  #8267 ) ;
#4493 = DIRECTION ( 'NONE',  ( -0.000000000000000000, 0.000000000000000000, 1.000000000000000000 ) ) ;
#4494 = ORIENTED_EDGE ( 'NONE', *, *, #9082, .T. ) ;
#4495 = AXIS2_PLACEMENT_3D ( 'NONE', #12836, #1986, #4313 ) ;
#4496 = CIRCLE ( 'NONE', #7672, 0.5000000000000004441 ) ;
#4497 = ORIENTED_EDGE ( 'NONE', *, *, #8280, .F. ) ;
#4498 = CARTESIAN_POINT ( 'NONE',  ( -3.011165235168160592, -4.478679656440357704, 304.8000000000000114 ) ) ;
#4499 = DIRECTION ( 'NONE',  ( 0.000000000000000000, -0.000000000000000000, 1.000000000000000000 ) ) ;
#4500 = DIRECTION ( 'NONE',  ( -8.065639195895846808E-16, 1.000000000000000000, 0.000000000000000000 ) ) ;
#4501 = EDGE_CURVE ( 'NONE', #4379, #4013, #4140, .T. ) ;
#4502 = DIRECTION ( 'NONE',  ( 3.304235192336776005E-16, -1.000000000000000000, 0.000000000000000000 ) ) ;
#4503 = LINE ( 'NONE', #656, #9464 ) ;
#4504 = DIRECTION ( 'NONE',  ( -1.000000000000000000, 0.000000000000000000, 0.000000000000000000 ) ) ;
#4505 = AXIS2_PLACEMENT_3D ( 'NONE', #4106, #10081, #12175 ) ;
#4506 = DIRECTION ( 'NONE',  ( 2.924200878718997083E-15, 1.000000000000000000, -0.000000000000000000 ) ) ;
#4507 = CIRCLE ( 'NONE', #710, 2.999999999999999556 ) ;
#4508 = ORIENTED_EDGE ( 'NONE', *, *, #10078, .F. ) ;
#4509 = ORIENTED_EDGE ( 'NONE', *, *, #7224, .T. ) ;
#4510 = ADVANCED_FACE ( 'NONE', ( #6330 ), #10386, .F. ) ;
#4511 = ORIENTED_EDGE ( 'NONE', *, *, #11520, .F. ) ;
#4512 = DIRECTION ( 'NONE',  ( -1.000000000000000000, 0.000000000000000000, 0.000000000000000000 ) ) ;
#4513 = DIRECTION ( 'NONE',  ( -0.000000000000000000, -0.000000000000000000, -1.000000000000000000 ) ) ;
#4514 = EDGE_CURVE ( 'NONE', #12126, #2988, #11160, .T. ) ;
#4515 = VECTOR ( 'NONE', #47, 1000.000000000000000 ) ;
#4516 = DIRECTION ( 'NONE',  ( -0.000000000000000000, -0.000000000000000000, -1.000000000000000000 ) ) ;
#4517 = VECTOR ( 'NONE', #6549, 1000.000000000000114 ) ;
#4518 = EDGE_CURVE ( 'NONE', #10667, #12369, #3254, .T. ) ;
#4519 = DIRECTION ( 'NONE',  ( 1.000000000000000000, -4.873668131198272923E-16, 0.000000000000000000 ) ) ;
#4520 = DIRECTION ( 'NONE',  ( -1.000000000000000000, 0.000000000000000000, 0.000000000000000000 ) ) ;
#4521 = ORIENTED_EDGE ( 'NONE', *, *, #2737, .T. ) ;
#4522 = CARTESIAN_POINT ( 'NONE',  ( -3.011165235168160592, -4.478679656440356815, -24.77500000000004832 ) ) ;
#4523 = ORIENTED_EDGE ( 'NONE', *, *, #12519, .T. ) ;
#4524 = VECTOR ( 'NONE', #2898, 1000.000000000000000 ) ;
#4526 = EDGE_CURVE ( 'NONE', #5855, #10968, #11088, .T. ) ;
#4525 = AXIS2_PLACEMENT_3D ( 'NONE', #10755, #12789, #8517 ) ;
#4527 = CARTESIAN_POINT ( 'NONE',  ( 2.500000000000000000, -8.424621202458752123, 304.8000000000000114 ) ) ;
#4528 = DIRECTION ( 'NONE',  ( 0.000000000000000000, 0.000000000000000000, -1.000000000000000000 ) ) ;
#4529 = DIRECTION ( 'NONE',  ( -1.000000000000000000, 0.000000000000000000, 0.000000000000000000 ) ) ;
#4530 = FACE_OUTER_BOUND ( 'NONE', #11478, .T. ) ;
#4531 = ADVANCED_FACE ( 'NONE', ( #4530 ), #3522, .F. ) ;
#4532 = ORIENTED_EDGE ( 'NONE', *, *, #10982, .F. ) ;
#4533 = DIRECTION ( 'NONE',  ( 0.000000000000000000, -0.000000000000000000, 1.000000000000000000 ) ) ;
#4534 = VERTEX_POINT ( 'NONE', #9707 ) ;
#4535 = VERTEX_POINT ( 'NONE', #12540 ) ;
#4536 = DIRECTION ( 'NONE',  ( 0.000000000000000000, -0.000000000000000000, -1.000000000000000000 ) ) ;
#4537 = ORIENTED_EDGE ( 'NONE', *, *, #9007, .T. ) ;
#4538 = ORIENTED_EDGE ( 'NONE', *, *, #2521, .F. ) ;
#4539 = ADVANCED_FACE ( 'NONE', ( #7570 ), #2473, .T. ) ;
#4540 = CARTESIAN_POINT ( 'NONE',  ( -7.924621202458747682, 5.249999999999995559, -24.77500000000004832 ) ) ;
#4541 = FACE_OUTER_BOUND ( 'NONE', #1090, .T. ) ;
#4542 = VERTEX_POINT ( 'NONE', #8577 ) ;
#4543 = DIRECTION ( 'NONE',  ( 0.7071067811865474617, 0.7071067811865476838, 0.000000000000000000 ) ) ;
#4544 = VERTEX_POINT ( 'NONE', #7513 ) ;
#4545 = ADVANCED_BREP_SHAPE_REPRESENTATION ( '', ( #7736, #3417 ), #8711 ) ;
#4546 = DIRECTION ( 'NONE',  ( -0.000000000000000000, -0.000000000000000000, -1.000000000000000000 ) ) ;
#4547 = EDGE_CURVE ( 'NONE', #11047, #10022, #7698, .T. ) ;
#4548 = EDGE_CURVE ( 'NONE', #5915, #1488, #7450, .T. ) ;
#4550 = ADVANCED_FACE ( 'NONE', ( #4724 ), #12726, .T. ) ;
#4549 = CARTESIAN_POINT ( 'NONE',  ( 7.924621202458747682, -5.249999999999995559, 304.8000000000000114 ) ) ;
#4551 = CARTESIAN_POINT ( 'NONE',  ( 3.011165235168160592, -4.478679656440356815, -20.77500000000004476 ) ) ;
#4552 = ORIENTED_EDGE ( 'NONE', *, *, #3546, .T. ) ;
#4553 = CARTESIAN_POINT ( 'NONE',  ( -7.924621202458751235, -3.000000000000001332, 198.8000000000000398 ) ) ;
#4554 = APPLICATION_PROTOCOL_DEFINITION ( 'draft international standard', 'automotive_design', 1998, #7034 ) ;
#4555 = DIRECTION ( 'NONE',  ( -1.000000000000000000, 1.541976423090498986E-15, 0.000000000000000000 ) ) ;
#4556 = ORIENTED_EDGE ( 'NONE', *, *, #6904, .T. ) ;
#4557 = LINE ( 'NONE', #6363, #9610 ) ;
#4558 = FACE_OUTER_BOUND ( 'NONE', #3618, .T. ) ;
#4559 = EDGE_CURVE ( 'NONE', #12662, #4996, #933, .T. ) ;
#4560 = ADVANCED_FACE ( 'NONE', ( #1670 ), #1604, .F. ) ;
#4561 = AXIS2_PLACEMENT_3D ( 'NONE', #12129, #4978, #10244 ) ;
#4562 = CARTESIAN_POINT ( 'NONE',  ( -7.424621202458747682, -5.249999999999995559, -104.7750000000000057 ) ) ;
#4563 = CARTESIAN_POINT ( 'NONE',  ( 10.00000000000000000, 3.000000000000001332, 304.8000000000000114 ) ) ;
#4564 = DIRECTION ( 'NONE',  ( -0.7071067811865474617, -0.7071067811865476838, 0.000000000000000000 ) ) ;
#4565 = DIRECTION ( 'NONE',  ( 1.000000000000000000, 0.000000000000000000, 0.000000000000000000 ) ) ;
#4566 = CARTESIAN_POINT ( 'NONE',  ( -8.424621202458750346, 3.000000000000001332, 304.8000000000000114 ) ) ;
#4567 = DIRECTION ( 'NONE',  ( 3.304235192336776498E-16, -1.000000000000000000, 0.000000000000000000 ) ) ;
#4568 = ORIENTED_EDGE ( 'NONE', *, *, #2596, .T. ) ;
#4569 = ORIENTED_EDGE ( 'NONE', *, *, #7859, .T. ) ;
#4570 = VECTOR ( 'NONE', #10424, 1000.000000000000000 ) ;
#4571 = ORIENTED_EDGE ( 'NONE', *, *, #9989, .T. ) ;
#4572 = LINE ( 'NONE', #4636, #2999 ) ;
#4573 = LINE ( 'NONE', #2704, #9819 ) ;
#4574 = DIRECTION ( 'NONE',  ( 1.000000000000000000, 0.000000000000000000, 0.000000000000000000 ) ) ;
#4575 = ORIENTED_EDGE ( 'NONE', *, *, #4041, .T. ) ;
#4576 = ADVANCED_FACE ( 'NONE', ( #436 ), #6706, .F. ) ;
#4577 = DIRECTION ( 'NONE',  ( 1.000000000000000000, 0.000000000000000000, 0.000000000000000000 ) ) ;
#4579 = VECTOR ( 'NONE', #12765, 1000.000000000000000 ) ;
#4578 = CYLINDRICAL_SURFACE ( 'NONE', #6342, 0.5000000000000013323 ) ;
#4580 = AXIS2_PLACEMENT_3D ( 'NONE', #6833, #2592, #1800 ) ;
#4581 = ORIENTED_EDGE ( 'NONE', *, *, #3730, .F. ) ;
#4582 = DIRECTION ( 'NONE',  ( -1.000000000000000000, 0.000000000000000000, 0.000000000000000000 ) ) ;
#4583 = ORIENTED_EDGE ( 'NONE', *, *, #2248, .F. ) ;
#4584 = VERTEX_POINT ( 'NONE', #2602 ) ;
#4585 = ADVANCED_FACE ( 'NONE', ( #9578 ), #8701, .F. ) ;
#4586 = FACE_OUTER_BOUND ( 'NONE', #9467, .T. ) ;
#4587 = ADVANCED_FACE ( 'NONE', ( #7703 ), #10507, .F. ) ;
#4588 = LINE ( 'NONE', #8450, #1932 ) ;
#4589 = VECTOR ( 'NONE', #9985, 1000.000000000000000 ) ;
#4590 = CARTESIAN_POINT ( 'NONE',  ( 5.249999999999997335, -7.924621202458751235, -20.77500000000004476 ) ) ;
#4591 = AXIS2_PLACEMENT_3D ( 'NONE', #4485, #1443, #7531 ) ;
#4592 = DIRECTION ( 'NONE',  ( -0.000000000000000000, -0.000000000000000000, -1.000000000000000000 ) ) ;
#4593 = SHAPE_REPRESENTATION ( 'AL106_5537T104', ( #3417 ), #8711 ) ;
#4594 = ADVANCED_FACE ( 'NONE', ( #4461 ), #12656, .F. ) ;
#4595 = LINE ( 'NONE', #12790, #1902 ) ;
#4596 = VERTEX_POINT ( 'NONE', #9642 ) ;
#4597 = DIRECTION ( 'NONE',  ( 0.000000000000000000, 0.000000000000000000, -1.000000000000000000 ) ) ;
#4598 = CIRCLE ( 'NONE', #10538, 2.150000000000012790 ) ;
#4599 = ORIENTED_EDGE ( 'NONE', *, *, #6738, .T. ) ;
#4600 = ORIENTED_EDGE ( 'NONE', *, *, #11223, .T. ) ;
#4601 = CARTESIAN_POINT ( 'NONE',  ( 5.249999999999997335, -7.924621202458751235, 94.79999999999999716 ) ) ;
#4602 = EDGE_LOOP ( 'NONE', ( #6140, #10378, #1649, #3188 ) ) ;
#4603 = ORIENTED_EDGE ( 'NONE', *, *, #4320, .T. ) ;
#4604 = DIRECTION ( 'NONE',  ( 1.000000000000000000, 0.000000000000000000, 0.000000000000000000 ) ) ;
#4605 = EDGE_CURVE ( 'NONE', #6149, #10274, #557, .T. ) ;
#4606 =( REPRESENTATION_RELATIONSHIP ('NONE','NONE', #11367, #4593 ) REPRESENTATION_RELATIONSHIP_WITH_TRANSFORMATION ( #1033 )SHAPE_REPRESENTATION_RELATIONSHIP( ) );
#4607 = LINE ( 'NONE', #331, #1920 ) ;
#4608 = ORIENTED_EDGE ( 'NONE', *, *, #7828, .T. ) ;
#4609 = DIRECTION ( 'NONE',  ( 0.000000000000000000, -0.000000000000000000, 1.000000000000000000 ) ) ;
#4610 = EDGE_LOOP ( 'NONE', ( #6942, #7602, #9384, #723 ) ) ;
#4611 = CIRCLE ( 'NONE', #4188, 0.5000000000000004441 ) ;
#4612 = DIRECTION ( 'NONE',  ( -0.7071067811865474617, 0.7071067811865476838, 0.000000000000000000 ) ) ;
#4613 = ADVANCED_FACE ( 'NONE', ( #11673 ), #6648, .F. ) ;
#4614 = CARTESIAN_POINT ( 'NONE',  ( -7.924621202458747682, -5.249999999999995559, -20.77500000000004476 ) ) ;
#4615 = CARTESIAN_POINT ( 'NONE',  ( 10.00000000000000000, 8.250000000000000000, -104.7750000000000057 ) ) ;
#4616 = ORIENTED_EDGE ( 'NONE', *, *, #4949, .T. ) ;
#4617 = PLANE ( 'NONE',  #11594 ) ;
#4618 = VECTOR ( 'NONE', #6015, 1000.000000000000000 ) ;
#4619 = PLANE ( 'NONE',  #1293 ) ;
#4620 = ORIENTED_EDGE ( 'NONE', *, *, #7425, .F. ) ;
#4621 = ORIENTED_EDGE ( 'NONE', *, *, #6027, .T. ) ;
#4622 = CARTESIAN_POINT ( 'NONE',  ( 8.424621202458750346, -2.500000000000000000, 304.8000000000000114 ) ) ;
#4623 = CARTESIAN_POINT ( 'NONE',  ( 9.500000000000000000, -3.000000000000001332, 304.8000000000000114 ) ) ;
#4624 = AXIS2_PLACEMENT_3D ( 'NONE', #6198, #6324, #1160 ) ;
#4625 = PLANE ( 'NONE',  #1114 ) ;
#4626 = DIRECTION ( 'NONE',  ( -0.000000000000000000, -0.000000000000000000, -1.000000000000000000 ) ) ;
#4627 = CARTESIAN_POINT ( 'NONE',  ( 8.250000000000000000, -8.250000000000000000, 304.8000000000000114 ) ) ;
#4628 = CARTESIAN_POINT ( 'NONE',  ( -7.071067811865473729, 5.603553390593270400, 304.8000000000000114 ) ) ;
#4629 = CARTESIAN_POINT ( 'NONE',  ( -3.000000000000000888, -10.00000000000000000, 198.8000000000000398 ) ) ;
#4630 = DIRECTION ( 'NONE',  ( -0.000000000000000000, -0.000000000000000000, -1.000000000000000000 ) ) ;
#4631 = ORIENTED_EDGE ( 'NONE', *, *, #7452, .T. ) ;
#4632 = VERTEX_POINT ( 'NONE', #6770 ) ;
#4633 = ADVANCED_FACE ( 'NONE', ( #3785 ), #6900, .F. ) ;
#4634 = AXIS2_PLACEMENT_3D ( 'NONE', #10499, #3187, #5180 ) ;
#4635 = EDGE_CURVE ( 'NONE', #3489, #10761, #9900, .T. ) ;
#4636 = CARTESIAN_POINT ( 'NONE',  ( 5.249999999999997335, -7.924621202458751235, 304.8000000000000114 ) ) ;
#4637 = DIRECTION ( 'NONE',  ( 0.000000000000000000, 0.000000000000000000, 1.000000000000000000 ) ) ;
#4638 = LINE ( 'NONE', #5442, #846 ) ;
#4639 = DIRECTION ( 'NONE',  ( 1.000000000000000000, 0.000000000000000000, 0.000000000000000000 ) ) ;
#4640 = AXIS2_PLACEMENT_3D ( 'NONE', #3904, #4967, #12042 ) ;
#4641 = DIRECTION ( 'NONE',  ( 1.000000000000000000, 0.000000000000000000, 0.000000000000000000 ) ) ;
#4642 = ORIENTED_EDGE ( 'NONE', *, *, #1964, .T. ) ;
#4643 = DIRECTION ( 'NONE',  ( 0.7071067811865474617, -0.7071067811865476838, 0.000000000000000000 ) ) ;
#4644 = ORIENTED_EDGE ( 'NONE', *, *, #7321, .T. ) ;
#4645 = CARTESIAN_POINT ( 'NONE',  ( -3.000000000000000888, 8.424621202458752123, 304.8000000000000114 ) ) ;
#4646 = COLOUR_RGB ( '',0.7921568627450980005, 0.8196078431372548767, 0.9333333333333333481 ) ;
#4647 = CARTESIAN_POINT ( 'NONE',  ( -2.499999999999999556, -8.424621202458752123, -24.77500000000004832 ) ) ;
#4648 = CYLINDRICAL_SURFACE ( 'NONE', #10231, 0.5000000000000013323 ) ;
#4649 = VECTOR ( 'NONE', #11534, 1000.000000000000000 ) ;
#4650 = DIRECTION ( 'NONE',  ( 1.000000000000000000, 0.000000000000000000, 0.000000000000000000 ) ) ;
#4651 = EDGE_CURVE ( 'NONE', #12021, #6175, #1740, .T. ) ;
#4652 = CARTESIAN_POINT ( 'NONE',  ( -2.500000000000000000, 8.424621202458752123, 304.8000000000000114 ) ) ;
#4653 = ORIENTED_EDGE ( 'NONE', *, *, #12716, .F. ) ;
#4654 = CARTESIAN_POINT ( 'NONE',  ( -3.011165235168161924, -4.478679656440357704, -24.77500000000004832 ) ) ;
#4655 = VECTOR ( 'NONE', #6513, 1000.000000000000000 ) ;
#4656 = VECTOR ( 'NONE', #5874, 1000.000000000000000 ) ;
#4657 = ORIENTED_EDGE ( 'NONE', *, *, #10133, .F. ) ;
#4658 = ORIENTED_EDGE ( 'NONE', *, *, #1277, .T. ) ;
#4659 = VECTOR ( 'NONE', #3550, 1000.000000000000000 ) ;
#4660 = DIRECTION ( 'NONE',  ( -0.000000000000000000, 0.000000000000000000, -1.000000000000000000 ) ) ;
#4661 = ORIENTED_EDGE ( 'NONE', *, *, #523, .T. ) ;
#4662 = ORIENTED_EDGE ( 'NONE', *, *, #1164, .F. ) ;
#4663 = DIRECTION ( 'NONE',  ( -0.000000000000000000, -0.000000000000000000, -1.000000000000000000 ) ) ;
#4664 = ADVANCED_FACE ( 'NONE', ( #5784 ), #3720, .F. ) ;
#4665 = CARTESIAN_POINT ( 'NONE',  ( -10.00000000000000000, -3.000000000000001332, 304.8000000000000114 ) ) ;
#4666 = VERTEX_POINT ( 'NONE', #6963 ) ;
#4667 = LINE ( 'NONE', #9656, #42 ) ;
#4668 = EDGE_LOOP ( 'NONE', ( #8397, #12141, #2041, #1104 ) ) ;
#4669 = AXIS2_PLACEMENT_3D ( 'NONE', #12486, #12670, #7465 ) ;
#4671 = ADVANCED_FACE ( 'NONE', ( #5911 ), #4781, .F. ) ;
#4670 = CIRCLE ( 'NONE', #12064, 0.5000000000000004441 ) ;
#4672 = CARTESIAN_POINT ( 'NONE',  ( -9.500000000000000000, 3.000000000000001332, 198.8000000000000398 ) ) ;
#4673 = DIRECTION ( 'NONE',  ( 0.000000000000000000, 0.000000000000000000, 1.000000000000000000 ) ) ;
#4674 = ADVANCED_FACE ( 'NONE', ( #8831 ), #4975, .F. ) ;
#4675 = CARTESIAN_POINT ( 'NONE',  ( 7.071067811865473729, -5.603553390593270400, 304.8000000000000114 ) ) ;
#4676 = ORIENTED_EDGE ( 'NONE', *, *, #8678, .T. ) ;
#4677 = CARTESIAN_POINT ( 'NONE',  ( -7.071067811865473729, 5.603553390593270400, 304.8000000000000114 ) ) ;
#4678 = SHAPE_DEFINITION_REPRESENTATION ( #1408, #7647 ) ;
#4679 = VECTOR ( 'NONE', #8424, 1000.000000000000000 ) ;
#4680 = AXIS2_PLACEMENT_3D ( 'NONE', #2469, #10505, #1295 ) ;
#4681 = AXIS2_PLACEMENT_3D ( 'NONE', #9851, #4663, #6916 ) ;
#4682 = DIRECTION ( 'NONE',  ( -1.541976423090498986E-15, 1.000000000000000000, 0.000000000000000000 ) ) ;
#4683 = EDGE_CURVE ( 'NONE', #12477, #7696, #5078, .T. ) ;
#4684 = CARTESIAN_POINT ( 'NONE',  ( 8.424621202458750346, 2.500000000000000000, 304.8000000000000114 ) ) ;
#4685 = ORIENTED_EDGE ( 'NONE', *, *, #3493, .T. ) ;
#4686 = ORIENTED_EDGE ( 'NONE', *, *, #11589, .T. ) ;
#4687 = AXIS2_PLACEMENT_3D ( 'NONE', #4306, #7282, #4165 ) ;
#4688 = ORIENTED_EDGE ( 'NONE', *, *, #10977, .T. ) ;
#4689 = CARTESIAN_POINT ( 'NONE',  ( 3.000000000000000888, 10.00000000000000000, 198.8000000000000398 ) ) ;
#4690 = VECTOR ( 'NONE', #3334, 1000.000000000000000 ) ;
#4691 = FACE_OUTER_BOUND ( 'NONE', #7375, .T. ) ;
#4692 = CIRCLE ( 'NONE', #6178, 0.5000000000000004441 ) ;
#4693 = DIRECTION ( 'NONE',  ( -0.000000000000000000, -0.000000000000000000, -1.000000000000000000 ) ) ;
#4694 = PLANE ( 'NONE',  #8924 ) ;
#4695 = CARTESIAN_POINT ( 'NONE',  ( -6.599999999999996092, 0.8898448916085081040, 304.8000000000000114 ) ) ;
#4696 = DIRECTION ( 'NONE',  ( -1.000000000000000000, 0.000000000000000000, 0.000000000000000000 ) ) ;
#4697 = CYLINDRICAL_SURFACE ( 'NONE', #9904, 0.5000000000000004441 ) ;
#4698 = CARTESIAN_POINT ( 'NONE',  ( 4.478679656440354151, -3.011165235168150378, -20.77500000000004476 ) ) ;
#4699 = ORIENTED_EDGE ( 'NONE', *, *, #8024, .F. ) ;
#4700 = ORIENTED_EDGE ( 'NONE', *, *, #4238, .F. ) ;
#4701 = VECTOR ( 'NONE', #3771, 1000.000000000000000 ) ;
#4702 = AXIS2_PLACEMENT_3D ( 'NONE', #3300, #5364, #2381 ) ;
#4703 = EDGE_LOOP ( 'NONE', ( #869, #4308, #11807, #6817 ) ) ;
#4704 = DIRECTION ( 'NONE',  ( -0.000000000000000000, 0.000000000000000000, 1.000000000000000000 ) ) ;
#4705 = CIRCLE ( 'NONE', #8091, 2.999999999999999556 ) ;
#4706 =( LENGTH_UNIT ( ) NAMED_UNIT ( * ) SI_UNIT ( .MILLI., .METRE. ) );
#4707 = CARTESIAN_POINT ( 'NONE',  ( -10.00000000000000000, -3.000000000000001332, 304.8000000000000114 ) ) ;
#4708 = LINE ( 'NONE', #8328, #5369 ) ;
#4709 = VECTOR ( 'NONE', #7604, 1000.000000000000000 ) ;
#4710 = EDGE_CURVE ( 'NONE', #12531, #5803, #10179, .T. ) ;
#4713 = ADVANCED_FACE ( 'NONE', ( #9026 ), #8023, .F. ) ;
#4712 = VECTOR ( 'NONE', #908, 1000.000000000000000 ) ;
#4711 = DIRECTION ( 'NONE',  ( 0.7071067811865484609, 0.7071067811865466846, -0.000000000000000000 ) ) ;
#4714 = FACE_OUTER_BOUND ( 'NONE', #3950, .T. ) ;
#4715 = EDGE_CURVE ( 'NONE', #11071, #1877, #2945, .T. ) ;
#4716 = ORIENTED_EDGE ( 'NONE', *, *, #7444, .F. ) ;
#4717 = LINE ( 'NONE', #8763, #10319 ) ;
#4718 = ORIENTED_EDGE ( 'NONE', *, *, #5712, .T. ) ;
#4719 = CARTESIAN_POINT ( 'NONE',  ( -7.924621202458747682, -5.249999999999995559, -104.7750000000000057 ) ) ;
#4720 = AXIS2_PLACEMENT_3D ( 'NONE', #3153, #1117, #3086 ) ;
#4721 = AXIS2_PLACEMENT_3D ( 'NONE', #2516, #3316, #9442 ) ;
#4722 = CARTESIAN_POINT ( 'NONE',  ( 5.249999999999997335, -7.424621202458749458, 304.8000000000000114 ) ) ;
#4723 = LINE ( 'NONE', #11991, #3652 ) ;
#4724 = FACE_OUTER_BOUND ( 'NONE', #5271, .T. ) ;
#4725 = AXIS2_PLACEMENT_3D ( 'NONE', #7690, #8520, #12410 ) ;
#4726 = CARTESIAN_POINT ( 'NONE',  ( 0.000000000000000000, -3.600000000000000089, 304.8000000000000114 ) ) ;
#4727 = ORIENTED_EDGE ( 'NONE', *, *, #5189, .F. ) ;
#4728 = CARTESIAN_POINT ( 'NONE',  ( 0.8898448916085185401, 6.599999999999999645, 304.8000000000000114 ) ) ;
#4729 = ORIENTED_EDGE ( 'NONE', *, *, #9660, .F. ) ;
#4730 = ORIENTED_EDGE ( 'NONE', *, *, #10314, .T. ) ;
#4731 = LINE ( 'NONE', #1556, #11810 ) ;
#4732 = ORIENTED_EDGE ( 'NONE', *, *, #9830, .F. ) ;
#4733 = ORIENTED_EDGE ( 'NONE', *, *, #6791, .T. ) ;
#4734 = CARTESIAN_POINT ( 'NONE',  ( -8.424621202458750346, -3.000000000000001332, 304.8000000000000114 ) ) ;
#4735 = CARTESIAN_POINT ( 'NONE',  ( -3.600000000000000089, 0.000000000000000000, -20.77500000000004476 ) ) ;
#4736 = ORIENTED_EDGE ( 'NONE', *, *, #1806, .T. ) ;
#4737 = DIRECTION ( 'NONE',  ( -8.065639195895844836E-16, -1.000000000000000000, 0.000000000000000000 ) ) ;
#4738 = ORIENTED_EDGE ( 'NONE', *, *, #1203, .F. ) ;
#4739 = VECTOR ( 'NONE', #180, 1000.000000000000000 ) ;
#4740 = DIRECTION ( 'NONE',  ( 1.000000000000000000, 0.000000000000000000, 0.000000000000000000 ) ) ;
#4741 = DIRECTION ( 'NONE',  ( 0.000000000000000000, 0.000000000000000000, 1.000000000000000000 ) ) ;
#4743 = EDGE_CURVE ( 'NONE', #1404, #11528, #12479, .T. ) ;
#4742 = LINE ( 'NONE', #2551, #2271 ) ;
#4744 = VERTEX_POINT ( 'NONE', #7896 ) ;
#4745 = ORIENTED_EDGE ( 'NONE', *, *, #4125, .F. ) ;
#4746 = CARTESIAN_POINT ( 'NONE',  ( 3.599999999999997424, -0.8898448916085081040, 304.8000000000000114 ) ) ;
#4747 = CARTESIAN_POINT ( 'NONE',  ( 88.61911853037607045, 460.4108796227578182, 6.722697955224661293 ) ) ;
#4748 = EDGE_CURVE ( 'NONE', #2294, #9850, #7765, .T. ) ;
#4749 = CYLINDRICAL_SURFACE ( 'NONE', #9963, 0.5000000000000004441 ) ;
#4750 = LINE ( 'NONE', #9804, #4246 ) ;
#4751 = VERTEX_POINT ( 'NONE', #3913 ) ;
#4752 = EDGE_CURVE ( 'NONE', #1652, #8930, #7817, .T. ) ;
#4753 = ORIENTED_EDGE ( 'NONE', *, *, #2634, .T. ) ;
#4754 = DIRECTION ( 'NONE',  ( -0.000000000000000000, 0.000000000000000000, -1.000000000000000000 ) ) ;
#4755 = CYLINDRICAL_SURFACE ( 'NONE', #695, 2.150000000000012790 ) ;
#4756 = CARTESIAN_POINT ( 'NONE',  ( 3.000000000000000888, -10.00000000000000000, 304.8000000000000114 ) ) ;
#4757 = LINE ( 'NONE', #12823, #7853 ) ;
#4759 = EDGE_CURVE ( 'NONE', #2222, #1789, #6769, .T. ) ;
#4758 = CARTESIAN_POINT ( 'NONE',  ( 5.249999999999997335, 7.924621202458751235, 304.8000000000000114 ) ) ;
#4760 = CARTESIAN_POINT ( 'NONE',  ( -2.499999999999999556, 8.424621202458752123, 304.8000000000000114 ) ) ;
#4761 = DIRECTION ( 'NONE',  ( 0.000000000000000000, 0.000000000000000000, -1.000000000000000000 ) ) ;
#4762 = CARTESIAN_POINT ( 'NONE',  ( -3.011165235168160592, 4.478679656440357704, 304.8000000000000114 ) ) ;
#4763 = VERTEX_POINT ( 'NONE', #10094 ) ;
#4764 = ORIENTED_EDGE ( 'NONE', *, *, #11589, .F. ) ;
#4765 = ORIENTED_EDGE ( 'NONE', *, *, #3472, .F. ) ;
#4766 = EDGE_CURVE ( 'NONE', #6532, #2140, #10034, .T. ) ;
#4767 = LINE ( 'NONE', #2769, #9797 ) ;
#4768 = CARTESIAN_POINT ( 'NONE',  ( -0.8898448916085185401, -3.600000000000000533, 304.8000000000000114 ) ) ;
#4769 = DIRECTION ( 'NONE',  ( 0.000000000000000000, 0.000000000000000000, 1.000000000000000000 ) ) ;
#4770 = DIRECTION ( 'NONE',  ( -0.7071067811865465735, 0.7071067811865483499, 0.000000000000000000 ) ) ;
#4771 = ADVANCED_FACE ( 'NONE', ( #946 ), #2131, .F. ) ;
#4772 = DIRECTION ( 'NONE',  ( -0.000000000000000000, -0.000000000000000000, -1.000000000000000000 ) ) ;
#4773 = LINE ( 'NONE', #11790, #9521 ) ;
#4774 = ORIENTED_EDGE ( 'NONE', *, *, #2866, .T. ) ;
#4775 = CARTESIAN_POINT ( 'NONE',  ( 6.599999999999996092, -0.8898448916085081040, -104.7750000000000057 ) ) ;
#4776 = ORIENTED_EDGE ( 'NONE', *, *, #6473, .T. ) ;
#4777 = DIRECTION ( 'NONE',  ( 1.541976423090498986E-15, -1.000000000000000000, 0.000000000000000000 ) ) ;
#4778 = ADVANCED_FACE ( 'NONE', ( #3052 ), #8305, .F. ) ;
#4779 = CARTESIAN_POINT ( 'NONE',  ( 2.500000000000000000, -8.424621202458752123, 304.8000000000000114 ) ) ;
#4780 = DIRECTION ( 'NONE',  ( -0.000000000000000000, 0.000000000000000000, 1.000000000000000000 ) ) ;
#4781 = CYLINDRICAL_SURFACE ( 'NONE', #5292, 0.5000000000000013323 ) ;
#4782 = AXIS2_PLACEMENT_3D ( 'NONE', #1841, #1907, #2886 ) ;
#4783 = CARTESIAN_POINT ( 'NONE',  ( -10.00000000000000000, -3.000000000000001332, -20.77500000000004476 ) ) ;
#4784 = EDGE_LOOP ( 'NONE', ( #6057, #9276, #5615, #6863 ) ) ;
#4785 = PLANE ( 'NONE',  #3961 ) ;
#4786 = ORIENTED_EDGE ( 'NONE', *, *, #2009, .F. ) ;
#4787 = EDGE_LOOP ( 'NONE', ( #4583, #11829, #6834, #1324 ) ) ;
#4788 = CARTESIAN_POINT ( 'NONE',  ( -7.071067811865473729, 5.603553390593270400, 94.79999999999999716 ) ) ;
#4789 = VERTEX_POINT ( 'NONE', #4191 ) ;
#4790 = ORIENTED_EDGE ( 'NONE', *, *, #3034, .F. ) ;
#4791 = AXIS2_PLACEMENT_3D ( 'NONE', #8122, #6792, #6862 ) ;
#4792 = ORIENTED_EDGE ( 'NONE', *, *, #1251, .F. ) ;
#4793 = VECTOR ( 'NONE', #12780, 1000.000000000000000 ) ;
#4794 = DIRECTION ( 'NONE',  ( 0.000000000000000000, -0.000000000000000000, -1.000000000000000000 ) ) ;
#4795 = ADVANCED_FACE ( 'NONE', ( #3185 ), #5245, .T. ) ;
#4796 = EDGE_CURVE ( 'NONE', #2222, #5997, #3116, .T. ) ;
#4797 = DIRECTION ( 'NONE',  ( 0.000000000000000000, -0.000000000000000000, -1.000000000000000000 ) ) ;
#4798 = ORIENTED_EDGE ( 'NONE', *, *, #3229, .T. ) ;
#4799 = ORIENTED_EDGE ( 'NONE', *, *, #9074, .T. ) ;
#4800 = DIRECTION ( 'NONE',  ( 0.000000000000000000, -0.000000000000000000, -1.000000000000000000 ) ) ;
#4801 = EDGE_LOOP ( 'NONE', ( #832, #6630, #9978, #11131 ) ) ;
#4802 = CARTESIAN_POINT ( 'NONE',  ( 3.011165235168160592, 4.478679656440357704, 304.8000000000000114 ) ) ;
#4803 = DIRECTION ( 'NONE',  ( 0.000000000000000000, 0.000000000000000000, 1.000000000000000000 ) ) ;
#4804 = VERTEX_POINT ( 'NONE', #8229 ) ;
#4805 = FACE_OUTER_BOUND ( 'NONE', #969, .T. ) ;
#4806 = ITEM_DEFINED_TRANSFORMATION ( 'NONE', 'NONE', #5747,  #3417 ) ;
#4807 = CARTESIAN_POINT ( 'NONE',  ( -10.00000000000000000, -8.250000000000000000, 304.8000000000000114 ) ) ;
#4808 = VECTOR ( 'NONE', #5154, 1000.000000000000000 ) ;
#4809 = DIRECTION ( 'NONE',  ( -1.000000000000000000, 0.000000000000000000, 0.000000000000000000 ) ) ;
#4810 = ORIENTED_EDGE ( 'NONE', *, *, #10185, .F. ) ;
#4811 = VERTEX_POINT ( 'NONE', #10240 ) ;
#4812 = EDGE_CURVE ( 'NONE', #9122, #9408, #4235, .T. ) ;
#4813 = ORIENTED_EDGE ( 'NONE', *, *, #2076, .F. ) ;
#4814 = DIRECTION ( 'NONE',  ( 1.000000000000000000, 0.000000000000000000, 0.000000000000000000 ) ) ;
#4815 = DIRECTION ( 'NONE',  ( -0.000000000000000000, 0.000000000000000000, -1.000000000000000000 ) ) ;
#4817 = EDGE_CURVE ( 'NONE', #6712, #777, #2332, .T. ) ;
#4816 = FACE_OUTER_BOUND ( 'NONE', #9446, .T. ) ;
#4818 = DIRECTION ( 'NONE',  ( -1.541976423090498986E-15, -1.000000000000000000, 0.000000000000000000 ) ) ;
#4819 = DIRECTION ( 'NONE',  ( 1.000000000000000000, 0.000000000000000000, 0.000000000000000000 ) ) ;
#4821 = CIRCLE ( 'NONE', #809, 0.5000000000000008882 ) ;
#4820 = DIRECTION ( 'NONE',  ( -1.000000000000000000, 0.000000000000000000, 0.000000000000000000 ) ) ;
#4822 = EDGE_CURVE ( 'NONE', #12359, #6641, #11273, .T. ) ;
#4823 = CARTESIAN_POINT ( 'NONE',  ( -7.424621202458747682, 5.249999999999995559, 304.8000000000000114 ) ) ;
#4824 = VERTEX_POINT ( 'NONE', #5178 ) ;
#4825 = UNCERTAINTY_MEASURE_WITH_UNIT (LENGTH_MEASURE( 1.000000000000000082E-05 ), #2953, 'distance_accuracy_value', 'NONE');
#4826 = VERTEX_POINT ( 'NONE', #6251 ) ;
#4827 = ORIENTED_EDGE ( 'NONE', *, *, #12822, .F. ) ;
#4828 = EDGE_CURVE ( 'NONE', #8836, #7950, #7371, .T. ) ;
#4829 = DIRECTION ( 'NONE',  ( -0.000000000000000000, 0.000000000000000000, -1.000000000000000000 ) ) ;
#4830 = AXIS2_PLACEMENT_3D ( 'NONE', #9649, #8643, #5464 ) ;
#4831 = DIRECTION ( 'NONE',  ( 0.000000000000000000, -0.000000000000000000, -1.000000000000000000 ) ) ;
#4832 = CARTESIAN_POINT ( 'NONE',  ( -3.011165235168160592, 4.478679656440356815, -104.7750000000000057 ) ) ;
#4834 = EDGE_CURVE ( 'NONE', #185, #3390, #12882, .T. ) ;
#4833 = CARTESIAN_POINT ( 'NONE',  ( -8.424621202458750346, -3.000000000000001332, 198.8000000000000398 ) ) ;
#4835 = DIRECTION ( 'NONE',  ( 0.000000000000000000, 0.000000000000000000, 1.000000000000000000 ) ) ;
#4836 = LINE ( 'NONE', #1729, #4169 ) ;
#4837 = CARTESIAN_POINT ( 'NONE',  ( -9.500000000000000000, -3.000000000000001332, 304.8000000000000114 ) ) ;
#4838 = ADVANCED_FACE ( 'NONE', ( #9307 ), #6384, .T. ) ;
#4839 = ORIENTED_EDGE ( 'NONE', *, *, #4651, .F. ) ;
#4840 = PLANE ( 'NONE',  #12490 ) ;
#4841 = AXIS2_PLACEMENT_3D ( 'NONE', #9445, #362, #5634 ) ;
#4842 = VERTEX_POINT ( 'NONE', #4260 ) ;
#4843 = CARTESIAN_POINT ( 'NONE',  ( -3.000000000000000888, 8.424621202458752123, 304.8000000000000114 ) ) ;
#4844 = ADVANCED_FACE ( 'NONE', ( #3257 ), #7303, .F. ) ;
#4845 = CARTESIAN_POINT ( 'NONE',  ( -3.000000000000000888, -9.500000000000000000, 304.8000000000000114 ) ) ;
#4846 = CARTESIAN_POINT ( 'NONE',  ( 3.011165235168160592, -4.478679656440356815, 304.8000000000000114 ) ) ;
#4847 = DIRECTION ( 'NONE',  ( 1.000000000000000000, 0.000000000000000000, 0.000000000000000000 ) ) ;
#4848 = CIRCLE ( 'NONE', #9529, 0.5000000000000004441 ) ;
#4849 =( REPRESENTATION_RELATIONSHIP ('NONE','NONE', #11367, #4593 ) REPRESENTATION_RELATIONSHIP_WITH_TRANSFORMATION ( #5809 )SHAPE_REPRESENTATION_RELATIONSHIP( ) );
#4850 = DIRECTION ( 'NONE',  ( 3.304235192336776498E-16, 1.000000000000000000, 0.000000000000000000 ) ) ;
#4851 = ORIENTED_EDGE ( 'NONE', *, *, #2440, .T. ) ;
#4852 = DIRECTION ( 'NONE',  ( -2.924200878718996689E-15, -1.000000000000000000, 0.000000000000000000 ) ) ;
#4853 = VERTEX_POINT ( 'NONE', #2269 ) ;
#4854 = ORIENTED_EDGE ( 'NONE', *, *, #11351, .T. ) ;
#4855 = CARTESIAN_POINT ( 'NONE',  ( 10.00000000000000000, -3.000000000000001332, 94.79999999999999716 ) ) ;
#4856 = ORIENTED_EDGE ( 'NONE', *, *, #4074, .T. ) ;
#4857 = EDGE_LOOP ( 'NONE', ( #9975, #2019, #12622, #7046 ) ) ;
#4858 = VECTOR ( 'NONE', #3211, 1000.000000000000000 ) ;
#4859 = ORIENTED_EDGE ( 'NONE', *, *, #9752, .T. ) ;
#4860 = AXIS2_PLACEMENT_3D ( 'NONE', #11205, #12128, #1349 ) ;
#4861 = DIRECTION ( 'NONE',  ( -0.000000000000000000, 0.000000000000000000, 1.000000000000000000 ) ) ;
#4862 = DIRECTION ( 'NONE',  ( -1.000000000000000000, 0.000000000000000000, 0.000000000000000000 ) ) ;
#4863 = CARTESIAN_POINT ( 'NONE',  ( -8.424621202458750346, 2.500000000000000000, 304.8000000000000114 ) ) ;
#4864 = ORIENTED_EDGE ( 'NONE', *, *, #10631, .T. ) ;
#4865 = DIRECTION ( 'NONE',  ( -1.541976423090498986E-15, -1.000000000000000000, 0.000000000000000000 ) ) ;
#4866 = VECTOR ( 'NONE', #745, 1000.000000000000000 ) ;
#4867 = AXIS2_PLACEMENT_3D ( 'NONE', #11927, #5104, #10942 ) ;
#4868 = CLOSED_SHELL ( 'NONE', ( #6094, #1842, #9093, #231, #10782, #10404, #4664, #2018, #9812, #8675, #4633, #4904, #3963, #9306, #9912, #11308, #6354, #2297, #8581, #8404, #5476, #10561, #4004, #8378, #11700, #8022, #4366, #3702, #1194, #7624, #12228, #3861, #5412, #5444, #11554, #10406, #4576, #5280, #10280, #2545, #2169, #69, #7991, #5757, #1447, #10380, #5400, #7345, #6783, #4281, #1606, #3285, #7284, #9470, #12573, #3361, #3088, #12953, #3613, #5880, #861, #11958, #2264, #7056, #144, #10067, #9478, #8978, #2909, #8418, #11472, #6487, #1672, #9676, #2172, #5344 ) ) ;
#4869 = VERTEX_POINT ( 'NONE', #6114 ) ;
#4870 = CARTESIAN_POINT ( 'NONE',  ( -4.478679656440354151, -3.011165235168150378, 198.8000000000000398 ) ) ;
#4871 = EDGE_CURVE ( 'NONE', #886, #5591, #8096, .T. ) ;
#4872 = VERTEX_POINT ( 'NONE', #6313 ) ;
#4873 = EDGE_CURVE ( 'NONE', #2276, #3894, #1076, .T. ) ;
#4874 = CARTESIAN_POINT ( 'NONE',  ( 2.500000000000000000, 8.424621202458752123, 304.8000000000000114 ) ) ;
#4875 = CONTEXT_DEPENDENT_SHAPE_REPRESENTATION ( #1896, #9562 ) ;
#4876 = LINE ( 'NONE', #10972, #9133 ) ;
#4877 = VECTOR ( 'NONE', #3599, 1000.000000000000000 ) ;
#4878 = LINE ( 'NONE', #1969, #453 ) ;
#4879 = ORIENTED_EDGE ( 'NONE', *, *, #5326, .T. ) ;
#4880 = CIRCLE ( 'NONE', #10202, 0.5000000000000004441 ) ;
#4881 = ORIENTED_EDGE ( 'NONE', *, *, #2889, .F. ) ;
#4882 = CARTESIAN_POINT ( 'NONE',  ( -5.249999999999997335, -7.424621202458749458, 304.8000000000000114 ) ) ;
#4883 = LINE ( 'NONE', #8063, #10849 ) ;
#4884 = CARTESIAN_POINT ( 'NONE',  ( -5.603553390593272177, -7.071067811865475505, 94.79999999999999716 ) ) ;
#4885 = CIRCLE ( 'NONE', #10199, 1.749999999999999778 ) ;
#4886 = DIRECTION ( 'NONE',  ( 1.000000000000000000, 0.000000000000000000, 0.000000000000000000 ) ) ;
#4887 = VECTOR ( 'NONE', #10961, 1000.000000000000000 ) ;
#4888 = CARTESIAN_POINT ( 'NONE',  ( -2.500000000000000444, 9.500000000000000000, 304.8000000000000114 ) ) ;
#4889 = VERTEX_POINT ( 'NONE', #4122 ) ;
#4890 = ORIENTED_EDGE ( 'NONE', *, *, #7395, .T. ) ;
#4891 = AXIS2_PLACEMENT_3D ( 'NONE', #11690, #6662, #2487 ) ;
#4892 = CARTESIAN_POINT ( 'NONE',  ( 10.00000000000000000, 3.000000000000001332, -24.77500000000004832 ) ) ;
#4893 = DIRECTION ( 'NONE',  ( -1.000000000000000000, 0.000000000000000000, 0.000000000000000000 ) ) ;
#4894 = EDGE_CURVE ( 'NONE', #9300, #2940, #10368, .T. ) ;
#4895 = DIRECTION ( 'NONE',  ( -0.000000000000000000, 0.000000000000000000, -1.000000000000000000 ) ) ;
#4896 = DIRECTION ( 'NONE',  ( -0.000000000000000000, -0.000000000000000000, -1.000000000000000000 ) ) ;
#4897 = CARTESIAN_POINT ( 'NONE',  ( 3.600000000000000089, 0.000000000000000000, -104.7750000000000057 ) ) ;
#4898 = VECTOR ( 'NONE', #2577, 1000.000000000000000 ) ;
#4899 = DIRECTION ( 'NONE',  ( -0.000000000000000000, -0.000000000000000000, -1.000000000000000000 ) ) ;
#4900 = CARTESIAN_POINT ( 'NONE',  ( 0.8898448916085185401, -3.600000000000000533, 304.8000000000000114 ) ) ;
#4901 = ORIENTED_EDGE ( 'NONE', *, *, #3404, .T. ) ;
#4902 = VECTOR ( 'NONE', #11158, 1000.000000000000000 ) ;
#4903 = LINE ( 'NONE', #998, #12406 ) ;
#4904 = ADVANCED_FACE ( 'NONE', ( #5310 ), #9377, .F. ) ;
#4905 = VECTOR ( 'NONE', #11593, 1000.000000000000000 ) ;
#4906 = ORIENTED_EDGE ( 'NONE', *, *, #11184, .F. ) ;
#4907 = AXIS2_PLACEMENT_3D ( 'NONE', #12098, #8937, #3821 ) ;
#4908 = EDGE_CURVE ( 'NONE', #13071, #3081, #11724, .T. ) ;
#4909 = CARTESIAN_POINT ( 'NONE',  ( -5.603553390593272177, 7.071067811865475505, 304.8000000000000114 ) ) ;
#4910 = AXIS2_PLACEMENT_3D ( 'NONE', #6386, #10305, #1351 ) ;
#4911 = DIRECTION ( 'NONE',  ( -0.000000000000000000, -0.000000000000000000, -1.000000000000000000 ) ) ;
#4912 = VERTEX_POINT ( 'NONE', #8685 ) ;
#4913 = DIRECTION ( 'NONE',  ( -0.000000000000000000, 0.000000000000000000, -1.000000000000000000 ) ) ;
#4914 = ADVANCED_FACE ( 'NONE', ( #9443 ), #12526, .F. ) ;
#4915 = CARTESIAN_POINT ( 'NONE',  ( 8.424621202458750346, -2.500000000000000000, 304.8000000000000114 ) ) ;
#4916 = CIRCLE ( 'NONE', #10011, 0.5000000000000004441 ) ;
#4917 = CARTESIAN_POINT ( 'NONE',  ( 4.478679656440354151, 3.011165235168150378, 304.8000000000000114 ) ) ;
#4918 = CARTESIAN_POINT ( 'NONE',  ( -4.478679656440354151, 3.011165235168150378, 304.8000000000000114 ) ) ;
#4919 = ORIENTED_EDGE ( 'NONE', *, *, #3805, .F. ) ;
#4920 = DIRECTION ( 'NONE',  ( -1.000000000000000000, 0.000000000000000000, 0.000000000000000000 ) ) ;
#4921 = EDGE_CURVE ( 'NONE', #6733, #4222, #10497, .T. ) ;
#4922 = ORIENTED_EDGE ( 'NONE', *, *, #262, .T. ) ;
#4923 = ORIENTED_EDGE ( 'NONE', *, *, #5711, .T. ) ;
#4924 = DIRECTION ( 'NONE',  ( -0.000000000000000000, -0.000000000000000000, -1.000000000000000000 ) ) ;
#4925 = AXIS2_PLACEMENT_3D ( 'NONE', #7000, #10135, #11246 ) ;
#4926 = EDGE_LOOP ( 'NONE', ( #8571, #1081, #7744, #12581 ) ) ;
#4927 = VECTOR ( 'NONE', #1590, 1000.000000000000000 ) ;
#4928 = ORIENTED_EDGE ( 'NONE', *, *, #490, .F. ) ;
#4929 = CARTESIAN_POINT ( 'NONE',  ( 7.924621202458747682, 5.249999999999995559, -20.77500000000004476 ) ) ;
#4930 = DIRECTION ( 'NONE',  ( -1.000000000000000000, 0.000000000000000000, 0.000000000000000000 ) ) ;
#4931 = ORIENTED_EDGE ( 'NONE', *, *, #13013, .F. ) ;
#4932 = CARTESIAN_POINT ( 'NONE',  ( 8.424621202458750346, 3.000000000000001332, 304.8000000000000114 ) ) ;
#4933 = ADVANCED_FACE ( 'NONE', ( #486 ), #1534, .F. ) ;
#4934 = VERTEX_POINT ( 'NONE', #7501 ) ;
#4935 = LINE ( 'NONE', #11032, #3660 ) ;
#4936 = CIRCLE ( 'NONE', #6636, 0.5000000000000004441 ) ;
#4937 = EDGE_CURVE ( 'NONE', #2649, #5419, #12709, .T. ) ;
#4938 = DIRECTION ( 'NONE',  ( -1.000000000000000000, 0.000000000000000000, 0.000000000000000000 ) ) ;
#4939 = EDGE_LOOP ( 'NONE', ( #3444, #11195, #7442, #5523 ) ) ;
#4940 = ORIENTED_EDGE ( 'NONE', *, *, #4387, .T. ) ;
#4941 = CARTESIAN_POINT ( 'NONE',  ( 3.000000000000000888, -8.424621202458752123, 198.8000000000000398 ) ) ;
#4942 = DIRECTION ( 'NONE',  ( -0.7071067811865465735, -0.7071067811865483499, 0.000000000000000000 ) ) ;
#4943 = DIRECTION ( 'NONE',  ( -0.000000000000000000, -0.000000000000000000, -1.000000000000000000 ) ) ;
#4944 = CIRCLE ( 'NONE', #11711, 2.999999999999999556 ) ;
#4945 = VECTOR ( 'NONE', #12277, 1000.000000000000000 ) ;
#4946 = DIRECTION ( 'NONE',  ( -0.000000000000000000, -0.000000000000000000, -1.000000000000000000 ) ) ;
#4947 = ORIENTED_EDGE ( 'NONE', *, *, #8605, .F. ) ;
#4948 = EDGE_CURVE ( 'NONE', #6879, #6255, #3640, .T. ) ;
#4949 = EDGE_CURVE ( 'NONE', #3481, #12139, #8439, .T. ) ;
#4950 = ORIENTED_EDGE ( 'NONE', *, *, #11874, .T. ) ;
#4951 = EDGE_CURVE ( 'NONE', #11371, #5976, #10740, .T. ) ;
#4952 = LINE ( 'NONE', #8933, #7470 ) ;
#4953 = CARTESIAN_POINT ( 'NONE',  ( -10.00000000000000000, -3.000000000000001332, 94.79999999999999716 ) ) ;
#4954 = DIRECTION ( 'NONE',  ( -0.000000000000000000, 0.000000000000000000, -1.000000000000000000 ) ) ;
#4955 = CARTESIAN_POINT ( 'NONE',  ( 3.011165235168161036, -4.478679656440357704, 94.79999999999999716 ) ) ;
#4956 = CARTESIAN_POINT ( 'NONE',  ( 7.071067811865473729, -5.603553390593270400, 304.8000000000000114 ) ) ;
#4957 = ORIENTED_EDGE ( 'NONE', *, *, #1217, .F. ) ;
#4958 = UNCERTAINTY_MEASURE_WITH_UNIT (LENGTH_MEASURE( 1.000000000000000082E-05 ), #10388, 'distance_accuracy_value', 'NONE');
#4959 = ORIENTED_EDGE ( 'NONE', *, *, #9261, .T. ) ;
#4960 = EDGE_CURVE ( 'NONE', #8843, #311, #6635, .T. ) ;
#4961 = FACE_OUTER_BOUND ( 'NONE', #10899, .T. ) ;
#4962 = EDGE_CURVE ( 'NONE', #3910, #12690, #1592, .T. ) ;
#4963 = LINE ( 'NONE', #10875, #11683 ) ;
#4964 = FACE_OUTER_BOUND ( 'NONE', #1657, .T. ) ;
#4965 = DIRECTION ( 'NONE',  ( 0.7071067811865465735, 0.7071067811865483499, 0.000000000000000000 ) ) ;
#4966 = CARTESIAN_POINT ( 'NONE',  ( 3.011165235168160592, 4.478679656440356815, 304.8000000000000114 ) ) ;
#4967 = DIRECTION ( 'NONE',  ( 0.000000000000000000, 0.000000000000000000, 1.000000000000000000 ) ) ;
#4968 = ORIENTED_EDGE ( 'NONE', *, *, #24, .T. ) ;
#4969 = DIRECTION ( 'NONE',  ( -1.541976423090498986E-15, 1.000000000000000000, 0.000000000000000000 ) ) ;
#4970 = ORIENTED_EDGE ( 'NONE', *, *, #2911, .F. ) ;
#4971 = FACE_OUTER_BOUND ( 'NONE', #2181, .T. ) ;
#4972 = CARTESIAN_POINT ( 'NONE',  ( -3.011165235168160592, -4.478679656440357704, 304.8000000000000114 ) ) ;
#4973 = ORIENTED_EDGE ( 'NONE', *, *, #6821, .F. ) ;
#4974 = DIRECTION ( 'NONE',  ( 1.000000000000000000, 0.000000000000000000, 0.000000000000000000 ) ) ;
#4975 = PLANE ( 'NONE',  #6976 ) ;
#4976 = EDGE_CURVE ( 'NONE', #5124, #12580, #4638, .T. ) ;
#4977 = ORIENTED_EDGE ( 'NONE', *, *, #4822, .T. ) ;
#4978 = DIRECTION ( 'NONE',  ( 0.000000000000000000, -0.000000000000000000, -1.000000000000000000 ) ) ;
#4980 = VECTOR ( 'NONE', #6367, 1000.000000000000000 ) ;
#4979 = CARTESIAN_POINT ( 'NONE',  ( 8.424621202458750346, -3.000000000000001332, -104.7750000000000057 ) ) ;
#4981 = EDGE_CURVE ( 'NONE', #10968, #2357, #3507, .T. ) ;
#4982 = VERTEX_POINT ( 'NONE', #10619 ) ;
#4983 = CARTESIAN_POINT ( 'NONE',  ( -4.478679656440354151, 3.011165235168150378, 304.8000000000000114 ) ) ;
#4984 = ORIENTED_EDGE ( 'NONE', *, *, #10076, .T. ) ;
#4985 = LINE ( 'NONE', #887, #8621 ) ;
#4986 = VERTEX_POINT ( 'NONE', #12645 ) ;
#4987 = ORIENTED_EDGE ( 'NONE', *, *, #5795, .T. ) ;
#4988 = EDGE_CURVE ( 'NONE', #4006, #12773, #5632, .T. ) ;
#4989 = FACE_OUTER_BOUND ( 'NONE', #2934, .T. ) ;
#4990 = ORIENTED_EDGE ( 'NONE', *, *, #292, .T. ) ;
#4991 = VERTEX_POINT ( 'NONE', #12456 ) ;
#4992 = LINE ( 'NONE', #12004, #5958 ) ;
#4993 = DIRECTION ( 'NONE',  ( -0.000000000000000000, 0.000000000000000000, 1.000000000000000000 ) ) ;
#4994 = VECTOR ( 'NONE', #348, 1000.000000000000000 ) ;
#4995 = LINE ( 'NONE', #1820, #12299 ) ;
#4996 = VERTEX_POINT ( 'NONE', #10556 ) ;
#4997 = ADVANCED_FACE ( 'NONE', ( #3381 ), #420, .F. ) ;
#4998 = CARTESIAN_POINT ( 'NONE',  ( 3.000000000000000888, -8.424621202458752123, 94.79999999999999716 ) ) ;
#4999 = CYLINDRICAL_SURFACE ( 'NONE', #1836, 2.150000000000012790 ) ;
#5000 = VECTOR ( 'NONE', #10279, 1000.000000000000000 ) ;
#5001 = ORIENTED_EDGE ( 'NONE', *, *, #7296, .T. ) ;
#5002 = ORIENTED_EDGE ( 'NONE', *, *, #8962, .T. ) ;
#5003 = AXIS2_PLACEMENT_3D ( 'NONE', #3714, #11792, #2712 ) ;
#5004 = EDGE_CURVE ( 'NONE', #5020, #5117, #6818, .T. ) ;
#5005 = CARTESIAN_POINT ( 'NONE',  ( -7.924621202458749458, 3.000000000000001332, 198.8000000000000398 ) ) ;
#5006 = ITEM_DEFINED_TRANSFORMATION ( 'NONE', 'NONE', #5540,  #3417 ) ;
#5007 = DIRECTION ( 'NONE',  ( 1.541976423090498986E-15, 1.000000000000000000, 0.000000000000000000 ) ) ;
#5008 = DIRECTION ( 'NONE',  ( -0.000000000000000000, -0.000000000000000000, -1.000000000000000000 ) ) ;
#5009 = CYLINDRICAL_SURFACE ( 'NONE', #5945, 0.5000000000000013323 ) ;
#5010 = EDGE_LOOP ( 'NONE', ( #5314, #6083, #12729, #977 ) ) ;
#5011 = ORIENTED_EDGE ( 'NONE', *, *, #1126, .F. ) ;
#5012 = EDGE_CURVE ( 'NONE', #3356, #10111, #276, .T. ) ;
#5013 = ORIENTED_EDGE ( 'NONE', *, *, #162, .F. ) ;
#5014 = CARTESIAN_POINT ( 'NONE',  ( 0.8898448916085185401, 3.600000000000000533, 304.8000000000000114 ) ) ;
#5015 = DIRECTION ( 'NONE',  ( -0.000000000000000000, -0.000000000000000000, -1.000000000000000000 ) ) ;
#5016 = CARTESIAN_POINT ( 'NONE',  ( -4.478679656440354151, -3.011165235168150378, 304.8000000000000114 ) ) ;
#5017 = CYLINDRICAL_SURFACE ( 'NONE', #7369, 0.5000000000000004441 ) ;
#5018 = VERTEX_POINT ( 'NONE', #9631 ) ;
#5019 = VECTOR ( 'NONE', #10376, 1000.000000000000000 ) ;
#5020 = VERTEX_POINT ( 'NONE', #543 ) ;
#5021 =( REPRESENTATION_RELATIONSHIP ('NONE','NONE', #11367, #7647 ) REPRESENTATION_RELATIONSHIP_WITH_TRANSFORMATION ( #5611 )SHAPE_REPRESENTATION_RELATIONSHIP( ) );
#5022 = DIRECTION ( 'NONE',  ( 0.000000000000000000, 0.000000000000000000, -1.000000000000000000 ) ) ;
#5023 = CARTESIAN_POINT ( 'NONE',  ( -8.250000000000000000, 10.00000000000000178, -24.77500000000004832 ) ) ;
#5024 = PLANE ( 'NONE',  #2390 ) ;
#5025 = CARTESIAN_POINT ( 'NONE',  ( -3.600000000000000089, 0.000000000000000000, 304.8000000000000114 ) ) ;
#5026 = CARTESIAN_POINT ( 'NONE',  ( 0.8898448916085185401, 6.599999999999999645, 304.8000000000000114 ) ) ;
#5027 = FACE_OUTER_BOUND ( 'NONE', #3340, .T. ) ;
#5028 = CARTESIAN_POINT ( 'NONE',  ( -8.424621202458750346, 2.500000000000000000, 304.8000000000000114 ) ) ;
#5029 = CARTESIAN_POINT ( 'NONE',  ( 3.000000000000000888, 7.924621202458751235, 198.8000000000000398 ) ) ;
#5030 = EDGE_CURVE ( 'NONE', #9122, #11912, #6948, .T. ) ;
#5031 = VERTEX_POINT ( 'NONE', #3966 ) ;
#5032 = EDGE_CURVE ( 'NONE', #10216, #9492, #1536, .T. ) ;
#5033 = AXIS2_PLACEMENT_3D ( 'NONE', #526, #1573, #6728 ) ;
#5034 = CARTESIAN_POINT ( 'NONE',  ( -3.000000000000000888, 9.500000000000000000, 304.8000000000000114 ) ) ;
#5035 = CARTESIAN_POINT ( 'NONE',  ( -3.011165235168160592, 4.478679656440357704, 304.8000000000000114 ) ) ;
#5036 = EDGE_LOOP ( 'NONE', ( #10853, #6122, #5238, #4336 ) ) ;
#5037 = DIRECTION ( 'NONE',  ( -0.000000000000000000, 0.000000000000000000, -1.000000000000000000 ) ) ;
#5038 = CARTESIAN_POINT ( 'NONE',  ( 8.424621202458750346, 3.000000000000001332, 304.8000000000000114 ) ) ;
#5039 = CYLINDRICAL_SURFACE ( 'NONE', #7324, 0.5000000000000004441 ) ;
#5040 = AXIS2_PLACEMENT_3D ( 'NONE', #5792, #12858, #4064 ) ;
#5041 = CARTESIAN_POINT ( 'NONE',  ( -3.600000000000000089, 0.000000000000000000, 94.79999999999999716 ) ) ;
#5042 = ORIENTED_EDGE ( 'NONE', *, *, #3260, .F. ) ;
#5043 = DIRECTION ( 'NONE',  ( 1.000000000000000000, -1.541976423090498986E-15, 0.000000000000000000 ) ) ;
#5044 = ORIENTED_EDGE ( 'NONE', *, *, #9008, .T. ) ;
#5045 = DIRECTION ( 'NONE',  ( 1.000000000000000000, 0.000000000000000000, 0.000000000000000000 ) ) ;
#5046 = ORIENTED_EDGE ( 'NONE', *, *, #11719, .T. ) ;
#5047 = EDGE_LOOP ( 'NONE', ( #7156, #11961, #10852, #229 ) ) ;
#5048 = DIRECTION ( 'NONE',  ( -0.000000000000000000, -0.000000000000000000, -1.000000000000000000 ) ) ;
#5049 = ORIENTED_EDGE ( 'NONE', *, *, #2820, .F. ) ;
#5050 = EDGE_LOOP ( 'NONE', ( #10395, #6541, #1162, #167, #3161, #7846, #12066, #4753, #10040, #2838, #8712, #4608, #11618, #2236, #11624, #12758, #73, #5324, #4494, #6958, #7711, #5194, #4139, #11282, #4337, #1815, #11255, #2536, #13058, #7248, #10897, #1159, #11938, #7818, #2360, #1686, #4856, #6892, #9411, #10250, #7902, #11215, #5852, #12794, #12381, #9112, #11953, #14, #4940, #12198, #11410, #10845, #7363, #11294, #7539, #830, #3030, #10381, #7044, #10893, #1326, #4890, #10460, #3907, #7184, #227, #11937, #12736, #10025, #6864, #2995, #6943 ) ) ;
#5051 = LINE ( 'NONE', #7250, #46 ) ;
#5052 = AXIS2_PLACEMENT_3D ( 'NONE', #10622, #8820, #10744 ) ;
#5053 = DIRECTION ( 'NONE',  ( -0.7071067811865474617, -0.7071067811865476838, 0.000000000000000000 ) ) ;
#5054 = VERTEX_POINT ( 'NONE', #5767 ) ;
#5055 = DIRECTION ( 'NONE',  ( -1.000000000000000000, -3.304235192336776498E-16, 0.000000000000000000 ) ) ;
#5056 = ORIENTED_EDGE ( 'NONE', *, *, #3038, .F. ) ;
#5057 = DIRECTION ( 'NONE',  ( 0.000000000000000000, -0.000000000000000000, -1.000000000000000000 ) ) ;
#5058 = ADVANCED_FACE ( 'NONE', ( #10989 ), #3900, .T. ) ;
#5059 = CARTESIAN_POINT ( 'NONE',  ( -9.500000000000000000, -2.500000000000000000, -24.77500000000004832 ) ) ;
#5060 = FACE_OUTER_BOUND ( 'NONE', #608, .T. ) ;
#5061 = VECTOR ( 'NONE', #6623, 1000.000000000000000 ) ;
#5062 = ORIENTED_EDGE ( 'NONE', *, *, #12018, .F. ) ;
#5063 = ORIENTED_EDGE ( 'NONE', *, *, #9067, .T. ) ;
#5064 = DIRECTION ( 'NONE',  ( -1.000000000000000000, 0.000000000000000000, 0.000000000000000000 ) ) ;
#5065 = ITEM_DEFINED_TRANSFORMATION ( 'NONE', 'NONE', #48,  #3417 ) ;
#5066 = DIRECTION ( 'NONE',  ( -0.000000000000000000, -0.000000000000000000, -1.000000000000000000 ) ) ;
#5067 = EDGE_CURVE ( 'NONE', #9448, #7671, #12095, .T. ) ;
#5068 = CARTESIAN_POINT ( 'NONE',  ( -8.250000000000000000, -8.250000000000000000, -24.77500000000004832 ) ) ;
#5069 = VERTEX_POINT ( 'NONE', #1851 ) ;
#5070 = DIRECTION ( 'NONE',  ( -1.000000000000000000, 3.304235192336776498E-16, 0.000000000000000000 ) ) ;
#5071 = VERTEX_POINT ( 'NONE', #862 ) ;
#5072 = EDGE_CURVE ( 'NONE', #11556, #6653, #8006, .T. ) ;
#5073 = ORIENTED_EDGE ( 'NONE', *, *, #9188, .F. ) ;
#5074 = ORIENTED_EDGE ( 'NONE', *, *, #9146, .T. ) ;
#5075 = AXIS2_PLACEMENT_3D ( 'NONE', #166, #2006, #13054 ) ;
#5076 = ORIENTED_EDGE ( 'NONE', *, *, #1047, .F. ) ;
#5077 = AXIS2_PLACEMENT_3D ( 'NONE', #1209, #5241, #355 ) ;
#5078 = CIRCLE ( 'NONE', #435, 0.5000000000000004441 ) ;
#5079 = EDGE_CURVE ( 'NONE', #3263, #1113, #7658, .T. ) ;
#5080 = DIRECTION ( 'NONE',  ( -1.000000000000000000, 0.000000000000000000, 0.000000000000000000 ) ) ;
#5081 = FILL_AREA_STYLE ('',( #3890 ) ) ;
#5082 = CARTESIAN_POINT ( 'NONE',  ( -1.257674520083185143E-14, 1.257674520083185143E-14, 304.8000000000000114 ) ) ;
#5083 = DIRECTION ( 'NONE',  ( 0.000000000000000000, -1.000000000000000000, 0.000000000000000000 ) ) ;
#5084 = EDGE_CURVE ( 'NONE', #8874, #8530, #5696, .T. ) ;
#5085 = AXIS2_PLACEMENT_3D ( 'NONE', #7819, #6698, #11856 ) ;
#5086 = AXIS2_PLACEMENT_3D ( 'NONE', #7971, #7842, #9977 ) ;
#5087 = EDGE_LOOP ( 'NONE', ( #12449, #8233, #4161, #1182 ) ) ;
#5088 = ORIENTED_EDGE ( 'NONE', *, *, #2123, .T. ) ;
#5089 = CARTESIAN_POINT ( 'NONE',  ( -0.8898448916085185401, 6.599999999999999645, 304.8000000000000114 ) ) ;
#5090 = DIRECTION ( 'NONE',  ( 1.000000000000000000, 3.304235192336776498E-16, 0.000000000000000000 ) ) ;
#5091 = EDGE_CURVE ( 'NONE', #9864, #8403, #671, .T. ) ;
#5092 = FACE_OUTER_BOUND ( 'NONE', #7770, .T. ) ;
#5093 = AXIS2_PLACEMENT_3D ( 'NONE', #10384, #10632, #2411 ) ;
#5095 = AXIS2_PLACEMENT_3D ( 'NONE', #5210, #9273, #11107 ) ;
#5094 = CARTESIAN_POINT ( 'NONE',  ( 10.00000000000000000, 3.000000000000001332, 94.79999999999999716 ) ) ;
#5096 = CARTESIAN_POINT ( 'NONE',  ( -5.249999999999997335, 7.424621202458749458, 304.8000000000000114 ) ) ;
#5097 = CARTESIAN_POINT ( 'NONE',  ( 7.924621202458747682, -5.249999999999995559, 304.8000000000000114 ) ) ;
#5098 = DIRECTION ( 'NONE',  ( 8.065639195895844836E-16, 1.000000000000000000, 0.000000000000000000 ) ) ;
#5099 = CARTESIAN_POINT ( 'NONE',  ( 3.000000000000000888, -7.924621202458751235, -24.77500000000004832 ) ) ;
#5100 = EDGE_LOOP ( 'NONE', ( #2091, #6802, #1154, #1890 ) ) ;
#5101 = ORIENTED_EDGE ( 'NONE', *, *, #10631, .F. ) ;
#5102 = VECTOR ( 'NONE', #4502, 1000.000000000000000 ) ;
#5103 = CIRCLE ( 'NONE', #1942, 0.4999999999999995559 ) ;
#5104 = DIRECTION ( 'NONE',  ( -1.000000000000000000, 8.065639195895846808E-16, 0.000000000000000000 ) ) ;
#5105 = LINE ( 'NONE', #5035, #3832 ) ;
#5106 = VERTEX_POINT ( 'NONE', #11918 ) ;
#5107 = CARTESIAN_POINT ( 'NONE',  ( 7.924621202458749458, 3.000000000000001332, 198.8000000000000398 ) ) ;
#5108 = AXIS2_PLACEMENT_3D ( 'NONE', #12303, #5222, #8274 ) ;
#5109 = EDGE_CURVE ( 'NONE', #4544, #5591, #1327, .T. ) ;
#5110 = DIRECTION ( 'NONE',  ( 0.000000000000000000, 0.000000000000000000, -1.000000000000000000 ) ) ;
#5111 = EDGE_CURVE ( 'NONE', #10763, #10134, #7812, .T. ) ;
#5112 = EDGE_CURVE ( 'NONE', #11111, #10493, #11848, .T. ) ;
#5113 = CIRCLE ( 'NONE', #1732, 0.4999999999999995559 ) ;
#5115 = AXIS2_PLACEMENT_3D ( 'NONE', #10683, #9753, #5829 ) ;
#5114 = DIRECTION ( 'NONE',  ( -1.000000000000000000, 0.000000000000000000, 0.000000000000000000 ) ) ;
#5116 = LINE ( 'NONE', #5041, #6129 ) ;
#5117 = VERTEX_POINT ( 'NONE', #8879 ) ;
#5118 = CARTESIAN_POINT ( 'NONE',  ( -3.599999999999997424, -0.8898448916085081040, 304.8000000000000114 ) ) ;
#5119 = VERTEX_POINT ( 'NONE', #7748 ) ;
#5120 = CARTESIAN_POINT ( 'NONE',  ( -5.249999999999997335, -7.424621202458749458, -24.77500000000004832 ) ) ;
#5121 = EDGE_LOOP ( 'NONE', ( #11020, #6970, #8356, #5876 ) ) ;
#5122 = VERTEX_POINT ( 'NONE', #6826 ) ;
#5123 = CARTESIAN_POINT ( 'NONE',  ( 8.424621202458750346, 2.500000000000000000, 304.8000000000000114 ) ) ;
#5124 = VERTEX_POINT ( 'NONE', #5894 ) ;
#5125 = ORIENTED_EDGE ( 'NONE', *, *, #12937, .F. ) ;
#5126 = CARTESIAN_POINT ( 'NONE',  ( -3.599999999999997424, 0.8898448916085081040, -20.77500000000004476 ) ) ;
#5127 = VECTOR ( 'NONE', #11061, 1000.000000000000000 ) ;
#5128 = DIRECTION ( 'NONE',  ( -1.000000000000000000, 0.000000000000000000, 0.000000000000000000 ) ) ;
#5129 = ORIENTED_EDGE ( 'NONE', *, *, #6400, .T. ) ;
#5130 = PLANE ( 'NONE',  #1940 ) ;
#5131 = ORIENTED_EDGE ( 'NONE', *, *, #4518, .F. ) ;
#5132 = CARTESIAN_POINT ( 'NONE',  ( 8.424621202458750346, -3.000000000000001332, 304.8000000000000114 ) ) ;
#5133 = DIRECTION ( 'NONE',  ( -1.000000000000000000, 0.000000000000000000, 0.000000000000000000 ) ) ;
#5134 = VECTOR ( 'NONE', #404, 1000.000000000000000 ) ;
#5135 = LINE ( 'NONE', #5337, #3951 ) ;
#5136 = AXIS2_PLACEMENT_3D ( 'NONE', #971, #7064, #2026 ) ;
#5137 = VERTEX_POINT ( 'NONE', #9825 ) ;
#5138 = ORIENTED_EDGE ( 'NONE', *, *, #5079, .T. ) ;
#5139 = CARTESIAN_POINT ( 'NONE',  ( -3.000000000000000888, 8.424621202458752123, 304.8000000000000114 ) ) ;
#5140 = PLANE ( 'NONE',  #903 ) ;
#5141 = CARTESIAN_POINT ( 'NONE',  ( -3.000000000000000888, -10.00000000000000000, 304.8000000000000114 ) ) ;
#5142 = ORIENTED_EDGE ( 'NONE', *, *, #8452, .F. ) ;
#5143 = FACE_OUTER_BOUND ( 'NONE', #1873, .T. ) ;
#5144 = EDGE_LOOP ( 'NONE', ( #1680, #4007, #8222, #12802 ) ) ;
#5145 = CIRCLE ( 'NONE', #5360, 0.5000000000000013323 ) ;
#5146 = ORIENTED_EDGE ( 'NONE', *, *, #10985, .T. ) ;
#5147 = VECTOR ( 'NONE', #11335, 1000.000000000000000 ) ;
#5148 = CARTESIAN_POINT ( 'NONE',  ( -7.071067811865473729, 5.603553390593270400, 304.8000000000000114 ) ) ;
#5149 = EDGE_CURVE ( 'NONE', #10399, #12417, #4963, .T. ) ;
#5150 = DIRECTION ( 'NONE',  ( 0.000000000000000000, 0.000000000000000000, -1.000000000000000000 ) ) ;
#5151 = ORIENTED_EDGE ( 'NONE', *, *, #7452, .F. ) ;
#5152 = CARTESIAN_POINT ( 'NONE',  ( -7.924621202458749458, -3.000000000000001332, 304.8000000000000114 ) ) ;
#5153 = EDGE_CURVE ( 'NONE', #8198, #9036, #5761, .T. ) ;
#5154 = DIRECTION ( 'NONE',  ( -0.000000000000000000, 0.000000000000000000, -1.000000000000000000 ) ) ;
#5155 = CIRCLE ( 'NONE', #6842, 1.749999999999999778 ) ;
#5156 = CARTESIAN_POINT ( 'NONE',  ( 53.84411853037602214, 460.4108796227575340, 17.49769795522465543 ) ) ;
#5157 = VECTOR ( 'NONE', #10602, 1000.000000000000000 ) ;
#5158 = ORIENTED_EDGE ( 'NONE', *, *, #12362, .T. ) ;
#5159 = EDGE_CURVE ( 'NONE', #7928, #7247, #9944, .T. ) ;
#5160 = ORIENTED_EDGE ( 'NONE', *, *, #774, .T. ) ;
#5161 = LINE ( 'NONE', #8145, #5978 ) ;
#5162 = FACE_OUTER_BOUND ( 'NONE', #5478, .T. ) ;
#5163 = AXIS2_PLACEMENT_3D ( 'NONE', #11192, #8363, #11262 ) ;
#5164 = CARTESIAN_POINT ( 'NONE',  ( 5.249999999999997335, 7.924621202458751235, 304.8000000000000114 ) ) ;
#5165 = EDGE_CURVE ( 'NONE', #4356, #9351, #11064, .T. ) ;
#5166 = CARTESIAN_POINT ( 'NONE',  ( 3.011165235168160592, -4.478679656440357704, 304.8000000000000114 ) ) ;
#5167 = CARTESIAN_POINT ( 'NONE',  ( -3.011165235168160592, 4.478679656440356815, 304.8000000000000114 ) ) ;
#5168 = CARTESIAN_POINT ( 'NONE',  ( -10.00000000000000000, 3.000000000000001332, -104.7750000000000057 ) ) ;
#5169 = DIRECTION ( 'NONE',  ( -1.000000000000000000, 3.304235192336776498E-16, 0.000000000000000000 ) ) ;
#5170 = EDGE_LOOP ( 'NONE', ( #1068, #8644, #9418, #5173 ) ) ;
#5171 = ORIENTED_EDGE ( 'NONE', *, *, #4501, .F. ) ;
#5172 = EDGE_CURVE ( 'NONE', #9063, #7838, #12777, .T. ) ;
#5173 = ORIENTED_EDGE ( 'NONE', *, *, #11571, .T. ) ;
#5174 = DIRECTION ( 'NONE',  ( 1.000000000000000000, 0.000000000000000000, 0.000000000000000000 ) ) ;
#5175 = CARTESIAN_POINT ( 'NONE',  ( -7.071067811865473729, -5.603553390593270400, 304.8000000000000114 ) ) ;
#5176 = LINE ( 'NONE', #1005, #300 ) ;
#5177 = EDGE_CURVE ( 'NONE', #12139, #11550, #11266, .T. ) ;
#5178 = CARTESIAN_POINT ( 'NONE',  ( 2.500000000000000444, -9.500000000000000000, 94.79999999999999716 ) ) ;
#5179 = LINE ( 'NONE', #5991, #11332 ) ;
#5180 = DIRECTION ( 'NONE',  ( -1.000000000000000000, 0.000000000000000000, 0.000000000000000000 ) ) ;
#5181 = ORIENTED_EDGE ( 'NONE', *, *, #9463, .F. ) ;
#5182 = DIRECTION ( 'NONE',  ( 0.000000000000000000, 0.000000000000000000, -1.000000000000000000 ) ) ;
#5183 = ORIENTED_EDGE ( 'NONE', *, *, #10905, .F. ) ;
#5184 = DIRECTION ( 'NONE',  ( -1.000000000000000000, 3.304235192336776498E-16, 0.000000000000000000 ) ) ;
#5185 = ORIENTED_EDGE ( 'NONE', *, *, #750, .T. ) ;
#5186 = ORIENTED_EDGE ( 'NONE', *, *, #8127, .T. ) ;
#5187 = LINE ( 'NONE', #12337, #5467 ) ;
#5188 = ORIENTED_EDGE ( 'NONE', *, *, #1453, .T. ) ;
#5189 = EDGE_CURVE ( 'NONE', #8344, #10009, #2784, .T. ) ;
#5190 = ORIENTED_EDGE ( 'NONE', *, *, #3523, .T. ) ;
#5191 = CARTESIAN_POINT ( 'NONE',  ( 0.8898448916085185401, -3.600000000000000533, 198.8000000000000398 ) ) ;
#5192 = DIRECTION ( 'NONE',  ( -1.000000000000000000, 1.541976423090498986E-15, 0.000000000000000000 ) ) ;
#5193 = FACE_OUTER_BOUND ( 'NONE', #2097, .T. ) ;
#5194 = ORIENTED_EDGE ( 'NONE', *, *, #6859, .T. ) ;
#5195 = CARTESIAN_POINT ( 'NONE',  ( -3.000000000000000888, 9.500000000000000000, -24.77500000000004832 ) ) ;
#5196 = AXIS2_PLACEMENT_3D ( 'NONE', #26, #7035, #2742 ) ;
#5197 = FACE_OUTER_BOUND ( 'NONE', #10232, .T. ) ;
#5198 = PRODUCT ( 'AL106_5537T104', 'AL106_5537T104', '', ( #5548 ) ) ;
#5199 = CARTESIAN_POINT ( 'NONE',  ( -8.250000000000000000, 8.250000000000000000, 94.79999999999999716 ) ) ;
#5200 = ORIENTED_EDGE ( 'NONE', *, *, #2705, .T. ) ;
#5201 = CYLINDRICAL_SURFACE ( 'NONE', #10326, 0.5000000000000013323 ) ;
#5202 = ORIENTED_EDGE ( 'NONE', *, *, #2468, .F. ) ;
#5203 = ORIENTED_EDGE ( 'NONE', *, *, #2737, .F. ) ;
#5204 = DIRECTION ( 'NONE',  ( 0.000000000000000000, 0.000000000000000000, 1.000000000000000000 ) ) ;
#5205 = CARTESIAN_POINT ( 'NONE',  ( -3.000000000000000888, 10.00000000000000000, 198.8000000000000398 ) ) ;
#5206 = EDGE_CURVE ( 'NONE', #10022, #8568, #6165, .T. ) ;
#5207 = EDGE_CURVE ( 'NONE', #6486, #12180, #3168, .T. ) ;
#5208 = CIRCLE ( 'NONE', #12173, 2.999999999999999556 ) ;
#5209 = EDGE_CURVE ( 'NONE', #465, #3603, #6202, .T. ) ;
#5210 = CARTESIAN_POINT ( 'NONE',  ( -8.424621202458750346, -3.000000000000001332, 304.8000000000000114 ) ) ;
#5211 = ORIENTED_EDGE ( 'NONE', *, *, #8891, .F. ) ;
#5212 = DIRECTION ( 'NONE',  ( 4.873668131198272923E-16, -1.000000000000000000, 0.000000000000000000 ) ) ;
#5213 = ORIENTED_EDGE ( 'NONE', *, *, #8281, .T. ) ;
#5214 = VERTEX_POINT ( 'NONE', #8361 ) ;
#5215 = CARTESIAN_POINT ( 'NONE',  ( -7.924621202458747682, 5.249999999999995559, 304.8000000000000114 ) ) ;
#5216 = VECTOR ( 'NONE', #7607, 1000.000000000000000 ) ;
#5217 = LINE ( 'NONE', #2304, #7554 ) ;
#5218 = CIRCLE ( 'NONE', #8409, 0.4999999999999995559 ) ;
#5219 = EDGE_LOOP ( 'NONE', ( #10539, #3600, #5659, #6206 ) ) ;
#5220 = CARTESIAN_POINT ( 'NONE',  ( -8.424621202458750346, 2.500000000000000000, -20.77500000000004476 ) ) ;
#5221 = CARTESIAN_POINT ( 'NONE',  ( 5.603553390593272177, -7.071067811865475505, 304.8000000000000114 ) ) ;
#5222 = DIRECTION ( 'NONE',  ( 0.000000000000000000, 0.000000000000000000, 1.000000000000000000 ) ) ;
#5223 = EDGE_LOOP ( 'NONE', ( #6794, #8182, #2143, #5088 ) ) ;
#5224 = VERTEX_POINT ( 'NONE', #11123 ) ;
#5225 = AXIS2_PLACEMENT_3D ( 'NONE', #377, #8332, #4144 ) ;
#5226 = CIRCLE ( 'NONE', #3292, 0.5000000000000013323 ) ;
#5227 = FACE_OUTER_BOUND ( 'NONE', #5047, .T. ) ;
#5228 = VECTOR ( 'NONE', #5353, 1000.000000000000000 ) ;
#5229 = CARTESIAN_POINT ( 'NONE',  ( 7.071067811865473729, -5.603553390593270400, -104.7750000000000057 ) ) ;
#5230 = CARTESIAN_POINT ( 'NONE',  ( 0.8898448916085185401, -6.599999999999999645, 304.8000000000000114 ) ) ;
#5231 = DIRECTION ( 'NONE',  ( 0.000000000000000000, 0.000000000000000000, 1.000000000000000000 ) ) ;
#5232 = EDGE_CURVE ( 'NONE', #10551, #2139, #1262, .T. ) ;
#5233 = PLANE ( 'NONE',  #3253 ) ;
#5234 = CARTESIAN_POINT ( 'NONE',  ( -3.000000000000000888, -7.924621202458751235, 198.8000000000000398 ) ) ;
#5236 = CIRCLE ( 'NONE', #1646, 0.5000000000000008882 ) ;
#5235 = FACE_OUTER_BOUND ( 'NONE', #4292, .T. ) ;
#5237 = DIRECTION ( 'NONE',  ( -0.000000000000000000, 0.000000000000000000, 1.000000000000000000 ) ) ;
#5238 = ORIENTED_EDGE ( 'NONE', *, *, #5810, .F. ) ;
#5239 = ORIENTED_EDGE ( 'NONE', *, *, #476, .F. ) ;
#5240 = EDGE_CURVE ( 'NONE', #11481, #7089, #3851, .T. ) ;
#5241 = DIRECTION ( 'NONE',  ( 1.000000000000000000, 1.541976423090498986E-15, 0.000000000000000000 ) ) ;
#5242 = CARTESIAN_POINT ( 'NONE',  ( 7.924621202458751235, -3.000000000000001332, -20.77500000000004476 ) ) ;
#5243 = CARTESIAN_POINT ( 'NONE',  ( -4.478679656440354151, -3.011165235168150378, 304.8000000000000114 ) ) ;
#5244 = ADVANCED_FACE ( 'NONE', ( #2050 ), #3303, .F. ) ;
#5245 = CYLINDRICAL_SURFACE ( 'NONE', #11, 0.5000000000000004441 ) ;
#5246 = EDGE_CURVE ( 'NONE', #12690, #7757, #8947, .T. ) ;
#5247 = CARTESIAN_POINT ( 'NONE',  ( 2.500000000000000444, -9.500000000000000000, 304.8000000000000114 ) ) ;
#5248 = DIRECTION ( 'NONE',  ( 0.000000000000000000, 0.000000000000000000, -1.000000000000000000 ) ) ;
#5249 = ORIENTED_EDGE ( 'NONE', *, *, #9399, .T. ) ;
#5250 = DIRECTION ( 'NONE',  ( -0.000000000000000000, -0.000000000000000000, -1.000000000000000000 ) ) ;
#5251 = EDGE_LOOP ( 'NONE', ( #7641, #249, #9370, #2134 ) ) ;
#5252 = CARTESIAN_POINT ( 'NONE',  ( -6.599999999999996092, -0.8898448916085081040, 198.8000000000000398 ) ) ;
#5253 = CIRCLE ( 'NONE', #6109, 2.999999999999999112 ) ;
#5254 = VERTEX_POINT ( 'NONE', #6035 ) ;
#5255 = ORIENTED_EDGE ( 'NONE', *, *, #11913, .T. ) ;
#5256 = CARTESIAN_POINT ( 'NONE',  ( 3.011165235168160592, 4.478679656440356815, 304.8000000000000114 ) ) ;
#5257 = VERTEX_POINT ( 'NONE', #5164 ) ;
#5258 = EDGE_CURVE ( 'NONE', #5838, #8136, #10351, .T. ) ;
#5259 = ORIENTED_EDGE ( 'NONE', *, *, #9896, .F. ) ;
#5260 = CARTESIAN_POINT ( 'NONE',  ( 8.424621202458750346, 2.500000000000000000, 304.8000000000000114 ) ) ;
#5261 = DIRECTION ( 'NONE',  ( -1.000000000000000000, 3.304235192336776005E-16, 0.000000000000000000 ) ) ;
#5262 = PLANE ( 'NONE',  #9371 ) ;
#5263 = ORIENTED_EDGE ( 'NONE', *, *, #8629, .F. ) ;
#5264 = CARTESIAN_POINT ( 'NONE',  ( 2.499999999999999556, -8.424621202458752123, 198.8000000000000398 ) ) ;
#5265 = CIRCLE ( 'NONE', #3355, 0.5000000000000013323 ) ;
#5266 = CARTESIAN_POINT ( 'NONE',  ( -7.924621202458747682, 5.249999999999995559, 304.8000000000000114 ) ) ;
#5267 = CARTESIAN_POINT ( 'NONE',  ( 10.00000000000000000, 8.250000000000000000, 304.8000000000000114 ) ) ;
#5268 = EDGE_LOOP ( 'NONE', ( #2261, #8201, #9103, #12331 ) ) ;
#5269 = LINE ( 'NONE', #118, #2670 ) ;
#5270 = ORIENTED_EDGE ( 'NONE', *, *, #8800, .T. ) ;
#5271 = EDGE_LOOP ( 'NONE', ( #5582, #3406, #2512, #12361 ) ) ;
#5272 = FACE_OUTER_BOUND ( 'NONE', #8143, .T. ) ;
#5273 = ORIENTED_EDGE ( 'NONE', *, *, #2787, .F. ) ;
#5274 = AXIS2_PLACEMENT_3D ( 'NONE', #11932, #2849, #2914 ) ;
#5275 = LINE ( 'NONE', #9338, #7212 ) ;
#5276 = DIRECTION ( 'NONE',  ( 0.000000000000000000, -0.000000000000000000, -1.000000000000000000 ) ) ;
#5277 = ORIENTED_EDGE ( 'NONE', *, *, #12896, .F. ) ;
#5278 = VERTEX_POINT ( 'NONE', #1056 ) ;
#5279 = LINE ( 'NONE', #5014, #6634 ) ;
#5280 = ADVANCED_FACE ( 'NONE', ( #5092 ), #9154, .T. ) ;
#5281 = EDGE_CURVE ( 'NONE', #528, #4534, #4035, .T. ) ;
#5282 = AXIS2_PLACEMENT_3D ( 'NONE', #84, #10879, #9890 ) ;
#5284 = EDGE_CURVE ( 'NONE', #5069, #10823, #3101, .T. ) ;
#5283 = LINE ( 'NONE', #3090, #8658 ) ;
#5285 = APPLICATION_CONTEXT ( 'automotive_design' ) ;
#5286 = PLANE ( 'NONE',  #10089 ) ;
#5287 = CARTESIAN_POINT ( 'NONE',  ( -10.00000000000000000, 3.000000000000001332, 304.8000000000000114 ) ) ;
#5288 = DIRECTION ( 'NONE',  ( 1.000000000000000000, -3.304235192336776498E-16, 3.304235192336776498E-16 ) ) ;
#5289 = ORIENTED_EDGE ( 'NONE', *, *, #3562, .F. ) ;
#5290 = ORIENTED_EDGE ( 'NONE', *, *, #12407, .F. ) ;
#5291 = VECTOR ( 'NONE', #12283, 1000.000000000000000 ) ;
#5292 = AXIS2_PLACEMENT_3D ( 'NONE', #9964, #10889, #4847 ) ;
#5293 = CARTESIAN_POINT ( 'NONE',  ( -8.250000000000000000, -10.00000000000000178, 304.8000000000000114 ) ) ;
#5294 = CARTESIAN_POINT ( 'NONE',  ( 8.424621202458750346, -2.500000000000000000, 304.8000000000000114 ) ) ;
#5295 = DIRECTION ( 'NONE',  ( -1.000000000000000000, 0.000000000000000000, -0.000000000000000000 ) ) ;
#5296 = LINE ( 'NONE', #3436, #9577 ) ;
#5297 = LINE ( 'NONE', #5368, #12764 ) ;
#5298 = LINE ( 'NONE', #5490, #10508 ) ;
#5299 = VECTOR ( 'NONE', #5182, 1000.000000000000000 ) ;
#5300 = CIRCLE ( 'NONE', #8266, 0.5000000000000008882 ) ;
#5301 = DIRECTION ( 'NONE',  ( 1.541976423090498986E-15, 1.000000000000000000, 0.000000000000000000 ) ) ;
#5302 = CARTESIAN_POINT ( 'NONE',  ( -4.478679656440354151, -3.011165235168150378, 304.8000000000000114 ) ) ;
#5303 = VERTEX_POINT ( 'NONE', #4 ) ;
#5304 = ORIENTED_EDGE ( 'NONE', *, *, #8540, .F. ) ;
#5305 = ORIENTED_EDGE ( 'NONE', *, *, #8299, .F. ) ;
#5306 = CARTESIAN_POINT ( 'NONE',  ( 5.249999999999997335, -7.424621202458749458, 304.8000000000000114 ) ) ;
#5307 = LINE ( 'NONE', #11781, #10001 ) ;
#5308 = LINE ( 'NONE', #1276, #1138 ) ;
#5309 = AXIS2_PLACEMENT_3D ( 'NONE', #329, #12485, #9522 ) ;
#5310 = FACE_OUTER_BOUND ( 'NONE', #12648, .T. ) ;
#5311 = ADVANCED_FACE ( 'NONE', ( #2112 ), #9361, .F. ) ;
#5312 = CARTESIAN_POINT ( 'NONE',  ( -7.071067811865473729, -5.603553390593270400, 304.8000000000000114 ) ) ;
#5313 = FACE_OUTER_BOUND ( 'NONE', #6616, .T. ) ;
#5314 = ORIENTED_EDGE ( 'NONE', *, *, #2562, .F. ) ;
#5315 = AXIS2_PLACEMENT_3D ( 'NONE', #4932, #3802, #6006 ) ;
#5316 = LINE ( 'NONE', #4522, #6368 ) ;
#5317 = EDGE_LOOP ( 'NONE', ( #2724, #5290, #12481, #5462 ) ) ;
#5318 = LINE ( 'NONE', #11147, #7560 ) ;
#5319 = AXIS2_PLACEMENT_3D ( 'NONE', #2220, #1166, #10050 ) ;
#5320 = VERTEX_POINT ( 'NONE', #9222 ) ;
#5321 = ORIENTED_EDGE ( 'NONE', *, *, #12070, .F. ) ;
#5322 = ADVANCED_FACE ( 'NONE', ( #12374, #7355 ), #5024, .T. ) ;
#5323 = PLANE ( 'NONE',  #8857 ) ;
#5324 = ORIENTED_EDGE ( 'NONE', *, *, #6821, .T. ) ;
#5325 = DIRECTION ( 'NONE',  ( 1.000000000000000000, 0.000000000000000000, 0.000000000000000000 ) ) ;
#5326 = EDGE_CURVE ( 'NONE', #10373, #4101, #298, .T. ) ;
#5327 = DIRECTION ( 'NONE',  ( -1.000000000000000000, 0.000000000000000000, 0.000000000000000000 ) ) ;
#5328 = DIRECTION ( 'NONE',  ( -1.000000000000000000, 0.000000000000000000, 0.000000000000000000 ) ) ;
#5329 = VECTOR ( 'NONE', #7414, 1000.000000000000000 ) ;
#5330 = CARTESIAN_POINT ( 'NONE',  ( -2.499999999999999556, -8.424621202458752123, 304.8000000000000114 ) ) ;
#5331 = AXIS2_PLACEMENT_3D ( 'NONE', #4845, #5907, #10815 ) ;
#5332 = CARTESIAN_POINT ( 'NONE',  ( 0.000000000000000000, -3.600000000000000089, 94.79999999999999716 ) ) ;
#5333 = EDGE_CURVE ( 'NONE', #10057, #2265, #11692, .T. ) ;
#5334 = CARTESIAN_POINT ( 'NONE',  ( -4.478679656440354151, 3.011165235168150822, -20.77500000000004476 ) ) ;
#5335 = DIRECTION ( 'NONE',  ( -0.000000000000000000, -0.000000000000000000, -1.000000000000000000 ) ) ;
#5336 = VERTEX_POINT ( 'NONE', #6297 ) ;
#5337 = CARTESIAN_POINT ( 'NONE',  ( 7.924621202458749458, -3.000000000000001332, 304.8000000000000114 ) ) ;
#5338 = ORIENTED_EDGE ( 'NONE', *, *, #988, .F. ) ;
#5339 = ORIENTED_EDGE ( 'NONE', *, *, #10107, .T. ) ;
#5340 = CARTESIAN_POINT ( 'NONE',  ( 7.071067811865473729, 5.603553390593270400, 304.8000000000000114 ) ) ;
#5341 = ORIENTED_EDGE ( 'NONE', *, *, #11672, .T. ) ;
#5342 = VECTOR ( 'NONE', #11916, 1000.000000000000000 ) ;
#5343 = DIRECTION ( 'NONE',  ( -0.000000000000000000, -0.000000000000000000, -1.000000000000000000 ) ) ;
#5344 = ADVANCED_FACE ( 'NONE', ( #9428, #4430 ), #1578, .T. ) ;
#5345 = CARTESIAN_POINT ( 'NONE',  ( 3.000000000000000888, 8.424621202458752123, 304.8000000000000114 ) ) ;
#5346 = ORIENTED_EDGE ( 'NONE', *, *, #6904, .F. ) ;
#5347 = VECTOR ( 'NONE', #11385, 1000.000000000000000 ) ;
#5348 = ORIENTED_EDGE ( 'NONE', *, *, #8989, .T. ) ;
#5349 = VECTOR ( 'NONE', #8741, 1000.000000000000000 ) ;
#5350 = EDGE_CURVE ( 'NONE', #10044, #6750, #10483, .T. ) ;
#5351 = DIRECTION ( 'NONE',  ( -0.000000000000000000, -0.000000000000000000, -1.000000000000000000 ) ) ;
#5352 = VECTOR ( 'NONE', #9840, 1000.000000000000000 ) ;
#5353 = DIRECTION ( 'NONE',  ( -3.304235192336776498E-16, -1.000000000000000000, 0.000000000000000000 ) ) ;
#5354 = ORIENTED_EDGE ( 'NONE', *, *, #7323, .T. ) ;
#5355 = LINE ( 'NONE', #5152, #9254 ) ;
#5356 = DIRECTION ( 'NONE',  ( -0.000000000000000000, 0.000000000000000000, -1.000000000000000000 ) ) ;
#5357 = CARTESIAN_POINT ( 'NONE',  ( 88.61911853037605624, 460.4108796227578182, 312.2976979552246348 ) ) ;
#5358 = ORIENTED_EDGE ( 'NONE', *, *, #4431, .T. ) ;
#5359 = DIRECTION ( 'NONE',  ( -0.000000000000000000, 0.000000000000000000, -1.000000000000000000 ) ) ;
#5360 = AXIS2_PLACEMENT_3D ( 'NONE', #6070, #8250, #5133 ) ;
#5362 = EDGE_CURVE ( 'NONE', #5807, #12003, #6618, .T. ) ;
#5361 = AXIS2_PLACEMENT_3D ( 'NONE', #11006, #3912, #9899 ) ;
#5363 = ORIENTED_EDGE ( 'NONE', *, *, #5517, .F. ) ;
#5364 = DIRECTION ( 'NONE',  ( -0.000000000000000000, -0.000000000000000000, -1.000000000000000000 ) ) ;
#5365 = LINE ( 'NONE', #403, #11509 ) ;
#5366 = DIRECTION ( 'NONE',  ( -1.000000000000000000, -4.873668131198272923E-16, 0.000000000000000000 ) ) ;
#5367 = CARTESIAN_POINT ( 'NONE',  ( -2.500000000000000000, 8.424621202458752123, 304.8000000000000114 ) ) ;
#5368 = CARTESIAN_POINT ( 'NONE',  ( 3.600000000000000089, 0.000000000000000000, 304.8000000000000114 ) ) ;
#5369 = VECTOR ( 'NONE', #243, 1000.000000000000000 ) ;
#5371 = AXIS2_PLACEMENT_3D ( 'NONE', #44, #9868, #780 ) ;
#5370 = CARTESIAN_POINT ( 'NONE',  ( -4.478679656440354151, 3.011165235168150378, 304.8000000000000114 ) ) ;
#5372 = DIRECTION ( 'NONE',  ( 0.000000000000000000, -0.000000000000000000, -1.000000000000000000 ) ) ;
#5373 = CARTESIAN_POINT ( 'NONE',  ( -2.150000000000025224, 1.257674520083185143E-14, 304.8000000000000114 ) ) ;
#5374 = ORIENTED_EDGE ( 'NONE', *, *, #11977, .T. ) ;
#5375 = ORIENTED_EDGE ( 'NONE', *, *, #5481, .T. ) ;
#5376 = EDGE_CURVE ( 'NONE', #3993, #3297, #11384, .T. ) ;
#5377 = EDGE_CURVE ( 'NONE', #12989, #4534, #9675, .T. ) ;
#5378 = ORIENTED_EDGE ( 'NONE', *, *, #6400, .F. ) ;
#5379 = CARTESIAN_POINT ( 'NONE',  ( -10.00000000000000000, -3.000000000000001332, 304.8000000000000114 ) ) ;
#5380 = VECTOR ( 'NONE', #8290, 1000.000000000000000 ) ;
#5381 = AXIS2_PLACEMENT_3D ( 'NONE', #6519, #3585, #6579 ) ;
#5382 = CARTESIAN_POINT ( 'NONE',  ( -3.011165235168160592, 4.478679656440357704, 304.8000000000000114 ) ) ;
#5383 = CARTESIAN_POINT ( 'NONE',  ( 7.071067811865473729, -5.603553390593270400, 304.8000000000000114 ) ) ;
#5384 = CARTESIAN_POINT ( 'NONE',  ( -7.424621202458747682, 5.249999999999995559, 304.8000000000000114 ) ) ;
#5385 = LINE ( 'NONE', #11598, #5859 ) ;
#5386 = FACE_OUTER_BOUND ( 'NONE', #12872, .T. ) ;
#5387 = ORIENTED_EDGE ( 'NONE', *, *, #6064, .T. ) ;
#5388 = DIRECTION ( 'NONE',  ( -1.000000000000000000, 0.000000000000000000, 0.000000000000000000 ) ) ;
#5389 = ORIENTED_EDGE ( 'NONE', *, *, #4817, .T. ) ;
#5390 = ORIENTED_EDGE ( 'NONE', *, *, #9406, .T. ) ;
#5391 = ORIENTED_EDGE ( 'NONE', *, *, #12360, .T. ) ;
#5392 = ORIENTED_EDGE ( 'NONE', *, *, #3565, .T. ) ;
#5393 = LINE ( 'NONE', #8447, #12077 ) ;
#5394 = EDGE_CURVE ( 'NONE', #10471, #3993, #10854, .T. ) ;
#5395 = PLANE ( 'NONE',  #5956 ) ;
#5396 = DIRECTION ( 'NONE',  ( -0.000000000000000000, 0.000000000000000000, -1.000000000000000000 ) ) ;
#5397 = DIRECTION ( 'NONE',  ( 8.065639195895846808E-16, 1.000000000000000000, 0.000000000000000000 ) ) ;
#5398 = ADVANCED_FACE ( 'NONE', ( #7543 ), #1392, .F. ) ;
#5399 = CARTESIAN_POINT ( 'NONE',  ( -7.071067811865473729, 5.603553390593270400, 304.8000000000000114 ) ) ;
#5400 = ADVANCED_FACE ( 'NONE', ( #4558 ), #3494, .F. ) ;
#5401 = SURFACE_STYLE_USAGE ( .BOTH. , #11612 ) ;
#5402 = CARTESIAN_POINT ( 'NONE',  ( -7.071067811865473729, 5.603553390593270400, 304.8000000000000114 ) ) ;
#5403 = VERTEX_POINT ( 'NONE', #9614 ) ;
#5404 = EDGE_LOOP ( 'NONE', ( #3134, #5042, #10178, #11529 ) ) ;
#5405 = DIRECTION ( 'NONE',  ( -0.000000000000000000, 0.000000000000000000, -1.000000000000000000 ) ) ;
#5406 = EDGE_LOOP ( 'NONE', ( #8334, #12142, #270, #11430, #11870, #3729, #4537, #3704, #12979, #7577, #3575, #12992, #13000, #8039, #4786, #8457, #8002, #3413, #2841, #1754, #9918, #6656, #2855, #4662, #6915, #3792, #10151, #2373, #5931, #5056, #3261, #4133, #4599, #1015, #8086, #11119, #8600, #12782, #7914, #3576, #626, #7073, #5339, #631, #213, #5994, #4571, #11144, #5062, #10392, #8212, #9820, #6878, #3130, #4729, #10798, #6606, #354, #1375, #6671, #3745, #10209, #8847, #5304, #1860, #5614, #4631, #5190, #2465, #9257, #5146, #1751 ) ) ;
#5407 = DIRECTION ( 'NONE',  ( -0.7071067811865484609, 0.7071067811865466846, 0.000000000000000000 ) ) ;
#5408 = EDGE_CURVE ( 'NONE', #10375, #2933, #10018, .T. ) ;
#5409 = CARTESIAN_POINT ( 'NONE',  ( 7.924621202458747682, -5.249999999999995559, 304.8000000000000114 ) ) ;
#5410 = VERTEX_POINT ( 'NONE', #1516 ) ;
#5411 = EDGE_LOOP ( 'NONE', ( #1637, #12339, #736, #12756 ) ) ;
#5412 = ADVANCED_FACE ( 'NONE', ( #11579 ), #10603, .F. ) ;
#5413 = DIRECTION ( 'NONE',  ( 0.000000000000000000, 0.000000000000000000, -1.000000000000000000 ) ) ;
#5414 = CARTESIAN_POINT ( 'NONE',  ( -0.8898448916085185401, 6.599999999999999645, 304.8000000000000114 ) ) ;
#5415 = EDGE_CURVE ( 'NONE', #7112, #5855, #3623, .T. ) ;
#5416 = ORIENTED_EDGE ( 'NONE', *, *, #3731, .F. ) ;
#5417 = CARTESIAN_POINT ( 'NONE',  ( -5.249999999999997335, -7.424621202458749458, 304.8000000000000114 ) ) ;
#5418 = CIRCLE ( 'NONE', #11340, 0.5000000000000013323 ) ;
#5419 = VERTEX_POINT ( 'NONE', #12631 ) ;
#5420 = CARTESIAN_POINT ( 'NONE',  ( -2.499999999999999556, -8.424621202458752123, 304.8000000000000114 ) ) ;
#5421 = DIRECTION ( 'NONE',  ( 1.000000000000000000, 3.304235192336776498E-16, -3.304235192336776498E-16 ) ) ;
#5422 = FACE_OUTER_BOUND ( 'NONE', #10550, .T. ) ;
#5423 = EDGE_CURVE ( 'NONE', #11481, #791, #345, .T. ) ;
#5424 = CARTESIAN_POINT ( 'NONE',  ( -2.499999999999999556, -8.424621202458752123, 304.8000000000000114 ) ) ;
#5425 = AXIS2_PLACEMENT_3D ( 'NONE', #5082, #11051, #2104 ) ;
#5426 = CARTESIAN_POINT ( 'NONE',  ( 3.599999999999997424, -0.8898448916085081040, 304.8000000000000114 ) ) ;
#5427 = DIRECTION ( 'NONE',  ( 4.873668131198272923E-16, -1.000000000000000000, 0.000000000000000000 ) ) ;
#5428 = LINE ( 'NONE', #1335, #11256 ) ;
#5429 = CARTESIAN_POINT ( 'NONE',  ( 2.500000000000000444, 9.500000000000000000, -24.77500000000004832 ) ) ;
#5430 = CARTESIAN_POINT ( 'NONE',  ( 3.000000000000000888, -7.924621202458751235, 304.8000000000000114 ) ) ;
#5431 = PLANE ( 'NONE',  #7601 ) ;
#5432 = FACE_OUTER_BOUND ( 'NONE', #11899, .T. ) ;
#5433 = VERTEX_POINT ( 'NONE', #7413 ) ;
#5434 = VECTOR ( 'NONE', #3471, 1000.000000000000000 ) ;
#5435 = APPLICATION_CONTEXT ( 'automotive_design' ) ;
#5436 = AXIS2_PLACEMENT_3D ( 'NONE', #10746, #1662, #5702 ) ;
#5437 = ORIENTED_EDGE ( 'NONE', *, *, #12182, .T. ) ;
#5438 = ORIENTED_EDGE ( 'NONE', *, *, #12033, .T. ) ;
#5439 = CARTESIAN_POINT ( 'NONE',  ( -0.8898448916085185401, -3.600000000000000533, -104.7750000000000057 ) ) ;
#5440 = CARTESIAN_POINT ( 'NONE',  ( -3.011165235168160592, 4.478679656440356815, 198.8000000000000398 ) ) ;
#5441 = DIRECTION ( 'NONE',  ( 1.000000000000000000, 0.000000000000000000, 0.000000000000000000 ) ) ;
#5442 = CARTESIAN_POINT ( 'NONE',  ( -8.250000000000000000, -10.00000000000000178, 304.8000000000000114 ) ) ;
#5443 = VECTOR ( 'NONE', #306, 1000.000000000000114 ) ;
#5444 = ADVANCED_FACE ( 'NONE', ( #11645 ), #4372, .F. ) ;
#5446 = EDGE_CURVE ( 'NONE', #4912, #170, #3364, .T. ) ;
#5445 = DIRECTION ( 'NONE',  ( 1.000000000000000000, 0.000000000000000000, 0.000000000000000000 ) ) ;
#5447 = CARTESIAN_POINT ( 'NONE',  ( 7.424621202458747682, -5.249999999999995559, -104.7750000000000057 ) ) ;
#5448 = EDGE_CURVE ( 'NONE', #4869, #2294, #3863, .T. ) ;
#5449 = VERTEX_POINT ( 'NONE', #2384 ) ;
#5450 = DIRECTION ( 'NONE',  ( 1.000000000000000000, 0.000000000000000000, 0.000000000000000000 ) ) ;
#5451 = ORIENTED_EDGE ( 'NONE', *, *, #11440, .F. ) ;
#5452 = VECTOR ( 'NONE', #8746, 1000.000000000000000 ) ;
#5453 = CARTESIAN_POINT ( 'NONE',  ( 8.250000000000000000, -10.00000000000000178, 304.8000000000000114 ) ) ;
#5454 = DIRECTION ( 'NONE',  ( 3.304235192336776498E-16, -1.000000000000000000, 0.000000000000000000 ) ) ;
#5455 = FACE_OUTER_BOUND ( 'NONE', #93, .T. ) ;
#5456 = DIRECTION ( 'NONE',  ( -0.7071067811865474617, -0.7071067811865476838, 0.000000000000000000 ) ) ;
#5457 = CARTESIAN_POINT ( 'NONE',  ( -8.424621202458750346, -3.000000000000001332, -104.7750000000000057 ) ) ;
#5458 = VECTOR ( 'NONE', #772, 1000.000000000000000 ) ;
#5459 = CARTESIAN_POINT ( 'NONE',  ( 6.599999999999996092, 0.8898448916085081040, 94.79999999999999716 ) ) ;
#5460 = ORIENTED_EDGE ( 'NONE', *, *, #2644, .F. ) ;
#5461 = DIRECTION ( 'NONE',  ( 1.000000000000000000, 0.000000000000000000, 0.000000000000000000 ) ) ;
#5462 = ORIENTED_EDGE ( 'NONE', *, *, #11461, .T. ) ;
#5463 = ORIENTED_EDGE ( 'NONE', *, *, #364, .T. ) ;
#5464 = DIRECTION ( 'NONE',  ( 1.000000000000000000, 0.000000000000000000, 0.000000000000000000 ) ) ;
#5465 = VERTEX_POINT ( 'NONE', #12506 ) ;
#5466 = DIRECTION ( 'NONE',  ( -0.000000000000000000, 0.000000000000000000, -1.000000000000000000 ) ) ;
#5467 = VECTOR ( 'NONE', #8176, 1000.000000000000000 ) ;
#5468 = DIRECTION ( 'NONE',  ( 0.7071067811865465735, -0.7071067811865483499, 0.000000000000000000 ) ) ;
#5469 = EDGE_LOOP ( 'NONE', ( #6465, #5863, #9018, #3360 ) ) ;
#5470 = CARTESIAN_POINT ( 'NONE',  ( -3.000000000000000888, -10.00000000000000000, -20.77500000000004476 ) ) ;
#5471 = EDGE_CURVE ( 'NONE', #2663, #7037, #2595, .T. ) ;
#5472 = ORIENTED_EDGE ( 'NONE', *, *, #3685, .F. ) ;
#5473 = LINE ( 'NONE', #1568, #8343 ) ;
#5474 = LINE ( 'NONE', #577, #6349 ) ;
#5476 = ADVANCED_FACE ( 'NONE', ( #9869 ), #6935, .F. ) ;
#5475 = DIRECTION ( 'NONE',  ( 1.541976423090498986E-15, 1.000000000000000000, 0.000000000000000000 ) ) ;
#5477 = AXIS2_PLACEMENT_3D ( 'NONE', #12588, #7562, #11729 ) ;
#5478 = EDGE_LOOP ( 'NONE', ( #690, #2728, #10583, #511 ) ) ;
#5479 = CARTESIAN_POINT ( 'NONE',  ( 3.000000000000000888, 9.500000000000000000, 94.79999999999999716 ) ) ;
#5480 = APPLICATION_PROTOCOL_DEFINITION ( 'draft international standard', 'automotive_design', 1998, #5435 ) ;
#5481 = EDGE_CURVE ( 'NONE', #12045, #10652, #4952, .T. ) ;
#5482 = CARTESIAN_POINT ( 'NONE',  ( 7.924621202458751235, -3.000000000000001332, 198.8000000000000398 ) ) ;
#5483 = EDGE_CURVE ( 'NONE', #10489, #3673, #653, .T. ) ;
#5484 = VERTEX_POINT ( 'NONE', #3818 ) ;
#5485 = VECTOR ( 'NONE', #3499, 1000.000000000000000 ) ;
#5486 = LINE ( 'NONE', #11450, #5789 ) ;
#5487 = DIRECTION ( 'NONE',  ( -1.000000000000000000, -0.000000000000000000, -0.000000000000000000 ) ) ;
#5488 = FACE_BOUND ( 'NONE', #4060, .T. ) ;
#5489 = DIRECTION ( 'NONE',  ( -1.000000000000000000, 0.000000000000000000, 0.000000000000000000 ) ) ;
#5491 = ADVANCED_FACE ( 'NONE', ( #5750 ), #4755, .F. ) ;
#5490 = CARTESIAN_POINT ( 'NONE',  ( -3.000000000000000888, 10.00000000000000000, 304.8000000000000114 ) ) ;
#5492 = LINE ( 'NONE', #11772, #5485 ) ;
#5493 = DIRECTION ( 'NONE',  ( -0.000000000000000000, 0.000000000000000000, -1.000000000000000000 ) ) ;
#5494 = AXIS2_PLACEMENT_3D ( 'NONE', #11458, #1338, #2389 ) ;
#5495 = ORIENTED_EDGE ( 'NONE', *, *, #10157, .F. ) ;
#5496 = AXIS2_PLACEMENT_3D ( 'NONE', #5589, #1484, #12598 ) ;
#5497 = ORIENTED_EDGE ( 'NONE', *, *, #2329, .T. ) ;
#5498 = ORIENTED_EDGE ( 'NONE', *, *, #3579, .F. ) ;
#5499 = VERTEX_POINT ( 'NONE', #726 ) ;
#5500 = DIRECTION ( 'NONE',  ( -0.000000000000000000, -0.000000000000000000, -1.000000000000000000 ) ) ;
#5501 = EDGE_CURVE ( 'NONE', #202, #8890, #6737, .T. ) ;
#5502 = DIRECTION ( 'NONE',  ( -1.000000000000000000, 0.000000000000000000, 0.000000000000000000 ) ) ;
#5503 = DIRECTION ( 'NONE',  ( 1.000000000000000000, 0.000000000000000000, 0.000000000000000000 ) ) ;
#5504 = DIRECTION ( 'NONE',  ( 1.000000000000000000, 4.873668131198272923E-16, 0.000000000000000000 ) ) ;
#5505 = AXIS2_PLACEMENT_3D ( 'NONE', #5823, #9875, #9583 ) ;
#5506 = AXIS2_PLACEMENT_3D ( 'NONE', #4843, #8892, #5779 ) ;
#5507 = AXIS2_PLACEMENT_3D ( 'NONE', #1574, #5359, #341 ) ;
#5508 = LINE ( 'NONE', #11338, #10329 ) ;
#5509 = DIRECTION ( 'NONE',  ( -0.7071067811865476838, 0.7071067811865474617, 0.000000000000000000 ) ) ;
#5510 = ORIENTED_EDGE ( 'NONE', *, *, #7393, .F. ) ;
#5511 = CARTESIAN_POINT ( 'NONE',  ( -8.424621202458750346, -3.000000000000001332, -24.77500000000004832 ) ) ;
#5512 = EDGE_LOOP ( 'NONE', ( #13059, #4066, #12844, #2336 ) ) ;
#5513 = AXIS2_PLACEMENT_3D ( 'NONE', #6417, #10463, #3348 ) ;
#5514 = CIRCLE ( 'NONE', #6574, 0.5000000000000004441 ) ;
#5515 = CARTESIAN_POINT ( 'NONE',  ( 10.00000000000000000, 8.250000000000000000, 304.8000000000000114 ) ) ;
#5516 = ADVANCED_FACE ( 'NONE', ( #12956 ), #7865, .F. ) ;
#5517 = EDGE_CURVE ( 'NONE', #8459, #4544, #782, .T. ) ;
#5518 = PLANE ( 'NONE',  #9993 ) ;
#5519 = DIRECTION ( 'NONE',  ( -1.000000000000000000, 0.000000000000000000, 0.000000000000000000 ) ) ;
#5520 = EDGE_CURVE ( 'NONE', #1120, #6713, #12820, .T. ) ;
#5521 = DIRECTION ( 'NONE',  ( 0.000000000000000000, -1.000000000000000000, -0.000000000000000000 ) ) ;
#5522 = SHAPE_REPRESENTATION ( 'AL409.575_5537T104', ( #3417 ), #2576 ) ;
#5523 = ORIENTED_EDGE ( 'NONE', *, *, #10971, .T. ) ;
#5524 = CIRCLE ( 'NONE', #7217, 0.4999999999999995559 ) ;
#5525 = VECTOR ( 'NONE', #6516, 1000.000000000000000 ) ;
#5526 = FILL_AREA_STYLE_COLOUR ( '', #4646 ) ;
#5527 = ORIENTED_EDGE ( 'NONE', *, *, #3370, .F. ) ;
#5528 = DIRECTION ( 'NONE',  ( -1.000000000000000000, 0.000000000000000000, 0.000000000000000000 ) ) ;
#5529 = EDGE_LOOP ( 'NONE', ( #7070, #6472, #12591, #9591 ) ) ;
#5530 = EDGE_LOOP ( 'NONE', ( #10109, #11016, #3815, #7905 ) ) ;
#5531 = DIRECTION ( 'NONE',  ( -0.000000000000000000, -0.000000000000000000, -1.000000000000000000 ) ) ;
#5532 = ORIENTED_EDGE ( 'NONE', *, *, #521, .F. ) ;
#5533 = DIRECTION ( 'NONE',  ( 1.000000000000000000, 0.000000000000000000, 0.000000000000000000 ) ) ;
#5535 = EDGE_CURVE ( 'NONE', #11664, #1222, #6873, .T. ) ;
#5534 = VECTOR ( 'NONE', #12125, 1000.000000000000000 ) ;
#5536 = LINE ( 'NONE', #9466, #4877 ) ;
#5537 = ORIENTED_EDGE ( 'NONE', *, *, #4163, .F. ) ;
#5538 = CARTESIAN_POINT ( 'NONE',  ( -7.424621202458747682, -5.249999999999995559, -20.77500000000004476 ) ) ;
#5539 = ORIENTED_EDGE ( 'NONE', *, *, #6738, .F. ) ;
#5540 = AXIS2_PLACEMENT_3D ( 'NONE', #3294, #7347, #1191 ) ;
#5541 = CARTESIAN_POINT ( 'NONE',  ( -7.924621202458749458, 3.000000000000001332, -104.7750000000000057 ) ) ;
#5542 = LINE ( 'NONE', #12493, #3911 ) ;
#5543 = CIRCLE ( 'NONE', #678, 0.5000000000000004441 ) ;
#5544 = CARTESIAN_POINT ( 'NONE',  ( -0.8898448916085185401, 6.599999999999999645, 198.8000000000000398 ) ) ;
#5545 = VECTOR ( 'NONE', #9356, 1000.000000000000000 ) ;
#5546 = ORIENTED_EDGE ( 'NONE', *, *, #942, .F. ) ;
#5547 = DIRECTION ( 'NONE',  ( 0.000000000000000000, 0.000000000000000000, 1.000000000000000000 ) ) ;
#5548 = PRODUCT_CONTEXT ( 'NONE', #10449, 'mechanical' ) ;
#5549 = VECTOR ( 'NONE', #5015, 1000.000000000000000 ) ;
#5550 = DIRECTION ( 'NONE',  ( 1.000000000000000000, 0.000000000000000000, 0.000000000000000000 ) ) ;
#5551 = ORIENTED_EDGE ( 'NONE', *, *, #7691, .F. ) ;
#5552 = AXIS2_PLACEMENT_3D ( 'NONE', #8148, #7216, #2189 ) ;
#5553 = ADVANCED_FACE ( 'NONE', ( #1639 ), #11962, .F. ) ;
#5554 = AXIS2_PLACEMENT_3D ( 'NONE', #5646, #1420, #4529 ) ;
#5555 = VERTEX_POINT ( 'NONE', #916 ) ;
#5556 = CARTESIAN_POINT ( 'NONE',  ( -8.424621202458750346, 3.000000000000001332, 304.8000000000000114 ) ) ;
#5557 = CARTESIAN_POINT ( 'NONE',  ( -3.600000000000000089, 0.000000000000000000, 304.8000000000000114 ) ) ;
#5559 = ADVANCED_FACE ( 'NONE', ( #4691 ), #5879, .T. ) ;
#5558 = CARTESIAN_POINT ( 'NONE',  ( 0.000000000000000000, 0.000000000000000000, -104.7750000000000057 ) ) ;
#5560 = FACE_OUTER_BOUND ( 'NONE', #4392, .T. ) ;
#5561 = LINE ( 'NONE', #11771, #11970 ) ;
#5562 = CARTESIAN_POINT ( 'NONE',  ( 3.599999999999997424, -0.8898448916085081040, 304.8000000000000114 ) ) ;
#5563 = ADVANCED_FACE ( 'NONE', ( #9931 ), #847, .F. ) ;
#5564 = CARTESIAN_POINT ( 'NONE',  ( 2.499999999999999556, -8.424621202458752123, 304.8000000000000114 ) ) ;
#5565 = CIRCLE ( 'NONE', #4925, 0.5000000000000004441 ) ;
#5566 =( NAMED_UNIT ( * ) PLANE_ANGLE_UNIT ( ) SI_UNIT ( $, .RADIAN. ) );
#5567 = AXIS2_PLACEMENT_3D ( 'NONE', #10237, #10093, #218 ) ;
#5568 = ORIENTED_EDGE ( 'NONE', *, *, #5206, .T. ) ;
#5569 = VERTEX_POINT ( 'NONE', #8863 ) ;
#5570 = ORIENTED_EDGE ( 'NONE', *, *, #3531, .T. ) ;
#5571 = EDGE_CURVE ( 'NONE', #3060, #3603, #11832, .T. ) ;
#5572 = FACE_OUTER_BOUND ( 'NONE', #3387, .T. ) ;
#5573 = DIRECTION ( 'NONE',  ( 1.000000000000000000, 0.000000000000000000, 0.000000000000000000 ) ) ;
#5574 = AXIS2_PLACEMENT_3D ( 'NONE', #4415, #10527, #1317 ) ;
#5575 = DIRECTION ( 'NONE',  ( -1.000000000000000000, 0.000000000000000000, 0.000000000000000000 ) ) ;
#5576 = CIRCLE ( 'NONE', #10029, 0.5000000000000013323 ) ;
#5577 = DIRECTION ( 'NONE',  ( -0.000000000000000000, -0.000000000000000000, -1.000000000000000000 ) ) ;
#5578 = CARTESIAN_POINT ( 'NONE',  ( 7.924621202458747682, -5.249999999999995559, 304.8000000000000114 ) ) ;
#5579 = EDGE_CURVE ( 'NONE', #5031, #10667, #11768, .T. ) ;
#5580 = ORIENTED_EDGE ( 'NONE', *, *, #2726, .T. ) ;
#5581 = FACE_OUTER_BOUND ( 'NONE', #9503, .T. ) ;
#5582 = ORIENTED_EDGE ( 'NONE', *, *, #3335, .F. ) ;
#5583 = ORIENTED_EDGE ( 'NONE', *, *, #13039, .F. ) ;
#5584 = VECTOR ( 'NONE', #4039, 1000.000000000000000 ) ;
#5585 = VECTOR ( 'NONE', #10321, 1000.000000000000000 ) ;
#5586 = LINE ( 'NONE', #612, #235 ) ;
#5587 = DIRECTION ( 'NONE',  ( -0.000000000000000000, 0.000000000000000000, -1.000000000000000000 ) ) ;
#5588 = CARTESIAN_POINT ( 'NONE',  ( 0.8898448916085185401, 6.599999999999999645, 304.8000000000000114 ) ) ;
#5589 = CARTESIAN_POINT ( 'NONE',  ( 3.000000000000000888, 7.924621202458751235, 304.8000000000000114 ) ) ;
#5590 = DIRECTION ( 'NONE',  ( 1.000000000000000000, 0.000000000000000000, 0.000000000000000000 ) ) ;
#5591 = VERTEX_POINT ( 'NONE', #6805 ) ;
#5592 = LINE ( 'NONE', #10574, #584 ) ;
#5593 = EDGE_CURVE ( 'NONE', #7968, #5069, #3236, .T. ) ;
#5594 = ORIENTED_EDGE ( 'NONE', *, *, #2842, .T. ) ;
#5595 = ORIENTED_EDGE ( 'NONE', *, *, #4894, .F. ) ;
#5596 = CARTESIAN_POINT ( 'NONE',  ( 10.00000000000000000, -3.000000000000001332, 304.8000000000000114 ) ) ;
#5597 = ORIENTED_EDGE ( 'NONE', *, *, #10592, .F. ) ;
#5598 = ORIENTED_EDGE ( 'NONE', *, *, #1364, .T. ) ;
#5599 = DIRECTION ( 'NONE',  ( -0.000000000000000000, -0.000000000000000000, -1.000000000000000000 ) ) ;
#5600 = DIRECTION ( 'NONE',  ( -1.541976423090499183E-15, -1.000000000000000000, -0.000000000000000000 ) ) ;
#5601 = ORIENTED_EDGE ( 'NONE', *, *, #12159, .F. ) ;
#5602 = CARTESIAN_POINT ( 'NONE',  ( -0.8898448916085185401, 3.600000000000000533, 304.8000000000000114 ) ) ;
#5603 = ORIENTED_EDGE ( 'NONE', *, *, #466, .F. ) ;
#5604 = CARTESIAN_POINT ( 'NONE',  ( 6.599999999999996092, -0.8898448916085081040, 304.8000000000000114 ) ) ;
#5605 = CARTESIAN_POINT ( 'NONE',  ( 3.000000000000000888, -10.00000000000000000, 304.8000000000000114 ) ) ;
#5606 = CARTESIAN_POINT ( 'NONE',  ( 3.000000000000000888, -10.00000000000000000, -24.77500000000004832 ) ) ;
#5607 = ADVANCED_FACE ( 'NONE', ( #11905 ), #3953, .F. ) ;
#5608 = VERTEX_POINT ( 'NONE', #7204 ) ;
#5609 = EDGE_CURVE ( 'NONE', #4208, #9866, #10276, .T. ) ;
#5610 = LINE ( 'NONE', #3611, #9709 ) ;
#5611 = ITEM_DEFINED_TRANSFORMATION ( 'NONE', 'NONE', #7011,  #3417 ) ;
#5612 = DIRECTION ( 'NONE',  ( -8.065639195895846808E-16, -1.000000000000000000, 0.000000000000000000 ) ) ;
#5613 = EDGE_LOOP ( 'NONE', ( #1735, #3566, #959, #7522 ) ) ;
#5614 = ORIENTED_EDGE ( 'NONE', *, *, #13043, .T. ) ;
#5615 = ORIENTED_EDGE ( 'NONE', *, *, #10335, .F. ) ;
#5616 = DIRECTION ( 'NONE',  ( 1.000000000000000000, 3.304235192336776498E-16, 0.000000000000000000 ) ) ;
#5617 = DIRECTION ( 'NONE',  ( 1.000000000000000000, 0.000000000000000000, 0.000000000000000000 ) ) ;
#5618 = DIRECTION ( 'NONE',  ( 0.000000000000000000, 0.000000000000000000, -1.000000000000000000 ) ) ;
#5619 = DIRECTION ( 'NONE',  ( 3.304235192336776498E-16, -1.000000000000000000, 0.000000000000000000 ) ) ;
#5620 = PLANE ( 'NONE',  #6695 ) ;
#5621 = CARTESIAN_POINT ( 'NONE',  ( -10.00000000000000000, 3.000000000000001332, 304.8000000000000114 ) ) ;
#5622 = DIRECTION ( 'NONE',  ( -0.000000000000000000, -0.000000000000000000, -1.000000000000000000 ) ) ;
#5623 = CARTESIAN_POINT ( 'NONE',  ( -3.599999999999997424, 0.8898448916085081040, 304.8000000000000114 ) ) ;
#5624 = ORIENTED_EDGE ( 'NONE', *, *, #1880, .F. ) ;
#5625 = UNCERTAINTY_MEASURE_WITH_UNIT (LENGTH_MEASURE( 1.000000000000000082E-05 ), #10007, 'distance_accuracy_value', 'NONE');
#5626 = EDGE_LOOP ( 'NONE', ( #4287, #1352, #795, #8276 ) ) ;
#5627 = CIRCLE ( 'NONE', #4363, 2.999999999999999112 ) ;
#5628 = VERTEX_POINT ( 'NONE', #10069 ) ;
#5629 = CARTESIAN_POINT ( 'NONE',  ( -9.999999999999998224, -8.250000000000000000, -104.7750000000000057 ) ) ;
#5630 = CARTESIAN_POINT ( 'NONE',  ( 7.071067811865473729, 5.603553390593270400, 304.8000000000000114 ) ) ;
#5631 = ADVANCED_FACE ( 'NONE', ( #7995 ), #6024, .F. ) ;
#5632 = LINE ( 'NONE', #6509, #11425 ) ;
#5633 = CARTESIAN_POINT ( 'NONE',  ( 3.599999999999997424, 0.8898448916085081040, 304.8000000000000114 ) ) ;
#5635 = VECTOR ( 'NONE', #849, 1000.000000000000000 ) ;
#5634 = DIRECTION ( 'NONE',  ( -1.000000000000000000, 0.000000000000000000, 0.000000000000000000 ) ) ;
#5636 = VECTOR ( 'NONE', #6245, 1000.000000000000000 ) ;
#5637 = ORIENTED_EDGE ( 'NONE', *, *, #2562, .T. ) ;
#5638 = DIRECTION ( 'NONE',  ( 0.000000000000000000, -0.000000000000000000, -1.000000000000000000 ) ) ;
#5639 = EDGE_CURVE ( 'NONE', #2241, #10956, #5565, .T. ) ;
#5640 = ORIENTED_EDGE ( 'NONE', *, *, #8178, .F. ) ;
#5641 = ORIENTED_EDGE ( 'NONE', *, *, #3876, .T. ) ;
#5642 = ADVANCED_FACE ( 'NONE', ( #12229 ), #7276, .T. ) ;
#5643 = DIRECTION ( 'NONE',  ( -0.000000000000000000, 0.000000000000000000, -1.000000000000000000 ) ) ;
#5644 = CARTESIAN_POINT ( 'NONE',  ( -3.600000000000000089, 0.000000000000000000, 304.8000000000000114 ) ) ;
#5645 = AXIS2_PLACEMENT_3D ( 'NONE', #10591, #12621, #6666 ) ;
#5646 = CARTESIAN_POINT ( 'NONE',  ( -5.249999999999997335, -7.424621202458749458, 304.8000000000000114 ) ) ;
#5647 = VECTOR ( 'NONE', #11535, 1000.000000000000000 ) ;
#5648 = EDGE_CURVE ( 'NONE', #3297, #8709, #6626, .T. ) ;
#5649 = DIRECTION ( 'NONE',  ( -0.000000000000000000, 0.000000000000000000, -1.000000000000000000 ) ) ;
#5650 = CIRCLE ( 'NONE', #4171, 1.749999999999999778 ) ;
#5651 = DIRECTION ( 'NONE',  ( 8.065639195895846808E-16, 1.000000000000000000, 0.000000000000000000 ) ) ;
#5652 = ORIENTED_EDGE ( 'NONE', *, *, #274, .F. ) ;
#5653 = DIRECTION ( 'NONE',  ( -8.065639195895846808E-16, -1.000000000000000000, 0.000000000000000000 ) ) ;
#5654 = EDGE_CURVE ( 'NONE', #2628, #3020, #5279, .T. ) ;
#5655 = VECTOR ( 'NONE', #7962, 1000.000000000000000 ) ;
#5656 = VERTEX_POINT ( 'NONE', #3226 ) ;
#5657 = EDGE_LOOP ( 'NONE', ( #11895, #11409, #9145, #1231 ) ) ;
#5658 = DIRECTION ( 'NONE',  ( 0.7071067811865465735, -0.7071067811865483499, 0.000000000000000000 ) ) ;
#5659 = ORIENTED_EDGE ( 'NONE', *, *, #7432, .F. ) ;
#5660 = ORIENTED_EDGE ( 'NONE', *, *, #3091, .T. ) ;
#5661 = CARTESIAN_POINT ( 'NONE',  ( -7.071067811865473729, 5.603553390593270400, -24.77500000000004832 ) ) ;
#5662 = CYLINDRICAL_SURFACE ( 'NONE', #5086, 0.5000000000000004441 ) ;
#5663 = ORIENTED_EDGE ( 'NONE', *, *, #2474, .F. ) ;
#5664 = DIRECTION ( 'NONE',  ( -0.7071067811865476838, 0.7071067811865474617, 0.000000000000000000 ) ) ;
#5665 = ORIENTED_EDGE ( 'NONE', *, *, #7784, .F. ) ;
#5666 = VECTOR ( 'NONE', #12101, 1000.000000000000000 ) ;
#5667 = DIRECTION ( 'NONE',  ( 0.000000000000000000, -0.000000000000000000, 1.000000000000000000 ) ) ;
#5668 = CARTESIAN_POINT ( 'NONE',  ( 9.999999999999998224, -8.250000000000000000, 198.8000000000000398 ) ) ;
#5669 = LINE ( 'NONE', #4551, #11757 ) ;
#5670 = VERTEX_POINT ( 'NONE', #978 ) ;
#5671 = CARTESIAN_POINT ( 'NONE',  ( -3.000000000000000888, 7.924621202458751235, 304.8000000000000114 ) ) ;
#5672 = SHAPE_DEFINITION_REPRESENTATION ( #4259, #12703 ) ;
#5673 = VECTOR ( 'NONE', #1242, 1000.000000000000000 ) ;
#5674 = PLANE ( 'NONE',  #10189 ) ;
#5675 = VERTEX_POINT ( 'NONE', #2173 ) ;
#5676 = ORIENTED_EDGE ( 'NONE', *, *, #11602, .T. ) ;
#5677 = ADVANCED_FACE ( 'NONE', ( #1184 ), #2946, .F. ) ;
#5678 = ADVANCED_FACE ( 'NONE', ( #10206 ), #7074, .F. ) ;
#5679 = VERTEX_POINT ( 'NONE', #11113 ) ;
#5680 = DIRECTION ( 'NONE',  ( 0.000000000000000000, 0.000000000000000000, -1.000000000000000000 ) ) ;
#5681 = ADVANCED_FACE ( 'NONE', ( #12166 ), #4224, .T. ) ;
#5682 = DIRECTION ( 'NONE',  ( -1.000000000000000000, 0.000000000000000000, 0.000000000000000000 ) ) ;
#5683 = AXIS2_PLACEMENT_3D ( 'NONE', #5596, #12550, #8710 ) ;
#5684 = FACE_OUTER_BOUND ( 'NONE', #3126, .T. ) ;
#5685 = CARTESIAN_POINT ( 'NONE',  ( -8.424621202458750346, -2.500000000000000000, 198.8000000000000398 ) ) ;
#5686 = DIRECTION ( 'NONE',  ( -0.000000000000000000, 0.000000000000000000, -1.000000000000000000 ) ) ;
#5687 = CARTESIAN_POINT ( 'NONE',  ( -3.000000000000000888, -10.00000000000000000, 304.8000000000000114 ) ) ;
#5688 = DIRECTION ( 'NONE',  ( -1.000000000000000000, 0.000000000000000000, 0.000000000000000000 ) ) ;
#5689 = CARTESIAN_POINT ( 'NONE',  ( 2.149999999999999911, 1.284004426264853453E-14, 304.8000000000000114 ) ) ;
#5690 = ORIENTED_EDGE ( 'NONE', *, *, #11944, .F. ) ;
#5691 = VERTEX_POINT ( 'NONE', #5334 ) ;
#5692 = AXIS2_PLACEMENT_3D ( 'NONE', #5447, #8377, #423 ) ;
#5693 = ORIENTED_EDGE ( 'NONE', *, *, #7919, .F. ) ;
#5694 = DIRECTION ( 'NONE',  ( -1.000000000000000000, 0.000000000000000000, 0.000000000000000000 ) ) ;
#5695 = CARTESIAN_POINT ( 'NONE',  ( -6.599999999999996092, -0.8898448916085081040, 304.8000000000000114 ) ) ;
#5696 = LINE ( 'NONE', #4832, #9162 ) ;
#5697 = CARTESIAN_POINT ( 'NONE',  ( -6.599999999999996092, -0.8898448916085081040, -104.7750000000000057 ) ) ;
#5698 = DIRECTION ( 'NONE',  ( -0.7071067811865484609, -0.7071067811865466846, 0.000000000000000000 ) ) ;
#5699 = AXIS2_PLACEMENT_3D ( 'NONE', #534, #2637, #2574 ) ;
#5700 = CARTESIAN_POINT ( 'NONE',  ( -9.500000000000000000, 3.000000000000001332, 304.8000000000000114 ) ) ;
#5701 = ORIENTED_EDGE ( 'NONE', *, *, #5483, .F. ) ;
#5702 = DIRECTION ( 'NONE',  ( -0.000000000000000000, 0.000000000000000000, -1.000000000000000000 ) ) ;
#5703 =( REPRESENTATION_RELATIONSHIP ('NONE','NONE', #11367, #12703 ) REPRESENTATION_RELATIONSHIP_WITH_TRANSFORMATION ( #2873 )SHAPE_REPRESENTATION_RELATIONSHIP( ) );
#5704 = VERTEX_POINT ( 'NONE', #3023 ) ;
#5705 = DIRECTION ( 'NONE',  ( -3.304235192336776005E-16, -1.000000000000000000, 0.000000000000000000 ) ) ;
#5706 = MECHANICAL_DESIGN_GEOMETRIC_PRESENTATION_REPRESENTATION (  '', ( #220 ), #10390 ) ;
#5707 = DIRECTION ( 'NONE',  ( -1.000000000000000000, 0.000000000000000000, 0.000000000000000000 ) ) ;
#5708 = AXIS2_PLACEMENT_3D ( 'NONE', #6043, #4117, #6179 ) ;
#5709 = DIRECTION ( 'NONE',  ( 0.7071067811865465735, -0.7071067811865484609, 0.000000000000000000 ) ) ;
#5710 = DIRECTION ( 'NONE',  ( 0.7071067811865476838, -0.7071067811865474617, 0.000000000000000000 ) ) ;
#5711 = EDGE_CURVE ( 'NONE', #1551, #12352, #8203, .T. ) ;
#5712 = EDGE_CURVE ( 'NONE', #447, #11111, #8963, .T. ) ;
#5713 = CARTESIAN_POINT ( 'NONE',  ( 6.599999999999996092, 0.8898448916085081040, 304.8000000000000114 ) ) ;
#5714 = VERTEX_POINT ( 'NONE', #12297 ) ;
#5715 = DIRECTION ( 'NONE',  ( 1.541976423090498986E-15, 1.000000000000000000, 0.000000000000000000 ) ) ;
#5716 = VECTOR ( 'NONE', #5450, 1000.000000000000000 ) ;
#5717 = AXIS2_PLACEMENT_3D ( 'NONE', #7335, #9157, #10337 ) ;
#5718 = ORIENTED_EDGE ( 'NONE', *, *, #9861, .F. ) ;
#5719 = ORIENTED_EDGE ( 'NONE', *, *, #1273, .F. ) ;
#5720 = CIRCLE ( 'NONE', #2750, 0.5000000000000008882 ) ;
#5721 = ADVANCED_FACE ( 'NONE', ( #9345, #9137 ), #4093, .T. ) ;
#5722 = DIRECTION ( 'NONE',  ( 1.000000000000000000, 0.000000000000000000, 0.000000000000000000 ) ) ;
#5723 = ORIENTED_EDGE ( 'NONE', *, *, #4016, .F. ) ;
#5724 = VERTEX_POINT ( 'NONE', #11176 ) ;
#5725 = DIRECTION ( 'NONE',  ( 0.7071067811865474617, 0.7071067811865476838, 0.000000000000000000 ) ) ;
#5726 = CARTESIAN_POINT ( 'NONE',  ( 8.250000000000000000, -8.250000000000000000, 304.8000000000000114 ) ) ;
#5727 = ORIENTED_EDGE ( 'NONE', *, *, #5281, .T. ) ;
#5728 = LINE ( 'NONE', #7527, #10624 ) ;
#5729 = ORIENTED_EDGE ( 'NONE', *, *, #6134, .T. ) ;
#5730 = ADVANCED_FACE ( 'NONE', ( #2101 ), #2491, .F. ) ;
#5731 = VECTOR ( 'NONE', #5744, 1000.000000000000000 ) ;
#5732 = VECTOR ( 'NONE', #2361, 1000.000000000000000 ) ;
#5733 = CARTESIAN_POINT ( 'NONE',  ( 7.071067811865473729, -5.603553390593270400, 304.8000000000000114 ) ) ;
#5734 = EDGE_CURVE ( 'NONE', #2767, #11284, #3873, .T. ) ;
#5735 = FACE_OUTER_BOUND ( 'NONE', #12155, .T. ) ;
#5736 = CARTESIAN_POINT ( 'NONE',  ( -9.500000000000000000, 2.500000000000000444, 304.8000000000000114 ) ) ;
#5737 = ORIENTED_EDGE ( 'NONE', *, *, #1333, .T. ) ;
#5738 = EDGE_CURVE ( 'NONE', #5569, #8294, #9471, .T. ) ;
#5739 = CARTESIAN_POINT ( 'NONE',  ( 8.424621202458750346, 3.000000000000001332, 304.8000000000000114 ) ) ;
#5740 = CIRCLE ( 'NONE', #6177, 0.4999999999999995559 ) ;
#5741 = CIRCLE ( 'NONE', #45, 0.5000000000000004441 ) ;
#5742 = AXIS2_PLACEMENT_3D ( 'NONE', #10444, #3394, #7318 ) ;
#5743 = DIRECTION ( 'NONE',  ( -1.000000000000000000, 0.000000000000000000, 0.000000000000000000 ) ) ;
#5744 = DIRECTION ( 'NONE',  ( -0.7071067811865465735, -0.7071067811865484609, 0.000000000000000000 ) ) ;
#5745 = ORIENTED_EDGE ( 'NONE', *, *, #947, .F. ) ;
#5746 = ORIENTED_EDGE ( 'NONE', *, *, #4759, .T. ) ;
#5747 = AXIS2_PLACEMENT_3D ( 'NONE', #7405, #3428, #11443 ) ;
#5748 = DIRECTION ( 'NONE',  ( 0.000000000000000000, -1.000000000000000000, -0.000000000000000000 ) ) ;
#5749 = VECTOR ( 'NONE', #2348, 1000.000000000000000 ) ;
#5750 = FACE_OUTER_BOUND ( 'NONE', #13012, .T. ) ;
#5751 = AXIS2_PLACEMENT_3D ( 'NONE', #10160, #7095, #13046 ) ;
#5752 = CARTESIAN_POINT ( 'NONE',  ( 7.924621202458747682, 5.249999999999995559, -24.77500000000004832 ) ) ;
#5753 = DIRECTION ( 'NONE',  ( -1.000000000000000000, 0.000000000000000000, 0.000000000000000000 ) ) ;
#5754 = DIRECTION ( 'NONE',  ( 1.000000000000000000, 0.000000000000000000, 0.000000000000000000 ) ) ;
#5755 = CARTESIAN_POINT ( 'NONE',  ( 8.250000000000000000, 10.00000000000000178, 304.8000000000000114 ) ) ;
#5756 = DIRECTION ( 'NONE',  ( 1.000000000000000000, 0.000000000000000000, 0.000000000000000000 ) ) ;
#5757 = ADVANCED_FACE ( 'NONE', ( #3482 ), #8468, .T. ) ;
#5758 = ORIENTED_EDGE ( 'NONE', *, *, #6658, .F. ) ;
#5759 = PRODUCT_DEFINITION_CONTEXT ( 'detailed design', #5435, 'design' ) ;
#5760 = ORIENTED_EDGE ( 'NONE', *, *, #8576, .F. ) ;
#5761 = CIRCLE ( 'NONE', #2586, 0.5000000000000013323 ) ;
#5762 = VECTOR ( 'NONE', #1983, 1000.000000000000000 ) ;
#5763 = ORIENTED_EDGE ( 'NONE', *, *, #9437, .F. ) ;
#5764 = DIRECTION ( 'NONE',  ( 1.000000000000000000, 2.924200878718996689E-15, 0.000000000000000000 ) ) ;
#5765 = VECTOR ( 'NONE', #6494, 1000.000000000000000 ) ;
#5766 = CARTESIAN_POINT ( 'NONE',  ( -7.924621202458749458, 3.000000000000001332, 304.8000000000000114 ) ) ;
#5767 = CARTESIAN_POINT ( 'NONE',  ( 2.500000000000000444, -9.500000000000000000, 304.8000000000000114 ) ) ;
#5768 = CARTESIAN_POINT ( 'NONE',  ( 3.000000000000000888, -7.924621202458751235, 304.8000000000000114 ) ) ;
#5769 = AXIS2_PLACEMENT_3D ( 'NONE', #530, #12572, #6438 ) ;
#5770 = VERTEX_POINT ( 'NONE', #11629 ) ;
#5772 = CIRCLE ( 'NONE', #5554, 0.5000000000000013323 ) ;
#5771 = DIRECTION ( 'NONE',  ( -0.000000000000000000, 0.000000000000000000, -1.000000000000000000 ) ) ;
#5773 = LINE ( 'NONE', #10085, #4218 ) ;
#5774 = EDGE_LOOP ( 'NONE', ( #8617, #6410, #2643, #7872 ) ) ;
#5775 = DIRECTION ( 'NONE',  ( 1.000000000000000000, 0.000000000000000000, 0.000000000000000000 ) ) ;
#5776 = EDGE_CURVE ( 'NONE', #172, #3198, #5473, .T. ) ;
#5777 = ADVANCED_FACE ( 'NONE', ( #263 ), #8537, .F. ) ;
#5778 = ORIENTED_EDGE ( 'NONE', *, *, #9719, .F. ) ;
#5779 = DIRECTION ( 'NONE',  ( 1.000000000000000000, 0.000000000000000000, 0.000000000000000000 ) ) ;
#5780 = AXIS2_PLACEMENT_3D ( 'NONE', #4672, #1822, #8724 ) ;
#5781 = CIRCLE ( 'NONE', #2399, 0.5000000000000013323 ) ;
#5782 = CARTESIAN_POINT ( 'NONE',  ( 3.599999999999997424, -0.8898448916085081040, -104.7750000000000057 ) ) ;
#5783 = CARTESIAN_POINT ( 'NONE',  ( -8.424621202458750346, -2.500000000000000000, 304.8000000000000114 ) ) ;
#5784 = FACE_OUTER_BOUND ( 'NONE', #10593, .T. ) ;
#5785 = CIRCLE ( 'NONE', #2815, 0.5000000000000004441 ) ;
#5786 = DIRECTION ( 'NONE',  ( -1.000000000000000000, 4.873668131198272923E-16, 0.000000000000000000 ) ) ;
#5787 = ORIENTED_EDGE ( 'NONE', *, *, #6982, .F. ) ;
#5788 = DIRECTION ( 'NONE',  ( 1.000000000000000000, 0.000000000000000000, 0.000000000000000000 ) ) ;
#5789 = VECTOR ( 'NONE', #9544, 1000.000000000000000 ) ;
#5790 = ORIENTED_EDGE ( 'NONE', *, *, #6724, .F. ) ;
#5791 = ORIENTED_EDGE ( 'NONE', *, *, #8485, .T. ) ;
#5792 = CARTESIAN_POINT ( 'NONE',  ( 3.000000000000000888, -8.424621202458752123, 304.8000000000000114 ) ) ;
#5793 = EDGE_LOOP ( 'NONE', ( #6909, #2078, #1083, #12815 ) ) ;
#5794 = ORIENTED_EDGE ( 'NONE', *, *, #3421, .F. ) ;
#5795 = EDGE_CURVE ( 'NONE', #10974, #954, #12492, .T. ) ;
#5796 = ORIENTED_EDGE ( 'NONE', *, *, #1401, .F. ) ;
#5797 = CYLINDRICAL_SURFACE ( 'NONE', #12708, 0.5000000000000004441 ) ;
#5798 = DIRECTION ( 'NONE',  ( -0.000000000000000000, -0.000000000000000000, -1.000000000000000000 ) ) ;
#5799 = ORIENTED_EDGE ( 'NONE', *, *, #12626, .F. ) ;
#5800 = LINE ( 'NONE', #6068, #8702 ) ;
#5801 = EDGE_CURVE ( 'NONE', #5924, #8198, #11565, .T. ) ;
#5802 = VECTOR ( 'NONE', #532, 1000.000000000000000 ) ;
#5803 = VERTEX_POINT ( 'NONE', #10402 ) ;
#5804 = EDGE_CURVE ( 'NONE', #6213, #2767, #6601, .T. ) ;
#5805 = CARTESIAN_POINT ( 'NONE',  ( -2.500000000000000444, -9.500000000000000000, 304.8000000000000114 ) ) ;
#5806 = CARTESIAN_POINT ( 'NONE',  ( -3.011165235168160592, -4.478679656440357704, 304.8000000000000114 ) ) ;
#5807 = VERTEX_POINT ( 'NONE', #7471 ) ;
#5808 = DIRECTION ( 'NONE',  ( 0.000000000000000000, 1.000000000000000000, 0.000000000000000000 ) ) ;
#5809 = ITEM_DEFINED_TRANSFORMATION ( 'NONE', 'NONE', #8074,  #3417 ) ;
#5810 = EDGE_CURVE ( 'NONE', #10348, #10959, #6008, .T. ) ;
#5811 = CARTESIAN_POINT ( 'NONE',  ( -7.924621202458747682, -5.249999999999995559, 304.8000000000000114 ) ) ;
#5812 = CARTESIAN_POINT ( 'NONE',  ( -0.8898448916085185401, -6.599999999999999645, 304.8000000000000114 ) ) ;
#5813 = VERTEX_POINT ( 'NONE', #3351 ) ;
#5814 = ADVANCED_FACE ( 'NONE', ( #2303 ), #7530, .F. ) ;
#5815 = ORIENTED_EDGE ( 'NONE', *, *, #824, .F. ) ;
#5816 = ORIENTED_EDGE ( 'NONE', *, *, #2085, .F. ) ;
#5817 = DIRECTION ( 'NONE',  ( -0.000000000000000000, 0.000000000000000000, 1.000000000000000000 ) ) ;
#5818 = ADVANCED_FACE ( 'NONE', ( #6537 ), #9601, .F. ) ;
#5819 = DIRECTION ( 'NONE',  ( -1.000000000000000000, 0.000000000000000000, 0.000000000000000000 ) ) ;
#5820 = CARTESIAN_POINT ( 'NONE',  ( -10.00000000000000000, 3.000000000000001332, 304.8000000000000114 ) ) ;
#5821 = PLANE ( 'NONE',  #11866 ) ;
#5822 = CARTESIAN_POINT ( 'NONE',  ( 8.424621202458750346, 3.000000000000001332, 304.8000000000000114 ) ) ;
#5823 = CARTESIAN_POINT ( 'NONE',  ( 0.8898448916085185401, -6.599999999999999645, 304.8000000000000114 ) ) ;
#5824 = DIRECTION ( 'NONE',  ( -8.065639195895846808E-16, 1.000000000000000000, 0.000000000000000000 ) ) ;
#5825 = ADVANCED_FACE ( 'NONE', ( #6482 ), #7589, .F. ) ;
#5826 = ORIENTED_EDGE ( 'NONE', *, *, #2225, .T. ) ;
#5827 = EDGE_LOOP ( 'NONE', ( #8509, #4043, #1970, #9334 ) ) ;
#5828 = ORIENTED_EDGE ( 'NONE', *, *, #7907, .F. ) ;
#5829 = DIRECTION ( 'NONE',  ( -1.000000000000000000, 0.000000000000000000, 0.000000000000000000 ) ) ;
#5830 = CARTESIAN_POINT ( 'NONE',  ( -6.599999999999996092, -0.8898448916085081040, 304.8000000000000114 ) ) ;
#5831 = CARTESIAN_POINT ( 'NONE',  ( -3.599999999999997424, 0.8898448916085081040, 304.8000000000000114 ) ) ;
#5832 = DIRECTION ( 'NONE',  ( 0.000000000000000000, 1.000000000000000000, 0.000000000000000000 ) ) ;
#5833 = LINE ( 'NONE', #935, #3675 ) ;
#5834 = CARTESIAN_POINT ( 'NONE',  ( -8.250000000000000000, -8.250000000000000000, -104.7750000000000057 ) ) ;
#5835 = LINE ( 'NONE', #12117, #11828 ) ;
#5836 = VERTEX_POINT ( 'NONE', #5541 ) ;
#5837 = CARTESIAN_POINT ( 'NONE',  ( 5.249999999999997335, 7.424621202458749458, 304.8000000000000114 ) ) ;
#5838 = VERTEX_POINT ( 'NONE', #1381 ) ;
#5839 = VECTOR ( 'NONE', #11922, 1000.000000000000000 ) ;
#5840 = CARTESIAN_POINT ( 'NONE',  ( -0.8898448916085185401, 3.600000000000000533, 304.8000000000000114 ) ) ;
#5841 = CYLINDRICAL_SURFACE ( 'NONE', #9152, 0.5000000000000013323 ) ;
#5842 = DIRECTION ( 'NONE',  ( 3.304235192336776005E-16, 1.000000000000000000, -0.000000000000000000 ) ) ;
#5843 = EDGE_CURVE ( 'NONE', #508, #3263, #519, .T. ) ;
#5844 = DIRECTION ( 'NONE',  ( -0.7071067811865476838, -0.7071067811865474617, 0.000000000000000000 ) ) ;
#5845 = EDGE_CURVE ( 'NONE', #5704, #10799, #2549, .T. ) ;
#5846 = VECTOR ( 'NONE', #8610, 1000.000000000000000 ) ;
#5847 = EDGE_CURVE ( 'NONE', #5278, #2858, #1550, .T. ) ;
#5848 = VECTOR ( 'NONE', #1859, 1000.000000000000000 ) ;
#5849 = CARTESIAN_POINT ( 'NONE',  ( -9.500000000000000000, -2.500000000000000000, 94.79999999999999716 ) ) ;
#5850 = ORIENTED_EDGE ( 'NONE', *, *, #1720, .F. ) ;
#5851 = CARTESIAN_POINT ( 'NONE',  ( -2.499999999999999556, 8.424621202458752123, 304.8000000000000114 ) ) ;
#5852 = ORIENTED_EDGE ( 'NONE', *, *, #2889, .T. ) ;
#5853 = ORIENTED_EDGE ( 'NONE', *, *, #7899, .F. ) ;
#5854 = FACE_OUTER_BOUND ( 'NONE', #11872, .T. ) ;
#5855 = VERTEX_POINT ( 'NONE', #11754 ) ;
#5856 = ORIENTED_EDGE ( 'NONE', *, *, #6481, .T. ) ;
#5857 = VECTOR ( 'NONE', #5868, 1000.000000000000000 ) ;
#5858 = ORIENTED_EDGE ( 'NONE', *, *, #4096, .T. ) ;
#5859 = VECTOR ( 'NONE', #3320, 1000.000000000000000 ) ;
#5860 = FACE_OUTER_BOUND ( 'NONE', #3269, .T. ) ;
#5861 = CARTESIAN_POINT ( 'NONE',  ( 4.478679656440354151, -3.011165235168150378, 198.8000000000000398 ) ) ;
#5862 = VERTEX_POINT ( 'NONE', #11949 ) ;
#5863 = ORIENTED_EDGE ( 'NONE', *, *, #1461, .F. ) ;
#5864 = LINE ( 'NONE', #10115, #2556 ) ;
#5865 = ORIENTED_EDGE ( 'NONE', *, *, #8480, .T. ) ;
#5866 = CYLINDRICAL_SURFACE ( 'NONE', #708, 2.999999999999999112 ) ;
#5867 = AXIS2_PLACEMENT_3D ( 'NONE', #7903, #2853, #5788 ) ;
#5868 = DIRECTION ( 'NONE',  ( 1.541976423090498986E-15, 1.000000000000000000, 0.000000000000000000 ) ) ;
#5869 = ORIENTED_EDGE ( 'NONE', *, *, #3260, .T. ) ;
#5870 = ORIENTED_EDGE ( 'NONE', *, *, #4518, .T. ) ;
#5871 = DIRECTION ( 'NONE',  ( 0.000000000000000000, -0.000000000000000000, -1.000000000000000000 ) ) ;
#5872 = ADVANCED_FACE ( 'NONE', ( #11693 ), #3804, .T. ) ;
#5873 = DIRECTION ( 'NONE',  ( -0.000000000000000000, -0.000000000000000000, -1.000000000000000000 ) ) ;
#5874 = DIRECTION ( 'NONE',  ( -0.000000000000000000, -0.000000000000000000, -1.000000000000000000 ) ) ;
#5875 = ORIENTED_EDGE ( 'NONE', *, *, #7007, .F. ) ;
#5876 = ORIENTED_EDGE ( 'NONE', *, *, #7860, .T. ) ;
#5877 = ORIENTED_EDGE ( 'NONE', *, *, #8000, .F. ) ;
#5878 = PLANE ( 'NONE',  #10042 ) ;
#5879 = CYLINDRICAL_SURFACE ( 'NONE', #11901, 0.5000000000000004441 ) ;
#5880 = ADVANCED_FACE ( 'NONE', ( #7918 ), #12940, .T. ) ;
#5881 =( NAMED_UNIT ( * ) PLANE_ANGLE_UNIT ( ) SI_UNIT ( $, .RADIAN. ) );
#5882 = LINE ( 'NONE', #12886, #3311 ) ;
#5884 = AXIS2_PLACEMENT_3D ( 'NONE', #714, #5547, #10660 ) ;
#5883 = DIRECTION ( 'NONE',  ( -1.000000000000000000, 0.000000000000000000, 0.000000000000000000 ) ) ;
#5885 = EDGE_CURVE ( 'NONE', #8585, #8344, #1763, .T. ) ;
#5886 = DIRECTION ( 'NONE',  ( -0.000000000000000000, -0.000000000000000000, -1.000000000000000000 ) ) ;
#5887 =( NAMED_UNIT ( * ) SI_UNIT ( $, .STERADIAN. ) SOLID_ANGLE_UNIT ( ) );
#5888 = ORIENTED_EDGE ( 'NONE', *, *, #9224, .T. ) ;
#5889 = EDGE_CURVE ( 'NONE', #3160, #10768, #2677, .T. ) ;
#5890 = EDGE_LOOP ( 'NONE', ( #10141, #12204, #7241, #4922 ) ) ;
#5891 = LINE ( 'NONE', #9151, #6188 ) ;
#5892 = CIRCLE ( 'NONE', #1663, 0.5000000000000004441 ) ;
#5893 = DIRECTION ( 'NONE',  ( -0.000000000000000000, -0.000000000000000000, -1.000000000000000000 ) ) ;
#5894 = CARTESIAN_POINT ( 'NONE',  ( -8.250000000000000000, -10.00000000000000178, 304.8000000000000114 ) ) ;
#5895 = ADVANCED_FACE ( 'NONE', ( #3678 ), #3607, .F. ) ;
#5896 = CARTESIAN_POINT ( 'NONE',  ( -7.424621202458747682, 5.249999999999995559, 304.8000000000000114 ) ) ;
#5897 = PLANE ( 'NONE',  #8352 ) ;
#5898 = DIRECTION ( 'NONE',  ( -0.000000000000000000, -0.000000000000000000, -1.000000000000000000 ) ) ;
#5899 = CARTESIAN_POINT ( 'NONE',  ( -6.599999999999996092, 0.8898448916085081040, 304.8000000000000114 ) ) ;
#5900 = ORIENTED_EDGE ( 'NONE', *, *, #10914, .T. ) ;
#5901 = EDGE_LOOP ( 'NONE', ( #1379, #3106, #5358, #1598 ) ) ;
#5902 = DIRECTION ( 'NONE',  ( -0.000000000000000000, 0.000000000000000000, 1.000000000000000000 ) ) ;
#5903 = AXIS2_PLACEMENT_3D ( 'NONE', #2900, #8085, #8885 ) ;
#5904 = ORIENTED_EDGE ( 'NONE', *, *, #7714, .F. ) ;
#5905 = EDGE_CURVE ( 'NONE', #572, #7549, #9658, .T. ) ;
#5906 = LINE ( 'NONE', #4909, #8478 ) ;
#5907 = DIRECTION ( 'NONE',  ( 0.000000000000000000, -0.000000000000000000, -1.000000000000000000 ) ) ;
#5908 = VERTEX_POINT ( 'NONE', #6723 ) ;
#5909 = CARTESIAN_POINT ( 'NONE',  ( -5.603553390593272177, 7.071067811865475505, 304.8000000000000114 ) ) ;
#5910 = PRODUCT_DEFINITION ( 'UNKNOWN', '', #6813, #13023 ) ;
#5911 = FACE_OUTER_BOUND ( 'NONE', #12420, .T. ) ;
#5912 = AXIS2_PLACEMENT_3D ( 'NONE', #11299, #12959, #5883 ) ;
#5913 = CARTESIAN_POINT ( 'NONE',  ( -5.603553390593272177, 7.071067811865475505, 94.79999999999999716 ) ) ;
#5914 = DIRECTION ( 'NONE',  ( 1.541976423090498986E-15, 1.000000000000000000, 0.000000000000000000 ) ) ;
#5915 = VERTEX_POINT ( 'NONE', #7781 ) ;
#5916 = DIRECTION ( 'NONE',  ( 1.541976423090499183E-15, 1.000000000000000000, 0.000000000000000000 ) ) ;
#5917 = ORIENTED_EDGE ( 'NONE', *, *, #9632, .T. ) ;
#5918 = ORIENTED_EDGE ( 'NONE', *, *, #4185, .T. ) ;
#5919 = CARTESIAN_POINT ( 'NONE',  ( -10.00000000000000000, -8.250000000000000000, 304.8000000000000114 ) ) ;
#5920 = ORIENTED_EDGE ( 'NONE', *, *, #4351, .F. ) ;
#5921 = EDGE_CURVE ( 'NONE', #11047, #5976, #7719, .T. ) ;
#5922 = EDGE_CURVE ( 'NONE', #8836, #11727, #9793, .T. ) ;
#5923 = AXIS2_PLACEMENT_3D ( 'NONE', #6939, #2950, #4886 ) ;
#5924 = VERTEX_POINT ( 'NONE', #12867 ) ;
#5925 = EDGE_CURVE ( 'NONE', #2357, #2035, #2807, .T. ) ;
#5926 = VECTOR ( 'NONE', #10434, 1000.000000000000000 ) ;
#5927 = FACE_OUTER_BOUND ( 'NONE', #9089, .T. ) ;
#5928 = DIRECTION ( 'NONE',  ( 8.065639195895844836E-16, -1.000000000000000000, 0.000000000000000000 ) ) ;
#5929 = VERTEX_POINT ( 'NONE', #4802 ) ;
#5930 = DIRECTION ( 'NONE',  ( 0.000000000000000000, 0.000000000000000000, -1.000000000000000000 ) ) ;
#5931 = ORIENTED_EDGE ( 'NONE', *, *, #12112, .F. ) ;
#5932 = DIRECTION ( 'NONE',  ( 3.304235192336776498E-16, 1.000000000000000000, 0.000000000000000000 ) ) ;
#5933 = AXIS2_PLACEMENT_3D ( 'NONE', #5511, #12462, #2211 ) ;
#5934 = VECTOR ( 'NONE', #2687, 1000.000000000000000 ) ;
#5935 = ORIENTED_EDGE ( 'NONE', *, *, #2451, .F. ) ;
#5936 = VERTEX_POINT ( 'NONE', #1623 ) ;
#5937 = FACE_OUTER_BOUND ( 'NONE', #2495, .T. ) ;
#5938 = ORIENTED_EDGE ( 'NONE', *, *, #8816, .F. ) ;
#5939 = ORIENTED_EDGE ( 'NONE', *, *, #8800, .F. ) ;
#5940 = CARTESIAN_POINT ( 'NONE',  ( 5.603553390593272177, 7.071067811865474617, 94.79999999999999716 ) ) ;
#5941 = CARTESIAN_POINT ( 'NONE',  ( -9.500000000000000000, -2.500000000000000444, 304.8000000000000114 ) ) ;
#5942 = EDGE_CURVE ( 'NONE', #10571, #4542, #11493, .T. ) ;
#5943 = ADVANCED_FACE ( 'NONE', ( #709 ), #5866, .F. ) ;
#5944 = DIRECTION ( 'NONE',  ( -0.000000000000000000, -0.000000000000000000, -1.000000000000000000 ) ) ;
#5945 = AXIS2_PLACEMENT_3D ( 'NONE', #2030, #5276, #11369 ) ;
#5946 = CYLINDRICAL_SURFACE ( 'NONE', #10188, 2.999999999999999556 ) ;
#5947 = ORIENTED_EDGE ( 'NONE', *, *, #9695, .F. ) ;
#5948 = CIRCLE ( 'NONE', #5095, 0.5000000000000004441 ) ;
#5949 = ORIENTED_EDGE ( 'NONE', *, *, #12626, .T. ) ;
#5950 = ORIENTED_EDGE ( 'NONE', *, *, #2406, .T. ) ;
#5951 = VERTEX_POINT ( 'NONE', #12806 ) ;
#5952 = DIRECTION ( 'NONE',  ( 1.000000000000000000, 3.304235192336776005E-16, 0.000000000000000000 ) ) ;
#5953 = DIRECTION ( 'NONE',  ( -0.7071067811865474617, -0.7071067811865476838, 0.000000000000000000 ) ) ;
#5954 = AXIS2_PLACEMENT_3D ( 'NONE', #4863, #10903, #9854 ) ;
#5955 = CARTESIAN_POINT ( 'NONE',  ( 10.00000000000000000, -8.250000000000000000, 304.8000000000000114 ) ) ;
#5956 = AXIS2_PLACEMENT_3D ( 'NONE', #4396, #11414, #8514 ) ;
#5957 = DIRECTION ( 'NONE',  ( 0.000000000000000000, 0.000000000000000000, -1.000000000000000000 ) ) ;
#5958 = VECTOR ( 'NONE', #6977, 1000.000000000000000 ) ;
#5959 = LINE ( 'NONE', #11118, #4808 ) ;
#5960 = SHAPE_REPRESENTATION_RELATIONSHIP ( 'NONE' , 'NONE' ,  #5522, #7052 ) ;
#5961 = EDGE_LOOP ( 'NONE', ( #3002, #1808, #6907, #7785 ) ) ;
#5962 = ORIENTED_EDGE ( 'NONE', *, *, #12390, .F. ) ;
#5963 = EDGE_CURVE ( 'NONE', #11912, #10549, #9856, .T. ) ;
#5964 = VECTOR ( 'NONE', #1057, 1000.000000000000000 ) ;
#5965 =( REPRESENTATION_RELATIONSHIP ('NONE','NONE', #11367, #7647 ) REPRESENTATION_RELATIONSHIP_WITH_TRANSFORMATION ( #460 )SHAPE_REPRESENTATION_RELATIONSHIP( ) );
#5966 = DIRECTION ( 'NONE',  ( -0.7071067811865465735, -0.7071067811865483499, 0.000000000000000000 ) ) ;
#5967 = AXIS2_PLACEMENT_3D ( 'NONE', #10553, #12522, #11397 ) ;
#5968 = FACE_OUTER_BOUND ( 'NONE', #12629, .T. ) ;
#5969 = EDGE_CURVE ( 'NONE', #585, #11393, #11816, .T. ) ;
#5970 = DIRECTION ( 'NONE',  ( -0.000000000000000000, -0.000000000000000000, -1.000000000000000000 ) ) ;
#5971 = DIRECTION ( 'NONE',  ( 0.000000000000000000, 0.000000000000000000, 1.000000000000000000 ) ) ;
#5972 = EDGE_CURVE ( 'NONE', #9036, #10571, #2739, .T. ) ;
#5973 = LINE ( 'NONE', #12974, #9196 ) ;
#5974 = CARTESIAN_POINT ( 'NONE',  ( 2.500000000000000000, 8.424621202458752123, -20.77500000000004476 ) ) ;
#5975 = LINE ( 'NONE', #11127, #1269 ) ;
#5976 = VERTEX_POINT ( 'NONE', #10906 ) ;
#5977 = CARTESIAN_POINT ( 'NONE',  ( -10.00000000000000000, 3.000000000000001332, 304.8000000000000114 ) ) ;
#5978 = VECTOR ( 'NONE', #139, 1000.000000000000000 ) ;
#5979 = VERTEX_POINT ( 'NONE', #10841 ) ;
#5980 = EDGE_CURVE ( 'NONE', #4128, #8543, #8107, .T. ) ;
#5981 = VECTOR ( 'NONE', #10290, 1000.000000000000000 ) ;
#5982 = FACE_OUTER_BOUND ( 'NONE', #5036, .T. ) ;
#5983 = PRODUCT_DEFINITION_FORMATION_WITH_SPECIFIED_SOURCE ( 'ANY', '', #11447, .NOT_KNOWN. ) ;
#5984 = CARTESIAN_POINT ( 'NONE',  ( -3.000000000000000888, -10.00000000000000000, 198.8000000000000398 ) ) ;
#5985 = ORIENTED_EDGE ( 'NONE', *, *, #6059, .F. ) ;
#5986 = CARTESIAN_POINT ( 'NONE',  ( -3.011165235168161924, -4.478679656440357704, 198.8000000000000398 ) ) ;
#5987 = AXIS2_PLACEMENT_3D ( 'NONE', #1792, #6884, #7941 ) ;
#5988 = DIRECTION ( 'NONE',  ( 1.000000000000000000, 0.000000000000000000, 0.000000000000000000 ) ) ;
#5989 = AXIS2_PLACEMENT_3D ( 'NONE', #2660, #7448, #10506 ) ;
#5990 = EDGE_CURVE ( 'NONE', #2890, #11371, #5145, .T. ) ;
#5991 = CARTESIAN_POINT ( 'NONE',  ( 8.424621202458750346, -2.500000000000000000, 304.8000000000000114 ) ) ;
#5992 = DIRECTION ( 'NONE',  ( -0.000000000000000000, -0.000000000000000000, -1.000000000000000000 ) ) ;
#5993 = CARTESIAN_POINT ( 'NONE',  ( 3.599999999999997424, 0.8898448916085081040, 304.8000000000000114 ) ) ;
#5994 = ORIENTED_EDGE ( 'NONE', *, *, #6228, .T. ) ;
#5995 = CARTESIAN_POINT ( 'NONE',  ( -8.250000000000000000, -8.250000000000000000, 304.8000000000000114 ) ) ;
#5996 = ORIENTED_EDGE ( 'NONE', *, *, #3140, .T. ) ;
#5997 = VERTEX_POINT ( 'NONE', #10263 ) ;
#5998 = PLANE ( 'NONE',  #6740 ) ;
#5999 = AXIS2_PLACEMENT_3D ( 'NONE', #10918, #2823, #9810 ) ;
#6000 = ORIENTED_EDGE ( 'NONE', *, *, #482, .T. ) ;
#6002 = EDGE_CURVE ( 'NONE', #5862, #3156, #13069, .T. ) ;
#6001 = AXIS2_PLACEMENT_3D ( 'NONE', #3050, #2129, #12254 ) ;
#6003 = VERTEX_POINT ( 'NONE', #12149 ) ;
#6004 = DIRECTION ( 'NONE',  ( -1.000000000000000000, 0.000000000000000000, 0.000000000000000000 ) ) ;
#6005 = CARTESIAN_POINT ( 'NONE',  ( -5.603553390593272177, -7.071067811865475505, -104.7750000000000057 ) ) ;
#6006 = DIRECTION ( 'NONE',  ( -1.000000000000000000, 0.000000000000000000, 0.000000000000000000 ) ) ;
#6007 = ORIENTED_EDGE ( 'NONE', *, *, #6619, .T. ) ;
#6008 = CIRCLE ( 'NONE', #8547, 0.5000000000000013323 ) ;
#6009 = CARTESIAN_POINT ( 'NONE',  ( 3.599999999999997424, 0.8898448916085081040, 304.8000000000000114 ) ) ;
#6010 = VECTOR ( 'NONE', #9358, 1000.000000000000000 ) ;
#6011 = ORIENTED_EDGE ( 'NONE', *, *, #11403, .F. ) ;
#6012 = DIRECTION ( 'NONE',  ( 0.000000000000000000, -0.000000000000000000, -1.000000000000000000 ) ) ;
#6013 = VERTEX_POINT ( 'NONE', #6009 ) ;
#6014 = VERTEX_POINT ( 'NONE', #5059 ) ;
#6015 = DIRECTION ( 'NONE',  ( -0.000000000000000000, -0.000000000000000000, -1.000000000000000000 ) ) ;
#6016 = CONTEXT_DEPENDENT_SHAPE_REPRESENTATION ( #3495, #7433 ) ;
#6017 = LINE ( 'NONE', #3011, #4712 ) ;
#6018 = FACE_OUTER_BOUND ( 'NONE', #12088, .T. ) ;
#6019 = VECTOR ( 'NONE', #1727, 1000.000000000000000 ) ;
#6020 = DIRECTION ( 'NONE',  ( 0.000000000000000000, -0.000000000000000000, -1.000000000000000000 ) ) ;
#6021 = VERTEX_POINT ( 'NONE', #965 ) ;
#6022 = ORIENTED_EDGE ( 'NONE', *, *, #2638, .T. ) ;
#6023 = ORIENTED_EDGE ( 'NONE', *, *, #10043, .F. ) ;
#6024 = CYLINDRICAL_SURFACE ( 'NONE', #12950, 2.999999999999999112 ) ;
#6025 = EDGE_CURVE ( 'NONE', #567, #10190, #8045, .T. ) ;
#6027 = EDGE_CURVE ( 'NONE', #3278, #3481, #3019, .T. ) ;
#6026 = CARTESIAN_POINT ( 'NONE',  ( 3.011165235168161036, 4.478679656440357704, -20.77500000000004476 ) ) ;
#6028 = DIRECTION ( 'NONE',  ( -1.000000000000000000, 0.000000000000000000, 0.000000000000000000 ) ) ;
#6029 = DIRECTION ( 'NONE',  ( 1.000000000000000000, 0.000000000000000000, 0.000000000000000000 ) ) ;
#6030 = ORIENTED_EDGE ( 'NONE', *, *, #6266, .F. ) ;
#6031 = UNCERTAINTY_MEASURE_WITH_UNIT (LENGTH_MEASURE( 1.000000000000000082E-05 ), #12181, 'distance_accuracy_value', 'NONE');
#6032 = ORIENTED_EDGE ( 'NONE', *, *, #3972, .T. ) ;
#6033 = CARTESIAN_POINT ( 'NONE',  ( 7.924621202458747682, 5.249999999999995559, -24.77500000000004832 ) ) ;
#6034 = CYLINDRICAL_SURFACE ( 'NONE', #11910, 2.999999999999999112 ) ;
#6035 = CARTESIAN_POINT ( 'NONE',  ( -3.011165235168160592, 4.478679656440357704, 304.8000000000000114 ) ) ;
#6036 = CARTESIAN_POINT ( 'NONE',  ( 3.000000000000000888, -10.00000000000000000, 304.8000000000000114 ) ) ;
#6037 = DIRECTION ( 'NONE',  ( -1.000000000000000000, 0.000000000000000000, 0.000000000000000000 ) ) ;
#6038 = LINE ( 'NONE', #6951, #8801 ) ;
#6039 = CARTESIAN_POINT ( 'NONE',  ( -7.924621202458747682, -5.249999999999995559, 304.8000000000000114 ) ) ;
#6040 = VERTEX_POINT ( 'NONE', #12078 ) ;
#6041 = DIRECTION ( 'NONE',  ( 0.000000000000000000, 0.000000000000000000, 1.000000000000000000 ) ) ;
#6042 = ORIENTED_EDGE ( 'NONE', *, *, #9434, .F. ) ;
#6043 = CARTESIAN_POINT ( 'NONE',  ( 9.500000000000000000, -3.000000000000001332, 304.8000000000000114 ) ) ;
#6044 = EDGE_CURVE ( 'NONE', #8651, #8188, #11099, .T. ) ;
#6045 = CARTESIAN_POINT ( 'NONE',  ( 0.000000000000000000, -3.600000000000000089, 304.8000000000000114 ) ) ;
#6046 = EDGE_LOOP ( 'NONE', ( #4044, #12579, #8860, #1087 ) ) ;
#6047 = DIRECTION ( 'NONE',  ( -1.000000000000000000, -0.000000000000000000, -0.000000000000000000 ) ) ;
#6048 = CARTESIAN_POINT ( 'NONE',  ( 10.00000000000000000, -3.000000000000001332, 304.8000000000000114 ) ) ;
#6049 = ADVANCED_FACE ( 'NONE', ( #4078 ), #8119, .F. ) ;
#6050 = LINE ( 'NONE', #4123, #9269 ) ;
#6052 = AXIS2_PLACEMENT_3D ( 'NONE', #4040, #4899, #8084 ) ;
#6051 = CARTESIAN_POINT ( 'NONE',  ( 2.500000000000000444, 9.500000000000000000, 198.8000000000000398 ) ) ;
#6053 = ORIENTED_EDGE ( 'NONE', *, *, #10332, .T. ) ;
#6054 = LINE ( 'NONE', #951, #8686 ) ;
#6055 = VERTEX_POINT ( 'NONE', #7122 ) ;
#6056 = LINE ( 'NONE', #11998, #8829 ) ;
#6057 = ORIENTED_EDGE ( 'NONE', *, *, #5963, .F. ) ;
#6058 = ORIENTED_EDGE ( 'NONE', *, *, #2682, .F. ) ;
#6059 = EDGE_CURVE ( 'NONE', #9822, #6641, #10454, .T. ) ;
#6060 = CARTESIAN_POINT ( 'NONE',  ( 2.499999999999999556, 8.424621202458752123, 304.8000000000000114 ) ) ;
#6061 = ORIENTED_EDGE ( 'NONE', *, *, #2874, .T. ) ;
#6062 = VERTEX_POINT ( 'NONE', #9197 ) ;
#6063 = DIRECTION ( 'NONE',  ( -3.304235192336776498E-16, -1.000000000000000000, 0.000000000000000000 ) ) ;
#6064 = EDGE_CURVE ( 'NONE', #2940, #8903, #4090, .T. ) ;
#6065 = PLANE ( 'NONE',  #6582 ) ;
#6066 = ORIENTED_EDGE ( 'NONE', *, *, #1020, .F. ) ;
#6067 = AXIS2_PLACEMENT_3D ( 'NONE', #8744, #10862, #12695 ) ;
#6068 = CARTESIAN_POINT ( 'NONE',  ( -7.071067811865473729, 5.603553390593270400, -20.77500000000004476 ) ) ;
#6069 = ORIENTED_EDGE ( 'NONE', *, *, #5711, .F. ) ;
#6070 = CARTESIAN_POINT ( 'NONE',  ( 5.249999999999997335, 7.424621202458749458, -20.77500000000004476 ) ) ;
#6071 = EDGE_CURVE ( 'NONE', #7308, #3160, #8118, .T. ) ;
#6072 = LINE ( 'NONE', #5806, #12193 ) ;
#6073 = VECTOR ( 'NONE', #4346, 1000.000000000000000 ) ;
#6074 = ORIENTED_EDGE ( 'NONE', *, *, #3946, .F. ) ;
#6075 = ORIENTED_EDGE ( 'NONE', *, *, #7828, .F. ) ;
#6076 = VECTOR ( 'NONE', #8824, 1000.000000000000000 ) ;
#6077 = CYLINDRICAL_SURFACE ( 'NONE', #6730, 0.5000000000000004441 ) ;
#6078 = LINE ( 'NONE', #10633, #8097 ) ;
#6079 = CARTESIAN_POINT ( 'NONE',  ( 3.000000000000000888, -10.00000000000000000, 304.8000000000000114 ) ) ;
#6080 = EDGE_CURVE ( 'NONE', #9879, #4006, #2200, .T. ) ;
#6081 = ORIENTED_EDGE ( 'NONE', *, *, #9483, .F. ) ;
#6082 = DIRECTION ( 'NONE',  ( 0.000000000000000000, -0.000000000000000000, -1.000000000000000000 ) ) ;
#6083 = ORIENTED_EDGE ( 'NONE', *, *, #5350, .F. ) ;
#6084 = ORIENTED_EDGE ( 'NONE', *, *, #12033, .F. ) ;
#6085 = ORIENTED_EDGE ( 'NONE', *, *, #3822, .F. ) ;
#6086 = VECTOR ( 'NONE', #12397, 1000.000000000000000 ) ;
#6087 = CARTESIAN_POINT ( 'NONE',  ( 8.424621202458750346, -3.000000000000001332, 304.8000000000000114 ) ) ;
#6088 = DIRECTION ( 'NONE',  ( -0.000000000000000000, -0.000000000000000000, -1.000000000000000000 ) ) ;
#6089 = CARTESIAN_POINT ( 'NONE',  ( -6.599999999999996092, 0.8898448916085081040, 304.8000000000000114 ) ) ;
#6090 = CYLINDRICAL_SURFACE ( 'NONE', #11163, 0.5000000000000004441 ) ;
#6091 =( NAMED_UNIT ( * ) SI_UNIT ( $, .STERADIAN. ) SOLID_ANGLE_UNIT ( ) );
#6092 = CIRCLE ( 'NONE', #3541, 0.5000000000000004441 ) ;
#6093 = VERTEX_POINT ( 'NONE', #2153 ) ;
#6094 = ADVANCED_FACE ( 'NONE', ( #9984 ), #4211, .F. ) ;
#6095 = EDGE_CURVE ( 'NONE', #10156, #4584, #318, .T. ) ;
#6096 = ADVANCED_FACE ( 'NONE', ( #3139 ), #1027, .T. ) ;
#6097 = PLANE ( 'NONE',  #12727 ) ;
#6098 = DIRECTION ( 'NONE',  ( -2.924200878718996689E-15, -1.000000000000000000, 0.000000000000000000 ) ) ;
#6099 = DIRECTION ( 'NONE',  ( 0.7071067811865476838, 0.7071067811865474617, 0.000000000000000000 ) ) ;
#6100 = VECTOR ( 'NONE', #9124, 1000.000000000000000 ) ;
#6101 = DIRECTION ( 'NONE',  ( -0.000000000000000000, 0.000000000000000000, -1.000000000000000000 ) ) ;
#6102 = CARTESIAN_POINT ( 'NONE',  ( 7.924621202458749458, 3.000000000000001332, 304.8000000000000114 ) ) ;
#6103 = CARTESIAN_POINT ( 'NONE',  ( -8.250000000000000000, -10.00000000000000000, 94.79999999999999716 ) ) ;
#6104 = DIRECTION ( 'NONE',  ( -3.304235192336776498E-16, 1.000000000000000000, 0.000000000000000000 ) ) ;
#6105 = ORIENTED_EDGE ( 'NONE', *, *, #4812, .F. ) ;
#6106 = DIRECTION ( 'NONE',  ( -1.000000000000000000, 0.000000000000000000, 0.000000000000000000 ) ) ;
#6107 = VERTEX_POINT ( 'NONE', #1171 ) ;
#6108 = ORIENTED_EDGE ( 'NONE', *, *, #10592, .T. ) ;
#6109 = AXIS2_PLACEMENT_3D ( 'NONE', #2626, #12749, #3683 ) ;
#6110 = DIRECTION ( 'NONE',  ( -2.924200878718996689E-15, -1.000000000000000000, 0.000000000000000000 ) ) ;
#6111 = PLANE ( 'NONE',  #5751 ) ;
#6112 = ORIENTED_EDGE ( 'NONE', *, *, #2630, .T. ) ;
#6113 = CARTESIAN_POINT ( 'NONE',  ( -1.257674520083185143E-14, 1.257674520083185143E-14, 304.8000000000000114 ) ) ;
#6114 = CARTESIAN_POINT ( 'NONE',  ( -3.000000000000000888, -7.924621202458751235, -24.77500000000004832 ) ) ;
#6115 = LINE ( 'NONE', #7100, #781 ) ;
#6116 = AXIS2_PLACEMENT_3D ( 'NONE', #4290, #4660, #7521 ) ;
#6117 = DIRECTION ( 'NONE',  ( -1.000000000000000000, 0.000000000000000000, 0.000000000000000000 ) ) ;
#6118 = ORIENTED_EDGE ( 'NONE', *, *, #4109, .F. ) ;
#6119 = CARTESIAN_POINT ( 'NONE',  ( -3.000000000000000888, 7.924621202458751235, 304.8000000000000114 ) ) ;
#6120 = ORIENTED_EDGE ( 'NONE', *, *, #9268, .F. ) ;
#6121 = DIRECTION ( 'NONE',  ( 1.000000000000000000, -1.541976423090498986E-15, 0.000000000000000000 ) ) ;
#6122 = ORIENTED_EDGE ( 'NONE', *, *, #7349, .F. ) ;
#6123 = EDGE_LOOP ( 'NONE', ( #6352, #7377, #11196, #4233 ) ) ;
#6124 = LINE ( 'NONE', #10312, #8004 ) ;
#6125 = ORIENTED_EDGE ( 'NONE', *, *, #11564, .F. ) ;
#6126 = ORIENTED_EDGE ( 'NONE', *, *, #6868, .F. ) ;
#6127 = FACE_OUTER_BOUND ( 'NONE', #8020, .T. ) ;
#6128 = ADVANCED_FACE ( 'NONE', ( #5197 ), #899, .F. ) ;
#6129 = VECTOR ( 'NONE', #11143, 1000.000000000000000 ) ;
#6130 = CYLINDRICAL_SURFACE ( 'NONE', #6393, 0.5000000000000004441 ) ;
#6131 = DIRECTION ( 'NONE',  ( -0.000000000000000000, -0.000000000000000000, -1.000000000000000000 ) ) ;
#6132 = VERTEX_POINT ( 'NONE', #11297 ) ;
#6133 = DIRECTION ( 'NONE',  ( -0.000000000000000000, -0.000000000000000000, -1.000000000000000000 ) ) ;
#6134 = EDGE_CURVE ( 'NONE', #7175, #6261, #4935, .T. ) ;
#6135 = CARTESIAN_POINT ( 'NONE',  ( -3.000000000000000888, 10.00000000000000000, 198.8000000000000398 ) ) ;
#6136 = EDGE_CURVE ( 'NONE', #7297, #8651, #3709, .T. ) ;
#6137 = ORIENTED_EDGE ( 'NONE', *, *, #293, .F. ) ;
#6138 = CARTESIAN_POINT ( 'NONE',  ( 3.000000000000000888, -9.500000000000000000, -24.77500000000004832 ) ) ;
#6139 = VECTOR ( 'NONE', #6271, 1000.000000000000000 ) ;
#6140 = ORIENTED_EDGE ( 'NONE', *, *, #7552, .F. ) ;
#6141 = EDGE_LOOP ( 'NONE', ( #11136, #12854, #2997, #1432 ) ) ;
#6142 = VECTOR ( 'NONE', #7434, 1000.000000000000000 ) ;
#6143 = PLANE ( 'NONE',  #8851 ) ;
#6144 = DIRECTION ( 'NONE',  ( -1.000000000000000000, 0.000000000000000000, 0.000000000000000000 ) ) ;
#6145 = DIRECTION ( 'NONE',  ( 0.000000000000000000, 0.000000000000000000, -1.000000000000000000 ) ) ;
#6146 = ORIENTED_EDGE ( 'NONE', *, *, #7923, .F. ) ;
#6147 = EDGE_CURVE ( 'NONE', #2539, #11722, #4708, .T. ) ;
#6148 = CARTESIAN_POINT ( 'NONE',  ( 0.8898448916085185401, 6.599999999999999645, 198.8000000000000398 ) ) ;
#6149 = VERTEX_POINT ( 'NONE', #2226 ) ;
#6150 = EDGE_LOOP ( 'NONE', ( #10173, #737, #2669, #7705 ) ) ;
#6151 = AXIS2_PLACEMENT_3D ( 'NONE', #8961, #875, #5174 ) ;
#6152 = CIRCLE ( 'NONE', #9344, 0.5000000000000013323 ) ;
#6153 = CARTESIAN_POINT ( 'NONE',  ( 3.000000000000000888, -10.00000000000000000, 304.8000000000000114 ) ) ;
#6154 = CARTESIAN_POINT ( 'NONE',  ( -8.250000000000000000, 8.250000000000000000, 304.8000000000000114 ) ) ;
#6155 = EDGE_CURVE ( 'NONE', #4584, #10156, #1985, .T. ) ;
#6156 = ORIENTED_EDGE ( 'NONE', *, *, #10977, .F. ) ;
#6157 = CYLINDRICAL_SURFACE ( 'NONE', #4158, 0.5000000000000004441 ) ;
#6158 = CARTESIAN_POINT ( 'NONE',  ( -2.500000000000000444, -9.500000000000000000, 304.8000000000000114 ) ) ;
#6159 = DIRECTION ( 'NONE',  ( 1.091797020627685427E-31, -3.304235192336776498E-16, 1.000000000000000000 ) ) ;
#6160 = VERTEX_POINT ( 'NONE', #7387 ) ;
#6161 = ORIENTED_EDGE ( 'NONE', *, *, #10559, .T. ) ;
#6162 = EDGE_CURVE ( 'NONE', #12369, #10053, #3641, .T. ) ;
#6163 = CARTESIAN_POINT ( 'NONE',  ( 5.603553390593272177, 7.071067811865474617, -20.77500000000004476 ) ) ;
#6164 = DIRECTION ( 'NONE',  ( -0.000000000000000000, 0.000000000000000000, -1.000000000000000000 ) ) ;
#6165 = LINE ( 'NONE', #77, #3634 ) ;
#6166 = AXIS2_PLACEMENT_3D ( 'NONE', #6264, #39, #7048 ) ;
#6168 = VECTOR ( 'NONE', #4475, 1000.000000000000000 ) ;
#6167 = CARTESIAN_POINT ( 'NONE',  ( 7.924621202458749458, 3.000000000000001332, -24.77500000000004832 ) ) ;
#6169 = LINE ( 'NONE', #347, #99 ) ;
#6171 = EDGE_CURVE ( 'NONE', #214, #8922, #11726, .T. ) ;
#6170 = FACE_OUTER_BOUND ( 'NONE', #5144, .T. ) ;
#6172 = CARTESIAN_POINT ( 'NONE',  ( 3.599999999999997424, 0.8898448916085081040, 94.79999999999999716 ) ) ;
#6173 = VERTEX_POINT ( 'NONE', #319 ) ;
#6174 = CARTESIAN_POINT ( 'NONE',  ( 8.250000000000000000, -8.250000000000000000, 198.8000000000000398 ) ) ;
#6175 = VERTEX_POINT ( 'NONE', #2648 ) ;
#6176 = VERTEX_POINT ( 'NONE', #8391 ) ;
#6177 = AXIS2_PLACEMENT_3D ( 'NONE', #5538, #451, #2544 ) ;
#6178 = AXIS2_PLACEMENT_3D ( 'NONE', #685, #7825, #6703 ) ;
#6179 = DIRECTION ( 'NONE',  ( -1.000000000000000000, 0.000000000000000000, 0.000000000000000000 ) ) ;
#6180 = CARTESIAN_POINT ( 'NONE',  ( 3.000000000000000888, 9.500000000000000000, 304.8000000000000114 ) ) ;
#6181 = ORIENTED_EDGE ( 'NONE', *, *, #7756, .T. ) ;
#6182 = DIRECTION ( 'NONE',  ( -1.000000000000000000, 0.000000000000000000, 0.000000000000000000 ) ) ;
#6183 = VECTOR ( 'NONE', #11585, 1000.000000000000000 ) ;
#6184 = DIRECTION ( 'NONE',  ( 0.7071067811865476838, -0.7071067811865474617, 0.000000000000000000 ) ) ;
#6185 = VECTOR ( 'NONE', #6131, 1000.000000000000000 ) ;
#6186 = EDGE_CURVE ( 'NONE', #2845, #6013, #6270, .T. ) ;
#6189 = ADVANCED_FACE ( 'NONE', ( #9455, #2350 ), #11417, .T. ) ;
#6188 = VECTOR ( 'NONE', #75, 1000.000000000000000 ) ;
#6187 = DIRECTION ( 'NONE',  ( -1.000000000000000000, 0.000000000000000000, 0.000000000000000000 ) ) ;
#6190 = DIRECTION ( 'NONE',  ( 0.000000000000000000, -0.000000000000000000, -1.000000000000000000 ) ) ;
#6191 = EDGE_LOOP ( 'NONE', ( #4414, #3029, #3151, #12478, #11491, #3587, #11431, #424, #5390, #2969, #10975, #4288, #3710, #4345, #11110, #11886, #12234, #2715, #12285, #5101, #2593, #2237, #11171, #1776, #7684, #10068, #4699, #9654, #5603, #12271, #11680, #9961, #9910, #10175, #3977, #5918, #9953, #12604, #4733, #9320, #6832, #11641, #7835, #8466, #10331, #8645, #2958, #7120, #1554, #12671, #4065, #13045, #9353, #6069, #11926, #9651, #4471, #12791, #6276, #7964, #7526, #37, #4046, #2870, #10645, #9045, #816, #7010, #564, #11758, #2700, #8915 ) ) ;
#6192 = DIRECTION ( 'NONE',  ( -1.000000000000000000, 0.000000000000000000, 0.000000000000000000 ) ) ;
#6193 = ORIENTED_EDGE ( 'NONE', *, *, #12433, .F. ) ;
#6194 = DIRECTION ( 'NONE',  ( 1.541976423090498986E-15, 1.000000000000000000, 0.000000000000000000 ) ) ;
#6195 = ORIENTED_EDGE ( 'NONE', *, *, #11184, .T. ) ;
#6196 = AXIS2_PLACEMENT_3D ( 'NONE', #12821, #3755, #10728 ) ;
#6197 = ORIENTED_EDGE ( 'NONE', *, *, #8128, .F. ) ;
#6198 = CARTESIAN_POINT ( 'NONE',  ( -3.000000000000000888, -10.00000000000000000, 304.8000000000000114 ) ) ;
#6199 = EDGE_LOOP ( 'NONE', ( #938, #5273, #10659, #4686 ) ) ;
#6200 = ORIENTED_EDGE ( 'NONE', *, *, #3246, .F. ) ;
#6201 = DIRECTION ( 'NONE',  ( 1.000000000000000000, 0.000000000000000000, 0.000000000000000000 ) ) ;
#6202 = CIRCLE ( 'NONE', #487, 0.5000000000000004441 ) ;
#6203 = CIRCLE ( 'NONE', #289, 1.749999999999999778 ) ;
#6204 = FACE_OUTER_BOUND ( 'NONE', #225, .T. ) ;
#6205 = CARTESIAN_POINT ( 'NONE',  ( -5.249999999999997335, -7.924621202458751235, 304.8000000000000114 ) ) ;
#6206 = ORIENTED_EDGE ( 'NONE', *, *, #2805, .F. ) ;
#6207 = LINE ( 'NONE', #2084, #5585 ) ;
#6208 = DIRECTION ( 'NONE',  ( -1.000000000000000000, 0.000000000000000000, 0.000000000000000000 ) ) ;
#6209 = CARTESIAN_POINT ( 'NONE',  ( 8.424621202458750346, -2.500000000000001332, 198.8000000000000398 ) ) ;
#6211 = EDGE_CURVE ( 'NONE', #9413, #11159, #7325, .T. ) ;
#6210 = DIRECTION ( 'NONE',  ( 4.873668131198272923E-16, -1.000000000000000000, 0.000000000000000000 ) ) ;
#6212 = VERTEX_POINT ( 'NONE', #8455 ) ;
#6213 = VERTEX_POINT ( 'NONE', #6405 ) ;
#6214 = CARTESIAN_POINT ( 'NONE',  ( -0.8898448916085185401, -6.599999999999999645, 94.79999999999999716 ) ) ;
#6215 = DIRECTION ( 'NONE',  ( -0.000000000000000000, 0.000000000000000000, -1.000000000000000000 ) ) ;
#6216 = LINE ( 'NONE', #125, #864 ) ;
#6217 = ORIENTED_EDGE ( 'NONE', *, *, #6739, .T. ) ;
#6218 = CARTESIAN_POINT ( 'NONE',  ( 5.249999999999997335, 7.424621202458749458, 198.8000000000000398 ) ) ;
#6219 = ORIENTED_EDGE ( 'NONE', *, *, #6136, .F. ) ;
#6220 = EDGE_CURVE ( 'NONE', #7366, #12396, #12710, .T. ) ;
#6221 = AXIS2_PLACEMENT_3D ( 'NONE', #3287, #6347, #2867 ) ;
#6222 = ORIENTED_EDGE ( 'NONE', *, *, #342, .T. ) ;
#6223 = AXIS2_PLACEMENT_3D ( 'NONE', #4429, #7541, #2383 ) ;
#6224 = DIRECTION ( 'NONE',  ( 3.304235192336776498E-16, 1.000000000000000000, -0.000000000000000000 ) ) ;
#6225 = DIRECTION ( 'NONE',  ( -0.000000000000000000, -0.000000000000000000, -1.000000000000000000 ) ) ;
#6226 = VERTEX_POINT ( 'NONE', #10742 ) ;
#6228 = EDGE_CURVE ( 'NONE', #3265, #12353, #11358, .T. ) ;
#6227 = DIRECTION ( 'NONE',  ( -0.000000000000000000, -0.000000000000000000, -1.000000000000000000 ) ) ;
#6229 = CARTESIAN_POINT ( 'NONE',  ( -7.924621202458747682, 5.249999999999995559, 304.8000000000000114 ) ) ;
#6230 = AXIS2_PLACEMENT_3D ( 'NONE', #11850, #10877, #6950 ) ;
#6231 = VECTOR ( 'NONE', #1097, 1000.000000000000000 ) ;
#6232 = ORIENTED_EDGE ( 'NONE', *, *, #6629, .T. ) ;
#6233 = EDGE_CURVE ( 'NONE', #10311, #6599, #9398, .T. ) ;
#6234 = ORIENTED_EDGE ( 'NONE', *, *, #2046, .F. ) ;
#6235 = ORIENTED_EDGE ( 'NONE', *, *, #8226, .T. ) ;
#6236 = EDGE_CURVE ( 'NONE', #4535, #10283, #718, .T. ) ;
#6237 = CARTESIAN_POINT ( 'NONE',  ( -7.424621202458747682, 5.249999999999995559, -24.77500000000004832 ) ) ;
#6238 = DIRECTION ( 'NONE',  ( 1.000000000000000000, 0.000000000000000000, 0.000000000000000000 ) ) ;
#6239 = CARTESIAN_POINT ( 'NONE',  ( -7.071067811865473729, 5.603553390593270400, 304.8000000000000114 ) ) ;
#6240 = CARTESIAN_POINT ( 'NONE',  ( 10.00000000000000000, -8.250000000000000000, 304.8000000000000114 ) ) ;
#6241 = CARTESIAN_POINT ( 'NONE',  ( -3.000000000000000888, 9.500000000000000000, 304.8000000000000114 ) ) ;
#6243 = ADVANCED_FACE ( 'NONE', ( #9759 ), #10322, .T. ) ;
#6242 = LINE ( 'NONE', #10545, #4570 ) ;
#6244 = DIRECTION ( 'NONE',  ( 3.304235192336776498E-16, 1.000000000000000000, -0.000000000000000000 ) ) ;
#6245 = DIRECTION ( 'NONE',  ( -0.7071067811865465735, -0.7071067811865484609, 0.000000000000000000 ) ) ;
#6246 = ORIENTED_EDGE ( 'NONE', *, *, #3140, .F. ) ;
#6247 = ORIENTED_EDGE ( 'NONE', *, *, #273, .F. ) ;
#6248 = DIRECTION ( 'NONE',  ( 3.304235192336776498E-16, -1.000000000000000000, 0.000000000000000000 ) ) ;
#6249 = DIRECTION ( 'NONE',  ( -1.000000000000000000, 0.000000000000000000, 0.000000000000000000 ) ) ;
#6250 = DIRECTION ( 'NONE',  ( -0.000000000000000000, 0.000000000000000000, -1.000000000000000000 ) ) ;
#6251 = CARTESIAN_POINT ( 'NONE',  ( -5.249999999999997335, 7.924621202458751235, 304.8000000000000114 ) ) ;
#6252 = CARTESIAN_POINT ( 'NONE',  ( 5.249999999999997335, 7.924621202458751235, -20.77500000000004476 ) ) ;
#6253 = ORIENTED_EDGE ( 'NONE', *, *, #9795, .F. ) ;
#6254 = PLANE ( 'NONE',  #10598 ) ;
#6255 = VERTEX_POINT ( 'NONE', #6332 ) ;
#6256 = FACE_OUTER_BOUND ( 'NONE', #12651, .T. ) ;
#6257 = ORIENTED_EDGE ( 'NONE', *, *, #11794, .T. ) ;
#6258 = ORIENTED_EDGE ( 'NONE', *, *, #7733, .T. ) ;
#6259 = DIRECTION ( 'NONE',  ( 0.000000000000000000, -0.000000000000000000, -1.000000000000000000 ) ) ;
#6260 = VERTEX_POINT ( 'NONE', #10387 ) ;
#6261 = VERTEX_POINT ( 'NONE', #1424 ) ;
#6262 = CYLINDRICAL_SURFACE ( 'NONE', #6395, 2.999999999999999556 ) ;
#6263 = EDGE_CURVE ( 'NONE', #10723, #8111, #5785, .T. ) ;
#6264 = CARTESIAN_POINT ( 'NONE',  ( -9.500000000000000000, 3.000000000000001332, 94.79999999999999716 ) ) ;
#6265 = DIRECTION ( 'NONE',  ( -0.000000000000000000, -0.000000000000000000, -1.000000000000000000 ) ) ;
#6266 = EDGE_CURVE ( 'NONE', #5679, #5807, #1233, .T. ) ;
#6267 = VERTEX_POINT ( 'NONE', #438 ) ;
#6268 = CARTESIAN_POINT ( 'NONE',  ( 5.249999999999997335, 7.424621202458749458, -24.77500000000004832 ) ) ;
#6269 = PRESENTATION_LAYER_ASSIGNMENT (  '', '', ( #6882 ) ) ;
#6270 = LINE ( 'NONE', #7454, #6441 ) ;
#6271 = DIRECTION ( 'NONE',  ( 3.304235192336776498E-16, 1.000000000000000000, 0.000000000000000000 ) ) ;
#6272 = DIRECTION ( 'NONE',  ( 1.000000000000000000, 0.000000000000000000, 0.000000000000000000 ) ) ;
#6273 = EDGE_LOOP ( 'NONE', ( #1731, #5663, #6971, #8774 ) ) ;
#6274 = ORIENTED_EDGE ( 'NONE', *, *, #6629, .F. ) ;
#6275 = CARTESIAN_POINT ( 'NONE',  ( 3.000000000000000888, 8.424621202458752123, 304.8000000000000114 ) ) ;
#6276 = ORIENTED_EDGE ( 'NONE', *, *, #587, .F. ) ;
#6277 = CIRCLE ( 'NONE', #2863, 0.5000000000000004441 ) ;
#6278 = CARTESIAN_POINT ( 'NONE',  ( -3.000000000000000888, -10.00000000000000000, 304.8000000000000114 ) ) ;
#6279 = CYLINDRICAL_SURFACE ( 'NONE', #12696, 0.5000000000000013323 ) ;
#6280 = ORIENTED_EDGE ( 'NONE', *, *, #11351, .F. ) ;
#6281 = ORIENTED_EDGE ( 'NONE', *, *, #11586, .T. ) ;
#6282 = DIRECTION ( 'NONE',  ( -1.541976423090498986E-15, -1.000000000000000000, 0.000000000000000000 ) ) ;
#6283 = DIRECTION ( 'NONE',  ( 0.000000000000000000, -0.000000000000000000, -1.000000000000000000 ) ) ;
#6284 = AXIS2_PLACEMENT_3D ( 'NONE', #4180, #8221, #2320 ) ;
#6285 = ORIENTED_EDGE ( 'NONE', *, *, #8297, .T. ) ;
#6286 = FACE_OUTER_BOUND ( 'NONE', #8706, .T. ) ;
#6287 = EDGE_CURVE ( 'NONE', #12260, #3682, #4462, .T. ) ;
#6288 = DIRECTION ( 'NONE',  ( -0.000000000000000000, -0.000000000000000000, -1.000000000000000000 ) ) ;
#6289 = DIRECTION ( 'NONE',  ( 2.465190328815661892E-32, -2.220446049250313081E-16, 1.000000000000000000 ) ) ;
#6290 = ORIENTED_EDGE ( 'NONE', *, *, #3200, .F. ) ;
#6291 = ORIENTED_EDGE ( 'NONE', *, *, #3657, .T. ) ;
#6292 = VECTOR ( 'NONE', #639, 1000.000000000000000 ) ;
#6293 = VECTOR ( 'NONE', #9794, 1000.000000000000000 ) ;
#6294 = EDGE_CURVE ( 'NONE', #8257, #8922, #5973, .T. ) ;
#6295 = DIRECTION ( 'NONE',  ( 0.000000000000000000, 0.000000000000000000, 1.000000000000000000 ) ) ;
#6296 = DIRECTION ( 'NONE',  ( 1.000000000000000000, 3.304235192336776498E-16, 0.000000000000000000 ) ) ;
#6297 = CARTESIAN_POINT ( 'NONE',  ( 8.250000000000000000, -10.00000000000000178, 304.8000000000000114 ) ) ;
#6299 = EDGE_CURVE ( 'NONE', #11239, #7111, #6827, .T. ) ;
#6298 = CARTESIAN_POINT ( 'NONE',  ( -1.257674520083185143E-14, 1.257674520083185143E-14, -24.77500000000004832 ) ) ;
#6300 = CARTESIAN_POINT ( 'NONE',  ( 3.600000000000000089, 0.000000000000000000, -24.77500000000004832 ) ) ;
#6301 = CARTESIAN_POINT ( 'NONE',  ( 6.599999999999996092, -0.8898448916085081040, -24.77500000000004832 ) ) ;
#6303 = AXIS2_PLACEMENT_3D ( 'NONE', #6774, #10824, #11871 ) ;
#6302 = CARTESIAN_POINT ( 'NONE',  ( 2.500000000000000444, -9.500000000000000000, 198.8000000000000398 ) ) ;
#6304 = EDGE_CURVE ( 'NONE', #12352, #3780, #9421, .T. ) ;
#6305 = DIRECTION ( 'NONE',  ( 8.065639195895846808E-16, -1.000000000000000000, 0.000000000000000000 ) ) ;
#6306 = ORIENTED_EDGE ( 'NONE', *, *, #11852, .T. ) ;
#6307 = ORIENTED_EDGE ( 'NONE', *, *, #3457, .T. ) ;
#6308 = LINE ( 'NONE', #5379, #443 ) ;
#6309 = EDGE_CURVE ( 'NONE', #999, #9180, #10262, .T. ) ;
#6310 = DIRECTION ( 'NONE',  ( -1.000000000000000000, 0.000000000000000000, 0.000000000000000000 ) ) ;
#6311 = AXIS2_PLACEMENT_3D ( 'NONE', #7680, #3760, #8869 ) ;
#6312 = LINE ( 'NONE', #11204, #11694 ) ;
#6313 = CARTESIAN_POINT ( 'NONE',  ( 10.00000000000000000, -3.000000000000001332, 198.8000000000000398 ) ) ;
#6314 = CARTESIAN_POINT ( 'NONE',  ( 8.250000000000000000, -10.00000000000000178, 304.8000000000000114 ) ) ;
#6315 = DIRECTION ( 'NONE',  ( -0.000000000000000000, -0.000000000000000000, -1.000000000000000000 ) ) ;
#6316 = EDGE_CURVE ( 'NONE', #10111, #4596, #5833, .T. ) ;
#6317 = ORIENTED_EDGE ( 'NONE', *, *, #6373, .F. ) ;
#6318 = CARTESIAN_POINT ( 'NONE',  ( 8.424621202458750346, 2.500000000000000000, 304.8000000000000114 ) ) ;
#6319 = ORIENTED_EDGE ( 'NONE', *, *, #12368, .T. ) ;
#6320 = CARTESIAN_POINT ( 'NONE',  ( 10.00000000000000000, 8.250000000000000000, 304.8000000000000114 ) ) ;
#6321 = AXIS2_PLACEMENT_3D ( 'NONE', #121, #10517, #2359 ) ;
#6322 = EDGE_LOOP ( 'NONE', ( #3149, #4538, #10701, #2879 ) ) ;
#6323 = VERTEX_POINT ( 'NONE', #8953 ) ;
#6324 = DIRECTION ( 'NONE',  ( -3.304235192336776498E-16, 1.000000000000000000, 0.000000000000000000 ) ) ;
#6325 = EDGE_LOOP ( 'NONE', ( #5949, #6850 ) ) ;
#6326 = CARTESIAN_POINT ( 'NONE',  ( -3.600000000000000089, 0.000000000000000000, 198.8000000000000398 ) ) ;
#6327 = EDGE_CURVE ( 'NONE', #2628, #5137, #4944, .T. ) ;
#6328 = DIRECTION ( 'NONE',  ( -0.000000000000000000, -0.000000000000000000, -1.000000000000000000 ) ) ;
#6329 = LINE ( 'NONE', #2221, #5749 ) ;
#6330 = FACE_OUTER_BOUND ( 'NONE', #7580, .T. ) ;
#6331 = VECTOR ( 'NONE', #11617, 1000.000000000000000 ) ;
#6332 = CARTESIAN_POINT ( 'NONE',  ( 0.8898448916085185401, 3.600000000000000533, 304.8000000000000114 ) ) ;
#6333 = DIRECTION ( 'NONE',  ( -1.541976423090499183E-15, 1.000000000000000000, -0.000000000000000000 ) ) ;
#6334 = EDGE_CURVE ( 'NONE', #5951, #7350, #10874, .T. ) ;
#6335 = LINE ( 'NONE', #3213, #6073 ) ;
#6336 = EDGE_CURVE ( 'NONE', #10626, #9020, #9887, .T. ) ;
#6337 = ORIENTED_EDGE ( 'NONE', *, *, #5111, .F. ) ;
#6338 = ORIENTED_EDGE ( 'NONE', *, *, #13068, .T. ) ;
#6339 = EDGE_CURVE ( 'NONE', #9250, #9657, #802, .T. ) ;
#6340 = DIRECTION ( 'NONE',  ( 0.000000000000000000, 0.000000000000000000, -1.000000000000000000 ) ) ;
#6341 = ORIENTED_EDGE ( 'NONE', *, *, #3457, .F. ) ;
#6342 = AXIS2_PLACEMENT_3D ( 'NONE', #6759, #2520, #8624 ) ;
#6343 = FACE_OUTER_BOUND ( 'NONE', #6273, .T. ) ;
#6344 = CYLINDRICAL_SURFACE ( 'NONE', #245, 0.5000000000000008882 ) ;
#6345 = ORIENTED_EDGE ( 'NONE', *, *, #9858, .T. ) ;
#6346 = ORIENTED_EDGE ( 'NONE', *, *, #11264, .T. ) ;
#6347 = DIRECTION ( 'NONE',  ( -0.000000000000000000, 0.000000000000000000, 1.000000000000000000 ) ) ;
#6348 = AXIS2_PLACEMENT_3D ( 'NONE', #3174, #9296, #7222 ) ;
#6349 = VECTOR ( 'NONE', #520, 1000.000000000000000 ) ;
#6350 = CARTESIAN_POINT ( 'NONE',  ( 9.500000000000000000, -2.500000000000000444, 304.8000000000000114 ) ) ;
#6351 = EDGE_CURVE ( 'NONE', #2956, #3007, #12901, .T. ) ;
#6352 = ORIENTED_EDGE ( 'NONE', *, *, #8692, .F. ) ;
#6353 = DIRECTION ( 'NONE',  ( 1.000000000000000000, 0.000000000000000000, 0.000000000000000000 ) ) ;
#6354 = ADVANCED_FACE ( 'NONE', ( #2966 ), #5897, .F. ) ;
#6355 = DIRECTION ( 'NONE',  ( -1.000000000000000000, 0.000000000000000000, 0.000000000000000000 ) ) ;
#6356 = CARTESIAN_POINT ( 'NONE',  ( 403.4191185303758971, 419.2108796227577159, 312.2976979552246348 ) ) ;
#6357 = VERTEX_POINT ( 'NONE', #2772 ) ;
#6358 = EDGE_LOOP ( 'NONE', ( #12748, #10831, #6387, #8783 ) ) ;
#6359 = DIRECTION ( 'NONE',  ( 0.000000000000000000, 0.000000000000000000, 1.000000000000000000 ) ) ;
#6360 = CIRCLE ( 'NONE', #4234, 1.749999999999999778 ) ;
#6361 = AXIS2_PLACEMENT_3D ( 'NONE', #12851, #880, #2910 ) ;
#6362 = DIRECTION ( 'NONE',  ( 1.000000000000000000, -8.065639195895846808E-16, 0.000000000000000000 ) ) ;
#6363 = CARTESIAN_POINT ( 'NONE',  ( -7.071067811865473729, -5.603553390593270400, 304.8000000000000114 ) ) ;
#6364 = CARTESIAN_POINT ( 'NONE',  ( 7.924621202458747682, 5.249999999999995559, 304.8000000000000114 ) ) ;
#6365 = CARTESIAN_POINT ( 'NONE',  ( 7.424621202458747682, 5.249999999999995559, -24.77500000000004832 ) ) ;
#6366 = PLANE ( 'NONE',  #6450 ) ;
#6367 = DIRECTION ( 'NONE',  ( 1.000000000000000000, -0.000000000000000000, -0.000000000000000000 ) ) ;
#6368 = VECTOR ( 'NONE', #1219, 1000.000000000000114 ) ;
#6369 = AXIS2_PLACEMENT_3D ( 'NONE', #12980, #11001, #1001 ) ;
#6370 = CYLINDRICAL_SURFACE ( 'NONE', #12032, 0.5000000000000008882 ) ;
#6371 = AXIS2_PLACEMENT_3D ( 'NONE', #8476, #6545, #6430 ) ;
#6372 = LINE ( 'NONE', #10427, #7542 ) ;
#6373 = EDGE_CURVE ( 'NONE', #5670, #9064, #5155, .T. ) ;
#6374 = ORIENTED_EDGE ( 'NONE', *, *, #12873, .T. ) ;
#6375 = APPLICATION_CONTEXT ( 'automotive_design' ) ;
#6376 = EDGE_LOOP ( 'NONE', ( #10170, #254, #11744, #6478 ) ) ;
#6377 = EDGE_CURVE ( 'NONE', #9180, #2414, #1989, .T. ) ;
#6378 = DIRECTION ( 'NONE',  ( -0.7071067811865484609, -0.7071067811865466846, 0.000000000000000000 ) ) ;
#6379 = LINE ( 'NONE', #3447, #3424 ) ;
#6380 = VECTOR ( 'NONE', #2098, 1000.000000000000000 ) ;
#6381 = CARTESIAN_POINT ( 'NONE',  ( -7.924621202458749458, -3.000000000000001332, 304.8000000000000114 ) ) ;
#6382 = AXIS2_PLACEMENT_3D ( 'NONE', #7523, #5407, #9465 ) ;
#6383 = EDGE_CURVE ( 'NONE', #2231, #3895, #11921, .T. ) ;
#6384 = CYLINDRICAL_SURFACE ( 'NONE', #9747, 0.5000000000000004441 ) ;
#6385 = SURFACE_SIDE_STYLE ('',( #2334 ) ) ;
#6386 = CARTESIAN_POINT ( 'NONE',  ( 8.424621202458750346, -2.500000000000000000, 304.8000000000000114 ) ) ;
#6387 = ORIENTED_EDGE ( 'NONE', *, *, #11279, .T. ) ;
#6388 = VECTOR ( 'NONE', #2675, 1000.000000000000000 ) ;
#6389 = CARTESIAN_POINT ( 'NONE',  ( 9.500000000000000000, 2.500000000000000444, 304.8000000000000114 ) ) ;
#6390 = ORIENTED_EDGE ( 'NONE', *, *, #10786, .F. ) ;
#6391 = LINE ( 'NONE', #11344, #378 ) ;
#6392 = ADVANCED_FACE ( 'NONE', ( #3969 ), #7020, .F. ) ;
#6393 = AXIS2_PLACEMENT_3D ( 'NONE', #12144, #11096, #10257 ) ;
#6394 = VERTEX_POINT ( 'NONE', #6886 ) ;
#6395 = AXIS2_PLACEMENT_3D ( 'NONE', #11349, #7567, #7509 ) ;
#6396 = ORIENTED_EDGE ( 'NONE', *, *, #6171, .F. ) ;
#6397 = CARTESIAN_POINT ( 'NONE',  ( 0.8898448916085185401, 3.600000000000000533, 304.8000000000000114 ) ) ;
#6398 = DIRECTION ( 'NONE',  ( -0.000000000000000000, -0.000000000000000000, -1.000000000000000000 ) ) ;
#6399 = LINE ( 'NONE', #2147, #12307 ) ;
#6400 = EDGE_CURVE ( 'NONE', #11732, #4167, #11067, .T. ) ;
#6401 = CIRCLE ( 'NONE', #7235, 0.5000000000000004441 ) ;
#6402 = LINE ( 'NONE', #4209, #9837 ) ;
#6403 =( REPRESENTATION_RELATIONSHIP ('NONE','NONE', #11367, #7647 ) REPRESENTATION_RELATIONSHIP_WITH_TRANSFORMATION ( #5006 )SHAPE_REPRESENTATION_RELATIONSHIP( ) );
#6404 = AXIS2_PLACEMENT_3D ( 'NONE', #4384, #10432, #296 ) ;
#6405 = CARTESIAN_POINT ( 'NONE',  ( 10.00000000000000000, -8.250000000000000000, 304.8000000000000114 ) ) ;
#6406 = EDGE_CURVE ( 'NONE', #7861, #4356, #6627, .T. ) ;
#6407 = CARTESIAN_POINT ( 'NONE',  ( -5.603553390593272177, -7.071067811865475505, 198.8000000000000398 ) ) ;
#6408 = DIRECTION ( 'NONE',  ( -1.000000000000000000, 0.000000000000000000, 0.000000000000000000 ) ) ;
#6409 = EDGE_CURVE ( 'NONE', #11873, #7348, #12839, .T. ) ;
#6410 = ORIENTED_EDGE ( 'NONE', *, *, #2484, .F. ) ;
#6411 = ORIENTED_EDGE ( 'NONE', *, *, #1438, .F. ) ;
#6412 = FACE_OUTER_BOUND ( 'NONE', #5268, .T. ) ;
#6413 = AXIS2_PLACEMENT_3D ( 'NONE', #9885, #5970, #12036 ) ;
#6414 = ORIENTED_EDGE ( 'NONE', *, *, #10453, .T. ) ;
#6415 = AXIS2_PLACEMENT_3D ( 'NONE', #5089, #5022, #8949 ) ;
#6416 = FACE_OUTER_BOUND ( 'NONE', #379, .T. ) ;
#6417 = CARTESIAN_POINT ( 'NONE',  ( -7.424621202458747682, 5.249999999999995559, 94.79999999999999716 ) ) ;
#6418 = EDGE_LOOP ( 'NONE', ( #3723, #5787, #11616, #7777 ) ) ;
#6419 = VECTOR ( 'NONE', #980, 1000.000000000000000 ) ;
#6420 = EDGE_LOOP ( 'NONE', ( #12929, #9245, #9987, #9543 ) ) ;
#6421 = AXIS2_PLACEMENT_3D ( 'NONE', #8215, #11323, #2254 ) ;
#6422 = DIRECTION ( 'NONE',  ( -0.000000000000000000, -0.000000000000000000, -1.000000000000000000 ) ) ;
#6423 = VECTOR ( 'NONE', #9271, 1000.000000000000000 ) ;
#6424 = LINE ( 'NONE', #9279, #9272 ) ;
#6425 = ORIENTED_EDGE ( 'NONE', *, *, #10770, .T. ) ;
#6426 = FACE_OUTER_BOUND ( 'NONE', #8597, .T. ) ;
#6427 = EDGE_LOOP ( 'NONE', ( #9206, #10612, #3473, #3939 ) ) ;
#6428 = PLANE ( 'NONE',  #3338 ) ;
#6429 = DIRECTION ( 'NONE',  ( -3.304235192336776498E-16, -1.000000000000000000, 0.000000000000000000 ) ) ;
#6430 = DIRECTION ( 'NONE',  ( -1.000000000000000000, 0.000000000000000000, 0.000000000000000000 ) ) ;
#6431 = VECTOR ( 'NONE', #12363, 1000.000000000000000 ) ;
#6432 = VECTOR ( 'NONE', #7500, 1000.000000000000000 ) ;
#6433 = ORIENTED_EDGE ( 'NONE', *, *, #8282, .T. ) ;
#6434 = DIRECTION ( 'NONE',  ( -1.000000000000000000, 0.000000000000000000, 0.000000000000000000 ) ) ;
#6435 = EDGE_CURVE ( 'NONE', #2229, #3295, #10933, .T. ) ;
#6436 = CARTESIAN_POINT ( 'NONE',  ( -3.000000000000000888, 10.00000000000000000, 304.8000000000000114 ) ) ;
#6437 = EDGE_CURVE ( 'NONE', #778, #12075, #7281, .T. ) ;
#6438 = DIRECTION ( 'NONE',  ( -1.000000000000000000, 0.000000000000000000, 0.000000000000000000 ) ) ;
#6439 = DIRECTION ( 'NONE',  ( -1.000000000000000000, 0.000000000000000000, 0.000000000000000000 ) ) ;
#6440 = LINE ( 'NONE', #6554, #12074 ) ;
#6441 = VECTOR ( 'NONE', #2416, 1000.000000000000000 ) ;
#6443 = AXIS2_PLACEMENT_3D ( 'NONE', #12108, #2960, #13028 ) ;
#6442 = CARTESIAN_POINT ( 'NONE',  ( 7.924621202458747682, 5.249999999999995559, 304.8000000000000114 ) ) ;
#6444 = CARTESIAN_POINT ( 'NONE',  ( -9.500000000000000000, 2.500000000000000444, -104.7750000000000057 ) ) ;
#6445 = FACE_OUTER_BOUND ( 'NONE', #706, .T. ) ;
#6446 = EDGE_LOOP ( 'NONE', ( #5904, #332, #9597, #2701 ) ) ;
#6447 = ORIENTED_EDGE ( 'NONE', *, *, #10990, .T. ) ;
#6448 = ORIENTED_EDGE ( 'NONE', *, *, #8772, .F. ) ;
#6449 = DIRECTION ( 'NONE',  ( 0.000000000000000000, -0.000000000000000000, 1.000000000000000000 ) ) ;
#6450 = AXIS2_PLACEMENT_3D ( 'NONE', #10423, #9225, #10291 ) ;
#6451 = CIRCLE ( 'NONE', #2201, 2.999999999999999556 ) ;
#6452 = LINE ( 'NONE', #1346, #9787 ) ;
#6453 = CARTESIAN_POINT ( 'NONE',  ( -9.500000000000000000, 3.000000000000001332, 304.8000000000000114 ) ) ;
#6454 = DIRECTION ( 'NONE',  ( -0.7071067811865465735, -0.7071067811865483499, 0.000000000000000000 ) ) ;
#6455 = CARTESIAN_POINT ( 'NONE',  ( -2.500000000000000444, 9.500000000000000000, -24.77499999999993463 ) ) ;
#6456 = ORIENTED_EDGE ( 'NONE', *, *, #10759, .F. ) ;
#6457 = CARTESIAN_POINT ( 'NONE',  ( 3.000000000000000888, -7.924621202458751235, -20.77500000000004476 ) ) ;
#6458 = ORIENTED_EDGE ( 'NONE', *, *, #9007, .F. ) ;
#6459 = EDGE_CURVE ( 'NONE', #8312, #3533, #11387, .T. ) ;
#6460 = CARTESIAN_POINT ( 'NONE',  ( 3.011165235168161036, -4.478679656440357704, 198.8000000000000398 ) ) ;
#6461 = PLANE ( 'NONE',  #4680 ) ;
#6462 = CARTESIAN_POINT ( 'NONE',  ( -7.071067811865473729, 5.603553390593270400, 304.8000000000000114 ) ) ;
#6463 = CARTESIAN_POINT ( 'NONE',  ( -7.071067811865473729, -5.603553390593270400, 304.8000000000000114 ) ) ;
#6464 = EDGE_CURVE ( 'NONE', #7227, #11100, #10355, .T. ) ;
#6465 = ORIENTED_EDGE ( 'NONE', *, *, #7845, .F. ) ;
#6466 = DIRECTION ( 'NONE',  ( -1.000000000000000000, 0.000000000000000000, 0.000000000000000000 ) ) ;
#6467 = ADVANCED_FACE ( 'NONE', ( #2052 ), #5233, .F. ) ;
#6468 = DIRECTION ( 'NONE',  ( 0.000000000000000000, -0.000000000000000000, 1.000000000000000000 ) ) ;
#6469 = EDGE_LOOP ( 'NONE', ( #8237, #9341, #8121, #10233 ) ) ;
#6470 = CARTESIAN_POINT ( 'NONE',  ( 8.250000000000000000, 8.250000000000000000, 304.8000000000000114 ) ) ;
#6471 = VERTEX_POINT ( 'NONE', #283 ) ;
#6472 = ORIENTED_EDGE ( 'NONE', *, *, #10781, .F. ) ;
#6473 = EDGE_CURVE ( 'NONE', #12840, #12797, #12314, .T. ) ;
#6474 = PLANE ( 'NONE',  #7780 ) ;
#6475 = ORIENTED_EDGE ( 'NONE', *, *, #563, .F. ) ;
#6476 = PLANE ( 'NONE',  #6382 ) ;
#6477 = LINE ( 'NONE', #10522, #7210 ) ;
#6478 = ORIENTED_EDGE ( 'NONE', *, *, #11156, .T. ) ;
#6479 = DIRECTION ( 'NONE',  ( -0.000000000000000000, -0.000000000000000000, -1.000000000000000000 ) ) ;
#6480 = EDGE_LOOP ( 'NONE', ( #2486, #3070, #401, #5727 ) ) ;
#6481 = EDGE_CURVE ( 'NONE', #12926, #11655, #11075, .T. ) ;
#6482 = FACE_OUTER_BOUND ( 'NONE', #623, .T. ) ;
#6483 = DIRECTION ( 'NONE',  ( 0.7071067811865465735, -0.7071067811865483499, 0.000000000000000000 ) ) ;
#6484 = LINE ( 'NONE', #10532, #576 ) ;
#6485 = CIRCLE ( 'NONE', #3301, 0.5000000000000004441 ) ;
#6486 = VERTEX_POINT ( 'NONE', #6102 ) ;
#6487 = ADVANCED_FACE ( 'NONE', ( #11125 ), #6366, .F. ) ;
#6488 = CYLINDRICAL_SURFACE ( 'NONE', #4393, 0.5000000000000004441 ) ;
#6489 = CARTESIAN_POINT ( 'NONE',  ( -3.000000000000000888, 9.500000000000000000, 304.8000000000000114 ) ) ;
#6490 = PRODUCT_DEFINITION_SHAPE ( 'NONE', 'NONE',  #13090 ) ;
#6491 = VECTOR ( 'NONE', #7403, 1000.000000000000000 ) ;
#6492 = DIRECTION ( 'NONE',  ( -1.000000000000000000, 0.000000000000000000, 0.000000000000000000 ) ) ;
#6493 = DIRECTION ( 'NONE',  ( -0.000000000000000000, -0.000000000000000000, -1.000000000000000000 ) ) ;
#6494 = DIRECTION ( 'NONE',  ( -0.000000000000000000, -0.000000000000000000, -1.000000000000000000 ) ) ;
#6495 = FACE_OUTER_BOUND ( 'NONE', #904, .T. ) ;
#6496 = DIRECTION ( 'NONE',  ( 0.000000000000000000, -1.000000000000000000, 0.000000000000000000 ) ) ;
#6497 = DIRECTION ( 'NONE',  ( 0.000000000000000000, 0.000000000000000000, -1.000000000000000000 ) ) ;
#6498 = LINE ( 'NONE', #9297, #8812 ) ;
#6499 = EDGE_CURVE ( 'NONE', #2666, #413, #1365, .T. ) ;
#6500 = ADVANCED_FACE ( 'NONE', ( #1336 ), #1058, .F. ) ;
#6501 = ORIENTED_EDGE ( 'NONE', *, *, #154, .T. ) ;
#6502 = AXIS2_PLACEMENT_3D ( 'NONE', #8048, #9120, #7057 ) ;
#6503 = EDGE_CURVE ( 'NONE', #12300, #9723, #4315, .T. ) ;
#6504 = EDGE_LOOP ( 'NONE', ( #2379, #7576, #4798, #8980 ) ) ;
#6505 = CIRCLE ( 'NONE', #3954, 0.5000000000000004441 ) ;
#6506 = DIRECTION ( 'NONE',  ( -0.7071067811865465735, 0.7071067811865483499, 0.000000000000000000 ) ) ;
#6507 = CARTESIAN_POINT ( 'NONE',  ( -2.500000000000000444, 9.500000000000000000, 198.8000000000000682 ) ) ;
#6508 = CARTESIAN_POINT ( 'NONE',  ( 0.8898448916085185401, -6.599999999999999645, 304.8000000000000114 ) ) ;
#6509 = CARTESIAN_POINT ( 'NONE',  ( -3.000000000000000888, 10.00000000000000000, -24.77500000000004832 ) ) ;
#6510 = VECTOR ( 'NONE', #3403, 1000.000000000000000 ) ;
#6511 = LINE ( 'NONE', #3454, #10978 ) ;
#6512 = ORIENTED_EDGE ( 'NONE', *, *, #1848, .T. ) ;
#6513 = DIRECTION ( 'NONE',  ( 1.000000000000000000, 0.000000000000000000, 0.000000000000000000 ) ) ;
#6514 = VERTEX_POINT ( 'NONE', #7292 ) ;
#6515 = VECTOR ( 'NONE', #1584, 1000.000000000000000 ) ;
#6516 = DIRECTION ( 'NONE',  ( -1.000000000000000000, 0.000000000000000000, -0.000000000000000000 ) ) ;
#6517 = CARTESIAN_POINT ( 'NONE',  ( 9.500000000000000000, 3.000000000000001332, -104.7750000000000057 ) ) ;
#6518 = DIRECTION ( 'NONE',  ( -0.000000000000000000, -0.000000000000000000, -1.000000000000000000 ) ) ;
#6519 = CARTESIAN_POINT ( 'NONE',  ( 3.011165235168160592, -4.478679656440356815, 304.8000000000000114 ) ) ;
#6520 = CIRCLE ( 'NONE', #5884, 2.999999999999999556 ) ;
#6521 = CARTESIAN_POINT ( 'NONE',  ( -3.599999999999997424, -0.8898448916085081040, 304.8000000000000114 ) ) ;
#6522 = ORIENTED_EDGE ( 'NONE', *, *, #7394, .T. ) ;
#6523 = DIRECTION ( 'NONE',  ( -1.000000000000000000, 0.000000000000000000, 0.000000000000000000 ) ) ;
#6524 = ORIENTED_EDGE ( 'NONE', *, *, #6147, .T. ) ;
#6525 = ORIENTED_EDGE ( 'NONE', *, *, #8723, .F. ) ;
#6526 = CARTESIAN_POINT ( 'NONE',  ( 4.478679656440354151, -3.011165235168150378, 304.8000000000000114 ) ) ;
#6527 = EDGE_LOOP ( 'NONE', ( #11418, #4126, #1495, #12964 ) ) ;
#6528 = ADVANCED_FACE ( 'NONE', ( #11325 ), #2257, .T. ) ;
#6529 = DIRECTION ( 'NONE',  ( -1.000000000000000000, 0.000000000000000000, 0.000000000000000000 ) ) ;
#6530 = VECTOR ( 'NONE', #3994, 1000.000000000000000 ) ;
#6531 = CARTESIAN_POINT ( 'NONE',  ( 2.500000000000000000, -8.424621202458752123, -104.7750000000000057 ) ) ;
#6532 = VERTEX_POINT ( 'NONE', #7358 ) ;
#6533 = CARTESIAN_POINT ( 'NONE',  ( -10.00000000000000000, -3.000000000000001332, 304.8000000000000114 ) ) ;
#6534 = EDGE_CURVE ( 'NONE', #6062, #11508, #6169, .T. ) ;
#6535 = ORIENTED_EDGE ( 'NONE', *, *, #6339, .T. ) ;
#6536 = EDGE_CURVE ( 'NONE', #4029, #508, #2415, .T. ) ;
#6537 = FACE_OUTER_BOUND ( 'NONE', #6469, .T. ) ;
#6538 = CARTESIAN_POINT ( 'NONE',  ( 9.500000000000000000, -2.500000000000000444, 304.8000000000000114 ) ) ;
#6539 = CARTESIAN_POINT ( 'NONE',  ( 4.478679656440354151, 3.011165235168150822, 198.8000000000000398 ) ) ;
#6540 = CIRCLE ( 'NONE', #1671, 1.749999999999999778 ) ;
#6541 = ORIENTED_EDGE ( 'NONE', *, *, #9957, .T. ) ;
#6542 = CARTESIAN_POINT ( 'NONE',  ( 9.500000000000000000, -3.000000000000001332, 304.8000000000000114 ) ) ;
#6543 = APPLICATION_PROTOCOL_DEFINITION ( 'draft international standard', 'automotive_design', 1998, #2230 ) ;
#6544 = EDGE_CURVE ( 'NONE', #4101, #12554, #5297, .T. ) ;
#6545 = DIRECTION ( 'NONE',  ( -0.000000000000000000, -0.000000000000000000, -1.000000000000000000 ) ) ;
#6546 = ORIENTED_EDGE ( 'NONE', *, *, #8570, .T. ) ;
#6547 = CIRCLE ( 'NONE', #5912, 0.5000000000000004441 ) ;
#6548 = ORIENTED_EDGE ( 'NONE', *, *, #12457, .F. ) ;
#6549 = DIRECTION ( 'NONE',  ( -0.7071067811865465735, -0.7071067811865483499, 0.000000000000000000 ) ) ;
#6550 = VECTOR ( 'NONE', #11695, 1000.000000000000000 ) ;
#6551 = ADVANCED_FACE ( 'NONE', ( #12113 ), #3039, .F. ) ;
#6552 = DIRECTION ( 'NONE',  ( -1.000000000000000000, 0.000000000000000000, 0.000000000000000000 ) ) ;
#6553 = LINE ( 'NONE', #3496, #8521 ) ;
#6554 = CARTESIAN_POINT ( 'NONE',  ( 3.000000000000000888, -10.00000000000000000, -24.77500000000004832 ) ) ;
#6555 = DIRECTION ( 'NONE',  ( -1.000000000000000000, 0.000000000000000000, 0.000000000000000000 ) ) ;
#6556 = CYLINDRICAL_SURFACE ( 'NONE', #7815, 0.5000000000000004441 ) ;
#6557 = CARTESIAN_POINT ( 'NONE',  ( 3.600000000000000089, 0.000000000000000000, 304.8000000000000114 ) ) ;
#6558 = ORIENTED_EDGE ( 'NONE', *, *, #1210, .F. ) ;
#6559 = VECTOR ( 'NONE', #12585, 1000.000000000000000 ) ;
#6560 = ORIENTED_EDGE ( 'NONE', *, *, #12600, .T. ) ;
#6561 = FACE_OUTER_BOUND ( 'NONE', #8473, .T. ) ;
#6562 = CARTESIAN_POINT ( 'NONE',  ( 7.924621202458747682, -5.249999999999995559, 304.8000000000000114 ) ) ;
#6563 = DIRECTION ( 'NONE',  ( -0.000000000000000000, 0.000000000000000000, -1.000000000000000000 ) ) ;
#6564 = EDGE_CURVE ( 'NONE', #4167, #10974, #7066, .T. ) ;
#6565 = CIRCLE ( 'NONE', #7617, 0.5000000000000013323 ) ;
#6566 = VECTOR ( 'NONE', #12324, 1000.000000000000000 ) ;
#6567 = AXIS2_PLACEMENT_3D ( 'NONE', #6489, #8661, #2560 ) ;
#6568 = CARTESIAN_POINT ( 'NONE',  ( 4.478679656440354151, 3.011165235168150822, 94.79999999999999716 ) ) ;
#6569 = PLANE ( 'NONE',  #5477 ) ;
#6570 = ORIENTED_EDGE ( 'NONE', *, *, #9127, .F. ) ;
#6571 = CARTESIAN_POINT ( 'NONE',  ( 7.924621202458747682, -5.249999999999995559, 304.8000000000000114 ) ) ;
#6572 = ORIENTED_EDGE ( 'NONE', *, *, #11185, .T. ) ;
#6573 = CIRCLE ( 'NONE', #2127, 2.999999999999999112 ) ;
#6574 = AXIS2_PLACEMENT_3D ( 'NONE', #2028, #4219, #7132 ) ;
#6575 = LINE ( 'NONE', #3717, #10599 ) ;
#6576 = LINE ( 'NONE', #6838, #1518 ) ;
#6577 = FACE_OUTER_BOUND ( 'NONE', #7105, .T. ) ;
#6578 = ADVANCED_FACE ( 'NONE', ( #145 ), #8218, .F. ) ;
#6579 = DIRECTION ( 'NONE',  ( -0.7071067811865465735, 0.7071067811865483499, 0.000000000000000000 ) ) ;
#6580 = EDGE_CURVE ( 'NONE', #9248, #7565, #12694, .T. ) ;
#6581 = EDGE_CURVE ( 'NONE', #7155, #4418, #3626, .T. ) ;
#6582 = AXIS2_PLACEMENT_3D ( 'NONE', #240, #5192, #4277 ) ;
#6583 = AXIS2_PLACEMENT_3D ( 'NONE', #7970, #3997, #6201 ) ;
#6584 = ADVANCED_BREP_SHAPE_REPRESENTATION ( '', ( #12110, #3417 ), #2154 ) ;
#6585 = CARTESIAN_POINT ( 'NONE',  ( -3.599999999999997424, 0.8898448916085081040, 94.79999999999999716 ) ) ;
#6586 = ORIENTED_EDGE ( 'NONE', *, *, #6932, .F. ) ;
#6587 = DIRECTION ( 'NONE',  ( 0.000000000000000000, 0.000000000000000000, -1.000000000000000000 ) ) ;
#6588 = EDGE_LOOP ( 'NONE', ( #12219, #3073, #3083, #8300 ) ) ;
#6589 = ORIENTED_EDGE ( 'NONE', *, *, #2519, .T. ) ;
#6590 = CARTESIAN_POINT ( 'NONE',  ( 8.424621202458750346, -2.500000000000000000, 304.8000000000000114 ) ) ;
#6591 = VERTEX_POINT ( 'NONE', #9740 ) ;
#6592 = EDGE_LOOP ( 'NONE', ( #1430, #915, #10915, #9473 ) ) ;
#6593 = DIRECTION ( 'NONE',  ( -0.000000000000000000, 0.000000000000000000, -1.000000000000000000 ) ) ;
#6594 = VECTOR ( 'NONE', #9046, 1000.000000000000000 ) ;
#6595 = AXIS2_PLACEMENT_3D ( 'NONE', #6960, #2202, #8093 ) ;
#6596 = LINE ( 'NONE', #2542, #7419 ) ;
#6597 = ORIENTED_EDGE ( 'NONE', *, *, #2912, .F. ) ;
#6598 = CARTESIAN_POINT ( 'NONE',  ( 7.071067811865473729, 5.603553390593270400, 304.8000000000000114 ) ) ;
#6599 = VERTEX_POINT ( 'NONE', #5429 ) ;
#6600 = VECTOR ( 'NONE', #12700, 1000.000000000000000 ) ;
#6601 = LINE ( 'NONE', #8406, #4316 ) ;
#6602 = DIRECTION ( 'NONE',  ( -0.000000000000000000, 0.000000000000000000, -1.000000000000000000 ) ) ;
#6603 = VECTOR ( 'NONE', #11354, 1000.000000000000000 ) ;
#6604 = CARTESIAN_POINT ( 'NONE',  ( -7.071067811865473729, -5.603553390593270400, 304.8000000000000114 ) ) ;
#6605 = CIRCLE ( 'NONE', #12520, 2.150000000000012790 ) ;
#6606 = ORIENTED_EDGE ( 'NONE', *, *, #4400, .F. ) ;
#6607 = CARTESIAN_POINT ( 'NONE',  ( 2.500000000000000444, -9.500000000000000000, 304.8000000000000114 ) ) ;
#6608 = CONTEXT_DEPENDENT_SHAPE_REPRESENTATION ( #9686, #9456 ) ;
#6609 = CIRCLE ( 'NONE', #898, 0.5000000000000004441 ) ;
#6610 = EDGE_CURVE ( 'NONE', #9866, #7742, #1457, .T. ) ;
#6611 = DIRECTION ( 'NONE',  ( -1.000000000000000000, 0.000000000000000000, 0.000000000000000000 ) ) ;
#6612 = ORIENTED_EDGE ( 'NONE', *, *, #9917, .T. ) ;
#6613 = ORIENTED_EDGE ( 'NONE', *, *, #986, .T. ) ;
#6614 = AXIS2_PLACEMENT_3D ( 'NONE', #798, #10931, #12971 ) ;
#6615 = AXIS2_PLACEMENT_3D ( 'NONE', #372, #10695, #5519 ) ;
#6616 = EDGE_LOOP ( 'NONE', ( #12878, #3636, #7330, #12154 ) ) ;
#6617 = DIRECTION ( 'NONE',  ( 3.304235192336776498E-16, 1.000000000000000000, 0.000000000000000000 ) ) ;
#6618 = LINE ( 'NONE', #1334, #4709 ) ;
#6619 = EDGE_CURVE ( 'NONE', #10826, #7759, #7489, .T. ) ;
#6620 = PLANE ( 'NONE',  #6196 ) ;
#6621 = DIRECTION ( 'NONE',  ( -1.000000000000000000, -3.304235192336776005E-16, 0.000000000000000000 ) ) ;
#6622 = DIRECTION ( 'NONE',  ( -0.000000000000000000, 0.000000000000000000, -1.000000000000000000 ) ) ;
#6623 = DIRECTION ( 'NONE',  ( 8.065639195895846808E-16, 1.000000000000000000, 0.000000000000000000 ) ) ;
#6624 = ADVANCED_FACE ( 'NONE', ( #5560 ), #12633, .T. ) ;
#6625 = CARTESIAN_POINT ( 'NONE',  ( 10.00000000000000000, -3.000000000000001332, 304.8000000000000114 ) ) ;
#6626 = CIRCLE ( 'NONE', #10662, 0.5000000000000004441 ) ;
#6627 = LINE ( 'NONE', #8748, #272 ) ;
#6628 = EDGE_LOOP ( 'NONE', ( #9981, #2653, #3591, #1359 ) ) ;
#6629 = EDGE_CURVE ( 'NONE', #1956, #3125, #10729, .T. ) ;
#6630 = ORIENTED_EDGE ( 'NONE', *, *, #2428, .T. ) ;
#6631 = ORIENTED_EDGE ( 'NONE', *, *, #244, .T. ) ;
#6632 = PLANE ( 'NONE',  #8308 ) ;
#6633 = CARTESIAN_POINT ( 'NONE',  ( 8.250000000000000000, -8.250000000000000000, 304.8000000000000114 ) ) ;
#6634 = VECTOR ( 'NONE', #11310, 1000.000000000000000 ) ;
#6635 = LINE ( 'NONE', #2647, #4649 ) ;
#6637 = EDGE_CURVE ( 'NONE', #2501, #5214, #7416, .T. ) ;
#6636 = AXIS2_PLACEMENT_3D ( 'NONE', #5556, #8482, #529 ) ;
#6638 = ORIENTED_EDGE ( 'NONE', *, *, #2451, .T. ) ;
#6639 = CARTESIAN_POINT ( 'NONE',  ( 7.071067811865473729, -5.603553390593270400, 198.8000000000000398 ) ) ;
#6640 = CARTESIAN_POINT ( 'NONE',  ( 3.000000000000000888, 10.00000000000000000, 304.8000000000000114 ) ) ;
#6641 = VERTEX_POINT ( 'NONE', #11710 ) ;
#6642 = LINE ( 'NONE', #7564, #2045 ) ;
#6643 = ORIENTED_EDGE ( 'NONE', *, *, #7986, .T. ) ;
#6644 = AXIS2_PLACEMENT_3D ( 'NONE', #116, #1099, #3003 ) ;
#6645 = FACE_OUTER_BOUND ( 'NONE', #12206, .T. ) ;
#6646 = DIRECTION ( 'NONE',  ( 0.000000000000000000, 0.000000000000000000, -1.000000000000000000 ) ) ;
#6647 = CARTESIAN_POINT ( 'NONE',  ( 5.249999999999997335, 7.424621202458749458, 304.8000000000000114 ) ) ;
#6648 = PLANE ( 'NONE',  #3384 ) ;
#6649 = PLANE ( 'NONE',  #8 ) ;
#6650 = EDGE_LOOP ( 'NONE', ( #12452, #6682, #1141, #3276 ) ) ;
#6651 = CYLINDRICAL_SURFACE ( 'NONE', #1226, 0.5000000000000004441 ) ;
#6652 = ORIENTED_EDGE ( 'NONE', *, *, #10770, .F. ) ;
#6653 = VERTEX_POINT ( 'NONE', #4433 ) ;
#6654 = FACE_OUTER_BOUND ( 'NONE', #5827, .T. ) ;
#6655 = ORIENTED_EDGE ( 'NONE', *, *, #1761, .T. ) ;
#6656 = ORIENTED_EDGE ( 'NONE', *, *, #5284, .F. ) ;
#6657 = EDGE_CURVE ( 'NONE', #10904, #4379, #665, .T. ) ;
#6658 = EDGE_CURVE ( 'NONE', #777, #5224, #9486, .T. ) ;
#6659 = CARTESIAN_POINT ( 'NONE',  ( 3.011165235168160592, 4.478679656440356815, -24.77500000000004832 ) ) ;
#6660 = CARTESIAN_POINT ( 'NONE',  ( -2.499999999999999556, -8.424621202458752123, -104.7750000000000057 ) ) ;
#6661 = ORIENTED_EDGE ( 'NONE', *, *, #1401, .T. ) ;
#6662 = DIRECTION ( 'NONE',  ( -0.000000000000000000, 0.000000000000000000, -1.000000000000000000 ) ) ;
#6663 = EDGE_LOOP ( 'NONE', ( #4221, #12401, #8396, #7286 ) ) ;
#6664 = DIRECTION ( 'NONE',  ( 3.304235192336776005E-16, 1.000000000000000000, -0.000000000000000000 ) ) ;
#6665 = LINE ( 'NONE', #8654, #8875 ) ;
#6666 = DIRECTION ( 'NONE',  ( 1.000000000000000000, 0.000000000000000000, 0.000000000000000000 ) ) ;
#6667 = VERTEX_POINT ( 'NONE', #1520 ) ;
#6668 = DIRECTION ( 'NONE',  ( 0.000000000000000000, 0.000000000000000000, -1.000000000000000000 ) ) ;
#6669 = DIRECTION ( 'NONE',  ( -3.304235192336776498E-16, -1.000000000000000000, 0.000000000000000000 ) ) ;
#6670 = VERTEX_POINT ( 'NONE', #8486 ) ;
#6671 = ORIENTED_EDGE ( 'NONE', *, *, #6903, .F. ) ;
#6672 = DIRECTION ( 'NONE',  ( -0.000000000000000000, -0.000000000000000000, -1.000000000000000000 ) ) ;
#6673 = CARTESIAN_POINT ( 'NONE',  ( 3.000000000000000888, -7.924621202458751235, -104.7750000000000057 ) ) ;
#6674 = AXIS2_PLACEMENT_3D ( 'NONE', #8425, #12442, #1395 ) ;
#6675 = DIRECTION ( 'NONE',  ( -1.000000000000000000, 0.000000000000000000, 0.000000000000000000 ) ) ;
#6676 = DIRECTION ( 'NONE',  ( 1.000000000000000000, 0.000000000000000000, 0.000000000000000000 ) ) ;
#6677 = LINE ( 'NONE', #4758, #12404 ) ;
#6678 = PLANE ( 'NONE',  #10579 ) ;
#6679 = DIRECTION ( 'NONE',  ( 1.541976423090499183E-15, 1.000000000000000000, 0.000000000000000000 ) ) ;
#6680 = DIRECTION ( 'NONE',  ( 0.7071067811865474617, 0.7071067811865476838, 0.000000000000000000 ) ) ;
#6681 = ORIENTED_EDGE ( 'NONE', *, *, #5030, .T. ) ;
#6682 = ORIENTED_EDGE ( 'NONE', *, *, #12362, .F. ) ;
#6683 = EDGE_CURVE ( 'NONE', #1488, #9450, #8064, .T. ) ;
#6684 = VECTOR ( 'NONE', #7932, 1000.000000000000000 ) ;
#6685 = ORIENTED_EDGE ( 'NONE', *, *, #2658, .T. ) ;
#6686 = LINE ( 'NONE', #10737, #7237 ) ;
#6687 =( NAMED_UNIT ( * ) SI_UNIT ( $, .STERADIAN. ) SOLID_ANGLE_UNIT ( ) );
#6688 = ADVANCED_FACE ( 'NONE', ( #6495 ), #9548, .T. ) ;
#6689 = DIRECTION ( 'NONE',  ( 0.000000000000000000, -0.000000000000000000, -1.000000000000000000 ) ) ;
#6690 = EDGE_CURVE ( 'NONE', #7936, #2666, #2387, .T. ) ;
#6691 = DIRECTION ( 'NONE',  ( 1.000000000000000000, -3.304235192336776005E-16, 0.000000000000000000 ) ) ;
#6692 = EDGE_LOOP ( 'NONE', ( #8358, #5532, #955, #11561 ) ) ;
#6693 = FACE_OUTER_BOUND ( 'NONE', #12810, .T. ) ;
#6695 = AXIS2_PLACEMENT_3D ( 'NONE', #11712, #12576, #12634 ) ;
#6694 = DIRECTION ( 'NONE',  ( -0.000000000000000000, -0.000000000000000000, -1.000000000000000000 ) ) ;
#6696 = AXIS2_PLACEMENT_3D ( 'NONE', #9433, #5237, #11267 ) ;
#6697 = ORIENTED_EDGE ( 'NONE', *, *, #8634, .F. ) ;
#6698 = DIRECTION ( 'NONE',  ( -0.000000000000000000, -0.000000000000000000, -1.000000000000000000 ) ) ;
#6699 = ORIENTED_EDGE ( 'NONE', *, *, #11080, .F. ) ;
#6700 = EDGE_CURVE ( 'NONE', #3995, #8663, #12575, .T. ) ;
#6701 = CARTESIAN_POINT ( 'NONE',  ( -2.500000000000000444, 9.500000000000000000, -20.77499999999993108 ) ) ;
#6702 = EDGE_CURVE ( 'NONE', #413, #12276, #3497, .T. ) ;
#6703 = DIRECTION ( 'NONE',  ( -1.000000000000000000, 0.000000000000000000, 0.000000000000000000 ) ) ;
#6704 = CIRCLE ( 'NONE', #12413, 0.5000000000000004441 ) ;
#6705 = CARTESIAN_POINT ( 'NONE',  ( 3.000000000000000888, -10.00000000000000000, -20.77500000000004476 ) ) ;
#6706 = PLANE ( 'NONE',  #1063 ) ;
#6707 = EDGE_CURVE ( 'NONE', #5484, #9229, #6440, .T. ) ;
#6708 = FACE_OUTER_BOUND ( 'NONE', #770, .T. ) ;
#6709 = ORIENTED_EDGE ( 'NONE', *, *, #4436, .T. ) ;
#6710 = CARTESIAN_POINT ( 'NONE',  ( -1.257674520083185143E-14, 1.257674520083185143E-14, 198.8000000000000398 ) ) ;
#6711 = AXIS2_PLACEMENT_3D ( 'NONE', #3920, #10953, #2790 ) ;
#6712 = VERTEX_POINT ( 'NONE', #408 ) ;
#6713 = VERTEX_POINT ( 'NONE', #10485 ) ;
#6714 = DIRECTION ( 'NONE',  ( -1.000000000000000000, 0.000000000000000000, 0.000000000000000000 ) ) ;
#6715 = ORIENTED_EDGE ( 'NONE', *, *, #3221, .F. ) ;
#6716 = VERTEX_POINT ( 'NONE', #1581 ) ;
#6717 = EDGE_CURVE ( 'NONE', #4542, #7718, #12511, .T. ) ;
#6718 = CARTESIAN_POINT ( 'NONE',  ( 3.000000000000000888, -7.924621202458751235, -20.77500000000004476 ) ) ;
#6719 = CARTESIAN_POINT ( 'NONE',  ( -7.071067811865473729, 5.603553390593270400, 304.8000000000000114 ) ) ;
#6720 = ORIENTED_EDGE ( 'NONE', *, *, #6938, .F. ) ;
#6721 = DIRECTION ( 'NONE',  ( -1.000000000000000000, 0.000000000000000000, 0.000000000000000000 ) ) ;
#6722 = VECTOR ( 'NONE', #395, 1000.000000000000000 ) ;
#6723 = CARTESIAN_POINT ( 'NONE',  ( 5.249999999999997335, 7.924621202458751235, 198.8000000000000398 ) ) ;
#6724 = EDGE_CURVE ( 'NONE', #9571, #5320, #1721, .T. ) ;
#6725 = CARTESIAN_POINT ( 'NONE',  ( 7.071067811865473729, -5.603553390593270400, 94.79999999999999716 ) ) ;
#6726 = DIRECTION ( 'NONE',  ( -1.000000000000000000, 0.000000000000000000, 0.000000000000000000 ) ) ;
#6727 = ORIENTED_EDGE ( 'NONE', *, *, #7761, .T. ) ;
#6728 = DIRECTION ( 'NONE',  ( 1.000000000000000000, 0.000000000000000000, 0.000000000000000000 ) ) ;
#6729 =( NAMED_UNIT ( * ) PLANE_ANGLE_UNIT ( ) SI_UNIT ( $, .RADIAN. ) );
#6730 = AXIS2_PLACEMENT_3D ( 'NONE', #7129, #5871, #10909 ) ;
#6731 = LINE ( 'NONE', #7724, #3175 ) ;
#6732 = CARTESIAN_POINT ( 'NONE',  ( 7.924621202458747682, 5.249999999999995559, 304.8000000000000114 ) ) ;
#6733 = VERTEX_POINT ( 'NONE', #785 ) ;
#6734 = ORIENTED_EDGE ( 'NONE', *, *, #6437, .T. ) ;
#6735 = ORIENTED_EDGE ( 'NONE', *, *, #2573, .T. ) ;
#6736 = CARTESIAN_POINT ( 'NONE',  ( 9.500000000000000000, 3.000000000000001332, 304.8000000000000114 ) ) ;
#6737 = LINE ( 'NONE', #10000, #3642 ) ;
#6738 = EDGE_CURVE ( 'NONE', #3533, #4826, #1515, .T. ) ;
#6739 = EDGE_CURVE ( 'NONE', #10158, #11606, #4757, .T. ) ;
#6740 = AXIS2_PLACEMENT_3D ( 'NONE', #5123, #11216, #1224 ) ;
#6741 = CARTESIAN_POINT ( 'NONE',  ( -7.424621202458747682, -5.249999999999995559, 304.8000000000000114 ) ) ;
#6742 = CARTESIAN_POINT ( 'NONE',  ( -10.00000000000000000, -3.000000000000001332, -24.77500000000004832 ) ) ;
#6743 = CYLINDRICAL_SURFACE ( 'NONE', #7102, 2.999999999999999112 ) ;
#6744 = DIRECTION ( 'NONE',  ( -1.000000000000000000, 0.000000000000000000, 0.000000000000000000 ) ) ;
#6745 = FACE_OUTER_BOUND ( 'NONE', #11857, .T. ) ;
#6746 = CARTESIAN_POINT ( 'NONE',  ( 7.071067811865473729, 5.603553390593270400, -24.77500000000004832 ) ) ;
#6747 = ORIENTED_EDGE ( 'NONE', *, *, #5149, .F. ) ;
#6748 = ORIENTED_EDGE ( 'NONE', *, *, #10296, .T. ) ;
#6749 = AXIS2_PLACEMENT_3D ( 'NONE', #11923, #10935, #8153 ) ;
#6750 = VERTEX_POINT ( 'NONE', #6742 ) ;
#6751 = VECTOR ( 'NONE', #6283, 1000.000000000000000 ) ;
#6752 = CARTESIAN_POINT ( 'NONE',  ( -3.000000000000000888, 10.00000000000000000, 304.8000000000000114 ) ) ;
#6753 = CYLINDRICAL_SURFACE ( 'NONE', #83, 0.5000000000000004441 ) ;
#6754 = DIRECTION ( 'NONE',  ( -1.000000000000000000, 0.000000000000000000, 0.000000000000000000 ) ) ;
#6755 = DIRECTION ( 'NONE',  ( 0.000000000000000000, 0.000000000000000000, -1.000000000000000000 ) ) ;
#6756 = EDGE_CURVE ( 'NONE', #11655, #5433, #11836, .T. ) ;
#6757 = FACE_OUTER_BOUND ( 'NONE', #9275, .T. ) ;
#6758 = VECTOR ( 'NONE', #9681, 1000.000000000000000 ) ;
#6759 = CARTESIAN_POINT ( 'NONE',  ( -5.249999999999997335, 7.424621202458749458, 304.8000000000000114 ) ) ;
#6760 = VERTEX_POINT ( 'NONE', #10861 ) ;
#6761 = FACE_OUTER_BOUND ( 'NONE', #11499, .T. ) ;
#6762 = ORIENTED_EDGE ( 'NONE', *, *, #12510, .F. ) ;
#6763 = ADVANCED_FACE ( 'NONE', ( #12885 ), #4694, .F. ) ;
#6764 = DIRECTION ( 'NONE',  ( -1.000000000000000000, 0.000000000000000000, 0.000000000000000000 ) ) ;
#6765 = EDGE_CURVE ( 'NONE', #11655, #886, #8743, .T. ) ;
#6766 = VECTOR ( 'NONE', #7573, 1000.000000000000000 ) ;
#6767 = LINE ( 'NONE', #12787, #9372 ) ;
#6768 = DIRECTION ( 'NONE',  ( 0.000000000000000000, -0.000000000000000000, -1.000000000000000000 ) ) ;
#6769 = CIRCLE ( 'NONE', #9951, 0.5000000000000013323 ) ;
#6770 = CARTESIAN_POINT ( 'NONE',  ( -2.500000000000000444, -9.500000000000000000, 304.8000000000000114 ) ) ;
#6771 = EDGE_CURVE ( 'NONE', #10958, #11528, #2693, .T. ) ;
#6772 = CARTESIAN_POINT ( 'NONE',  ( -7.924621202458747682, 5.249999999999995559, 304.8000000000000114 ) ) ;
#6773 = VERTEX_POINT ( 'NONE', #728 ) ;
#6774 = CARTESIAN_POINT ( 'NONE',  ( -1.257674520083185143E-14, 1.257674520083185143E-14, -24.77500000000004832 ) ) ;
#6775 = AXIS2_PLACEMENT_3D ( 'NONE', #8402, #7397, #4412 ) ;
#6776 = VERTEX_POINT ( 'NONE', #8803 ) ;
#6777 = ORIENTED_EDGE ( 'NONE', *, *, #8262, .T. ) ;
#6778 = EDGE_CURVE ( 'NONE', #12554, #10945, #3756, .T. ) ;
#6779 = DIRECTION ( 'NONE',  ( -1.000000000000000000, 3.304235192336776005E-16, 0.000000000000000000 ) ) ;
#6780 = EDGE_LOOP ( 'NONE', ( #11879, #12565, #2605, #928 ) ) ;
#6781 = EDGE_LOOP ( 'NONE', ( #12165, #3286, #6105, #6681 ) ) ;
#6782 = LINE ( 'NONE', #827, #9773 ) ;
#6783 = ADVANCED_FACE ( 'NONE', ( #1781 ), #5821, .F. ) ;
#6784 = FACE_OUTER_BOUND ( 'NONE', #844, .T. ) ;
#6785 = ORIENTED_EDGE ( 'NONE', *, *, #7878, .F. ) ;
#6786 = PLANE ( 'NONE',  #9999 ) ;
#6787 = ORIENTED_EDGE ( 'NONE', *, *, #2207, .T. ) ;
#6788 = AXIS2_PLACEMENT_3D ( 'NONE', #895, #3671, #1619 ) ;
#6789 = AXIS2_PLACEMENT_3D ( 'NONE', #9128, #5008, #8261 ) ;
#6790 = CARTESIAN_POINT ( 'NONE',  ( -3.000000000000000888, 7.924621202458751235, 304.8000000000000114 ) ) ;
#6791 = EDGE_CURVE ( 'NONE', #3879, #2167, #12505, .T. ) ;
#6792 = DIRECTION ( 'NONE',  ( 0.000000000000000000, 1.000000000000000000, 0.000000000000000000 ) ) ;
#6793 = EDGE_LOOP ( 'NONE', ( #11530, #10253, #6274, #1947 ) ) ;
#6794 = ORIENTED_EDGE ( 'NONE', *, *, #11318, .F. ) ;
#6795 = CARTESIAN_POINT ( 'NONE',  ( -8.250000000000000000, -10.00000000000000000, -104.7750000000000057 ) ) ;
#6796 = VECTOR ( 'NONE', #704, 1000.000000000000114 ) ;
#6797 = VECTOR ( 'NONE', #2515, 1000.000000000000000 ) ;
#6798 = CIRCLE ( 'NONE', #7443, 1.749999999999999778 ) ;
#6799 = CARTESIAN_POINT ( 'NONE',  ( -2.500000000000000000, -8.424621202458752123, 304.8000000000000114 ) ) ;
#6800 = LINE ( 'NONE', #2817, #4036 ) ;
#6801 = VERTEX_POINT ( 'NONE', #3674 ) ;
#6802 = ORIENTED_EDGE ( 'NONE', *, *, #5804, .F. ) ;
#6803 = CARTESIAN_POINT ( 'NONE',  ( -7.424621202458747682, -5.249999999999995559, 304.8000000000000114 ) ) ;
#6804 = AXIS2_PLACEMENT_3D ( 'NONE', #2834, #5832, #8081 ) ;
#6805 = CARTESIAN_POINT ( 'NONE',  ( -8.250000000000000000, 10.00000000000000178, -104.7750000000000057 ) ) ;
#6806 = CIRCLE ( 'NONE', #4069, 2.999999999999999112 ) ;
#6807 = LINE ( 'NONE', #784, #5549 ) ;
#6808 = DIRECTION ( 'NONE',  ( -0.000000000000000000, 0.000000000000000000, -1.000000000000000000 ) ) ;
#6809 = DIRECTION ( 'NONE',  ( -0.000000000000000000, -0.000000000000000000, -1.000000000000000000 ) ) ;
#6810 = CYLINDRICAL_SURFACE ( 'NONE', #5505, 2.999999999999999556 ) ;
#6811 = VECTOR ( 'NONE', #471, 1000.000000000000000 ) ;
#6812 = LINE ( 'NONE', #9682, #6929 ) ;
#6813 = PRODUCT_DEFINITION_FORMATION_WITH_SPECIFIED_SOURCE ( 'ANY', '', #11660, .NOT_KNOWN. ) ;
#6814 = CARTESIAN_POINT ( 'NONE',  ( -5.249999999999997335, 7.424621202458749458, 304.8000000000000114 ) ) ;
#6815 = ORIENTED_EDGE ( 'NONE', *, *, #7860, .F. ) ;
#6816 = PRODUCT_DEFINITION_CONTEXT ( 'detailed design', #12447, 'design' ) ;
#6817 = ORIENTED_EDGE ( 'NONE', *, *, #942, .T. ) ;
#6818 = CIRCLE ( 'NONE', #1739, 0.5000000000000008882 ) ;
#6819 = EDGE_CURVE ( 'NONE', #9020, #11793, #5728, .T. ) ;
#6821 = EDGE_CURVE ( 'NONE', #6667, #8943, #4047, .T. ) ;
#6820 = AXIS2_PLACEMENT_3D ( 'NONE', #12468, #8575, #3396 ) ;
#6822 = ORIENTED_EDGE ( 'NONE', *, *, #8164, .F. ) ;
#6823 = ADVANCED_FACE ( 'NONE', ( #12555 ), #1437, .F. ) ;
#6824 = PLANE ( 'NONE',  #9579 ) ;
#6825 = FILL_AREA_STYLE ('',( #930 ) ) ;
#6826 = CARTESIAN_POINT ( 'NONE',  ( 8.424621202458750346, -2.500000000000001332, -20.77500000000004476 ) ) ;
#6827 = LINE ( 'NONE', #10083, #5584 ) ;
#6828 = VECTOR ( 'NONE', #7150, 1000.000000000000000 ) ;
#6830 = AXIS2_PLACEMENT_3D ( 'NONE', #7826, #11864, #7895 ) ;
#6829 = CARTESIAN_POINT ( 'NONE',  ( -9.500000000000000000, -3.000000000000001332, 198.8000000000000398 ) ) ;
#6831 = CARTESIAN_POINT ( 'NONE',  ( -7.924621202458749458, 3.000000000000001332, -24.77500000000004832 ) ) ;
#6832 = ORIENTED_EDGE ( 'NONE', *, *, #11636, .T. ) ;
#6833 = CARTESIAN_POINT ( 'NONE',  ( -0.8898448916085185401, -6.599999999999999645, 304.8000000000000114 ) ) ;
#6834 = ORIENTED_EDGE ( 'NONE', *, *, #8570, .F. ) ;
#6835 = CARTESIAN_POINT ( 'NONE',  ( -7.924621202458747682, -5.249999999999995559, 304.8000000000000114 ) ) ;
#6836 = AXIS2_PLACEMENT_3D ( 'NONE', #6153, #6224, #8137 ) ;
#6837 = AXIS2_PLACEMENT_3D ( 'NONE', #6633, #4637, #4385 ) ;
#6838 = CARTESIAN_POINT ( 'NONE',  ( -3.011165235168160592, 4.478679656440356815, 304.8000000000000114 ) ) ;
#6839 = CARTESIAN_POINT ( 'NONE',  ( 3.000000000000000888, 8.424621202458752123, 94.79999999999999716 ) ) ;
#6840 = CARTESIAN_POINT ( 'NONE',  ( 3.000000000000000888, 7.924621202458751235, 94.79999999999999716 ) ) ;
#6841 = ADVANCED_FACE ( 'NONE', ( #2618 ), #10769, .T. ) ;
#6842 = AXIS2_PLACEMENT_3D ( 'NONE', #3836, #10992, #7881 ) ;
#6843 = DIRECTION ( 'NONE',  ( 1.000000000000000000, -3.304235192336776498E-16, 0.000000000000000000 ) ) ;
#6844 = VERTEX_POINT ( 'NONE', #1499 ) ;
#6845 = CARTESIAN_POINT ( 'NONE',  ( 3.000000000000000888, 10.00000000000000000, 304.8000000000000114 ) ) ;
#6846 = PRESENTATION_LAYER_ASSIGNMENT (  '', '', ( #9198 ) ) ;
#6847 = ORIENTED_EDGE ( 'NONE', *, *, #1935, .F. ) ;
#6848 = ORIENTED_EDGE ( 'NONE', *, *, #12955, .T. ) ;
#6849 = DIRECTION ( 'NONE',  ( 1.000000000000000000, 0.000000000000000000, 0.000000000000000000 ) ) ;
#6850 = ORIENTED_EDGE ( 'NONE', *, *, #11746, .T. ) ;
#6851 = EDGE_LOOP ( 'NONE', ( #12639, #5701, #1865, #3610 ) ) ;
#6852 = ORIENTED_EDGE ( 'NONE', *, *, #2951, .F. ) ;
#6853 = CYLINDRICAL_SURFACE ( 'NONE', #1510, 1.749999999999999778 ) ;
#6854 = EDGE_CURVE ( 'NONE', #6641, #9571, #9722, .T. ) ;
#6855 = CARTESIAN_POINT ( 'NONE',  ( 9.500000000000000000, -3.000000000000001332, -104.7750000000000057 ) ) ;
#6856 = EDGE_LOOP ( 'NONE', ( #1681, #11743, #2217, #11269 ) ) ;
#6857 = CARTESIAN_POINT ( 'NONE',  ( 10.00000000000000000, 3.000000000000001332, 304.8000000000000114 ) ) ;
#6858 = ORIENTED_EDGE ( 'NONE', *, *, #3307, .F. ) ;
#6859 = EDGE_CURVE ( 'NONE', #8018, #11722, #5740, .T. ) ;
#6860 = DIRECTION ( 'NONE',  ( -1.000000000000000000, 0.000000000000000000, 0.000000000000000000 ) ) ;
#6861 = EDGE_CURVE ( 'NONE', #1011, #2197, #4667, .T. ) ;
#6862 = DIRECTION ( 'NONE',  ( 0.000000000000000000, 0.000000000000000000, -1.000000000000000000 ) ) ;
#6863 = ORIENTED_EDGE ( 'NONE', *, *, #2601, .T. ) ;
#6864 = ORIENTED_EDGE ( 'NONE', *, *, #9435, .T. ) ;
#6865 = CARTESIAN_POINT ( 'NONE',  ( 10.00000000000000000, -3.000000000000001332, 304.8000000000000114 ) ) ;
#6866 = ITEM_DEFINED_TRANSFORMATION ( 'NONE', 'NONE', #3210,  #3417 ) ;
#6867 = DIRECTION ( 'NONE',  ( -1.000000000000000000, 0.000000000000000000, 0.000000000000000000 ) ) ;
#6868 = EDGE_CURVE ( 'NONE', #4811, #5997, #11562, .T. ) ;
#6869 = CARTESIAN_POINT ( 'NONE',  ( -2.500000000000000000, 8.424621202458752123, 304.8000000000000114 ) ) ;
#6870 = ORIENTED_EDGE ( 'NONE', *, *, #5972, .F. ) ;
#6871 = ORIENTED_EDGE ( 'NONE', *, *, #4921, .F. ) ;
#6872 = DIRECTION ( 'NONE',  ( 0.000000000000000000, -0.000000000000000000, -1.000000000000000000 ) ) ;
#6873 = LINE ( 'NONE', #3754, #1128 ) ;
#6874 = EDGE_CURVE ( 'NONE', #9212, #5836, #573, .T. ) ;
#6875 = DIRECTION ( 'NONE',  ( 3.304235192336776005E-16, 1.000000000000000000, -0.000000000000000000 ) ) ;
#6876 = CARTESIAN_POINT ( 'NONE',  ( 5.603553390593272177, 7.071067811865475505, 304.8000000000000114 ) ) ;
#6877 = LINE ( 'NONE', #4956, #7566 ) ;
#6878 = ORIENTED_EDGE ( 'NONE', *, *, #1848, .F. ) ;
#6879 = VERTEX_POINT ( 'NONE', #5602 ) ;
#6880 = EDGE_CURVE ( 'NONE', #3060, #1474, #8650, .T. ) ;
#6881 = LINE ( 'NONE', #10077, #65 ) ;
#6882 = STYLED_ITEM ( 'NONE', ( #2460 ), #8279 ) ;
#6883 = CARTESIAN_POINT ( 'NONE',  ( 0.8898448916085185401, 3.600000000000000533, 304.8000000000000114 ) ) ;
#6884 = DIRECTION ( 'NONE',  ( 0.000000000000000000, 0.000000000000000000, 1.000000000000000000 ) ) ;
#6885 = PLANE ( 'NONE',  #8516 ) ;
#6886 = CARTESIAN_POINT ( 'NONE',  ( 5.603553390593272177, 7.071067811865475505, 304.8000000000000114 ) ) ;
#6887 = EDGE_CURVE ( 'NONE', #6226, #3676, #10709, .T. ) ;
#6889 = EDGE_CURVE ( 'NONE', #8379, #11128, #4476, .T. ) ;
#6888 = DIRECTION ( 'NONE',  ( -0.000000000000000000, 0.000000000000000000, -1.000000000000000000 ) ) ;
#6890 = FACE_OUTER_BOUND ( 'NONE', #7115, .T. ) ;
#6891 = EDGE_CURVE ( 'NONE', #3580, #7478, #8507, .T. ) ;
#6892 = ORIENTED_EDGE ( 'NONE', *, *, #12527, .T. ) ;
#6893 = DIRECTION ( 'NONE',  ( 0.000000000000000000, 0.000000000000000000, -1.000000000000000000 ) ) ;
#6894 = VERTEX_POINT ( 'NONE', #10584 ) ;
#6895 = VECTOR ( 'NONE', #9487, 1000.000000000000000 ) ;
#6896 = PLANE ( 'NONE',  #4867 ) ;
#6897 = FACE_OUTER_BOUND ( 'NONE', #12721, .T. ) ;
#6898 = ORIENTED_EDGE ( 'NONE', *, *, #8558, .T. ) ;
#6899 = LINE ( 'NONE', #945, #5352 ) ;
#6900 = PLANE ( 'NONE',  #9109 ) ;
#6901 = VECTOR ( 'NONE', #3957, 1000.000000000000000 ) ;
#6902 = VECTOR ( 'NONE', #5775, 1000.000000000000000 ) ;
#6903 = EDGE_CURVE ( 'NONE', #10236, #6983, #1621, .T. ) ;
#6904 = EDGE_CURVE ( 'NONE', #1474, #4982, #12488, .T. ) ;
#6905 = LINE ( 'NONE', #10037, #3779 ) ;
#6906 = CARTESIAN_POINT ( 'NONE',  ( -9.500000000000000000, 2.500000000000000444, 304.8000000000000114 ) ) ;
#6907 = ORIENTED_EDGE ( 'NONE', *, *, #3064, .T. ) ;
#6908 = DIRECTION ( 'NONE',  ( -0.000000000000000000, -0.000000000000000000, -1.000000000000000000 ) ) ;
#6909 = ORIENTED_EDGE ( 'NONE', *, *, #5232, .F. ) ;
#6910 = ORIENTED_EDGE ( 'NONE', *, *, #6236, .T. ) ;
#6911 = DIRECTION ( 'NONE',  ( -0.7071067811865474617, 0.7071067811865476838, 0.000000000000000000 ) ) ;
#6912 = ADVANCED_BREP_SHAPE_REPRESENTATION ( '', ( #12805, #3417 ), #8512 ) ;
#6913 = ORIENTED_EDGE ( 'NONE', *, *, #5889, .T. ) ;
#6914 = ORIENTED_EDGE ( 'NONE', *, *, #12916, .F. ) ;
#6915 = ORIENTED_EDGE ( 'NONE', *, *, #1927, .F. ) ;
#6916 = DIRECTION ( 'NONE',  ( -1.000000000000000000, 0.000000000000000000, 0.000000000000000000 ) ) ;
#6917 = CARTESIAN_POINT ( 'NONE',  ( -3.011165235168160592, -4.478679656440356815, 304.8000000000000114 ) ) ;
#6918 = MECHANICAL_DESIGN_GEOMETRIC_PRESENTATION_REPRESENTATION (  '', ( #10005 ), #9689 ) ;
#6919 = DIRECTION ( 'NONE',  ( -0.7071067811865474617, 0.7071067811865476838, 0.000000000000000000 ) ) ;
#6920 = ORIENTED_EDGE ( 'NONE', *, *, #330, .T. ) ;
#6921 = CARTESIAN_POINT ( 'NONE',  ( -3.000000000000000888, 9.500000000000000000, 304.8000000000000114 ) ) ;
#6922 = CIRCLE ( 'NONE', #12422, 0.5000000000000004441 ) ;
#6924 = ADVANCED_FACE ( 'NONE', ( #9525 ), #7468, .T. ) ;
#6923 = PLANE ( 'NONE',  #2470 ) ;
#6925 = VERTEX_POINT ( 'NONE', #8986 ) ;
#6926 = DIRECTION ( 'NONE',  ( 1.000000000000000000, 2.924200878718996689E-15, 0.000000000000000000 ) ) ;
#6927 = EDGE_CURVE ( 'NONE', #10938, #9373, #4264, .T. ) ;
#6928 = CARTESIAN_POINT ( 'NONE',  ( 3.000000000000000888, -8.424621202458752123, 304.8000000000000114 ) ) ;
#6929 = VECTOR ( 'NONE', #597, 1000.000000000000000 ) ;
#6930 = DIRECTION ( 'NONE',  ( -0.000000000000000000, -0.000000000000000000, -1.000000000000000000 ) ) ;
#6931 = ORIENTED_EDGE ( 'NONE', *, *, #9437, .T. ) ;
#6932 = EDGE_CURVE ( 'NONE', #2629, #3673, #7228, .T. ) ;
#6933 = ORIENTED_EDGE ( 'NONE', *, *, #4181, .T. ) ;
#6934 = ORIENTED_EDGE ( 'NONE', *, *, #6765, .T. ) ;
#6935 = PLANE ( 'NONE',  #5999 ) ;
#6936 = PRESENTATION_STYLE_ASSIGNMENT (( #66 ) ) ;
#6938 = EDGE_CURVE ( 'NONE', #5691, #1222, #5800, .T. ) ;
#6937 = FACE_OUTER_BOUND ( 'NONE', #12549, .T. ) ;
#6940 = VECTOR ( 'NONE', #8125, 1000.000000000000000 ) ;
#6939 = CARTESIAN_POINT ( 'NONE',  ( -7.424621202458747682, 5.249999999999995559, 304.8000000000000114 ) ) ;
#6941 = DIRECTION ( 'NONE',  ( 0.000000000000000000, 0.000000000000000000, -1.000000000000000000 ) ) ;
#6942 = ORIENTED_EDGE ( 'NONE', *, *, #6657, .F. ) ;
#6943 = ORIENTED_EDGE ( 'NONE', *, *, #7267, .T. ) ;
#6944 = EDGE_CURVE ( 'NONE', #12954, #12145, #4995, .T. ) ;
#6945 = DIRECTION ( 'NONE',  ( -1.000000000000000000, 0.000000000000000000, 0.000000000000000000 ) ) ;
#6946 = VECTOR ( 'NONE', #2133, 1000.000000000000000 ) ;
#6947 = LINE ( 'NONE', #9824, #2185 ) ;
#6948 = LINE ( 'NONE', #7879, #4701 ) ;
#6949 = CARTESIAN_POINT ( 'NONE',  ( 3.011165235168160592, 4.478679656440356815, 304.8000000000000114 ) ) ;
#6950 = DIRECTION ( 'NONE',  ( -1.000000000000000000, 0.000000000000000000, 0.000000000000000000 ) ) ;
#6952 = EDGE_CURVE ( 'NONE', #7936, #6003, #10963, .T. ) ;
#6951 = CARTESIAN_POINT ( 'NONE',  ( -3.000000000000000888, -7.924621202458751235, -24.77500000000004832 ) ) ;
#6953 = CARTESIAN_POINT ( 'NONE',  ( -3.599999999999997424, 0.8898448916085081040, 304.8000000000000114 ) ) ;
#6954 = ORIENTED_EDGE ( 'NONE', *, *, #11040, .T. ) ;
#6955 = ORIENTED_EDGE ( 'NONE', *, *, #11913, .F. ) ;
#6956 = CARTESIAN_POINT ( 'NONE',  ( -7.924621202458747682, 5.249999999999995559, 304.8000000000000114 ) ) ;
#6957 = VECTOR ( 'NONE', #2335, 1000.000000000000000 ) ;
#6958 = ORIENTED_EDGE ( 'NONE', *, *, #321, .T. ) ;
#6959 = PLANE ( 'NONE',  #6369 ) ;
#6960 = CARTESIAN_POINT ( 'NONE',  ( -5.249999999999997335, -7.424621202458749458, -20.77500000000004476 ) ) ;
#6961 = ORIENTED_EDGE ( 'NONE', *, *, #9051, .F. ) ;
#6962 = DIRECTION ( 'NONE',  ( 0.000000000000000000, -0.000000000000000000, -1.000000000000000000 ) ) ;
#6963 = CARTESIAN_POINT ( 'NONE',  ( -3.599999999999997424, 0.8898448916085081040, 304.8000000000000114 ) ) ;
#6964 = AXIS2_PLACEMENT_3D ( 'NONE', #5899, #1856, #12976 ) ;
#6965 = DIRECTION ( 'NONE',  ( -1.000000000000000000, 0.000000000000000000, 0.000000000000000000 ) ) ;
#6966 = CARTESIAN_POINT ( 'NONE',  ( -3.000000000000000888, -10.00000000000000000, 304.8000000000000114 ) ) ;
#6967 = DIRECTION ( 'NONE',  ( -1.000000000000000000, 0.000000000000000000, 0.000000000000000000 ) ) ;
#6968 = ORIENTED_EDGE ( 'NONE', *, *, #11327, .T. ) ;
#6969 = CARTESIAN_POINT ( 'NONE',  ( -2.499999999999999556, 8.424621202458752123, 304.8000000000000114 ) ) ;
#6970 = ORIENTED_EDGE ( 'NONE', *, *, #9008, .F. ) ;
#6971 = ORIENTED_EDGE ( 'NONE', *, *, #1238, .T. ) ;
#6972 = CARTESIAN_POINT ( 'NONE',  ( -2.500000000000000000, -8.424621202458752123, 304.8000000000000114 ) ) ;
#6973 = ORIENTED_EDGE ( 'NONE', *, *, #6637, .T. ) ;
#6974 = CIRCLE ( 'NONE', #7201, 2.999999999999999112 ) ;
#6975 = ORIENTED_EDGE ( 'NONE', *, *, #12433, .T. ) ;
#6976 = AXIS2_PLACEMENT_3D ( 'NONE', #11992, #1006, #1805 ) ;
#6977 = DIRECTION ( 'NONE',  ( 0.000000000000000000, -0.000000000000000000, -1.000000000000000000 ) ) ;
#6978 = EDGE_CURVE ( 'NONE', #8200, #12989, #13065, .T. ) ;
#6979 = LINE ( 'NONE', #3000, #12291 ) ;
#6980 = ORIENTED_EDGE ( 'NONE', *, *, #6155, .F. ) ;
#6981 = CARTESIAN_POINT ( 'NONE',  ( -3.000000000000000888, -8.424621202458752123, 94.79999999999999716 ) ) ;
#6982 = EDGE_CURVE ( 'NONE', #2265, #1652, #5864, .T. ) ;
#6983 = VERTEX_POINT ( 'NONE', #9979 ) ;
#6984 = DIRECTION ( 'NONE',  ( 1.000000000000000000, -3.304235192336776498E-16, 0.000000000000000000 ) ) ;
#6985 = VECTOR ( 'NONE', #7240, 1000.000000000000000 ) ;
#6986 = AXIS2_PLACEMENT_3D ( 'NONE', #1934, #13044, #1862 ) ;
#6987 = DIRECTION ( 'NONE',  ( -1.000000000000000000, -0.000000000000000000, -0.000000000000000000 ) ) ;
#6988 = ORIENTED_EDGE ( 'NONE', *, *, #7186, .F. ) ;
#6989 = ORIENTED_EDGE ( 'NONE', *, *, #8771, .F. ) ;
#6990 = CARTESIAN_POINT ( 'NONE',  ( -8.250000000000000000, -10.00000000000000178, 304.8000000000000114 ) ) ;
#6991 = ITEM_DEFINED_TRANSFORMATION ( 'NONE', 'NONE', #12306,  #3417 ) ;
#6992 = CARTESIAN_POINT ( 'NONE',  ( -9.500000000000000000, 2.500000000000000444, 304.8000000000000114 ) ) ;
#6993 = DIRECTION ( 'NONE',  ( -0.000000000000000000, 0.000000000000000000, -1.000000000000000000 ) ) ;
#6994 = AXIS2_PLACEMENT_3D ( 'NONE', #1181, #5212, #4220 ) ;
#6995 = LINE ( 'NONE', #3687, #4656 ) ;
#6996 = ORIENTED_EDGE ( 'NONE', *, *, #3781, .T. ) ;
#6997 = AXIS2_PLACEMENT_3D ( 'NONE', #7464, #12611, #2427 ) ;
#6998 = EDGE_LOOP ( 'NONE', ( #7773, #7652, #11791, #4552 ) ) ;
#6999 = EDGE_LOOP ( 'NONE', ( #6137, #7751, #2099, #8162 ) ) ;
#7000 = CARTESIAN_POINT ( 'NONE',  ( 7.424621202458747682, 5.249999999999995559, -20.77500000000004476 ) ) ;
#7001 = LINE ( 'NONE', #10860, #68 ) ;
#7002 = CIRCLE ( 'NONE', #12933, 0.5000000000000008882 ) ;
#7003 = FACE_OUTER_BOUND ( 'NONE', #10437, .T. ) ;
#7004 = VECTOR ( 'NONE', #5261, 1000.000000000000000 ) ;
#7005 = DIRECTION ( 'NONE',  ( 0.000000000000000000, 0.000000000000000000, 1.000000000000000000 ) ) ;
#7006 = CIRCLE ( 'NONE', #8704, 2.999999999999999556 ) ;
#7007 = EDGE_CURVE ( 'NONE', #12054, #4889, #12865, .T. ) ;
#7008 = LINE ( 'NONE', #8208, #9702 ) ;
#7009 = VERTEX_POINT ( 'NONE', #1023 ) ;
#7010 = ORIENTED_EDGE ( 'NONE', *, *, #6702, .T. ) ;
#7011 = AXIS2_PLACEMENT_3D ( 'NONE', #2246, #3159, #9349 ) ;
#7012 = AXIS2_PLACEMENT_3D ( 'NONE', #4833, #9155, #3037 ) ;
#7013 = ADVANCED_FACE ( 'NONE', ( #831 ), #896, .T. ) ;
#7014 = DIRECTION ( 'NONE',  ( 1.000000000000000000, 0.000000000000000000, 0.000000000000000000 ) ) ;
#7015 = VECTOR ( 'NONE', #9235, 1000.000000000000000 ) ;
#7016 = DIRECTION ( 'NONE',  ( -3.304235192336776498E-16, 1.000000000000000000, 0.000000000000000000 ) ) ;
#7017 = DIRECTION ( 'NONE',  ( -0.000000000000000000, -0.000000000000000000, -1.000000000000000000 ) ) ;
#7019 = ADVANCED_FACE ( 'NONE', ( #7915 ), #7778, .F. ) ;
#7018 = PLANE ( 'NONE',  #8306 ) ;
#7020 = PLANE ( 'NONE',  #11917 ) ;
#7021 = CARTESIAN_POINT ( 'NONE',  ( -1.257674520083185143E-14, 1.257674520083185143E-14, 304.8000000000000114 ) ) ;
#7022 = LINE ( 'NONE', #9950, #9735 ) ;
#7023 = EDGE_CURVE ( 'NONE', #3993, #11741, #2927, .T. ) ;
#7024 = ORIENTED_EDGE ( 'NONE', *, *, #5847, .F. ) ;
#7025 = ORIENTED_EDGE ( 'NONE', *, *, #2812, .F. ) ;
#7026 = FACE_OUTER_BOUND ( 'NONE', #546, .T. ) ;
#7027 = EDGE_CURVE ( 'NONE', #4179, #3865, #7002, .T. ) ;
#7028 = CARTESIAN_POINT ( 'NONE',  ( 3.000000000000000888, 9.500000000000000000, 304.8000000000000114 ) ) ;
#7029 = ORIENTED_EDGE ( 'NONE', *, *, #3805, .T. ) ;
#7030 = LINE ( 'NONE', #2063, #3237 ) ;
#7031 = AXIS2_PLACEMENT_3D ( 'NONE', #2883, #13015, #3889 ) ;
#7032 = CARTESIAN_POINT ( 'NONE',  ( -2.499999999999999556, -8.424621202458752123, -24.77500000000004832 ) ) ;
#7033 = AXIS2_PLACEMENT_3D ( 'NONE', #2251, #1895, #2937 ) ;
#7034 = APPLICATION_CONTEXT ( 'automotive_design' ) ;
#7035 = DIRECTION ( 'NONE',  ( -0.000000000000000000, 0.000000000000000000, 1.000000000000000000 ) ) ;
#7036 = CARTESIAN_POINT ( 'NONE',  ( -7.071067811865473729, -5.603553390593270400, 198.8000000000000398 ) ) ;
#7037 = VERTEX_POINT ( 'NONE', #7050 ) ;
#7038 = CARTESIAN_POINT ( 'NONE',  ( -5.603553390593272177, -7.071067811865475505, 304.8000000000000114 ) ) ;
#7039 = ORIENTED_EDGE ( 'NONE', *, *, #5885, .F. ) ;
#7040 = CARTESIAN_POINT ( 'NONE',  ( 10.00000000000000000, -3.000000000000001332, -20.77500000000004476 ) ) ;
#7041 = ORIENTED_EDGE ( 'NONE', *, *, #1398, .T. ) ;
#7042 = EDGE_LOOP ( 'NONE', ( #12473, #8694, #2892, #5729 ) ) ;
#7043 = CARTESIAN_POINT ( 'NONE',  ( 7.071067811865473729, 5.603553390593270400, -20.77500000000004476 ) ) ;
#7044 = ORIENTED_EDGE ( 'NONE', *, *, #11350, .T. ) ;
#7045 = VECTOR ( 'NONE', #11595, 1000.000000000000000 ) ;
#7046 = ORIENTED_EDGE ( 'NONE', *, *, #11964, .T. ) ;
#7047 = FACE_OUTER_BOUND ( 'NONE', #7096, .T. ) ;
#7048 = DIRECTION ( 'NONE',  ( -1.000000000000000000, 0.000000000000000000, 0.000000000000000000 ) ) ;
#7049 = ORIENTED_EDGE ( 'NONE', *, *, #2490, .F. ) ;
#7050 = CARTESIAN_POINT ( 'NONE',  ( -0.8898448916085185401, 3.600000000000000533, -24.77500000000004832 ) ) ;
#7051 = VERTEX_POINT ( 'NONE', #11097 ) ;
#7052 = ADVANCED_BREP_SHAPE_REPRESENTATION ( '', ( #8279, #3417 ), #2576 ) ;
#7053 = AXIS2_PLACEMENT_3D ( 'NONE', #6241, #1264, #8151 ) ;
#7054 = CARTESIAN_POINT ( 'NONE',  ( -8.250000000000000000, 8.250000000000000000, -24.77500000000004832 ) ) ;
#7055 = VECTOR ( 'NONE', #10350, 1000.000000000000000 ) ;
#7056 = ADVANCED_FACE ( 'NONE', ( #11946 ), #12936, .T. ) ;
#7057 = DIRECTION ( 'NONE',  ( -1.000000000000000000, 0.000000000000000000, 0.000000000000000000 ) ) ;
#7058 = ADVANCED_FACE ( 'NONE', ( #11887 ), #10837, .T. ) ;
#7059 = ORIENTED_EDGE ( 'NONE', *, *, #8809, .F. ) ;
#7060 = VERTEX_POINT ( 'NONE', #7975 ) ;
#7061 = ADVANCED_FACE ( 'NONE', ( #10051 ), #6786, .F. ) ;
#7062 = FACE_OUTER_BOUND ( 'NONE', #7042, .T. ) ;
#7063 = ITEM_DEFINED_TRANSFORMATION ( 'NONE', 'NONE', #12514,  #3417 ) ;
#7064 = DIRECTION ( 'NONE',  ( 0.000000000000000000, 0.000000000000000000, -1.000000000000000000 ) ) ;
#7065 = DIRECTION ( 'NONE',  ( -0.000000000000000000, -0.000000000000000000, -1.000000000000000000 ) ) ;
#7066 = CIRCLE ( 'NONE', #8765, 0.5000000000000013323 ) ;
#7067 = ORIENTED_EDGE ( 'NONE', *, *, #10043, .T. ) ;
#7068 = AXIS2_PLACEMENT_3D ( 'NONE', #6736, #6672, #10725 ) ;
#7069 = LINE ( 'NONE', #11109, #11230 ) ;
#7070 = ORIENTED_EDGE ( 'NONE', *, *, #12040, .F. ) ;
#7071 = ORIENTED_EDGE ( 'NONE', *, *, #4102, .T. ) ;
#7072 = EDGE_LOOP ( 'NONE', ( #5460, #4508, #1992, #58 ) ) ;
#7073 = ORIENTED_EDGE ( 'NONE', *, *, #1331, .T. ) ;
#7074 = PLANE ( 'NONE',  #924 ) ;
#7075 = DIRECTION ( 'NONE',  ( 0.000000000000000000, -0.000000000000000000, -1.000000000000000000 ) ) ;
#7076 = LINE ( 'NONE', #4095, #5635 ) ;
#7077 = CARTESIAN_POINT ( 'NONE',  ( 3.000000000000000888, -7.924621202458751235, -24.77500000000004832 ) ) ;
#7078 = SHAPE_REPRESENTATION_RELATIONSHIP ( 'NONE' , 'NONE' ,  #7647, #6584 ) ;
#7079 = ORIENTED_EDGE ( 'NONE', *, *, #11833, .F. ) ;
#7080 = VERTEX_POINT ( 'NONE', #8849 ) ;
#7081 = DIRECTION ( 'NONE',  ( 1.000000000000000000, 0.000000000000000000, 0.000000000000000000 ) ) ;
#7082 = DIRECTION ( 'NONE',  ( -0.000000000000000000, 0.000000000000000000, -1.000000000000000000 ) ) ;
#7083 = CARTESIAN_POINT ( 'NONE',  ( 8.424621202458750346, 3.000000000000001332, 198.8000000000000398 ) ) ;
#7084 = CARTESIAN_POINT ( 'NONE',  ( 2.500000000000000444, 9.500000000000000000, 304.8000000000000114 ) ) ;
#7085 = CARTESIAN_POINT ( 'NONE',  ( -3.000000000000000888, 7.924621202458751235, 304.8000000000000114 ) ) ;
#7086 = DIRECTION ( 'NONE',  ( -0.000000000000000000, -0.000000000000000000, -1.000000000000000000 ) ) ;
#7087 = CARTESIAN_POINT ( 'NONE',  ( -3.011165235168160592, -4.478679656440356815, 304.8000000000000114 ) ) ;
#7088 = ORIENTED_EDGE ( 'NONE', *, *, #11093, .F. ) ;
#7089 = VERTEX_POINT ( 'NONE', #7844 ) ;
#7090 = CARTESIAN_POINT ( 'NONE',  ( -3.000000000000000888, 10.00000000000000000, -24.77500000000004832 ) ) ;
#7091 = ADVANCED_FACE ( 'NONE', ( #2803 ), #5262, .F. ) ;
#7092 = ORIENTED_EDGE ( 'NONE', *, *, #5109, .F. ) ;
#7093 = EDGE_CURVE ( 'NONE', #5224, #10904, #3135, .T. ) ;
#7094 = PLANE ( 'NONE',  #7618 ) ;
#7095 = DIRECTION ( 'NONE',  ( 1.000000000000000000, -8.065639195895846808E-16, 0.000000000000000000 ) ) ;
#7096 = EDGE_LOOP ( 'NONE', ( #12323, #9624, #6085, #165 ) ) ;
#7097 = DIRECTION ( 'NONE',  ( 1.000000000000000000, -3.304235192336776498E-16, 0.000000000000000000 ) ) ;
#7098 = EDGE_CURVE ( 'NONE', #7973, #4842, #6401, .T. ) ;
#7099 = DIRECTION ( 'NONE',  ( -1.000000000000000000, 0.000000000000000000, 0.000000000000000000 ) ) ;
#7100 = CARTESIAN_POINT ( 'NONE',  ( 8.424621202458750346, -2.500000000000000000, 94.79999999999999716 ) ) ;
#7102 = AXIS2_PLACEMENT_3D ( 'NONE', #4695, #9741, #11582 ) ;
#7101 = DIRECTION ( 'NONE',  ( -3.304235192336776498E-16, 1.000000000000000000, 0.000000000000000000 ) ) ;
#7103 = ORIENTED_EDGE ( 'NONE', *, *, #12368, .F. ) ;
#7104 = DIRECTION ( 'NONE',  ( 0.000000000000000000, -0.000000000000000000, -1.000000000000000000 ) ) ;
#7105 = EDGE_LOOP ( 'NONE', ( #6156, #5073, #11217, #8945 ) ) ;
#7106 = LINE ( 'NONE', #6320, #5019 ) ;
#7107 = EDGE_CURVE ( 'NONE', #12464, #12542, #9395, .T. ) ;
#7108 = EDGE_LOOP ( 'NONE', ( #1451, #12384, #4532, #4479 ) ) ;
#7109 = ORIENTED_EDGE ( 'NONE', *, *, #9913, .F. ) ;
#7110 = DIRECTION ( 'NONE',  ( 0.000000000000000000, 1.000000000000000000, 0.000000000000000000 ) ) ;
#7111 = VERTEX_POINT ( 'NONE', #12275 ) ;
#7112 = VERTEX_POINT ( 'NONE', #6205 ) ;
#7113 = CARTESIAN_POINT ( 'NONE',  ( -5.603553390593272177, -7.071067811865475505, -20.77500000000004476 ) ) ;
#7114 = DIRECTION ( 'NONE',  ( 0.7071067811865476838, -0.7071067811865474617, 0.000000000000000000 ) ) ;
#7115 = EDGE_LOOP ( 'NONE', ( #9612, #2149, #2744, #5391 ) ) ;
#7116 = AXIS2_PLACEMENT_3D ( 'NONE', #5417, #3231, #6353 ) ;
#7117 = DIRECTION ( 'NONE',  ( -1.000000000000000000, 0.000000000000000000, 0.000000000000000000 ) ) ;
#7118 = AXIS2_PLACEMENT_3D ( 'NONE', #7223, #3176, #6305 ) ;
#7119 = ADVANCED_FACE ( 'NONE', ( #7182 ), #12344, .F. ) ;
#7120 = ORIENTED_EDGE ( 'NONE', *, *, #823, .F. ) ;
#7121 = CYLINDRICAL_SURFACE ( 'NONE', #3883, 0.5000000000000013323 ) ;
#7122 = CARTESIAN_POINT ( 'NONE',  ( 9.500000000000000000, -2.500000000000000000, 94.79999999999999716 ) ) ;
#7123 = EDGE_LOOP ( 'NONE', ( #8579, #3764, #1674, #4968, #5255, #3857, #6112, #3408, #4523, #9567, #11697, #10941, #2859, #7722, #3223, #8185, #5676, #5637, #1811, #2818, #10955, #9572, #12759, #4083, #11212, #4266, #9102, #11148, #1050, #6235, #11911, #1818, #11705, #12426, #4182, #2013, #6685, #7071, #308, #5138, #7254, #8059, #8271, #11576, #305, #271, #9922, #8999, #4950, #8318, #4199, #9209, #2543, #4194, #9438, #9053, #4321, #236, #9166, #1292, #2699, #1354, #8909, #4688, #12082, #11152, #2075, #10106, #10308, #150, #10707, #12688 ) ) ;
#7124 = CARTESIAN_POINT ( 'NONE',  ( 2.149999999999999911, 1.284004426264853453E-14, 304.8000000000000114 ) ) ;
#7125 = AXIS2_PLACEMENT_3D ( 'NONE', #11233, #6210, #1489 ) ;
#7126 = EDGE_LOOP ( 'NONE', ( #1270, #11592, #7628, #13014 ) ) ;
#7127 = VERTEX_POINT ( 'NONE', #1230 ) ;
#7128 = CIRCLE ( 'NONE', #7958, 1.749999999999999778 ) ;
#7129 = CARTESIAN_POINT ( 'NONE',  ( -3.000000000000000888, -9.500000000000000000, 304.8000000000000114 ) ) ;
#7130 = CONTEXT_DEPENDENT_SHAPE_REPRESENTATION ( #3251, #670 ) ;
#7131 = CARTESIAN_POINT ( 'NONE',  ( -4.478679656440354151, 3.011165235168150378, 304.8000000000000114 ) ) ;
#7132 = DIRECTION ( 'NONE',  ( -1.000000000000000000, 0.000000000000000000, 0.000000000000000000 ) ) ;
#7133 = ORIENTED_EDGE ( 'NONE', *, *, #9468, .T. ) ;
#7134 = LINE ( 'NONE', #7651, #2963 ) ;
#7135 = ORIENTED_EDGE ( 'NONE', *, *, #1718, .F. ) ;
#7136 = EDGE_CURVE ( 'NONE', #11806, #9846, #8246, .T. ) ;
#7137 = AXIS2_PLACEMENT_3D ( 'NONE', #11213, #1286, #8173 ) ;
#7138 = DIRECTION ( 'NONE',  ( 0.7071067811865476838, 0.7071067811865474617, 0.000000000000000000 ) ) ;
#7139 = DIRECTION ( 'NONE',  ( -1.000000000000000000, 0.000000000000000000, 0.000000000000000000 ) ) ;
#7140 = CYLINDRICAL_SURFACE ( 'NONE', #12809, 0.5000000000000004441 ) ;
#7141 = CARTESIAN_POINT ( 'NONE',  ( 3.000000000000000888, 7.924621202458751235, 304.8000000000000114 ) ) ;
#7142 =( LENGTH_UNIT ( ) NAMED_UNIT ( * ) SI_UNIT ( .MILLI., .METRE. ) );
#7143 = ORIENTED_EDGE ( 'NONE', *, *, #1398, .F. ) ;
#7144 = AXIS2_PLACEMENT_3D ( 'NONE', #9816, #2697, #7609 ) ;
#7145 = ORIENTED_EDGE ( 'NONE', *, *, #5593, .T. ) ;
#7146 = EDGE_CURVE ( 'NONE', #1402, #9905, #8388, .T. ) ;
#7147 = CARTESIAN_POINT ( 'NONE',  ( 7.424621202458747682, 5.249999999999995559, 304.8000000000000114 ) ) ;
#7148 = ADVANCED_FACE ( 'NONE', ( #5193 ), #5130, .F. ) ;
#7149 = CARTESIAN_POINT ( 'NONE',  ( 5.603553390593272177, -7.071067811865474617, -20.77500000000004476 ) ) ;
#7150 = DIRECTION ( 'NONE',  ( 1.000000000000000000, 3.304235192336776005E-16, 0.000000000000000000 ) ) ;
#7151 = LINE ( 'NONE', #5025, #12084 ) ;
#7152 = CARTESIAN_POINT ( 'NONE',  ( 2.500000000000000000, -8.424621202458752123, 304.8000000000000114 ) ) ;
#7153 = DIRECTION ( 'NONE',  ( -0.000000000000000000, -0.000000000000000000, -1.000000000000000000 ) ) ;
#7154 = PLANE ( 'NONE',  #6348 ) ;
#7155 = VERTEX_POINT ( 'NONE', #9324 ) ;
#7156 = ORIENTED_EDGE ( 'NONE', *, *, #9468, .F. ) ;
#7157 = CARTESIAN_POINT ( 'NONE',  ( 7.924621202458747682, 5.249999999999995559, -104.7750000000000057 ) ) ;
#7158 = EDGE_LOOP ( 'NONE', ( #1285, #11056, #9281, #4568 ) ) ;
#7159 = ORIENTED_EDGE ( 'NONE', *, *, #881, .F. ) ;
#7160 = VECTOR ( 'NONE', #8778, 1000.000000000000000 ) ;
#7161 = DIRECTION ( 'NONE',  ( 1.000000000000000000, -1.541976423090498986E-15, 0.000000000000000000 ) ) ;
#7162 = FACE_OUTER_BOUND ( 'NONE', #7179, .T. ) ;
#7163 = EDGE_LOOP ( 'NONE', ( #2611, #6914, #2437, #11307 ) ) ;
#7164 = CARTESIAN_POINT ( 'NONE',  ( -10.00000000000000000, -3.000000000000001332, 198.8000000000000398 ) ) ;
#7165 = DIRECTION ( 'NONE',  ( -0.000000000000000000, 0.000000000000000000, -1.000000000000000000 ) ) ;
#7166 = EDGE_CURVE ( 'NONE', #12463, #5838, #3622, .T. ) ;
#7167 = CARTESIAN_POINT ( 'NONE',  ( -7.924621202458751235, -3.000000000000001332, -104.7750000000000057 ) ) ;
#7168 = LINE ( 'NONE', #1943, #4210 ) ;
#7169 = EDGE_CURVE ( 'NONE', #1091, #10377, #6329, .T. ) ;
#7170 = VERTEX_POINT ( 'NONE', #10450 ) ;
#7171 = CARTESIAN_POINT ( 'NONE',  ( -10.00000000000000000, -8.250000000000000000, 304.8000000000000114 ) ) ;
#7172 = VERTEX_POINT ( 'NONE', #8325 ) ;
#7173 = CARTESIAN_POINT ( 'NONE',  ( 8.424621202458750346, -2.500000000000000000, 304.8000000000000114 ) ) ;
#7174 = ORIENTED_EDGE ( 'NONE', *, *, #10153, .F. ) ;
#7175 = VERTEX_POINT ( 'NONE', #8115 ) ;
#7176 = ADVANCED_FACE ( 'NONE', ( #8184 ), #12210, .F. ) ;
#7177 = CARTESIAN_POINT ( 'NONE',  ( 5.249999999999997335, -7.924621202458751235, -24.77500000000004832 ) ) ;
#7178 = ORIENTED_EDGE ( 'NONE', *, *, #10827, .T. ) ;
#7179 = EDGE_LOOP ( 'NONE', ( #11984, #4072, #7145, #7178 ) ) ;
#7180 = FACE_OUTER_BOUND ( 'NONE', #3667, .T. ) ;
#7181 = CARTESIAN_POINT ( 'NONE',  ( -3.000000000000000888, 10.00000000000000000, 304.8000000000000114 ) ) ;
#7182 = FACE_OUTER_BOUND ( 'NONE', #1705, .T. ) ;
#7183 = VECTOR ( 'NONE', #7590, 1000.000000000000000 ) ;
#7184 = ORIENTED_EDGE ( 'NONE', *, *, #9315, .T. ) ;
#7185 = DIRECTION ( 'NONE',  ( -1.000000000000000000, 0.000000000000000000, 0.000000000000000000 ) ) ;
#7186 = EDGE_CURVE ( 'NONE', #10938, #2649, #10182, .T. ) ;
#7187 = CARTESIAN_POINT ( 'NONE',  ( 9.500000000000000000, 3.000000000000001332, 304.8000000000000114 ) ) ;
#7188 = EDGE_CURVE ( 'NONE', #9846, #11721, #6399, .T. ) ;
#7189 = PLANE ( 'NONE',  #7125 ) ;
#7190 = EDGE_LOOP ( 'NONE', ( #3701, #7485, #8888, #3992 ) ) ;
#7191 = ORIENTED_EDGE ( 'NONE', *, *, #434, .F. ) ;
#7192 = VECTOR ( 'NONE', #4574, 1000.000000000000000 ) ;
#7193 = ADVANCED_FACE ( 'NONE', ( #7320 ), #2082, .F. ) ;
#7194 = DIRECTION ( 'NONE',  ( -3.304235192336776498E-16, -1.000000000000000000, 0.000000000000000000 ) ) ;
#7195 = LINE ( 'NONE', #12016, #12319 ) ;
#7196 = DIRECTION ( 'NONE',  ( -0.000000000000000000, -0.000000000000000000, -1.000000000000000000 ) ) ;
#7197 = ORIENTED_EDGE ( 'NONE', *, *, #12669, .T. ) ;
#7198 = DIRECTION ( 'NONE',  ( 0.000000000000000000, 0.000000000000000000, 1.000000000000000000 ) ) ;
#7199 = ORIENTED_EDGE ( 'NONE', *, *, #8448, .F. ) ;
#7200 = EDGE_CURVE ( 'NONE', #7080, #9635, #12146, .T. ) ;
#7201 = AXIS2_PLACEMENT_3D ( 'NONE', #5459, #9514, #439 ) ;
#7202 = VECTOR ( 'NONE', #6506, 1000.000000000000114 ) ;
#7203 = AXIS2_PLACEMENT_3D ( 'NONE', #10850, #11897, #6867 ) ;
#7204 = CARTESIAN_POINT ( 'NONE',  ( 7.924621202458747682, -5.249999999999995559, -104.7750000000000057 ) ) ;
#7205 = CARTESIAN_POINT ( 'NONE',  ( -7.924621202458747682, -5.249999999999995559, 304.8000000000000114 ) ) ;
#7206 = ORIENTED_EDGE ( 'NONE', *, *, #7515, .F. ) ;
#7207 = CARTESIAN_POINT ( 'NONE',  ( 3.000000000000000888, 8.424621202458752123, 198.8000000000000398 ) ) ;
#7208 = CARTESIAN_POINT ( 'NONE',  ( -5.249999999999997335, 7.424621202458749458, -20.77500000000004476 ) ) ;
#7209 = DIRECTION ( 'NONE',  ( -1.000000000000000000, -4.930380657631323784E-32, 4.930380657631323784E-32 ) ) ;
#7210 = VECTOR ( 'NONE', #11623, 1000.000000000000000 ) ;
#7211 = ORIENTED_EDGE ( 'NONE', *, *, #12236, .F. ) ;
#7212 = VECTOR ( 'NONE', #255, 1000.000000000000000 ) ;
#7213 = ORIENTED_EDGE ( 'NONE', *, *, #2500, .T. ) ;
#7214 = CARTESIAN_POINT ( 'NONE',  ( -3.000000000000000888, -8.424621202458752123, 198.8000000000000398 ) ) ;
#7215 = DIRECTION ( 'NONE',  ( -0.000000000000000000, -0.000000000000000000, -1.000000000000000000 ) ) ;
#7216 = DIRECTION ( 'NONE',  ( -0.000000000000000000, -0.000000000000000000, -1.000000000000000000 ) ) ;
#7217 = AXIS2_PLACEMENT_3D ( 'NONE', #11542, #554, #5327 ) ;
#7219 = VECTOR ( 'NONE', #11809, 1000.000000000000000 ) ;
#7218 = LINE ( 'NONE', #4242, #1529 ) ;
#7220 = DIRECTION ( 'NONE',  ( -0.000000000000000000, 0.000000000000000000, -1.000000000000000000 ) ) ;
#7221 = DIRECTION ( 'NONE',  ( -1.000000000000000000, 0.000000000000000000, -0.000000000000000000 ) ) ;
#7222 = DIRECTION ( 'NONE',  ( 3.304235192336776498E-16, -1.000000000000000000, 0.000000000000000000 ) ) ;
#7223 = CARTESIAN_POINT ( 'NONE',  ( -2.499999999999999556, 8.424621202458752123, 304.8000000000000114 ) ) ;
#7224 = EDGE_CURVE ( 'NONE', #7350, #10525, #1167, .T. ) ;
#7225 = VERTEX_POINT ( 'NONE', #10932 ) ;
#7226 = ADVANCED_FACE ( 'NONE', ( #1921 ), #7018, .F. ) ;
#7227 = VERTEX_POINT ( 'NONE', #7084 ) ;
#7228 = CIRCLE ( 'NONE', #2566, 0.5000000000000008882 ) ;
#7229 = VECTOR ( 'NONE', #3909, 1000.000000000000000 ) ;
#7230 = DIRECTION ( 'NONE',  ( -0.000000000000000000, -0.000000000000000000, -1.000000000000000000 ) ) ;
#7231 = CARTESIAN_POINT ( 'NONE',  ( -3.599999999999997424, -0.8898448916085081040, 94.79999999999999716 ) ) ;
#7232 = CARTESIAN_POINT ( 'NONE',  ( 3.000000000000000888, 7.924621202458751235, 304.8000000000000114 ) ) ;
#7233 = PRODUCT_DEFINITION_FORMATION_WITH_SPECIFIED_SOURCE ( 'ANY', '', #5198, .NOT_KNOWN. ) ;
#7234 = CARTESIAN_POINT ( 'NONE',  ( 5.603553390593272177, 7.071067811865475505, 304.8000000000000114 ) ) ;
#7235 = AXIS2_PLACEMENT_3D ( 'NONE', #3272, #9113, #178 ) ;
#7237 = VECTOR ( 'NONE', #1653, 1000.000000000000000 ) ;
#7236 = LINE ( 'NONE', #11276, #11956 ) ;
#7238 = LINE ( 'NONE', #9381, #2924 ) ;
#7239 = ORIENTED_EDGE ( 'NONE', *, *, #3229, .F. ) ;
#7240 = DIRECTION ( 'NONE',  ( 0.000000000000000000, -0.000000000000000000, -1.000000000000000000 ) ) ;
#7241 = ORIENTED_EDGE ( 'NONE', *, *, #7784, .T. ) ;
#7242 = CARTESIAN_POINT ( 'NONE',  ( 7.071067811865473729, 5.603553390593270400, 94.79999999999999716 ) ) ;
#7243 = ORIENTED_EDGE ( 'NONE', *, *, #6503, .F. ) ;
#7244 = CIRCLE ( 'NONE', #7665, 0.5000000000000008882 ) ;
#7245 = ORIENTED_EDGE ( 'NONE', *, *, #1535, .T. ) ;
#7246 = LINE ( 'NONE', #5256, #1455 ) ;
#7247 = VERTEX_POINT ( 'NONE', #12828 ) ;
#7248 = ORIENTED_EDGE ( 'NONE', *, *, #9234, .T. ) ;
#7249 = ORIENTED_EDGE ( 'NONE', *, *, #6859, .F. ) ;
#7250 = CARTESIAN_POINT ( 'NONE',  ( 10.00000000000000000, -3.000000000000001332, -24.77500000000004832 ) ) ;
#7251 = CIRCLE ( 'NONE', #7033, 0.5000000000000004441 ) ;
#7252 = CARTESIAN_POINT ( 'NONE',  ( 3.000000000000000888, 10.00000000000000000, 304.8000000000000114 ) ) ;
#7253 = DIRECTION ( 'NONE',  ( -3.304235192336776498E-16, 1.000000000000000000, 0.000000000000000000 ) ) ;
#7254 = ORIENTED_EDGE ( 'NONE', *, *, #10759, .T. ) ;
#7255 = DIRECTION ( 'NONE',  ( -0.7071067811865476838, -0.7071067811865474617, 0.000000000000000000 ) ) ;
#7256 = EDGE_CURVE ( 'NONE', #3190, #3715, #12518, .T. ) ;
#7257 = CARTESIAN_POINT ( 'NONE',  ( -10.00000000000000000, 3.000000000000001332, 304.8000000000000114 ) ) ;
#7258 = VECTOR ( 'NONE', #8079, 1000.000000000000000 ) ;
#7259 = LINE ( 'NONE', #10265, #2943 ) ;
#7260 = ORIENTED_EDGE ( 'NONE', *, *, #9986, .F. ) ;
#7261 = CARTESIAN_POINT ( 'NONE',  ( -0.8898448916085185401, 3.600000000000000533, -104.7750000000000057 ) ) ;
#7262 = VECTOR ( 'NONE', #4913, 1000.000000000000000 ) ;
#7263 = ORIENTED_EDGE ( 'NONE', *, *, #2034, .F. ) ;
#7264 = ORIENTED_EDGE ( 'NONE', *, *, #552, .F. ) ;
#7265 = DIRECTION ( 'NONE',  ( -0.000000000000000000, 0.000000000000000000, -1.000000000000000000 ) ) ;
#7266 = DIRECTION ( 'NONE',  ( 1.000000000000000000, 0.000000000000000000, 0.000000000000000000 ) ) ;
#7267 = EDGE_CURVE ( 'NONE', #11423, #2210, #5543, .T. ) ;
#7268 = CARTESIAN_POINT ( 'NONE',  ( -3.600000000000000089, 0.000000000000000000, -24.77500000000004832 ) ) ;
#7269 = DIRECTION ( 'NONE',  ( -1.000000000000000000, 9.035018104045872913E-16, 0.000000000000000000 ) ) ;
#7270 = ORIENTED_EDGE ( 'NONE', *, *, #88, .T. ) ;
#7271 = ADVANCED_FACE ( 'NONE', ( #9945 ), #3901, .F. ) ;
#7272 = AXIS2_PLACEMENT_3D ( 'NONE', #8346, #10587, #7400 ) ;
#7273 = ORIENTED_EDGE ( 'NONE', *, *, #12027, .F. ) ;
#7274 = AXIS2_PLACEMENT_3D ( 'NONE', #5830, #4831, #8877 ) ;
#7275 = ADVANCED_FACE ( 'NONE', ( #9014 ), #8880, .F. ) ;
#7276 = CYLINDRICAL_SURFACE ( 'NONE', #912, 0.5000000000000008882 ) ;
#7277 = DIRECTION ( 'NONE',  ( 1.000000000000000000, 0.000000000000000000, 0.000000000000000000 ) ) ;
#7278 = ORIENTED_EDGE ( 'NONE', *, *, #1485, .T. ) ;
#7279 = DIRECTION ( 'NONE',  ( 0.000000000000000000, -0.000000000000000000, -1.000000000000000000 ) ) ;
#7280 = DIRECTION ( 'NONE',  ( 0.000000000000000000, -0.000000000000000000, 1.000000000000000000 ) ) ;
#7281 = CIRCLE ( 'NONE', #1565, 0.5000000000000013323 ) ;
#7282 = DIRECTION ( 'NONE',  ( -3.304235192336776498E-16, -1.000000000000000000, 0.000000000000000000 ) ) ;
#7284 = ADVANCED_FACE ( 'NONE', ( #934 ), #6885, .F. ) ;
#7283 = AXIS2_PLACEMENT_3D ( 'NONE', #5195, #1363, #3273 ) ;
#7285 = EDGE_LOOP ( 'NONE', ( #2792, #5799, #2563, #8640 ) ) ;
#7286 = ORIENTED_EDGE ( 'NONE', *, *, #6534, .T. ) ;
#7287 = CARTESIAN_POINT ( 'NONE',  ( 7.071067811865473729, -5.603553390593270400, 304.8000000000000114 ) ) ;
#7288 = CARTESIAN_POINT ( 'NONE',  ( 3.600000000000000089, 0.000000000000000000, 304.8000000000000114 ) ) ;
#7289 = ADVANCED_FACE ( 'NONE', ( #4964 ), #4037, .F. ) ;
#7290 = DIRECTION ( 'NONE',  ( -1.000000000000000000, 0.000000000000000000, 0.000000000000000000 ) ) ;
#7291 = CARTESIAN_POINT ( 'NONE',  ( 2.499999999999999556, -8.424621202458752123, 304.8000000000000114 ) ) ;
#7292 = CARTESIAN_POINT ( 'NONE',  ( -2.499999999999999556, 8.424621202458752123, -24.77500000000004832 ) ) ;
#7293 = DIRECTION ( 'NONE',  ( -0.000000000000000000, 0.000000000000000000, 1.000000000000000000 ) ) ;
#7294 = FACE_OUTER_BOUND ( 'NONE', #600, .T. ) ;
#7295 = DIRECTION ( 'NONE',  ( 8.065639195895844836E-16, -1.000000000000000000, 0.000000000000000000 ) ) ;
#7296 = EDGE_CURVE ( 'NONE', #3596, #6670, #7151, .T. ) ;
#7297 = VERTEX_POINT ( 'NONE', #3102 ) ;
#7298 = EDGE_LOOP ( 'NONE', ( #3402, #1814, #11183, #2144 ) ) ;
#7299 = CARTESIAN_POINT ( 'NONE',  ( 3.011165235168160592, -4.478679656440356815, 94.79999999999999716 ) ) ;
#7300 = DIRECTION ( 'NONE',  ( -0.000000000000000000, -0.000000000000000000, -1.000000000000000000 ) ) ;
#7301 = CARTESIAN_POINT ( 'NONE',  ( -3.000000000000000888, 10.00000000000000000, 304.8000000000000114 ) ) ;
#7302 = EDGE_CURVE ( 'NONE', #7886, #5018, #11975, .T. ) ;
#7303 = PLANE ( 'NONE',  #11632 ) ;
#7304 = EDGE_CURVE ( 'NONE', #10573, #11280, #480, .T. ) ;
#7305 = EDGE_CURVE ( 'NONE', #6983, #7175, #2160, .T. ) ;
#7306 = CARTESIAN_POINT ( 'NONE',  ( -0.8898448916085185401, 6.599999999999999645, 304.8000000000000114 ) ) ;
#7307 = CARTESIAN_POINT ( 'NONE',  ( -7.924621202458747682, -5.249999999999995559, 94.79999999999999716 ) ) ;
#7308 = VERTEX_POINT ( 'NONE', #8007 ) ;
#7309 = CARTESIAN_POINT ( 'NONE',  ( 3.000000000000000888, -7.924621202458751235, 304.8000000000000114 ) ) ;
#7310 = ORIENTED_EDGE ( 'NONE', *, *, #2805, .T. ) ;
#7311 = LINE ( 'NONE', #12334, #1003 ) ;
#7312 = ORIENTED_EDGE ( 'NONE', *, *, #7811, .F. ) ;
#7313 = VERTEX_POINT ( 'NONE', #7880 ) ;
#7314 = CARTESIAN_POINT ( 'NONE',  ( 9.500000000000000000, -3.000000000000001332, -20.77500000000004476 ) ) ;
#7315 = ORIENTED_EDGE ( 'NONE', *, *, #2947, .T. ) ;
#7316 = ORIENTED_EDGE ( 'NONE', *, *, #5246, .F. ) ;
#7317 = ORIENTED_EDGE ( 'NONE', *, *, #12642, .T. ) ;
#7318 = DIRECTION ( 'NONE',  ( -1.000000000000000000, 0.000000000000000000, 0.000000000000000000 ) ) ;
#7319 = CARTESIAN_POINT ( 'NONE',  ( 5.249999999999997335, -7.924621202458751235, 304.8000000000000114 ) ) ;
#7320 = FACE_OUTER_BOUND ( 'NONE', #4232, .T. ) ;
#7321 = EDGE_CURVE ( 'NONE', #7060, #6471, #11065, .T. ) ;
#7322 = CARTESIAN_POINT ( 'NONE',  ( -10.00000000000000000, -8.250000000000000000, 304.8000000000000114 ) ) ;
#7323 = EDGE_CURVE ( 'NONE', #5214, #10466, #2984, .T. ) ;
#7324 = AXIS2_PLACEMENT_3D ( 'NONE', #11818, #96, #5114 ) ;
#7325 = LINE ( 'NONE', #5332, #12123 ) ;
#7326 = PRODUCT_DEFINITION_SHAPE ( 'NONE', 'NONE',  #13087 ) ;
#7327 = CARTESIAN_POINT ( 'NONE',  ( -3.011165235168160592, 4.478679656440356815, -20.77500000000004476 ) ) ;
#7328 = PLANE ( 'NONE',  #9685 ) ;
#7329 = ORIENTED_EDGE ( 'NONE', *, *, #4635, .F. ) ;
#7330 = ORIENTED_EDGE ( 'NONE', *, *, #10818, .F. ) ;
#7331 = FACE_OUTER_BOUND ( 'NONE', #7072, .T. ) ;
#7332 = EDGE_LOOP ( 'NONE', ( #12185, #4810, #9671, #6735 ) ) ;
#7333 = AXIS2_PLACEMENT_3D ( 'NONE', #8883, #7883, #4639 ) ;
#7334 = LINE ( 'NONE', #9595, #11018 ) ;
#7335 = CARTESIAN_POINT ( 'NONE',  ( 7.424621202458747682, 5.249999999999995559, 304.8000000000000114 ) ) ;
#7336 = ORIENTED_EDGE ( 'NONE', *, *, #4960, .F. ) ;
#7337 = ORIENTED_EDGE ( 'NONE', *, *, #3165, .T. ) ;
#7338 = DIRECTION ( 'NONE',  ( -0.000000000000000000, -0.000000000000000000, -1.000000000000000000 ) ) ;
#7339 = EDGE_CURVE ( 'NONE', #7127, #8585, #4486, .T. ) ;
#7340 = VECTOR ( 'NONE', #4564, 1000.000000000000000 ) ;
#7341 = LINE ( 'NONE', #2240, #6751 ) ;
#7342 = AXIS2_PLACEMENT_3D ( 'NONE', #734, #1585, #7681 ) ;
#7343 = ORIENTED_EDGE ( 'NONE', *, *, #8881, .T. ) ;
#7344 = CARTESIAN_POINT ( 'NONE',  ( 8.424621202458750346, -3.000000000000001332, 304.8000000000000114 ) ) ;
#7345 = ADVANCED_FACE ( 'NONE', ( #9079 ), #5, .F. ) ;
#7346 = LINE ( 'NONE', #10474, #9287 ) ;
#7347 = DIRECTION ( 'NONE',  ( 1.000000000000000000, 3.304235192336776498E-16, 0.000000000000000000 ) ) ;
#7348 = VERTEX_POINT ( 'NONE', #11191 ) ;
#7349 = EDGE_CURVE ( 'NONE', #10959, #6713, #9886, .T. ) ;
#7350 = VERTEX_POINT ( 'NONE', #3241 ) ;
#7351 = AXIS2_PLACEMENT_3D ( 'NONE', #3005, #1959, #2743 ) ;
#7352 = CIRCLE ( 'NONE', #9011, 0.4999999999999995559 ) ;
#7353 = CARTESIAN_POINT ( 'NONE',  ( 2.149999999999999911, 1.284004426264853453E-14, 198.8000000000000398 ) ) ;
#7354 = DIRECTION ( 'NONE',  ( -1.000000000000000000, 0.000000000000000000, 0.000000000000000000 ) ) ;
#7355 = FACE_OUTER_BOUND ( 'NONE', #1767, .T. ) ;
#7356 = EDGE_CURVE ( 'NONE', #12840, #5054, #4174, .T. ) ;
#7357 = DIRECTION ( 'NONE',  ( 1.000000000000000000, 0.000000000000000000, 0.000000000000000000 ) ) ;
#7358 = CARTESIAN_POINT ( 'NONE',  ( -2.150000000000025224, 1.257674520083185143E-14, 304.8000000000000114 ) ) ;
#7359 = CARTESIAN_POINT ( 'NONE',  ( 3.000000000000000888, 7.924621202458751235, 304.8000000000000114 ) ) ;
#7361 = CIRCLE ( 'NONE', #9050, 0.5000000000000013323 ) ;
#7360 = DIRECTION ( 'NONE',  ( 0.000000000000000000, 0.000000000000000000, -1.000000000000000000 ) ) ;
#7362 = DIRECTION ( 'NONE',  ( 0.000000000000000000, 0.000000000000000000, -1.000000000000000000 ) ) ;
#7363 = ORIENTED_EDGE ( 'NONE', *, *, #10905, .T. ) ;
#7364 = EDGE_CURVE ( 'NONE', #3467, #6514, #12508, .T. ) ;
#7365 = ORIENTED_EDGE ( 'NONE', *, *, #25, .F. ) ;
#7366 = VERTEX_POINT ( 'NONE', #11324 ) ;
#7367 = LINE ( 'NONE', #2199, #1692 ) ;
#7368 = CARTESIAN_POINT ( 'NONE',  ( -0.8898448916085185401, 6.599999999999999645, -104.7750000000000057 ) ) ;
#7369 = AXIS2_PLACEMENT_3D ( 'NONE', #8069, #5886, #1049 ) ;
#7370 = LINE ( 'NONE', #3380, #9403 ) ;
#7371 = LINE ( 'NONE', #9238, #8479 ) ;
#7372 = EDGE_CURVE ( 'NONE', #7247, #427, #5296, .T. ) ;
#7373 = CARTESIAN_POINT ( 'NONE',  ( 8.424621202458750346, -2.500000000000000000, 304.8000000000000114 ) ) ;
#7374 = PLANE ( 'NONE',  #4910 ) ;
#7375 = EDGE_LOOP ( 'NONE', ( #4973, #1661, #8526, #12922 ) ) ;
#7376 = FACE_OUTER_BOUND ( 'NONE', #3801, .T. ) ;
#7377 = ORIENTED_EDGE ( 'NONE', *, *, #10479, .F. ) ;
#7378 = LINE ( 'NONE', #12263, #6086 ) ;
#7379 = VECTOR ( 'NONE', #4408, 1000.000000000000000 ) ;
#7380 = ORIENTED_EDGE ( 'NONE', *, *, #2587, .F. ) ;
#7381 = ORIENTED_EDGE ( 'NONE', *, *, #3970, .F. ) ;
#7382 = DIRECTION ( 'NONE',  ( 0.000000000000000000, -0.000000000000000000, -1.000000000000000000 ) ) ;
#7383 = FACE_OUTER_BOUND ( 'NONE', #1635, .T. ) ;
#7384 = CARTESIAN_POINT ( 'NONE',  ( -1.257674520083185143E-14, 1.257674520083185143E-14, 304.8000000000000114 ) ) ;
#7385 = DIRECTION ( 'NONE',  ( -3.304235192336776005E-16, 1.000000000000000000, 0.000000000000000000 ) ) ;
#7386 = VECTOR ( 'NONE', #13060, 1000.000000000000000 ) ;
#7387 = CARTESIAN_POINT ( 'NONE',  ( -3.000000000000000888, 10.00000000000000000, 304.8000000000000114 ) ) ;
#7388 = CARTESIAN_POINT ( 'NONE',  ( 5.249999999999997335, -7.924621202458751235, 304.8000000000000114 ) ) ;
#7389 = EDGE_LOOP ( 'NONE', ( #11527, #11846, #6996, #294 ) ) ;
#7390 = ORIENTED_EDGE ( 'NONE', *, *, #2225, .F. ) ;
#7391 = CARTESIAN_POINT ( 'NONE',  ( -10.00000000000000000, 3.000000000000001332, 304.8000000000000114 ) ) ;
#7392 = VERTEX_POINT ( 'NONE', #3365 ) ;
#7393 = EDGE_CURVE ( 'NONE', #12295, #9212, #5428, .T. ) ;
#7394 = EDGE_CURVE ( 'NONE', #11290, #1227, #5113, .T. ) ;
#7395 = EDGE_CURVE ( 'NONE', #6716, #13005, #3420, .T. ) ;
#7396 = CARTESIAN_POINT ( 'NONE',  ( -9.500000000000000000, 3.000000000000001332, -104.7750000000000057 ) ) ;
#7397 = DIRECTION ( 'NONE',  ( -3.304235192336776498E-16, 1.000000000000000000, 0.000000000000000000 ) ) ;
#7398 = ORIENTED_EDGE ( 'NONE', *, *, #11628, .T. ) ;
#7399 = ORIENTED_EDGE ( 'NONE', *, *, #5012, .F. ) ;
#7400 = DIRECTION ( 'NONE',  ( 1.000000000000000000, 0.000000000000000000, 0.000000000000000000 ) ) ;
#7401 = DIRECTION ( 'NONE',  ( 0.7071067811865474617, -0.7071067811865476838, 0.000000000000000000 ) ) ;
#7402 = EDGE_LOOP ( 'NONE', ( #10193, #11466, #11821, #326 ) ) ;
#7403 = DIRECTION ( 'NONE',  ( 0.000000000000000000, 0.000000000000000000, -1.000000000000000000 ) ) ;
#7404 = FACE_OUTER_BOUND ( 'NONE', #6504, .T. ) ;
#7405 = CARTESIAN_POINT ( 'NONE',  ( 88.61911853037608466, 334.4108796227577045, -77.27730204477535381 ) ) ;
#7406 = LINE ( 'NONE', #7537, #11007 ) ;
#7407 = CIRCLE ( 'NONE', #1691, 0.5000000000000004441 ) ;
#7408 = CIRCLE ( 'NONE', #8687, 0.5000000000000004441 ) ;
#7409 = AXIS2_PLACEMENT_3D ( 'NONE', #95, #6184, #1213 ) ;
#7410 = VERTEX_POINT ( 'NONE', #2190 ) ;
#7411 = CARTESIAN_POINT ( 'NONE',  ( 7.924621202458749458, 3.000000000000001332, 304.8000000000000114 ) ) ;
#7412 = CARTESIAN_POINT ( 'NONE',  ( -2.499999999999999556, 8.424621202458752123, 304.8000000000000114 ) ) ;
#7413 = CARTESIAN_POINT ( 'NONE',  ( -3.000000000000000888, 10.00000000000000000, -104.7750000000000057 ) ) ;
#7414 = DIRECTION ( 'NONE',  ( -0.000000000000000000, -0.000000000000000000, -1.000000000000000000 ) ) ;
#7415 = EDGE_CURVE ( 'NONE', #1972, #4789, #407, .T. ) ;
#7416 = LINE ( 'NONE', #5685, #11451 ) ;
#7417 = CARTESIAN_POINT ( 'NONE',  ( 0.000000000000000000, -3.600000000000000089, -104.7750000000000057 ) ) ;
#7418 = VECTOR ( 'NONE', #12649, 1000.000000000000000 ) ;
#7419 = VECTOR ( 'NONE', #7525, 1000.000000000000000 ) ;
#7420 = DIRECTION ( 'NONE',  ( 0.000000000000000000, -0.000000000000000000, -1.000000000000000000 ) ) ;
#7421 = CIRCLE ( 'NONE', #7827, 0.5000000000000004441 ) ;
#7422 = PLANE ( 'NONE',  #4160 ) ;
#7423 = EDGE_LOOP ( 'NONE', ( #997, #11245, #11234, #12008 ) ) ;
#7424 = ORIENTED_EDGE ( 'NONE', *, *, #10666, .T. ) ;
#7425 = EDGE_CURVE ( 'NONE', #12045, #5675, #7218, .T. ) ;
#7426 = ORIENTED_EDGE ( 'NONE', *, *, #3847, .F. ) ;
#7427 = CARTESIAN_POINT ( 'NONE',  ( 7.071067811865473729, -5.603553390593270400, 304.8000000000000114 ) ) ;
#7428 = LINE ( 'NONE', #10495, #883 ) ;
#7429 = AXIS2_PLACEMENT_3D ( 'NONE', #3271, #4340, #7568 ) ;
#7430 = DIRECTION ( 'NONE',  ( 1.000000000000000000, -0.000000000000000000, -0.000000000000000000 ) ) ;
#7432 = EDGE_CURVE ( 'NONE', #12451, #1876, #3217, .T. ) ;
#7431 = AXIS2_PLACEMENT_3D ( 'NONE', #10336, #11043, #1244 ) ;
#7433 = PRODUCT_DEFINITION_SHAPE ( 'NONE', 'NONE',  #13086 ) ;
#7434 = DIRECTION ( 'NONE',  ( -0.000000000000000000, -0.000000000000000000, -1.000000000000000000 ) ) ;
#7435 = ADVANCED_FACE ( 'NONE', ( #4432 ), #9293, .F. ) ;
#7436 = CARTESIAN_POINT ( 'NONE',  ( -5.603553390593272177, 7.071067811865475505, 304.8000000000000114 ) ) ;
#7437 = CARTESIAN_POINT ( 'NONE',  ( 8.250000000000000000, -8.250000000000000000, -104.7750000000000057 ) ) ;
#7438 = VERTEX_POINT ( 'NONE', #5367 ) ;
#7439 = VECTOR ( 'NONE', #8720, 1000.000000000000000 ) ;
#7440 = CARTESIAN_POINT ( 'NONE',  ( 8.424621202458750346, -2.500000000000000000, 304.8000000000000114 ) ) ;
#7441 = AXIS2_PLACEMENT_3D ( 'NONE', #12343, #1547, #4459 ) ;
#7442 = ORIENTED_EDGE ( 'NONE', *, *, #4710, .F. ) ;
#7443 = AXIS2_PLACEMENT_3D ( 'NONE', #893, #11155, #6004 ) ;
#7444 = EDGE_CURVE ( 'NONE', #7517, #12989, #4491, .T. ) ;
#7445 = DIRECTION ( 'NONE',  ( 0.000000000000000000, -0.000000000000000000, -1.000000000000000000 ) ) ;
#7446 = AXIS2_PLACEMENT_3D ( 'NONE', #12233, #4365, #11253 ) ;
#7447 = CARTESIAN_POINT ( 'NONE',  ( 3.599999999999997424, -0.8898448916085081040, 94.79999999999999716 ) ) ;
#7448 = DIRECTION ( 'NONE',  ( -0.000000000000000000, 0.000000000000000000, -1.000000000000000000 ) ) ;
#7449 = AXIS2_PLACEMENT_3D ( 'NONE', #863, #4896, #79 ) ;
#7450 = LINE ( 'NONE', #11490, #103 ) ;
#7451 = VECTOR ( 'NONE', #156, 1000.000000000000000 ) ;
#7452 = EDGE_CURVE ( 'NONE', #11605, #7794, #4705, .T. ) ;
#7453 = ORIENTED_EDGE ( 'NONE', *, *, #6095, .T. ) ;
#7454 = CARTESIAN_POINT ( 'NONE',  ( 3.600000000000000089, 0.000000000000000000, 304.8000000000000114 ) ) ;
#7455 = ORIENTED_EDGE ( 'NONE', *, *, #4299, .T. ) ;
#7456 = CARTESIAN_POINT ( 'NONE',  ( -0.8898448916085185401, 6.599999999999999645, 304.8000000000000114 ) ) ;
#7457 = EDGE_LOOP ( 'NONE', ( #9330, #3375, #7990, #11597 ) ) ;
#7458 = CARTESIAN_POINT ( 'NONE',  ( -9.500000000000000000, -3.000000000000001332, 304.8000000000000114 ) ) ;
#7459 = ORIENTED_EDGE ( 'NONE', *, *, #5112, .T. ) ;
#7460 = ORIENTED_EDGE ( 'NONE', *, *, #8989, .F. ) ;
#7461 = FACE_OUTER_BOUND ( 'NONE', #5170, .T. ) ;
#7462 = ORIENTED_EDGE ( 'NONE', *, *, #10154, .F. ) ;
#7463 = AXIS2_PLACEMENT_3D ( 'NONE', #13027, #7938, #3964 ) ;
#7464 = CARTESIAN_POINT ( 'NONE',  ( -8.250000000000000000, 8.250000000000000000, 198.8000000000000398 ) ) ;
#7465 = DIRECTION ( 'NONE',  ( 1.000000000000000000, 0.000000000000000000, 0.000000000000000000 ) ) ;
#7466 = ORIENTED_EDGE ( 'NONE', *, *, #3876, .F. ) ;
#7467 = AXIS2_PLACEMENT_3D ( 'NONE', #8865, #11115, #5953 ) ;
#7468 = CYLINDRICAL_SURFACE ( 'NONE', #11028, 0.5000000000000008882 ) ;
#7469 = EDGE_LOOP ( 'NONE', ( #6989, #8796, #8471, #3122 ) ) ;
#7470 = VECTOR ( 'NONE', #5952, 1000.000000000000000 ) ;
#7471 = CARTESIAN_POINT ( 'NONE',  ( -7.924621202458747682, 5.249999999999995559, 304.8000000000000114 ) ) ;
#7472 = EDGE_CURVE ( 'NONE', #1571, #2629, #9223, .T. ) ;
#7473 = EDGE_CURVE ( 'NONE', #6394, #1543, #281, .T. ) ;
#7475 = EDGE_CURVE ( 'NONE', #1463, #2241, #8484, .T. ) ;
#7474 = CARTESIAN_POINT ( 'NONE',  ( -6.599999999999996092, 0.8898448916085081040, -24.77500000000004832 ) ) ;
#7476 = VERTEX_POINT ( 'NONE', #12313 ) ;
#7477 = CARTESIAN_POINT ( 'NONE',  ( -8.424621202458750346, -2.500000000000000000, 304.8000000000000114 ) ) ;
#7478 = VERTEX_POINT ( 'NONE', #6167 ) ;
#7479 = CARTESIAN_POINT ( 'NONE',  ( -7.071067811865473729, -5.603553390593270400, 198.8000000000000398 ) ) ;
#7480 = DIRECTION ( 'NONE',  ( -1.000000000000000000, -4.930380657631323784E-32, 4.930380657631323784E-32 ) ) ;
#7481 = CARTESIAN_POINT ( 'NONE',  ( 3.000000000000000888, -9.500000000000000000, 304.8000000000000114 ) ) ;
#7482 = AXIS2_PLACEMENT_3D ( 'NONE', #5604, #4546, #1503 ) ;
#7483 = CIRCLE ( 'NONE', #8109, 0.4999999999999995559 ) ;
#7484 = CARTESIAN_POINT ( 'NONE',  ( 4.478679656440354151, 3.011165235168150378, 304.8000000000000114 ) ) ;
#7485 = ORIENTED_EDGE ( 'NONE', *, *, #8411, .F. ) ;
#7486 = DIRECTION ( 'NONE',  ( 0.000000000000000000, 0.000000000000000000, -1.000000000000000000 ) ) ;
#7487 = DIRECTION ( 'NONE',  ( 0.000000000000000000, 0.000000000000000000, 1.000000000000000000 ) ) ;
#7488 = DIRECTION ( 'NONE',  ( -1.000000000000000000, 0.000000000000000000, 0.000000000000000000 ) ) ;
#7489 = LINE ( 'NONE', #2444, #1782 ) ;
#7490 = VECTOR ( 'NONE', #6691, 1000.000000000000000 ) ;
#7491 = LINE ( 'NONE', #5234, #1403 ) ;
#7492 = CARTESIAN_POINT ( 'NONE',  ( 2.499999999999999556, 8.424621202458752123, -24.77500000000004832 ) ) ;
#7493 = DIRECTION ( 'NONE',  ( -0.000000000000000000, 0.000000000000000000, -1.000000000000000000 ) ) ;
#7494 = ORIENTED_EDGE ( 'NONE', *, *, #317, .T. ) ;
#7495 = VERTEX_POINT ( 'NONE', #10225 ) ;
#7496 = ORIENTED_EDGE ( 'NONE', *, *, #12560, .F. ) ;
#7497 = CARTESIAN_POINT ( 'NONE',  ( -2.499999999999999556, -8.424621202458752123, 304.8000000000000114 ) ) ;
#7498 = VECTOR ( 'NONE', #1394, 1000.000000000000000 ) ;
#7499 = LINE ( 'NONE', #5382, #6797 ) ;
#7500 = DIRECTION ( 'NONE',  ( 8.065639195895844836E-16, 1.000000000000000000, 0.000000000000000000 ) ) ;
#7501 = CARTESIAN_POINT ( 'NONE',  ( 8.250000000000000000, 10.00000000000000178, 198.8000000000000398 ) ) ;
#7502 = ADVANCED_FACE ( 'NONE', ( #2315, #9429 ), #11261, .T. ) ;
#7503 = FILL_AREA_STYLE_COLOUR ( '', #161 ) ;
#7504 = CYLINDRICAL_SURFACE ( 'NONE', #3786, 2.999999999999999556 ) ;
#7505 = VERTEX_POINT ( 'NONE', #5166 ) ;
#7506 = DIRECTION ( 'NONE',  ( -0.000000000000000000, -0.000000000000000000, -1.000000000000000000 ) ) ;
#7507 = ORIENTED_EDGE ( 'NONE', *, *, #12525, .T. ) ;
#7508 = EDGE_CURVE ( 'NONE', #9492, #778, #6553, .T. ) ;
#7509 = DIRECTION ( 'NONE',  ( -1.000000000000000000, 0.000000000000000000, 0.000000000000000000 ) ) ;
#7510 = EDGE_CURVE ( 'NONE', #9184, #10523, #9387, .T. ) ;
#7511 = FACE_OUTER_BOUND ( 'NONE', #11941, .T. ) ;
#7512 = CARTESIAN_POINT ( 'NONE',  ( 8.250000000000000000, 8.250000000000000000, 304.8000000000000114 ) ) ;
#7513 = CARTESIAN_POINT ( 'NONE',  ( -10.00000000000000000, 8.250000000000000000, -104.7750000000000057 ) ) ;
#7514 = ORIENTED_EDGE ( 'NONE', *, *, #11021, .T. ) ;
#7515 = EDGE_CURVE ( 'NONE', #5628, #5303, #1742, .T. ) ;
#7516 =( NAMED_UNIT ( * ) SI_UNIT ( $, .STERADIAN. ) SOLID_ANGLE_UNIT ( ) );
#7517 = VERTEX_POINT ( 'NONE', #5752 ) ;
#7518 = CARTESIAN_POINT ( 'NONE',  ( -4.478679656440354151, -3.011165235168150378, 94.79999999999999716 ) ) ;
#7519 = EDGE_LOOP ( 'NONE', ( #12461, #6337, #9526, #6638 ) ) ;
#7520 = EDGE_LOOP ( 'NONE', ( #11804, #1982, #7579, #4556 ) ) ;
#7521 = DIRECTION ( 'NONE',  ( -1.000000000000000000, 0.000000000000000000, 0.000000000000000000 ) ) ;
#7522 = ORIENTED_EDGE ( 'NONE', *, *, #1881, .T. ) ;
#7523 = CARTESIAN_POINT ( 'NONE',  ( -3.011165235168160592, -4.478679656440356815, 304.8000000000000114 ) ) ;
#7524 = ADVANCED_FACE ( 'NONE', ( #2692 ), #654, .T. ) ;
#7525 = DIRECTION ( 'NONE',  ( -1.000000000000000000, 0.000000000000000000, 0.000000000000000000 ) ) ;
#7526 = ORIENTED_EDGE ( 'NONE', *, *, #5004, .F. ) ;
#7527 = CARTESIAN_POINT ( 'NONE',  ( -8.424621202458750346, -2.500000000000000000, 304.8000000000000114 ) ) ;
#7528 = ORIENTED_EDGE ( 'NONE', *, *, #3693, .F. ) ;
#7529 = EDGE_CURVE ( 'NONE', #311, #12489, #12693, .T. ) ;
#7530 = PLANE ( 'NONE',  #11702 ) ;
#7531 = DIRECTION ( 'NONE',  ( 1.000000000000000000, 0.000000000000000000, 0.000000000000000000 ) ) ;
#7532 = CARTESIAN_POINT ( 'NONE',  ( 7.924621202458747682, -5.249999999999995559, 94.79999999999999716 ) ) ;
#7533 = AXIS2_PLACEMENT_3D ( 'NONE', #11126, #9226, #1925 ) ;
#7534 = ORIENTED_EDGE ( 'NONE', *, *, #11977, .F. ) ;
#7535 = DIRECTION ( 'NONE',  ( -1.000000000000000000, 0.000000000000000000, -0.000000000000000000 ) ) ;
#7536 = CARTESIAN_POINT ( 'NONE',  ( 0.000000000000000000, 0.000000000000000000, 0.000000000000000000 ) ) ;
#7537 = CARTESIAN_POINT ( 'NONE',  ( -2.499999999999999556, -8.424621202458752123, 94.79999999999999716 ) ) ;
#7538 = EDGE_CURVE ( 'NONE', #7060, #5336, #1579, .T. ) ;
#7539 = ORIENTED_EDGE ( 'NONE', *, *, #4501, .T. ) ;
#7540 = CIRCLE ( 'NONE', #3510, 0.5000000000000004441 ) ;
#7541 = DIRECTION ( 'NONE',  ( 0.000000000000000000, 0.000000000000000000, 1.000000000000000000 ) ) ;
#7542 = VECTOR ( 'NONE', #7295, 1000.000000000000000 ) ;
#7543 = FACE_OUTER_BOUND ( 'NONE', #4087, .T. ) ;
#7544 = LINE ( 'NONE', #11709, #484 ) ;
#7545 = DIRECTION ( 'NONE',  ( -1.000000000000000000, 0.000000000000000000, 0.000000000000000000 ) ) ;
#7546 = CARTESIAN_POINT ( 'NONE',  ( -8.424621202458750346, -2.500000000000000000, -24.77500000000004832 ) ) ;
#7547 = DIRECTION ( 'NONE',  ( -0.7071067811865465735, 0.7071067811865483499, 0.000000000000000000 ) ) ;
#7548 = DIRECTION ( 'NONE',  ( 1.000000000000000000, 0.000000000000000000, 0.000000000000000000 ) ) ;
#7549 = VERTEX_POINT ( 'NONE', #9547 ) ;
#7550 = VECTOR ( 'NONE', #13070, 1000.000000000000000 ) ;
#7551 = ORIENTED_EDGE ( 'NONE', *, *, #6304, .T. ) ;
#7552 = EDGE_CURVE ( 'NONE', #640, #8973, #7244, .T. ) ;
#7553 = EDGE_CURVE ( 'NONE', #1877, #8344, #7675, .T. ) ;
#7554 = VECTOR ( 'NONE', #4302, 1000.000000000000000 ) ;
#7555 = EDGE_LOOP ( 'NONE', ( #6456, #10441, #8506, #6709 ) ) ;
#7556 = ADVANCED_FACE ( 'NONE', ( #12632 ), #6620, .F. ) ;
#7557 = DIRECTION ( 'NONE',  ( 0.000000000000000000, 0.000000000000000000, 1.000000000000000000 ) ) ;
#7558 = DIRECTION ( 'NONE',  ( 0.000000000000000000, -0.000000000000000000, 1.000000000000000000 ) ) ;
#7559 = DIRECTION ( 'NONE',  ( 1.000000000000000000, 0.000000000000000000, 0.000000000000000000 ) ) ;
#7560 = VECTOR ( 'NONE', #2339, 1000.000000000000000 ) ;
#7561 = CARTESIAN_POINT ( 'NONE',  ( -7.924621202458749458, -3.000000000000001332, 304.8000000000000114 ) ) ;
#7562 = DIRECTION ( 'NONE',  ( 1.000000000000000000, -3.304235192336776498E-16, 0.000000000000000000 ) ) ;
#7563 = ORIENTED_EDGE ( 'NONE', *, *, #2065, .T. ) ;
#7564 = CARTESIAN_POINT ( 'NONE',  ( -7.924621202458749458, 3.000000000000001332, 304.8000000000000114 ) ) ;
#7565 = VERTEX_POINT ( 'NONE', #10670 ) ;
#7566 = VECTOR ( 'NONE', #10923, 1000.000000000000000 ) ;
#7567 = DIRECTION ( 'NONE',  ( -0.000000000000000000, 0.000000000000000000, -1.000000000000000000 ) ) ;
#7568 = DIRECTION ( 'NONE',  ( -1.000000000000000000, 0.000000000000000000, 0.000000000000000000 ) ) ;
#7569 = CARTESIAN_POINT ( 'NONE',  ( 10.00000000000000000, 8.250000000000000000, 304.8000000000000114 ) ) ;
#7570 = FACE_OUTER_BOUND ( 'NONE', #4602, .T. ) ;
#7571 = VECTOR ( 'NONE', #11822, 1000.000000000000000 ) ;
#7572 = ADVANCED_FACE ( 'NONE', ( #7732 ), #11769, .F. ) ;
#7573 = DIRECTION ( 'NONE',  ( -0.000000000000000000, 0.000000000000000000, -1.000000000000000000 ) ) ;
#7574 = VERTEX_POINT ( 'NONE', #2443 ) ;
#7575 = CARTESIAN_POINT ( 'NONE',  ( 7.924621202458747682, 5.249999999999995559, -104.7750000000000057 ) ) ;
#7576 = ORIENTED_EDGE ( 'NONE', *, *, #6464, .F. ) ;
#7577 = ORIENTED_EDGE ( 'NONE', *, *, #11314, .T. ) ;
#7578 = CYLINDRICAL_SURFACE ( 'NONE', #12092, 2.999999999999999112 ) ;
#7579 = ORIENTED_EDGE ( 'NONE', *, *, #6880, .T. ) ;
#7580 = EDGE_LOOP ( 'NONE', ( #2852, #6961, #3751, #9955 ) ) ;
#7581 = LINE ( 'NONE', #1376, #9972 ) ;
#7582 = EDGE_CURVE ( 'NONE', #514, #7037, #10543, .T. ) ;
#7583 = VECTOR ( 'NONE', #5992, 1000.000000000000000 ) ;
#7584 = DIRECTION ( 'NONE',  ( -0.7071067811865484609, -0.7071067811865466846, 0.000000000000000000 ) ) ;
#7585 = VERTEX_POINT ( 'NONE', #12762 ) ;
#7586 = DIRECTION ( 'NONE',  ( -1.000000000000000000, 0.000000000000000000, 0.000000000000000000 ) ) ;
#7587 = ORIENTED_EDGE ( 'NONE', *, *, #1273, .T. ) ;
#7588 = ADVANCED_FACE ( 'NONE', ( #1456, #5488 ), #4625, .T. ) ;
#7589 = CYLINDRICAL_SURFACE ( 'NONE', #7482, 2.999999999999999112 ) ;
#7590 = DIRECTION ( 'NONE',  ( -1.541976423090499183E-15, -1.000000000000000000, -0.000000000000000000 ) ) ;
#7591 = EDGE_CURVE ( 'NONE', #1789, #12963, #7544, .T. ) ;
#7592 = CARTESIAN_POINT ( 'NONE',  ( 10.00000000000000000, 3.000000000000001332, 304.8000000000000114 ) ) ;
#7593 = AXIS2_PLACEMENT_3D ( 'NONE', #7087, #4042, #7945 ) ;
#7594 = EDGE_LOOP ( 'NONE', ( #8779, #1144, #3129, #8242 ) ) ;
#7595 = CYLINDRICAL_SURFACE ( 'NONE', #5033, 0.5000000000000013323 ) ;
#7596 = APPLICATION_PROTOCOL_DEFINITION ( 'draft international standard', 'automotive_design', 1998, #1476 ) ;
#7597 = LINE ( 'NONE', #11637, #8898 ) ;
#7598 = EDGE_CURVE ( 'NONE', #1463, #1611, #7870, .T. ) ;
#7599 = VERTEX_POINT ( 'NONE', #3557 ) ;
#7600 = ORIENTED_EDGE ( 'NONE', *, *, #10196, .T. ) ;
#7601 = AXIS2_PLACEMENT_3D ( 'NONE', #12316, #2118, #10228 ) ;
#7602 = ORIENTED_EDGE ( 'NONE', *, *, #7093, .F. ) ;
#7603 = CARTESIAN_POINT ( 'NONE',  ( 6.599999999999996092, 0.8898448916085081040, 304.8000000000000114 ) ) ;
#7604 = DIRECTION ( 'NONE',  ( 0.000000000000000000, 0.000000000000000000, -1.000000000000000000 ) ) ;
#7605 = DIRECTION ( 'NONE',  ( 1.000000000000000000, 0.000000000000000000, 0.000000000000000000 ) ) ;
#7606 = DIRECTION ( 'NONE',  ( -1.000000000000000000, 0.000000000000000000, 0.000000000000000000 ) ) ;
#7607 = DIRECTION ( 'NONE',  ( 0.000000000000000000, 0.000000000000000000, -1.000000000000000000 ) ) ;
#7608 = DIRECTION ( 'NONE',  ( -1.000000000000000000, -3.304235192336776498E-16, 0.000000000000000000 ) ) ;
#7609 = DIRECTION ( 'NONE',  ( -1.000000000000000000, 0.000000000000000000, 0.000000000000000000 ) ) ;
#7610 = CARTESIAN_POINT ( 'NONE',  ( -9.500000000000000000, -3.000000000000001332, 304.8000000000000114 ) ) ;
#7611 = VECTOR ( 'NONE', #10697, 1000.000000000000000 ) ;
#7612 = ORIENTED_EDGE ( 'NONE', *, *, #3117, .F. ) ;
#7613 = ORIENTED_EDGE ( 'NONE', *, *, #8357, .T. ) ;
#7614 = DIRECTION ( 'NONE',  ( 1.541976423090498986E-15, -1.000000000000000000, 0.000000000000000000 ) ) ;
#7615 = DIRECTION ( 'NONE',  ( 0.000000000000000000, 0.000000000000000000, -1.000000000000000000 ) ) ;
#7616 = CARTESIAN_POINT ( 'NONE',  ( -3.000000000000000888, 10.00000000000000000, 304.8000000000000114 ) ) ;
#7617 = AXIS2_PLACEMENT_3D ( 'NONE', #304, #11538, #9447 ) ;
#7618 = AXIS2_PLACEMENT_3D ( 'NONE', #11987, #9022, #3978 ) ;
#7619 = CLOSED_SHELL ( 'NONE', ( #2048, #6243, #1885, #8721, #4613, #1189, #8826, #10215, #3132, #3163, #4997, #5825, #6049, #5491, #7435, #12069, #4560, #2418, #12563, #8542, #7572, #985, #11022, #618, #12640, #8072, #9009, #4283, #4844, #6500, #7713, #5818, #2333, #7289, #548, #5563, #12712, #876, #4510, #10361, #9750, #722, #2652, #6096, #9302, #6841, #10917, #1641, #11437, #12238, #9528, #10718, #7148, #3331, #4594, #5681, #9500, #10713, #2180, #7524, #11468, #9594, #10924, #10354, #5678, #7275, #11933, #11480, #11993, #1796, #13006, #808, #2962, #11676, #6189, #8491 ) ) ;
#7620 = EDGE_LOOP ( 'NONE', ( #9460, #12742, #4923, #3142 ) ) ;
#7622 = EDGE_CURVE ( 'NONE', #514, #11370, #2385, .T. ) ;
#7621 = DIRECTION ( 'NONE',  ( -1.000000000000000000, 0.000000000000000000, 0.000000000000000000 ) ) ;
#7623 = LINE ( 'NONE', #9761, #9728 ) ;
#7624 = ADVANCED_FACE ( 'NONE', ( #5684 ), #9739, .F. ) ;
#7625 = EDGE_LOOP ( 'NONE', ( #4790, #1630, #5850, #1414 ) ) ;
#7626 = FACE_OUTER_BOUND ( 'NONE', #9123, .T. ) ;
#7627 = ORIENTED_EDGE ( 'NONE', *, *, #9315, .F. ) ;
#7628 = ORIENTED_EDGE ( 'NONE', *, *, #10511, .F. ) ;
#7629 = VECTOR ( 'NONE', #11429, 1000.000000000000000 ) ;
#7630 = VECTOR ( 'NONE', #6669, 1000.000000000000000 ) ;
#7631 = DIRECTION ( 'NONE',  ( -0.000000000000000000, 0.000000000000000000, -1.000000000000000000 ) ) ;
#7632 = CARTESIAN_POINT ( 'NONE',  ( -3.000000000000000888, 7.924621202458751235, 304.8000000000000114 ) ) ;
#7633 = CARTESIAN_POINT ( 'NONE',  ( 7.424621202458747682, -5.249999999999995559, 304.8000000000000114 ) ) ;
#7634 = CARTESIAN_POINT ( 'NONE',  ( 10.00000000000000000, -3.000000000000001332, 304.8000000000000114 ) ) ;
#7635 = VECTOR ( 'NONE', #9813, 1000.000000000000000 ) ;
#7636 = VECTOR ( 'NONE', #2998, 1000.000000000000000 ) ;
#7637 = PRODUCT_DEFINITION_SHAPE ( 'NONE', 'NONE',  #13084 ) ;
#7638 = DIRECTION ( 'NONE',  ( -0.000000000000000000, -0.000000000000000000, -1.000000000000000000 ) ) ;
#7639 = VERTEX_POINT ( 'NONE', #6026 ) ;
#7640 = CARTESIAN_POINT ( 'NONE',  ( -8.250000000000000000, -10.00000000000000000, -20.77500000000004476 ) ) ;
#7641 = ORIENTED_EDGE ( 'NONE', *, *, #9510, .F. ) ;
#7642 = VERTEX_POINT ( 'NONE', #10979 ) ;
#7643 = DIRECTION ( 'NONE',  ( 1.000000000000000000, 0.000000000000000000, -0.000000000000000000 ) ) ;
#7644 = VECTOR ( 'NONE', #10679, 1000.000000000000000 ) ;
#7645 = VERTEX_POINT ( 'NONE', #4953 ) ;
#7646 = VERTEX_POINT ( 'NONE', #2885 ) ;
#7647 = SHAPE_REPRESENTATION ( 'AL329.575_5537T104', ( #3417 ), #2154 ) ;
#7648 = CARTESIAN_POINT ( 'NONE',  ( -5.249999999999997335, -7.424621202458749458, 304.8000000000000114 ) ) ;
#7649 = AXIS2_PLACEMENT_3D ( 'NONE', #10484, #2256, #208 ) ;
#7650 = AXIS2_PLACEMENT_3D ( 'NONE', #4722, #11734, #10694 ) ;
#7651 = CARTESIAN_POINT ( 'NONE',  ( -5.603553390593272177, -7.071067811865475505, 304.8000000000000114 ) ) ;
#7652 = ORIENTED_EDGE ( 'NONE', *, *, #7107, .F. ) ;
#7653 = DIRECTION ( 'NONE',  ( 0.000000000000000000, -0.000000000000000000, -1.000000000000000000 ) ) ;
#7654 = ORIENTED_EDGE ( 'NONE', *, *, #2021, .F. ) ;
#7655 = AXIS2_PLACEMENT_3D ( 'NONE', #7610, #4630, #7548 ) ;
#7656 = DIRECTION ( 'NONE',  ( 1.000000000000000000, 0.000000000000000000, 0.000000000000000000 ) ) ;
#7657 = DIRECTION ( 'NONE',  ( 8.065639195895844836E-16, -1.000000000000000000, 0.000000000000000000 ) ) ;
#7658 = CIRCLE ( 'NONE', #8321, 0.5000000000000013323 ) ;
#7660 = EDGE_CURVE ( 'NONE', #8627, #8459, #1046, .T. ) ;
#7659 = DIRECTION ( 'NONE',  ( -0.7071067811865465735, 0.7071067811865483499, 0.000000000000000000 ) ) ;
#7661 = VECTOR ( 'NONE', #7014, 1000.000000000000000 ) ;
#7662 = ORIENTED_EDGE ( 'NONE', *, *, #11073, .F. ) ;
#7663 = DIRECTION ( 'NONE',  ( -0.000000000000000000, -0.000000000000000000, -1.000000000000000000 ) ) ;
#7664 = SHAPE_DEFINITION_REPRESENTATION ( #2250, #5522 ) ;
#7665 = AXIS2_PLACEMENT_3D ( 'NONE', #11580, #10604, #6675 ) ;
#7666 = EDGE_CURVE ( 'NONE', #10926, #3690, #7799, .T. ) ;
#7667 = DIRECTION ( 'NONE',  ( 0.000000000000000000, 0.000000000000000000, 1.000000000000000000 ) ) ;
#7668 = ORIENTED_EDGE ( 'NONE', *, *, #9193, .T. ) ;
#7669 = EDGE_LOOP ( 'NONE', ( #10984, #1173, #452, #3681 ) ) ;
#7670 = EDGE_CURVE ( 'NONE', #3017, #2830, #1779, .T. ) ;
#7671 = VERTEX_POINT ( 'NONE', #9871 ) ;
#7672 = AXIS2_PLACEMENT_3D ( 'NONE', #2412, #12597, #433 ) ;
#7673 = CARTESIAN_POINT ( 'NONE',  ( -3.600000000000000089, 0.000000000000000000, 304.8000000000000114 ) ) ;
#7674 = CARTESIAN_POINT ( 'NONE',  ( -9.500000000000000000, -3.000000000000001332, 304.8000000000000114 ) ) ;
#7675 = LINE ( 'NONE', #1519, #6811 ) ;
#7676 = DIRECTION ( 'NONE',  ( -0.000000000000000000, -0.000000000000000000, -1.000000000000000000 ) ) ;
#7678 = EDGE_CURVE ( 'NONE', #284, #1876, #6807, .T. ) ;
#7677 = CARTESIAN_POINT ( 'NONE',  ( -4.478679656440354151, 3.011165235168150378, 304.8000000000000114 ) ) ;
#7679 = CARTESIAN_POINT ( 'NONE',  ( 3.599999999999997424, -0.8898448916085081040, 304.8000000000000114 ) ) ;
#7680 = CARTESIAN_POINT ( 'NONE',  ( 3.000000000000000888, 8.424621202458752123, 304.8000000000000114 ) ) ;
#7681 = DIRECTION ( 'NONE',  ( 1.000000000000000000, 0.000000000000000000, 0.000000000000000000 ) ) ;
#7682 = AXIS2_PLACEMENT_3D ( 'NONE', #12644, #1532, #4446 ) ;
#7683 = VERTEX_POINT ( 'NONE', #13017 ) ;
#7684 = ORIENTED_EDGE ( 'NONE', *, *, #8147, .F. ) ;
#7685 = ADVANCED_FACE ( 'NONE', ( #10070 ), #2948, .F. ) ;
#7686 = DIRECTION ( 'NONE',  ( 1.000000000000000000, 1.541976423090498986E-15, 0.000000000000000000 ) ) ;
#7687 = PRESENTATION_STYLE_ASSIGNMENT (( #7810 ) ) ;
#7688 = DIRECTION ( 'NONE',  ( 1.000000000000000000, -3.304235192336776498E-16, 0.000000000000000000 ) ) ;
#7689 = AXIS2_PLACEMENT_3D ( 'NONE', #4622, #1638, #6872 ) ;
#7690 = CARTESIAN_POINT ( 'NONE',  ( -1.257674520083185143E-14, 1.257674520083185143E-14, 94.79999999999999716 ) ) ;
#7691 = EDGE_CURVE ( 'NONE', #3327, #2970, #7001, .T. ) ;
#7692 = LINE ( 'NONE', #12902, #2881 ) ;
#7693 = CARTESIAN_POINT ( 'NONE',  ( -3.000000000000000888, -7.924621202458751235, -104.7750000000000057 ) ) ;
#7694 = VERTEX_POINT ( 'NONE', #9138 ) ;
#7695 = DIRECTION ( 'NONE',  ( -1.000000000000000000, 0.000000000000000000, 0.000000000000000000 ) ) ;
#7696 = VERTEX_POINT ( 'NONE', #7931 ) ;
#7697 = AXIS2_PLACEMENT_3D ( 'NONE', #4401, #12348, #12778 ) ;
#7698 = CIRCLE ( 'NONE', #320, 0.5000000000000008882 ) ;
#7699 = DIRECTION ( 'NONE',  ( 0.000000000000000000, -1.000000000000000000, -0.000000000000000000 ) ) ;
#7700 = EDGE_CURVE ( 'NONE', #12908, #12093, #12312, .T. ) ;
#7701 = LINE ( 'NONE', #1668, #1321 ) ;
#7702 = DIRECTION ( 'NONE',  ( -0.000000000000000000, -0.000000000000000000, -1.000000000000000000 ) ) ;
#7703 = FACE_OUTER_BOUND ( 'NONE', #11495, .T. ) ;
#7704 = FACE_OUTER_BOUND ( 'NONE', #5961, .T. ) ;
#7705 = ORIENTED_EDGE ( 'NONE', *, *, #2614, .T. ) ;
#7706 = CARTESIAN_POINT ( 'NONE',  ( -7.424621202458747682, 5.249999999999995559, 198.8000000000000398 ) ) ;
#7707 = ORIENTED_EDGE ( 'NONE', *, *, #2400, .T. ) ;
#7708 = ORIENTED_EDGE ( 'NONE', *, *, #3631, .T. ) ;
#7709 = CARTESIAN_POINT ( 'NONE',  ( 8.424621202458750346, -2.500000000000000000, 304.8000000000000114 ) ) ;
#7710 = VERTEX_POINT ( 'NONE', #11963 ) ;
#7711 = ORIENTED_EDGE ( 'NONE', *, *, #12714, .T. ) ;
#7712 = CARTESIAN_POINT ( 'NONE',  ( -2.499999999999999556, 8.424621202458752123, -104.7750000000000057 ) ) ;
#7713 = ADVANCED_FACE ( 'NONE', ( #4816 ), #848, .F. ) ;
#7714 = EDGE_CURVE ( 'NONE', #7111, #11290, #4883, .T. ) ;
#7715 = FACE_OUTER_BOUND ( 'NONE', #892, .T. ) ;
#7716 = ORIENTED_EDGE ( 'NONE', *, *, #8230, .F. ) ;
#7717 = DIRECTION ( 'NONE',  ( -1.000000000000000000, 0.000000000000000000, 0.000000000000000000 ) ) ;
#7718 = VERTEX_POINT ( 'NONE', #2758 ) ;
#7719 = LINE ( 'NONE', #1689, #11287 ) ;
#7720 = LINE ( 'NONE', #8594, #405 ) ;
#7721 = LINE ( 'NONE', #7532, #9891 ) ;
#7722 = ORIENTED_EDGE ( 'NONE', *, *, #3335, .T. ) ;
#7723 = CARTESIAN_POINT ( 'NONE',  ( -7.924621202458749458, 3.000000000000001332, -20.77500000000004476 ) ) ;
#7724 = CARTESIAN_POINT ( 'NONE',  ( 10.00000000000000000, -3.000000000000001332, 304.8000000000000114 ) ) ;
#7725 = CARTESIAN_POINT ( 'NONE',  ( -3.011165235168160592, -4.478679656440356815, 304.8000000000000114 ) ) ;
#7726 = ORIENTED_EDGE ( 'NONE', *, *, #4605, .F. ) ;
#7727 = ORIENTED_EDGE ( 'NONE', *, *, #865, .T. ) ;
#7728 = EDGE_CURVE ( 'NONE', #7671, #9448, #10638, .T. ) ;
#7729 = CYLINDRICAL_SURFACE ( 'NONE', #2417, 0.5000000000000004441 ) ;
#7730 = DIRECTION ( 'NONE',  ( -0.000000000000000000, 0.000000000000000000, -1.000000000000000000 ) ) ;
#7731 =( REPRESENTATION_RELATIONSHIP ('NONE','NONE', #11367, #3658 ) REPRESENTATION_RELATIONSHIP_WITH_TRANSFORMATION ( #7063 )SHAPE_REPRESENTATION_RELATIONSHIP( ) );
#7733 = EDGE_CURVE ( 'NONE', #3552, #4804, #6609, .T. ) ;
#7732 = FACE_OUTER_BOUND ( 'NONE', #10516, .T. ) ;
#7734 = CARTESIAN_POINT ( 'NONE',  ( -3.000000000000000888, 10.00000000000000000, 304.8000000000000114 ) ) ;
#7735 = CARTESIAN_POINT ( 'NONE',  ( -8.250000000000000000, 10.00000000000000178, 304.8000000000000114 ) ) ;
#7736 = MANIFOLD_SOLID_BREP ( 'Cut-Extrude1', #7619 ) ;
#7737 = LINE ( 'NONE', #10922, #6139 ) ;
#7738 = ADVANCED_FACE ( 'NONE', ( #1318 ), #10136, .F. ) ;
#7739 = CARTESIAN_POINT ( 'NONE',  ( 3.000000000000000888, -8.424621202458752123, -20.77500000000004476 ) ) ;
#7740 = CARTESIAN_POINT ( 'NONE',  ( -10.00000000000000000, -3.000000000000001332, 304.8000000000000114 ) ) ;
#7741 = VERTEX_POINT ( 'NONE', #10405 ) ;
#7742 = VERTEX_POINT ( 'NONE', #12425 ) ;
#7743 = AXIS2_PLACEMENT_3D ( 'NONE', #7207, #9419, #2177 ) ;
#7744 = ORIENTED_EDGE ( 'NONE', *, *, #4355, .T. ) ;
#7745 = EDGE_CURVE ( 'NONE', #886, #5555, #11779, .T. ) ;
#7746 = DIRECTION ( 'NONE',  ( 2.924200878718996689E-15, -1.000000000000000000, 0.000000000000000000 ) ) ;
#7747 = PLANE ( 'NONE',  #1358 ) ;
#7748 = CARTESIAN_POINT ( 'NONE',  ( -3.011165235168160592, -4.478679656440357704, 304.8000000000000114 ) ) ;
#7749 = EDGE_CURVE ( 'NONE', #4101, #11071, #9211, .T. ) ;
#7750 = DIRECTION ( 'NONE',  ( -1.000000000000000000, 4.873668131198272923E-16, 0.000000000000000000 ) ) ;
#7751 = ORIENTED_EDGE ( 'NONE', *, *, #10630, .F. ) ;
#7752 = FACE_OUTER_BOUND ( 'NONE', #7858, .T. ) ;
#7754 = VECTOR ( 'NONE', #1237, 1000.000000000000000 ) ;
#7753 = CARTESIAN_POINT ( 'NONE',  ( 7.071067811865473729, 5.603553390593270400, 304.8000000000000114 ) ) ;
#7755 = AXIS2_PLACEMENT_3D ( 'NONE', #288, #7362, #2447 ) ;
#7756 = EDGE_CURVE ( 'NONE', #10642, #10399, #6505, .T. ) ;
#7757 = VERTEX_POINT ( 'NONE', #9346 ) ;
#7758 = LINE ( 'NONE', #9763, #4866 ) ;
#7759 = VERTEX_POINT ( 'NONE', #7205 ) ;
#7760 = DIRECTION ( 'NONE',  ( -1.541976423090498986E-15, 1.000000000000000000, 0.000000000000000000 ) ) ;
#7761 = EDGE_CURVE ( 'NONE', #11664, #8641, #11247, .T. ) ;
#7762 = FACE_OUTER_BOUND ( 'NONE', #4801, .T. ) ;
#7763 = CIRCLE ( 'NONE', #3528, 0.5000000000000004441 ) ;
#7764 = DIRECTION ( 'NONE',  ( 0.000000000000000000, 0.000000000000000000, -1.000000000000000000 ) ) ;
#7765 = LINE ( 'NONE', #7032, #9531 ) ;
#7766 = CARTESIAN_POINT ( 'NONE',  ( 5.249999999999997335, -7.424621202458749458, -104.7750000000000057 ) ) ;
#7767 = ORIENTED_EDGE ( 'NONE', *, *, #2996, .T. ) ;
#7768 = CARTESIAN_POINT ( 'NONE',  ( 3.600000000000000089, 0.000000000000000000, 304.8000000000000114 ) ) ;
#7769 = AXIS2_PLACEMENT_3D ( 'NONE', #4423, #2438, #3427 ) ;
#7770 = EDGE_LOOP ( 'NONE', ( #12516, #6815, #818, #10665 ) ) ;
#7771 = ORIENTED_EDGE ( 'NONE', *, *, #7745, .F. ) ;
#7772 = CARTESIAN_POINT ( 'NONE',  ( -0.8898448916085185401, -3.600000000000000533, 304.8000000000000114 ) ) ;
#7773 = ORIENTED_EDGE ( 'NONE', *, *, #8449, .F. ) ;
#7774 = ORIENTED_EDGE ( 'NONE', *, *, #3820, .F. ) ;
#7775 = DIRECTION ( 'NONE',  ( -0.000000000000000000, -0.000000000000000000, -1.000000000000000000 ) ) ;
#7776 = DIRECTION ( 'NONE',  ( -1.000000000000000000, 0.000000000000000000, 0.000000000000000000 ) ) ;
#7777 = ORIENTED_EDGE ( 'NONE', *, *, #10445, .T. ) ;
#7778 = PLANE ( 'NONE',  #5954 ) ;
#7779 = ORIENTED_EDGE ( 'NONE', *, *, #6778, .F. ) ;
#7780 = AXIS2_PLACEMENT_3D ( 'NONE', #2295, #7194, #10459 ) ;
#7781 = CARTESIAN_POINT ( 'NONE',  ( 3.000000000000000888, 10.00000000000000000, -20.77500000000004476 ) ) ;
#7782 = DIRECTION ( 'NONE',  ( 1.000000000000000000, 0.000000000000000000, 0.000000000000000000 ) ) ;
#7783 = CARTESIAN_POINT ( 'NONE',  ( 3.599999999999997424, 0.8898448916085081040, -104.7750000000000057 ) ) ;
#7784 = EDGE_CURVE ( 'NONE', #10377, #7861, #5650, .T. ) ;
#7785 = ORIENTED_EDGE ( 'NONE', *, *, #7833, .T. ) ;
#7786 = EDGE_CURVE ( 'NONE', #6260, #11873, #11436, .T. ) ;
#7787 = CARTESIAN_POINT ( 'NONE',  ( 10.00000000000000000, -3.000000000000001332, 304.8000000000000114 ) ) ;
#7788 = CONTEXT_DEPENDENT_SHAPE_REPRESENTATION ( #8925, #8392 ) ;
#7789 = AXIS2_PLACEMENT_3D ( 'NONE', #10773, #12619, #6602 ) ;
#7790 = VECTOR ( 'NONE', #3594, 1000.000000000000000 ) ;
#7791 = DIRECTION ( 'NONE',  ( -0.000000000000000000, -0.000000000000000000, -1.000000000000000000 ) ) ;
#7792 = CARTESIAN_POINT ( 'NONE',  ( -8.424621202458750346, -2.500000000000000000, 304.8000000000000114 ) ) ;
#7793 = ORIENTED_EDGE ( 'NONE', *, *, #7169, .T. ) ;
#7794 = VERTEX_POINT ( 'NONE', #2370 ) ;
#7795 = EDGE_LOOP ( 'NONE', ( #10391, #8142, #3376, #4143 ) ) ;
#7796 = CYLINDRICAL_SURFACE ( 'NONE', #11515, 2.999999999999999556 ) ;
#7797 = DIRECTION ( 'NONE',  ( 0.000000000000000000, -0.000000000000000000, -1.000000000000000000 ) ) ;
#7798 = VECTOR ( 'NONE', #3128, 1000.000000000000000 ) ;
#7799 = LINE ( 'NONE', #11835, #3845 ) ;
#7800 = CARTESIAN_POINT ( 'NONE',  ( 3.599999999999997424, 0.8898448916085081040, 304.8000000000000114 ) ) ;
#7801 = CARTESIAN_POINT ( 'NONE',  ( -1.257674520083185143E-14, 1.257674520083185143E-14, -104.7750000000000057 ) ) ;
#7802 = FACE_OUTER_BOUND ( 'NONE', #5530, .T. ) ;
#7803 = LINE ( 'NONE', #733, #2489 ) ;
#7804 = DIRECTION ( 'NONE',  ( 1.000000000000000000, 0.000000000000000000, 0.000000000000000000 ) ) ;
#7805 = ORIENTED_EDGE ( 'NONE', *, *, #8090, .F. ) ;
#7806 = ORIENTED_EDGE ( 'NONE', *, *, #410, .F. ) ;
#7807 = VECTOR ( 'NONE', #5248, 1000.000000000000000 ) ;
#7808 = ORIENTED_EDGE ( 'NONE', *, *, #9283, .F. ) ;
#7809 = DIRECTION ( 'NONE',  ( -3.304235192336776498E-16, 1.000000000000000000, 0.000000000000000000 ) ) ;
#7810 = SURFACE_STYLE_USAGE ( .BOTH. , #11973 ) ;
#7811 = EDGE_CURVE ( 'NONE', #5670, #4131, #5217, .T. ) ;
#7812 = LINE ( 'NONE', #10015, #9378 ) ;
#7813 = CARTESIAN_POINT ( 'NONE',  ( 5.249999999999997335, 7.424621202458749458, -104.7750000000000057 ) ) ;
#7814 = DIRECTION ( 'NONE',  ( -1.000000000000000000, 0.000000000000000000, 0.000000000000000000 ) ) ;
#7815 = AXIS2_PLACEMENT_3D ( 'NONE', #10546, #6497, #4565 ) ;
#7816 = CARTESIAN_POINT ( 'NONE',  ( 8.424621202458750346, 2.500000000000000000, -24.77500000000004832 ) ) ;
#7817 = CIRCLE ( 'NONE', #8040, 0.5000000000000004441 ) ;
#7818 = ORIENTED_EDGE ( 'NONE', *, *, #10055, .T. ) ;
#7819 = CARTESIAN_POINT ( 'NONE',  ( -1.257674520083185143E-14, 1.257674520083185143E-14, 304.8000000000000114 ) ) ;
#7820 = EDGE_CURVE ( 'NONE', #3632, #4379, #6424, .T. ) ;
#7821 = ORIENTED_EDGE ( 'NONE', *, *, #5885, .T. ) ;
#7822 = EDGE_CURVE ( 'NONE', #11508, #7599, #1383, .T. ) ;
#7823 = PLANE ( 'NONE',  #4450 ) ;
#7824 = AXIS2_PLACEMENT_3D ( 'NONE', #8637, #10756, #1673 ) ;
#7825 = DIRECTION ( 'NONE',  ( 0.000000000000000000, 0.000000000000000000, 1.000000000000000000 ) ) ;
#7826 = CARTESIAN_POINT ( 'NONE',  ( -5.249999999999997335, -7.424621202458749458, 94.79999999999999716 ) ) ;
#7827 = AXIS2_PLACEMENT_3D ( 'NONE', #12752, #11957, #8793 ) ;
#7828 = EDGE_CURVE ( 'NONE', #233, #8890, #10334, .T. ) ;
#7829 = DIRECTION ( 'NONE',  ( -1.000000000000000000, 3.304235192336776498E-16, 0.000000000000000000 ) ) ;
#7830 = CARTESIAN_POINT ( 'NONE',  ( 4.478679656440354151, 3.011165235168150378, 304.8000000000000114 ) ) ;
#7831 = ORIENTED_EDGE ( 'NONE', *, *, #3985, .T. ) ;
#7832 = FACE_OUTER_BOUND ( 'NONE', #4058, .T. ) ;
#7833 = EDGE_CURVE ( 'NONE', #4632, #9850, #4094, .T. ) ;
#7834 = VECTOR ( 'NONE', #12948, 1000.000000000000000 ) ;
#7835 = ORIENTED_EDGE ( 'NONE', *, *, #12965, .T. ) ;
#7836 = ORIENTED_EDGE ( 'NONE', *, *, #6377, .F. ) ;
#7837 = CARTESIAN_POINT ( 'NONE',  ( 5.249999999999997335, -7.424621202458749458, 304.8000000000000114 ) ) ;
#7838 = VERTEX_POINT ( 'NONE', #1185 ) ;
#7839 = ORIENTED_EDGE ( 'NONE', *, *, #4398, .T. ) ;
#7840 = ORIENTED_EDGE ( 'NONE', *, *, #10314, .F. ) ;
#7841 = DIRECTION ( 'NONE',  ( -1.000000000000000000, 0.000000000000000000, 0.000000000000000000 ) ) ;
#7842 = DIRECTION ( 'NONE',  ( -0.000000000000000000, -0.000000000000000000, -1.000000000000000000 ) ) ;
#7843 = ORIENTED_EDGE ( 'NONE', *, *, #8166, .T. ) ;
#7844 = CARTESIAN_POINT ( 'NONE',  ( 3.011165235168160592, -4.478679656440357704, 304.8000000000000114 ) ) ;
#7845 = EDGE_CURVE ( 'NONE', #12103, #6173, #7974, .T. ) ;
#7846 = ORIENTED_EDGE ( 'NONE', *, *, #4416, .T. ) ;
#7847 = CIRCLE ( 'NONE', #3614, 2.150000000000012790 ) ;
#7848 = AXIS2_PLACEMENT_3D ( 'NONE', #12418, #3477, #3346 ) ;
#7849 = DIRECTION ( 'NONE',  ( 0.7071067811865465735, -0.7071067811865483499, 0.000000000000000000 ) ) ;
#7850 = LINE ( 'NONE', #11033, #4589 ) ;
#7851 = VERTEX_POINT ( 'NONE', #12167 ) ;
#7852 = CARTESIAN_POINT ( 'NONE',  ( -9.500000000000000000, -2.500000000000000444, 304.8000000000000114 ) ) ;
#7853 = VECTOR ( 'NONE', #3695, 1000.000000000000000 ) ;
#7854 = CIRCLE ( 'NONE', #6595, 0.5000000000000013323 ) ;
#7855 = DIRECTION ( 'NONE',  ( 0.7071067811865474617, 0.7071067811865476838, 0.000000000000000000 ) ) ;
#7856 = CARTESIAN_POINT ( 'NONE',  ( -3.000000000000000888, -7.924621202458751235, -20.77500000000004476 ) ) ;
#7857 = ORIENTED_EDGE ( 'NONE', *, *, #1399, .F. ) ;
#7858 = EDGE_LOOP ( 'NONE', ( #757, #944, #1799, #5858 ) ) ;
#7859 = EDGE_CURVE ( 'NONE', #11654, #3713, #12298, .T. ) ;
#7860 = EDGE_CURVE ( 'NONE', #6925, #4179, #7341, .T. ) ;
#7861 = VERTEX_POINT ( 'NONE', #10342 ) ;
#7862 = CARTESIAN_POINT ( 'NONE',  ( -5.249999999999997335, 7.424621202458749458, 304.8000000000000114 ) ) ;
#7863 = EDGE_CURVE ( 'NONE', #6733, #6776, #5283, .T. ) ;
#7864 = VECTOR ( 'NONE', #4314, 1000.000000000000000 ) ;
#7865 = PLANE ( 'NONE',  #7031 ) ;
#7866 = AXIS2_PLACEMENT_3D ( 'NONE', #12583, #8562, #483 ) ;
#7867 = DIRECTION ( 'NONE',  ( 3.304235192336776498E-16, 1.000000000000000000, 0.000000000000000000 ) ) ;
#7868 = DIRECTION ( 'NONE',  ( 0.000000000000000000, 0.000000000000000000, 1.000000000000000000 ) ) ;
#7869 = CARTESIAN_POINT ( 'NONE',  ( -0.8898448916085185401, 6.599999999999999645, 304.8000000000000114 ) ) ;
#7870 = CIRCLE ( 'NONE', #3638, 0.4999999999999995559 ) ;
#7871 = CARTESIAN_POINT ( 'NONE',  ( -6.599999999999996092, 0.8898448916085081040, 304.8000000000000114 ) ) ;
#7872 = ORIENTED_EDGE ( 'NONE', *, *, #10754, .T. ) ;
#7873 = PRODUCT_DEFINITION_CONTEXT ( 'detailed design', #1382, 'design' ) ;
#7874 = VERTEX_POINT ( 'NONE', #6350 ) ;
#7875 = VECTOR ( 'NONE', #11259, 1000.000000000000000 ) ;
#7876 = VECTOR ( 'NONE', #8451, 1000.000000000000000 ) ;
#7877 = CARTESIAN_POINT ( 'NONE',  ( 7.924621202458747682, 5.249999999999995559, 304.8000000000000114 ) ) ;
#7878 = EDGE_CURVE ( 'NONE', #3894, #4167, #335, .T. ) ;
#7879 = CARTESIAN_POINT ( 'NONE',  ( -7.924621202458747682, 5.249999999999995559, 304.8000000000000114 ) ) ;
#7880 = CARTESIAN_POINT ( 'NONE',  ( 4.478679656440354151, -3.011165235168150378, 304.8000000000000114 ) ) ;
#7881 = DIRECTION ( 'NONE',  ( -1.000000000000000000, 0.000000000000000000, 0.000000000000000000 ) ) ;
#7882 = VECTOR ( 'NONE', #7730, 1000.000000000000000 ) ;
#7884 = AXIS2_PLACEMENT_3D ( 'NONE', #5695, #2646, #12776 ) ;
#7883 = DIRECTION ( 'NONE',  ( 0.000000000000000000, -0.000000000000000000, -1.000000000000000000 ) ) ;
#7885 = DIRECTION ( 'NONE',  ( 0.000000000000000000, -0.000000000000000000, -1.000000000000000000 ) ) ;
#7886 = VERTEX_POINT ( 'NONE', #1693 ) ;
#7887 = ORIENTED_EDGE ( 'NONE', *, *, #8159, .T. ) ;
#7888 = FILL_AREA_STYLE_COLOUR ( '', #9028 ) ;
#7889 = ORIENTED_EDGE ( 'NONE', *, *, #12153, .T. ) ;
#7890 = CYLINDRICAL_SURFACE ( 'NONE', #5506, 0.5000000000000008882 ) ;
#7891 = AXIS2_PLACEMENT_3D ( 'NONE', #8061, #9065, #10341 ) ;
#7892 = VECTOR ( 'NONE', #2503, 1000.000000000000000 ) ;
#7893 = CYLINDRICAL_SURFACE ( 'NONE', #8926, 1.749999999999999778 ) ;
#7894 = EDGE_LOOP ( 'NONE', ( #12859, #10295 ) ) ;
#7895 = DIRECTION ( 'NONE',  ( -1.000000000000000000, 0.000000000000000000, 0.000000000000000000 ) ) ;
#7896 = CARTESIAN_POINT ( 'NONE',  ( 10.00000000000000000, 3.000000000000001332, 198.8000000000000398 ) ) ;
#7897 = EDGE_CURVE ( 'NONE', #6879, #9425, #5474, .T. ) ;
#7898 = CARTESIAN_POINT ( 'NONE',  ( -3.011165235168161924, -4.478679656440357704, 94.79999999999999716 ) ) ;
#7899 = EDGE_CURVE ( 'NONE', #8589, #9286, #4417, .T. ) ;
#7900 = VECTOR ( 'NONE', #8008, 1000.000000000000000 ) ;
#7901 = DIRECTION ( 'NONE',  ( -0.000000000000000000, 0.000000000000000000, -1.000000000000000000 ) ) ;
#7902 = ORIENTED_EDGE ( 'NONE', *, *, #12150, .T. ) ;
#7903 = CARTESIAN_POINT ( 'NONE',  ( -0.8898448916085185401, 6.599999999999999645, 304.8000000000000114 ) ) ;
#7904 = VECTOR ( 'NONE', #12408, 1000.000000000000000 ) ;
#7905 = ORIENTED_EDGE ( 'NONE', *, *, #5423, .T. ) ;
#7906 = ORIENTED_EDGE ( 'NONE', *, *, #12356, .F. ) ;
#7907 = EDGE_CURVE ( 'NONE', #8709, #9867, #3679, .T. ) ;
#7908 = CARTESIAN_POINT ( 'NONE',  ( 10.00000000000000000, 3.000000000000001332, -20.77500000000004476 ) ) ;
#7909 = VERTEX_POINT ( 'NONE', #637 ) ;
#7910 = ORIENTED_EDGE ( 'NONE', *, *, #7508, .F. ) ;
#7911 = ORIENTED_EDGE ( 'NONE', *, *, #12281, .T. ) ;
#7912 = PLANE ( 'NONE',  #8917 ) ;
#7913 = FACE_OUTER_BOUND ( 'NONE', #11365, .T. ) ;
#7914 = ORIENTED_EDGE ( 'NONE', *, *, #9534, .T. ) ;
#7915 = FACE_OUTER_BOUND ( 'NONE', #2454, .T. ) ;
#7916 = ORIENTED_EDGE ( 'NONE', *, *, #3621, .T. ) ;
#7917 = EDGE_CURVE ( 'NONE', #4029, #1113, #12745, .T. ) ;
#7918 = FACE_OUTER_BOUND ( 'NONE', #12212, .T. ) ;
#7919 = EDGE_CURVE ( 'NONE', #6653, #5449, #2323, .T. ) ;
#7920 = VERTEX_POINT ( 'NONE', #390 ) ;
#7921 = DIRECTION ( 'NONE',  ( -0.000000000000000000, 0.000000000000000000, -1.000000000000000000 ) ) ;
#7922 = ORIENTED_EDGE ( 'NONE', *, *, #5258, .T. ) ;
#7923 = EDGE_CURVE ( 'NONE', #7794, #12000, #6665, .T. ) ;
#7924 = CARTESIAN_POINT ( 'NONE',  ( -3.000000000000000888, 7.924621202458751235, 304.8000000000000114 ) ) ;
#7925 = DIRECTION ( 'NONE',  ( 1.000000000000000000, 0.000000000000000000, 0.000000000000000000 ) ) ;
#7926 = DIRECTION ( 'NONE',  ( 1.000000000000000000, 0.000000000000000000, 0.000000000000000000 ) ) ;
#7927 = ORIENTED_EDGE ( 'NONE', *, *, #1624, .T. ) ;
#7928 = VERTEX_POINT ( 'NONE', #12677 ) ;
#7929 = ORIENTED_EDGE ( 'NONE', *, *, #6339, .F. ) ;
#7930 = DIRECTION ( 'NONE',  ( 3.304235192336776498E-16, 1.000000000000000000, 0.000000000000000000 ) ) ;
#7931 = CARTESIAN_POINT ( 'NONE',  ( 7.924621202458749458, 3.000000000000001332, 304.8000000000000114 ) ) ;
#7932 = DIRECTION ( 'NONE',  ( -3.304235192336776498E-16, -1.000000000000000000, 0.000000000000000000 ) ) ;
#7933 = CARTESIAN_POINT ( 'NONE',  ( 8.250000000000000000, -8.250000000000000000, 304.8000000000000114 ) ) ;
#7934 = FACE_OUTER_BOUND ( 'NONE', #2848, .T. ) ;
#7935 = EDGE_CURVE ( 'NONE', #6255, #10216, #8539, .T. ) ;
#7936 = VERTEX_POINT ( 'NONE', #2492 ) ;
#7937 = ORIENTED_EDGE ( 'NONE', *, *, #6162, .F. ) ;
#7938 = DIRECTION ( 'NONE',  ( -0.000000000000000000, -0.000000000000000000, -1.000000000000000000 ) ) ;
#7939 = AXIS2_PLACEMENT_3D ( 'NONE', #12458, #9444, #10304 ) ;
#7940 = DIRECTION ( 'NONE',  ( 0.000000000000000000, -0.000000000000000000, -1.000000000000000000 ) ) ;
#7941 = DIRECTION ( 'NONE',  ( -1.000000000000000000, 0.000000000000000000, 0.000000000000000000 ) ) ;
#7942 = DIRECTION ( 'NONE',  ( 0.7071067811865484609, -0.7071067811865466846, 0.000000000000000000 ) ) ;
#7943 = DIRECTION ( 'NONE',  ( -1.000000000000000000, 9.035018104045872913E-16, 0.000000000000000000 ) ) ;
#7944 = CARTESIAN_POINT ( 'NONE',  ( -6.599999999999996092, 0.8898448916085081040, 304.8000000000000114 ) ) ;
#7945 = DIRECTION ( 'NONE',  ( 0.7071067811865465735, 0.7071067811865483499, 0.000000000000000000 ) ) ;
#7946 = ORIENTED_EDGE ( 'NONE', *, *, #11745, .T. ) ;
#7947 = LINE ( 'NONE', #6956, #1827 ) ;
#7948 = ADVANCED_FACE ( 'NONE', ( #5735 ), #3543, .F. ) ;
#7949 = EDGE_CURVE ( 'NONE', #11539, #6055, #8470, .T. ) ;
#7950 = VERTEX_POINT ( 'NONE', #5668 ) ;
#7951 = EDGE_CURVE ( 'NONE', #4986, #5410, #7720, .T. ) ;
#7952 = CARTESIAN_POINT ( 'NONE',  ( 9.500000000000000000, -3.000000000000001332, 304.8000000000000114 ) ) ;
#7953 = DIRECTION ( 'NONE',  ( 4.873668131198272923E-16, 1.000000000000000000, -0.000000000000000000 ) ) ;
#7954 = VERTEX_POINT ( 'NONE', #11755 ) ;
#7955 = CARTESIAN_POINT ( 'NONE',  ( 7.924621202458747682, 5.249999999999995559, 304.8000000000000114 ) ) ;
#7956 = DIRECTION ( 'NONE',  ( -0.000000000000000000, -0.000000000000000000, -1.000000000000000000 ) ) ;
#7957 = CIRCLE ( 'NONE', #1206, 0.5000000000000004441 ) ;
#7958 = AXIS2_PLACEMENT_3D ( 'NONE', #6174, #3976, #8156 ) ;
#7959 = CARTESIAN_POINT ( 'NONE',  ( 3.000000000000000888, 10.00000000000000000, 304.8000000000000114 ) ) ;
#7960 = CARTESIAN_POINT ( 'NONE',  ( -3.000000000000000888, -9.500000000000000000, 198.8000000000000398 ) ) ;
#7961 = ORIENTED_EDGE ( 'NONE', *, *, #11799, .F. ) ;
#7962 = DIRECTION ( 'NONE',  ( -0.000000000000000000, -0.000000000000000000, -1.000000000000000000 ) ) ;
#7963 = EDGE_LOOP ( 'NONE', ( #8369, #605, #1288, #6535 ) ) ;
#7964 = ORIENTED_EDGE ( 'NONE', *, *, #3064, .F. ) ;
#7965 = DIRECTION ( 'NONE',  ( 1.000000000000000000, 0.000000000000000000, 0.000000000000000000 ) ) ;
#7966 = ORIENTED_EDGE ( 'NONE', *, *, #1511, .F. ) ;
#7967 = VECTOR ( 'NONE', #8726, 1000.000000000000000 ) ;
#7968 = VERTEX_POINT ( 'NONE', #10657 ) ;
#7969 = CIRCLE ( 'NONE', #2243, 0.5000000000000004441 ) ;
#7970 = CARTESIAN_POINT ( 'NONE',  ( -6.599999999999996092, 0.8898448916085081040, 304.8000000000000114 ) ) ;
#7971 = CARTESIAN_POINT ( 'NONE',  ( 3.000000000000000888, -9.500000000000000000, 304.8000000000000114 ) ) ;
#7972 = ORIENTED_EDGE ( 'NONE', *, *, #10435, .F. ) ;
#7973 = VERTEX_POINT ( 'NONE', #6725 ) ;
#7974 = CIRCLE ( 'NONE', #2275, 2.999999999999999112 ) ;
#7975 = CARTESIAN_POINT ( 'NONE',  ( 3.000000000000000888, -10.00000000000000000, 304.8000000000000114 ) ) ;
#7976 = ORIENTED_EDGE ( 'NONE', *, *, #707, .F. ) ;
#7977 = ADVANCED_FACE ( 'NONE', ( #2550 ), #1504, .F. ) ;
#7978 = DIRECTION ( 'NONE',  ( 0.000000000000000000, 0.000000000000000000, 1.000000000000000000 ) ) ;
#7979 = VECTOR ( 'NONE', #3858, 1000.000000000000000 ) ;
#7980 = ORIENTED_EDGE ( 'NONE', *, *, #12907, .F. ) ;
#7981 = LINE ( 'NONE', #12943, #7550 ) ;
#7982 = ORIENTED_EDGE ( 'NONE', *, *, #10855, .T. ) ;
#7983 = ORIENTED_EDGE ( 'NONE', *, *, #7822, .T. ) ;
#7984 = FACE_OUTER_BOUND ( 'NONE', #3689, .T. ) ;
#7985 = CARTESIAN_POINT ( 'NONE',  ( 7.424621202458747682, 5.249999999999995559, 94.79999999999999716 ) ) ;
#7986 = EDGE_CURVE ( 'NONE', #11128, #12006, #5542, .T. ) ;
#7987 = DIRECTION ( 'NONE',  ( -0.000000000000000000, 0.000000000000000000, -1.000000000000000000 ) ) ;
#7988 = CIRCLE ( 'NONE', #3748, 2.999999999999999112 ) ;
#7989 = CARTESIAN_POINT ( 'NONE',  ( 8.250000000000000000, 10.00000000000000178, -20.77500000000004476 ) ) ;
#7990 = ORIENTED_EDGE ( 'NONE', *, *, #8891, .T. ) ;
#7991 = ADVANCED_FACE ( 'NONE', ( #3419 ), #11511, .F. ) ;
#7992 = ORIENTED_EDGE ( 'NONE', *, *, #6690, .F. ) ;
#7993 = ORIENTED_EDGE ( 'NONE', *, *, #12870, .T. ) ;
#7994 = ADVANCED_FACE ( 'NONE', ( #456 ), #2435, .F. ) ;
#7995 = FACE_OUTER_BOUND ( 'NONE', #13061, .T. ) ;
#7996 = CARTESIAN_POINT ( 'NONE',  ( 8.424621202458750346, -2.500000000000001332, 94.79999999999999716 ) ) ;
#7997 = CARTESIAN_POINT ( 'NONE',  ( -9.500000000000000000, 3.000000000000001332, 304.8000000000000114 ) ) ;
#7998 = CARTESIAN_POINT ( 'NONE',  ( 2.500000000000000444, 9.500000000000000000, 94.79999999999999716 ) ) ;
#7999 = DIRECTION ( 'NONE',  ( 1.000000000000000000, 0.000000000000000000, 0.000000000000000000 ) ) ;
#8000 = EDGE_CURVE ( 'NONE', #137, #5254, #13009, .T. ) ;
#8001 = ORIENTED_EDGE ( 'NONE', *, *, #2065, .F. ) ;
#8002 = ORIENTED_EDGE ( 'NONE', *, *, #11891, .F. ) ;
#8003 = CARTESIAN_POINT ( 'NONE',  ( 9.500000000000000000, -2.500000000000000000, -104.7750000000000057 ) ) ;
#8004 = VECTOR ( 'NONE', #12203, 1000.000000000000000 ) ;
#8005 = DIRECTION ( 'NONE',  ( -0.000000000000000000, 0.000000000000000000, 1.000000000000000000 ) ) ;
#8006 = LINE ( 'NONE', #5831, #2380 ) ;
#8007 = CARTESIAN_POINT ( 'NONE',  ( 2.500000000000000000, -8.424621202458752123, 94.79999999999999716 ) ) ;
#8008 = DIRECTION ( 'NONE',  ( -0.000000000000000000, 0.000000000000000000, -1.000000000000000000 ) ) ;
#8009 = ADVANCED_BREP_SHAPE_REPRESENTATION ( '', ( #3887, #3417 ), #11459 ) ;
#8010 = CARTESIAN_POINT ( 'NONE',  ( -8.424621202458750346, 3.000000000000001332, 94.79999999999999716 ) ) ;
#8011 = CARTESIAN_POINT ( 'NONE',  ( -0.8898448916085185401, -3.600000000000000533, 304.8000000000000114 ) ) ;
#8012 = ORIENTED_EDGE ( 'NONE', *, *, #7356, .T. ) ;
#8013 = VERTEX_POINT ( 'NONE', #5605 ) ;
#8014 = PRESENTATION_STYLE_ASSIGNMENT (( #11130 ) ) ;
#8015 = VECTOR ( 'NONE', #2709, 1000.000000000000000 ) ;
#8016 = ORIENTED_EDGE ( 'NONE', *, *, #1356, .T. ) ;
#8017 = CARTESIAN_POINT ( 'NONE',  ( 5.249999999999997335, -7.424621202458749458, 304.8000000000000114 ) ) ;
#8018 = VERTEX_POINT ( 'NONE', #4614 ) ;
#8019 = PLANE ( 'NONE',  #3206 ) ;
#8020 = EDGE_LOOP ( 'NONE', ( #2302, #4827, #6871, #10710 ) ) ;
#8021 = DIRECTION ( 'NONE',  ( -0.000000000000000000, -0.000000000000000000, -1.000000000000000000 ) ) ;
#8022 = ADVANCED_FACE ( 'NONE', ( #1152 ), #2066, .T. ) ;
#8023 = CYLINDRICAL_SURFACE ( 'NONE', #1482, 2.999999999999999556 ) ;
#8024 = EDGE_CURVE ( 'NONE', #12059, #7928, #5226, .T. ) ;
#8025 = AXIS2_PLACEMENT_3D ( 'NONE', #1396, #1713, #4696 ) ;
#8026 = ADVANCED_FACE ( 'NONE', ( #1078 ), #5039, .T. ) ;
#8027 = CARTESIAN_POINT ( 'NONE',  ( 5.249999999999997335, 7.424621202458749458, 304.8000000000000114 ) ) ;
#8028 = DIRECTION ( 'NONE',  ( -0.000000000000000000, -0.000000000000000000, -1.000000000000000000 ) ) ;
#8029 = ORIENTED_EDGE ( 'NONE', *, *, #8448, .T. ) ;
#8030 = LINE ( 'NONE', #2915, #3382 ) ;
#8031 = EDGE_LOOP ( 'NONE', ( #9390, #760, #9178, #5044 ) ) ;
#8032 = FACE_OUTER_BOUND ( 'NONE', #1343, .T. ) ;
#8033 = ORIENTED_EDGE ( 'NONE', *, *, #6464, .T. ) ;
#8034 = VERTEX_POINT ( 'NONE', #11010 ) ;
#8035 = FACE_OUTER_BOUND ( 'NONE', #7520, .T. ) ;
#8036 = ORIENTED_EDGE ( 'NONE', *, *, #7323, .F. ) ;
#8037 = AXIS2_PLACEMENT_3D ( 'NONE', #2788, #6843, #4850 ) ;
#8038 = VECTOR ( 'NONE', #12535, 1000.000000000000000 ) ;
#8039 = ORIENTED_EDGE ( 'NONE', *, *, #725, .F. ) ;
#8040 = AXIS2_PLACEMENT_3D ( 'NONE', #2002, #7956, #11009 ) ;
#8041 = CARTESIAN_POINT ( 'NONE',  ( -3.600000000000000089, 0.000000000000000000, 304.8000000000000114 ) ) ;
#8042 = LINE ( 'NONE', #9323, #461 ) ;
#8043 = DIRECTION ( 'NONE',  ( -0.000000000000000000, -0.000000000000000000, -1.000000000000000000 ) ) ;
#8044 = ORIENTED_EDGE ( 'NONE', *, *, #2812, .T. ) ;
#8045 = LINE ( 'NONE', #9116, #4515 ) ;
#8046 = AXIS2_PLACEMENT_3D ( 'NONE', #226, #5250, #11342 ) ;
#8047 = VECTOR ( 'NONE', #7230, 1000.000000000000000 ) ;
#8048 = CARTESIAN_POINT ( 'NONE',  ( 3.000000000000000888, -8.424621202458752123, 304.8000000000000114 ) ) ;
#8049 = ORIENTED_EDGE ( 'NONE', *, *, #11915, .F. ) ;
#8050 = VERTEX_POINT ( 'NONE', #9174 ) ;
#8051 = FACE_OUTER_BOUND ( 'NONE', #3539, .T. ) ;
#8052 = ITEM_DEFINED_TRANSFORMATION ( 'NONE', 'NONE', #11876,  #3417 ) ;
#8053 = CARTESIAN_POINT ( 'NONE',  ( -10.00000000000000000, 8.250000000000000000, -20.77500000000004476 ) ) ;
#8054 = CARTESIAN_POINT ( 'NONE',  ( 3.000000000000000888, 7.924621202458751235, -24.77500000000004832 ) ) ;
#8055 = VERTEX_POINT ( 'NONE', #3984 ) ;
#8056 = VECTOR ( 'NONE', #2364, 1000.000000000000000 ) ;
#8057 = DIRECTION ( 'NONE',  ( 0.000000000000000000, -1.000000000000000000, -0.000000000000000000 ) ) ;
#8058 = ORIENTED_EDGE ( 'NONE', *, *, #7415, .F. ) ;
#8059 = ORIENTED_EDGE ( 'NONE', *, *, #5471, .T. ) ;
#8060 = ORIENTED_EDGE ( 'NONE', *, *, #3442, .T. ) ;
#8061 = CARTESIAN_POINT ( 'NONE',  ( 3.000000000000000888, 8.424621202458752123, 304.8000000000000114 ) ) ;
#8062 = EDGE_CURVE ( 'NONE', #12295, #1956, #1599, .T. ) ;
#8063 = CARTESIAN_POINT ( 'NONE',  ( -7.924621202458747682, -5.249999999999995559, 94.79999999999999716 ) ) ;
#8064 = CIRCLE ( 'NONE', #1311, 1.749999999999999778 ) ;
#8065 = CARTESIAN_POINT ( 'NONE',  ( -3.000000000000000888, 7.924621202458751235, -104.7750000000000057 ) ) ;
#8066 = CIRCLE ( 'NONE', #2363, 0.5000000000000004441 ) ;
#8068 = EDGE_CURVE ( 'NONE', #8903, #6055, #6115, .T. ) ;
#8067 = VECTOR ( 'NONE', #4604, 1000.000000000000000 ) ;
#8069 = CARTESIAN_POINT ( 'NONE',  ( 8.424621202458750346, -3.000000000000001332, 304.8000000000000114 ) ) ;
#8070 = SHAPE_REPRESENTATION_RELATIONSHIP ( 'NONE' , 'NONE' ,  #12703, #8009 ) ;
#8071 = ORIENTED_EDGE ( 'NONE', *, *, #2440, .F. ) ;
#8072 = ADVANCED_FACE ( 'NONE', ( #8167 ), #8787, .T. ) ;
#8073 = EDGE_LOOP ( 'NONE', ( #878, #3849, #767, #13041 ) ) ;
#8074 = AXIS2_PLACEMENT_3D ( 'NONE', #135, #396, #5288 ) ;
#8075 = AXIS2_PLACEMENT_3D ( 'NONE', #12111, #2897, #12899 ) ;
#8076 = FACE_OUTER_BOUND ( 'NONE', #12121, .T. ) ;
#8077 = CIRCLE ( 'NONE', #8717, 0.5000000000000004441 ) ;
#8078 = CARTESIAN_POINT ( 'NONE',  ( -3.000000000000000888, -10.00000000000000000, 304.8000000000000114 ) ) ;
#8079 = DIRECTION ( 'NONE',  ( -0.000000000000000000, 0.000000000000000000, -1.000000000000000000 ) ) ;
#8080 = EDGE_CURVE ( 'NONE', #7549, #9212, #7352, .T. ) ;
#8081 = DIRECTION ( 'NONE',  ( 0.000000000000000000, 0.000000000000000000, -1.000000000000000000 ) ) ;
#8082 = DIRECTION ( 'NONE',  ( 2.924200878718997083E-15, 1.000000000000000000, -0.000000000000000000 ) ) ;
#8083 = EDGE_CURVE ( 'NONE', #6323, #10283, #11653, .T. ) ;
#8084 = DIRECTION ( 'NONE',  ( -1.000000000000000000, 0.000000000000000000, 0.000000000000000000 ) ) ;
#8085 = DIRECTION ( 'NONE',  ( 0.000000000000000000, 0.000000000000000000, 1.000000000000000000 ) ) ;
#8086 = ORIENTED_EDGE ( 'NONE', *, *, #10949, .T. ) ;
#8087 = PLANE ( 'NONE',  #1421 ) ;
#8088 = AXIS2_PLACEMENT_3D ( 'NONE', #8213, #9075, #12967 ) ;
#8089 = ORIENTED_EDGE ( 'NONE', *, *, #6952, .F. ) ;
#8090 = EDGE_CURVE ( 'NONE', #12580, #539, #11363, .T. ) ;
#8091 = AXIS2_PLACEMENT_3D ( 'NONE', #8288, #3304, #4373 ) ;
#8092 = DIRECTION ( 'NONE',  ( 8.065639195895844836E-16, 1.000000000000000000, 0.000000000000000000 ) ) ;
#8093 = DIRECTION ( 'NONE',  ( -1.000000000000000000, 0.000000000000000000, 0.000000000000000000 ) ) ;
#8094 = ORIENTED_EDGE ( 'NONE', *, *, #542, .F. ) ;
#8095 = PLANE ( 'NONE',  #12744 ) ;
#8096 = LINE ( 'NONE', #10163, #1904 ) ;
#8097 = VECTOR ( 'NONE', #11543, 1000.000000000000000 ) ;
#8098 = CARTESIAN_POINT ( 'NONE',  ( 7.071067811865473729, 5.603553390593270400, 304.8000000000000114 ) ) ;
#8099 = CYLINDRICAL_SURFACE ( 'NONE', #1464, 1.749999999999999778 ) ;
#8100 = VERTEX_POINT ( 'NONE', #2985 ) ;
#8101 = DIRECTION ( 'NONE',  ( -0.000000000000000000, -0.000000000000000000, -1.000000000000000000 ) ) ;
#8102 = ORIENTED_EDGE ( 'NONE', *, *, #3034, .T. ) ;
#8103 = DIRECTION ( 'NONE',  ( 0.000000000000000000, 0.000000000000000000, 1.000000000000000000 ) ) ;
#8104 = VERTEX_POINT ( 'NONE', #9095 ) ;
#8105 = ORIENTED_EDGE ( 'NONE', *, *, #11116, .F. ) ;
#8106 = CARTESIAN_POINT ( 'NONE',  ( 7.071067811865473729, -5.603553390593270400, 304.8000000000000114 ) ) ;
#8107 = CIRCLE ( 'NONE', #5780, 0.5000000000000004441 ) ;
#8108 = ORIENTED_EDGE ( 'NONE', *, *, #12519, .F. ) ;
#8110 = EDGE_CURVE ( 'NONE', #8738, #3596, #9687, .T. ) ;
#8109 = AXIS2_PLACEMENT_3D ( 'NONE', #9090, #4121, #8163 ) ;
#8111 = VERTEX_POINT ( 'NONE', #7167 ) ;
#8112 = CYLINDRICAL_SURFACE ( 'NONE', #260, 0.5000000000000013323 ) ;
#8113 = CARTESIAN_POINT ( 'NONE',  ( 8.250000000000000000, 10.00000000000000178, 94.79999999999999716 ) ) ;
#8114 = ORIENTED_EDGE ( 'NONE', *, *, #6874, .T. ) ;
#8115 = CARTESIAN_POINT ( 'NONE',  ( -3.000000000000000888, -10.00000000000000000, 304.8000000000000114 ) ) ;
#8116 = ORIENTED_EDGE ( 'NONE', *, *, #542, .T. ) ;
#8117 = CYLINDRICAL_SURFACE ( 'NONE', #5371, 2.999999999999999112 ) ;
#8118 = CIRCLE ( 'NONE', #8756, 0.5000000000000008882 ) ;
#8119 = PLANE ( 'NONE',  #2806 ) ;
#8120 = VECTOR ( 'NONE', #1452, 1000.000000000000000 ) ;
#8121 = ORIENTED_EDGE ( 'NONE', *, *, #8110, .T. ) ;
#8122 = CARTESIAN_POINT ( 'NONE',  ( 8.424621202458750346, 2.500000000000000000, 304.8000000000000114 ) ) ;
#8123 = ORIENTED_EDGE ( 'NONE', *, *, #8206, .T. ) ;
#8124 = ORIENTED_EDGE ( 'NONE', *, *, #1373, .F. ) ;
#8125 = DIRECTION ( 'NONE',  ( 0.000000000000000000, -0.000000000000000000, -1.000000000000000000 ) ) ;
#8126 = CARTESIAN_POINT ( 'NONE',  ( 3.000000000000000888, 9.500000000000000000, 304.8000000000000114 ) ) ;
#8127 = EDGE_CURVE ( 'NONE', #11406, #5915, #6050, .T. ) ;
#8128 = EDGE_CURVE ( 'NONE', #1611, #10956, #4055, .T. ) ;
#8129 = CARTESIAN_POINT ( 'NONE',  ( 3.011165235168160592, -4.478679656440357704, 304.8000000000000114 ) ) ;
#8130 = AXIS2_PLACEMENT_3D ( 'NONE', #3305, #9365, #1200 ) ;
#8131 = EDGE_LOOP ( 'NONE', ( #8412, #2979, #3617, #3214 ) ) ;
#8132 = AXIS2_PLACEMENT_3D ( 'NONE', #5132, #115, #501 ) ;
#8133 = FACE_OUTER_BOUND ( 'NONE', #11960, .T. ) ;
#8134 = ORIENTED_EDGE ( 'NONE', *, *, #10261, .F. ) ;
#8135 = VERTEX_POINT ( 'NONE', #11142 ) ;
#8136 = VERTEX_POINT ( 'NONE', #1941 ) ;
#8137 = DIRECTION ( 'NONE',  ( -1.000000000000000000, 3.304235192336776498E-16, 0.000000000000000000 ) ) ;
#8138 = DIRECTION ( 'NONE',  ( 0.000000000000000000, -0.000000000000000000, -1.000000000000000000 ) ) ;
#8139 = LINE ( 'NONE', #3824, #3721 ) ;
#8140 = CARTESIAN_POINT ( 'NONE',  ( -2.500000000000000444, -9.500000000000000000, 304.8000000000000114 ) ) ;
#8141 =( NAMED_UNIT ( * ) PLANE_ANGLE_UNIT ( ) SI_UNIT ( $, .RADIAN. ) );
#8142 = ORIENTED_EDGE ( 'NONE', *, *, #7364, .F. ) ;
#8143 = EDGE_LOOP ( 'NONE', ( #9533, #9047, #2233, #10464 ) ) ;
#8144 = EDGE_CURVE ( 'NONE', #11539, #4092, #5179, .T. ) ;
#8145 = CARTESIAN_POINT ( 'NONE',  ( -7.071067811865473729, 5.603553390593270400, 304.8000000000000114 ) ) ;
#8146 = CARTESIAN_POINT ( 'NONE',  ( -5.603553390593272177, 7.071067811865475505, 304.8000000000000114 ) ) ;
#8147 = EDGE_CURVE ( 'NONE', #4019, #6801, #12620, .T. ) ;
#8148 = CARTESIAN_POINT ( 'NONE',  ( 0.8898448916085185401, -6.599999999999999645, 304.8000000000000114 ) ) ;
#8149 = DIRECTION ( 'NONE',  ( -1.000000000000000000, 0.000000000000000000, 0.000000000000000000 ) ) ;
#8150 = ADVANCED_FACE ( 'NONE', ( #948 ), #9239, .F. ) ;
#8151 = DIRECTION ( 'NONE',  ( -1.000000000000000000, 0.000000000000000000, 0.000000000000000000 ) ) ;
#8152 = DIRECTION ( 'NONE',  ( -1.000000000000000000, 0.000000000000000000, 0.000000000000000000 ) ) ;
#8153 = DIRECTION ( 'NONE',  ( -1.000000000000000000, 0.000000000000000000, 0.000000000000000000 ) ) ;
#8154 = EDGE_LOOP ( 'NONE', ( #2430, #7779, #8338, #1127 ) ) ;
#8155 = ORIENTED_EDGE ( 'NONE', *, *, #9067, .F. ) ;
#8156 = DIRECTION ( 'NONE',  ( -1.000000000000000000, 0.000000000000000000, 0.000000000000000000 ) ) ;
#8157 = ORIENTED_EDGE ( 'NONE', *, *, #3162, .T. ) ;
#8158 = EDGE_LOOP ( 'NONE', ( #85, #1963, #2083, #4732 ) ) ;
#8159 = EDGE_CURVE ( 'NONE', #6801, #10311, #7236, .T. ) ;
#8160 = PLANE ( 'NONE',  #6986 ) ;
#8161 = DIRECTION ( 'NONE',  ( -0.000000000000000000, -0.000000000000000000, -1.000000000000000000 ) ) ;
#8162 = ORIENTED_EDGE ( 'NONE', *, *, #12322, .T. ) ;
#8163 = DIRECTION ( 'NONE',  ( 1.000000000000000000, 0.000000000000000000, 0.000000000000000000 ) ) ;
#8164 = EDGE_CURVE ( 'NONE', #11235, #11463, #2472, .T. ) ;
#8165 = DIRECTION ( 'NONE',  ( -0.000000000000000000, -0.000000000000000000, -1.000000000000000000 ) ) ;
#8166 = EDGE_CURVE ( 'NONE', #4542, #12557, #5508, .T. ) ;
#8167 = FACE_OUTER_BOUND ( 'NONE', #901, .T. ) ;
#8169 = VECTOR ( 'NONE', #2192, 1000.000000000000000 ) ;
#8168 = DIRECTION ( 'NONE',  ( 0.000000000000000000, 0.000000000000000000, 1.000000000000000000 ) ) ;
#8170 = EDGE_LOOP ( 'NONE', ( #697, #524, #8850, #3789 ) ) ;
#8171 = DIRECTION ( 'NONE',  ( -0.000000000000000000, -0.000000000000000000, -1.000000000000000000 ) ) ;
#8172 = EDGE_LOOP ( 'NONE', ( #2014, #11851, #2005, #1677, #8998, #10698, #8534, #1385, #11174, #3740, #13062, #6257, #11788, #4718, #7459, #7613, #4196, #8157, #9721, #11220, #2393, #13055, #6655, #6910, #3485, #11855, #12305, #2993, #8114, #6000, #1498, #897, #43, #3345, #1788, #6032, #11513, #2903, #9713, #7727, #3310, #4052, #8992, #3108, #8713, #6734, #7600, #12665, #2865, #4275, #5917, #5185, #3529, #6787, #4851, #9776, #9974, #7270, #9892, #9665, #112, #9186, #12551, #4854, #7946, #11777, #12235, #12399, #7983, #6968, #1289, #11094 ) ) ;
#8173 = DIRECTION ( 'NONE',  ( -1.000000000000000000, 4.873668131198272923E-16, 0.000000000000000000 ) ) ;
#8174 = VERTEX_POINT ( 'NONE', #5312 ) ;
#8175 = ORIENTED_EDGE ( 'NONE', *, *, #11891, .T. ) ;
#8176 = DIRECTION ( 'NONE',  ( 0.000000000000000000, -0.000000000000000000, -1.000000000000000000 ) ) ;
#8177 = EDGE_LOOP ( 'NONE', ( #12829, #4100, #2514, #12602 ) ) ;
#8178 = EDGE_CURVE ( 'NONE', #5278, #7297, #4452, .T. ) ;
#8179 = VERTEX_POINT ( 'NONE', #2273 ) ;
#8180 = DIRECTION ( 'NONE',  ( -0.000000000000000000, -0.000000000000000000, -1.000000000000000000 ) ) ;
#8181 = FACE_OUTER_BOUND ( 'NONE', #5793, .T. ) ;
#8182 = ORIENTED_EDGE ( 'NONE', *, *, #3716, .F. ) ;
#8183 = VECTOR ( 'NONE', #1121, 1000.000000000000000 ) ;
#8184 = FACE_OUTER_BOUND ( 'NONE', #9751, .T. ) ;
#8185 = ORIENTED_EDGE ( 'NONE', *, *, #293, .T. ) ;
#8186 = FACE_OUTER_BOUND ( 'NONE', #2916, .T. ) ;
#8187 = CARTESIAN_POINT ( 'NONE',  ( 3.600000000000000089, 0.000000000000000000, 304.8000000000000114 ) ) ;
#8188 = VERTEX_POINT ( 'NONE', #10498 ) ;
#8189 = CARTESIAN_POINT ( 'NONE',  ( -3.000000000000000888, -10.00000000000000000, 94.79999999999999716 ) ) ;
#8190 = AXIS2_PLACEMENT_3D ( 'NONE', #11101, #2022, #10121 ) ;
#8191 = EDGE_LOOP ( 'NONE', ( #6066, #12673, #12321, #3329 ) ) ;
#8192 = ORIENTED_EDGE ( 'NONE', *, *, #5112, .F. ) ;
#8193 = AXIS2_PLACEMENT_3D ( 'NONE', #163, #3118, #2132 ) ;
#8194 = CYLINDRICAL_SURFACE ( 'NONE', #2498, 2.999999999999999556 ) ;
#8195 = LINE ( 'NONE', #12221, #11486 ) ;
#8196 = VECTOR ( 'NONE', #7401, 1000.000000000000000 ) ;
#8197 = DIRECTION ( 'NONE',  ( -0.000000000000000000, -0.000000000000000000, -1.000000000000000000 ) ) ;
#8198 = VERTEX_POINT ( 'NONE', #7436 ) ;
#8199 = DIRECTION ( 'NONE',  ( -0.000000000000000000, -0.000000000000000000, -1.000000000000000000 ) ) ;
#8200 = VERTEX_POINT ( 'NONE', #9501 ) ;
#8201 = ORIENTED_EDGE ( 'NONE', *, *, #2088, .F. ) ;
#8202 = AXIS2_PLACEMENT_3D ( 'NONE', #6969, #11087, #10041 ) ;
#8203 = LINE ( 'NONE', #8269, #309 ) ;
#8204 = EDGE_CURVE ( 'NONE', #10667, #12126, #11475, .T. ) ;
#8206 = EDGE_CURVE ( 'NONE', #11935, #10064, #12528, .T. ) ;
#8205 = CARTESIAN_POINT ( 'NONE',  ( -6.599999999999996092, 0.8898448916085081040, 94.79999999999999716 ) ) ;
#8207 = CYLINDRICAL_SURFACE ( 'NONE', #7116, 0.5000000000000013323 ) ;
#8208 = CARTESIAN_POINT ( 'NONE',  ( 7.071067811865473729, 5.603553390593270400, 198.8000000000000398 ) ) ;
#8209 = CARTESIAN_POINT ( 'NONE',  ( 403.4191185303761245, 460.4108796227577045, 17.49769795522471227 ) ) ;
#8210 = ORIENTED_EDGE ( 'NONE', *, *, #9695, .T. ) ;
#8211 = VECTOR ( 'NONE', #1647, 1000.000000000000000 ) ;
#8212 = ORIENTED_EDGE ( 'NONE', *, *, #2713, .F. ) ;
#8213 = CARTESIAN_POINT ( 'NONE',  ( 3.000000000000000888, -8.424621202458752123, 304.8000000000000114 ) ) ;
#8214 = DIRECTION ( 'NONE',  ( -1.000000000000000000, 0.000000000000000000, 0.000000000000000000 ) ) ;
#8215 = CARTESIAN_POINT ( 'NONE',  ( 3.000000000000000888, -9.500000000000000000, 304.8000000000000114 ) ) ;
#8216 = AXIS2_PLACEMENT_3D ( 'NONE', #6275, #5405, #1308 ) ;
#8217 = DIRECTION ( 'NONE',  ( -0.000000000000000000, 0.000000000000000000, -1.000000000000000000 ) ) ;
#8218 = CYLINDRICAL_SURFACE ( 'NONE', #4105, 0.5000000000000004441 ) ;
#8219 = CARTESIAN_POINT ( 'NONE',  ( -0.8898448916085185401, 3.600000000000000533, 198.8000000000000398 ) ) ;
#8220 = DIRECTION ( 'NONE',  ( -0.000000000000000000, -0.000000000000000000, -1.000000000000000000 ) ) ;
#8221 = DIRECTION ( 'NONE',  ( 0.000000000000000000, -0.000000000000000000, 1.000000000000000000 ) ) ;
#8222 = ORIENTED_EDGE ( 'NONE', *, *, #7598, .T. ) ;
#8223 = ORIENTED_EDGE ( 'NONE', *, *, #7473, .T. ) ;
#8224 = VECTOR ( 'NONE', #9965, 1000.000000000000000 ) ;
#8225 = CARTESIAN_POINT ( 'NONE',  ( 3.599999999999997424, -0.8898448916085081040, 304.8000000000000114 ) ) ;
#8226 = EDGE_CURVE ( 'NONE', #11393, #9462, #2272, .T. ) ;
#8227 = DIRECTION ( 'NONE',  ( -1.000000000000000000, 0.000000000000000000, 0.000000000000000000 ) ) ;
#8228 = CARTESIAN_POINT ( 'NONE',  ( 0.000000000000000000, 3.600000000000000089, 304.8000000000000114 ) ) ;
#8229 = CARTESIAN_POINT ( 'NONE',  ( 9.500000000000000000, 2.500000000000000444, 304.8000000000000114 ) ) ;
#8230 = EDGE_CURVE ( 'NONE', #9462, #5628, #12587, .T. ) ;
#8231 = DIRECTION ( 'NONE',  ( -0.000000000000000000, 0.000000000000000000, -1.000000000000000000 ) ) ;
#8232 = LINE ( 'NONE', #10560, #6957 ) ;
#8233 = ORIENTED_EDGE ( 'NONE', *, *, #1109, .F. ) ;
#8234 = LINE ( 'NONE', #10247, #11638 ) ;
#8235 = ORIENTED_EDGE ( 'NONE', *, *, #3606, .T. ) ;
#8236 = CARTESIAN_POINT ( 'NONE',  ( -2.500000000000000444, -9.500000000000000000, -24.77500000000004832 ) ) ;
#8237 = ORIENTED_EDGE ( 'NONE', *, *, #9883, .F. ) ;
#8238 = ORIENTED_EDGE ( 'NONE', *, *, #8844, .T. ) ;
#8239 = EDGE_CURVE ( 'NONE', #6879, #252, #10530, .T. ) ;
#8240 = FACE_OUTER_BOUND ( 'NONE', #3633, .T. ) ;
#8241 = ORIENTED_EDGE ( 'NONE', *, *, #1453, .F. ) ;
#8242 = ORIENTED_EDGE ( 'NONE', *, *, #7349, .T. ) ;
#8243 = PLANE ( 'NONE',  #3615 ) ;
#8244 = EDGE_CURVE ( 'NONE', #8013, #9229, #9565, .T. ) ;
#8245 = PLANE ( 'NONE',  #1509 ) ;
#8246 = LINE ( 'NONE', #11415, #4690 ) ;
#8247 = VERTEX_POINT ( 'NONE', #12391 ) ;
#8248 = DIRECTION ( 'NONE',  ( 0.000000000000000000, 0.000000000000000000, -1.000000000000000000 ) ) ;
#8249 =( REPRESENTATION_RELATIONSHIP ('NONE','NONE', #11367, #7647 ) REPRESENTATION_RELATIONSHIP_WITH_TRANSFORMATION ( #4806 )SHAPE_REPRESENTATION_RELATIONSHIP( ) );
#8250 = DIRECTION ( 'NONE',  ( 0.000000000000000000, 0.000000000000000000, 1.000000000000000000 ) ) ;
#8251 = EDGE_CURVE ( 'NONE', #3177, #794, #11400, .T. ) ;
#8252 = CARTESIAN_POINT ( 'NONE',  ( 8.424621202458750346, -2.500000000000000000, -20.77500000000004476 ) ) ;
#8253 = ORIENTED_EDGE ( 'NONE', *, *, #5091, .T. ) ;
#8254 = CARTESIAN_POINT ( 'NONE',  ( 3.011165235168160592, 4.478679656440356815, 304.8000000000000114 ) ) ;
#8255 = AXIS2_PLACEMENT_3D ( 'NONE', #5713, #2723, #3788 ) ;
#8256 = ORIENTED_EDGE ( 'NONE', *, *, #9435, .F. ) ;
#8257 = VERTEX_POINT ( 'NONE', #3453 ) ;
#8258 = VECTOR ( 'NONE', #2721, 1000.000000000000000 ) ;
#8259 = DIRECTION ( 'NONE',  ( 0.000000000000000000, -0.000000000000000000, 1.000000000000000000 ) ) ;
#8260 = CARTESIAN_POINT ( 'NONE',  ( -0.8898448916085185401, 3.600000000000000533, 304.8000000000000114 ) ) ;
#8261 = DIRECTION ( 'NONE',  ( -1.000000000000000000, 0.000000000000000000, 0.000000000000000000 ) ) ;
#8262 = EDGE_CURVE ( 'NONE', #539, #3595, #5385, .T. ) ;
#8263 = DIRECTION ( 'NONE',  ( -1.000000000000000000, 0.000000000000000000, 0.000000000000000000 ) ) ;
#8264 = ORIENTED_EDGE ( 'NONE', *, *, #7296, .F. ) ;
#8265 = AXIS2_PLACEMENT_3D ( 'NONE', #7440, #1475, #11281 ) ;
#8266 = AXIS2_PLACEMENT_3D ( 'NONE', #8495, #6449, #12453 ) ;
#8267 = AXIS2_PLACEMENT_3D ( 'NONE', #1512, #4555, #8599 ) ;
#8268 = PRODUCT_DEFINITION ( 'UNKNOWN', '', #10840, #6816 ) ;
#8269 = CARTESIAN_POINT ( 'NONE',  ( -8.424621202458750346, -2.500000000000000000, 304.8000000000000114 ) ) ;
#8270 = DIRECTION ( 'NONE',  ( 1.000000000000000000, 3.304235192336776005E-16, 0.000000000000000000 ) ) ;
#8271 = ORIENTED_EDGE ( 'NONE', *, *, #4142, .T. ) ;
#8272 = DIRECTION ( 'NONE',  ( 0.000000000000000000, -1.000000000000000000, -0.000000000000000000 ) ) ;
#8273 = DIRECTION ( 'NONE',  ( 1.541976423090499183E-15, 1.000000000000000000, 0.000000000000000000 ) ) ;
#8274 = DIRECTION ( 'NONE',  ( 1.000000000000000000, 0.000000000000000000, 0.000000000000000000 ) ) ;
#8275 = CIRCLE ( 'NONE', #2547, 0.5000000000000008882 ) ;
#8276 = ORIENTED_EDGE ( 'NONE', *, *, #5072, .T. ) ;
#8277 = VECTOR ( 'NONE', #7196, 1000.000000000000000 ) ;
#8278 = ORIENTED_EDGE ( 'NONE', *, *, #5980, .T. ) ;
#8279 = MANIFOLD_SOLID_BREP ( 'Cut-Extrude1', #10805 ) ;
#8280 = EDGE_CURVE ( 'NONE', #10601, #4270, #1188, .T. ) ;
#8281 = EDGE_CURVE ( 'NONE', #2338, #11763, #1215, .T. ) ;
#8282 = EDGE_CURVE ( 'NONE', #12662, #4751, #9308, .T. ) ;
#8283 = DIRECTION ( 'NONE',  ( -1.000000000000000000, 3.469446951953617344E-15, 0.000000000000000000 ) ) ;
#8284 = PLANE ( 'NONE',  #9826 ) ;
#8285 = VECTOR ( 'NONE', #12803, 1000.000000000000000 ) ;
#8286 = DIRECTION ( 'NONE',  ( -0.000000000000000000, -0.000000000000000000, -1.000000000000000000 ) ) ;
#8287 = AXIS2_PLACEMENT_3D ( 'NONE', #2016, #1229, #13064 ) ;
#8289 = VECTOR ( 'NONE', #10049, 1000.000000000000000 ) ;
#8288 = CARTESIAN_POINT ( 'NONE',  ( 0.8898448916085185401, -6.599999999999999645, 304.8000000000000114 ) ) ;
#8290 = DIRECTION ( 'NONE',  ( -2.924200878718996689E-15, -1.000000000000000000, 0.000000000000000000 ) ) ;
#8291 = LINE ( 'NONE', #12315, #2452 ) ;
#8292 = CARTESIAN_POINT ( 'NONE',  ( 2.149999999999999911, 1.284004426264853453E-14, 304.8000000000000114 ) ) ;
#8293 = DIRECTION ( 'NONE',  ( -1.000000000000000000, -3.304235192336776498E-16, 0.000000000000000000 ) ) ;
#8294 = VERTEX_POINT ( 'NONE', #2588 ) ;
#8295 = ORIENTED_EDGE ( 'NONE', *, *, #7845, .T. ) ;
#8296 = AXIS2_PLACEMENT_3D ( 'NONE', #632, #8591, #7717 ) ;
#8297 = EDGE_CURVE ( 'NONE', #2676, #1120, #3711, .T. ) ;
#8299 = EDGE_CURVE ( 'NONE', #5336, #11284, #2774, .T. ) ;
#8298 = CIRCLE ( 'NONE', #5967, 0.5000000000000004441 ) ;
#8300 = ORIENTED_EDGE ( 'NONE', *, *, #11778, .T. ) ;
#8301 = CARTESIAN_POINT ( 'NONE',  ( 4.478679656440354151, -3.011165235168150378, 94.79999999999999716 ) ) ;
#8302 = CARTESIAN_POINT ( 'NONE',  ( 9.500000000000000000, -3.000000000000001332, 198.8000000000000398 ) ) ;
#8303 = LINE ( 'NONE', #1212, #5147 ) ;
#8304 = AXIS2_PLACEMENT_3D ( 'NONE', #3761, #2640, #598 ) ;
#8305 = PLANE ( 'NONE',  #7409 ) ;
#8306 = AXIS2_PLACEMENT_3D ( 'NONE', #11920, #801, #8952 ) ;
#8308 = AXIS2_PLACEMENT_3D ( 'NONE', #7877, #7686, #7614 ) ;
#8307 =( NAMED_UNIT ( * ) PLANE_ANGLE_UNIT ( ) SI_UNIT ( $, .RADIAN. ) );
#8309 = CARTESIAN_POINT ( 'NONE',  ( -5.249999999999997335, -7.924621202458751235, 304.8000000000000114 ) ) ;
#8310 = ORIENTED_EDGE ( 'NONE', *, *, #858, .F. ) ;
#8311 = CARTESIAN_POINT ( 'NONE',  ( -3.000000000000000888, 9.500000000000000000, 198.8000000000000398 ) ) ;
#8312 = VERTEX_POINT ( 'NONE', #11662 ) ;
#8313 = CARTESIAN_POINT ( 'NONE',  ( -2.500000000000000444, -9.500000000000000000, -20.77500000000004476 ) ) ;
#8314 = ORIENTED_EDGE ( 'NONE', *, *, #4834, .F. ) ;
#8315 = COLOUR_RGB ( '',0.7921568627450980005, 0.8196078431372548767, 0.9333333333333333481 ) ;
#8316 = ORIENTED_EDGE ( 'NONE', *, *, #3148, .T. ) ;
#8317 = DIRECTION ( 'NONE',  ( 0.000000000000000000, -0.000000000000000000, -1.000000000000000000 ) ) ;
#8318 = ORIENTED_EDGE ( 'NONE', *, *, #11950, .T. ) ;
#8319 = ORIENTED_EDGE ( 'NONE', *, *, #2726, .F. ) ;
#8320 = CARTESIAN_POINT ( 'NONE',  ( -2.499999999999999556, 8.424621202458752123, 304.8000000000000114 ) ) ;
#8321 = AXIS2_PLACEMENT_3D ( 'NONE', #11974, #3834, #9013 ) ;
#8322 = EDGE_CURVE ( 'NONE', #3595, #2501, #578, .T. ) ;
#8323 = CIRCLE ( 'NONE', #9807, 0.5000000000000004441 ) ;
#8324 = DIRECTION ( 'NONE',  ( -1.000000000000000000, 0.000000000000000000, 0.000000000000000000 ) ) ;
#8325 = CARTESIAN_POINT ( 'NONE',  ( -3.000000000000000888, 7.924621202458751235, -24.77500000000004832 ) ) ;
#8326 = DIRECTION ( 'NONE',  ( 1.000000000000000000, 0.000000000000000000, 0.000000000000000000 ) ) ;
#8327 = EDGE_CURVE ( 'NONE', #9201, #12517, #7969, .T. ) ;
#8328 = CARTESIAN_POINT ( 'NONE',  ( -7.071067811865473729, -5.603553390593270400, 304.8000000000000114 ) ) ;
#8329 = EDGE_CURVE ( 'NONE', #3725, #6760, #7692, .T. ) ;
#8330 = AXIS2_PLACEMENT_3D ( 'NONE', #5230, #8286, #1133 ) ;
#8331 = CARTESIAN_POINT ( 'NONE',  ( 8.250000000000000000, 10.00000000000000178, 304.8000000000000114 ) ) ;
#8332 = DIRECTION ( 'NONE',  ( -0.000000000000000000, -0.000000000000000000, -1.000000000000000000 ) ) ;
#8333 = AXIS2_PLACEMENT_3D ( 'NONE', #4328, #10162, #6182 ) ;
#8334 = ORIENTED_EDGE ( 'NONE', *, *, #11644, .T. ) ;
#8335 = APPLICATION_CONTEXT ( 'automotive_design' ) ;
#8336 = VERTEX_POINT ( 'NONE', #10807 ) ;
#8337 = CARTESIAN_POINT ( 'NONE',  ( -10.00000000000000000, 3.000000000000001332, 304.8000000000000114 ) ) ;
#8338 = ORIENTED_EDGE ( 'NONE', *, *, #6544, .F. ) ;
#8339 = CARTESIAN_POINT ( 'NONE',  ( -9.999999999999998224, -8.250000000000000000, 198.8000000000000398 ) ) ;
#8340 = EDGE_CURVE ( 'NONE', #12145, #8649, #4836, .T. ) ;
#8341 = CARTESIAN_POINT ( 'NONE',  ( 5.249999999999997335, 7.424621202458749458, 304.8000000000000114 ) ) ;
#8342 = EDGE_LOOP ( 'NONE', ( #7839, #12268, #2403, #2668, #4987, #7831, #4603, #4621, #4616, #11885, #807, #12846, #6414, #568, #2922, #11878, #6777, #12857, #6973, #5354, #8235, #4137, #10896, #2212, #9908, #7343, #11200, #1774, #4200, #9388, #13037, #8278, #119, #4661, #2829, #10065, #10428, #7514, #2749, #1014, #1900, #2024, #2990, #1205, #9405, #10132, #11764, #5063, #10172, #6306, #7455, #5160, #6661, #6920, #4736, #651, #6061, #5374, #4274, #4116, #2811, #9806, #9313, #12652, #8102, #478, #11120, #2284, #2561, #105, #3193, #6195 ) ) ;
#8343 = VECTOR ( 'NONE', #11372, 1000.000000000000000 ) ;
#8344 = VERTEX_POINT ( 'NONE', #6639 ) ;
#8345 = VECTOR ( 'NONE', #12372, 1000.000000000000000 ) ;
#8346 = CARTESIAN_POINT ( 'NONE',  ( -6.599999999999996092, -0.8898448916085081040, 304.8000000000000114 ) ) ;
#8347 = CARTESIAN_POINT ( 'NONE',  ( -3.000000000000000888, -8.424621202458752123, -20.77500000000004476 ) ) ;
#8348 = EDGE_CURVE ( 'NONE', #9408, #5569, #606, .T. ) ;
#8349 = ORIENTED_EDGE ( 'NONE', *, *, #4873, .T. ) ;
#8350 = CARTESIAN_POINT ( 'NONE',  ( 2.500000000000000000, 8.424621202458752123, 94.79999999999999716 ) ) ;
#8351 = DIRECTION ( 'NONE',  ( 0.000000000000000000, -0.000000000000000000, -1.000000000000000000 ) ) ;
#8352 = AXIS2_PLACEMENT_3D ( 'NONE', #1924, #9947, #4770 ) ;
#8353 = DIRECTION ( 'NONE',  ( 0.000000000000000000, 0.000000000000000000, 1.000000000000000000 ) ) ;
#8354 = VECTOR ( 'NONE', #5680, 1000.000000000000000 ) ;
#8355 = VERTEX_POINT ( 'NONE', #5633 ) ;
#8356 = ORIENTED_EDGE ( 'NONE', *, *, #12266, .T. ) ;
#8357 = EDGE_CURVE ( 'NONE', #10493, #2735, #9655, .T. ) ;
#8358 = ORIENTED_EDGE ( 'NONE', *, *, #12186, .F. ) ;
#8359 = DIRECTION ( 'NONE',  ( -1.000000000000000000, 0.000000000000000000, -0.000000000000000000 ) ) ;
#8360 = DIRECTION ( 'NONE',  ( 1.000000000000000000, -3.304235192336776498E-16, 0.000000000000000000 ) ) ;
#8361 = CARTESIAN_POINT ( 'NONE',  ( -8.424621202458750346, -2.500000000000001332, 198.8000000000000398 ) ) ;
#8362 = DIRECTION ( 'NONE',  ( 0.000000000000000000, 0.000000000000000000, 1.000000000000000000 ) ) ;
#8363 = DIRECTION ( 'NONE',  ( 0.000000000000000000, 0.000000000000000000, -1.000000000000000000 ) ) ;
#8364 = DIRECTION ( 'NONE',  ( -1.000000000000000000, 0.000000000000000000, 0.000000000000000000 ) ) ;
#8365 = CARTESIAN_POINT ( 'NONE',  ( 5.249999999999997335, 7.924621202458751235, 304.8000000000000114 ) ) ;
#8366 = CARTESIAN_POINT ( 'NONE',  ( 8.250000000000000000, 8.250000000000000000, 304.8000000000000114 ) ) ;
#8367 = ORIENTED_EDGE ( 'NONE', *, *, #793, .F. ) ;
#8368 = EDGE_LOOP ( 'NONE', ( #9648, #4620, #5375, #11045 ) ) ;
#8369 = ORIENTED_EDGE ( 'NONE', *, *, #12786, .F. ) ;
#8370 = CARTESIAN_POINT ( 'NONE',  ( -3.011165235168160592, -4.478679656440356815, 304.8000000000000114 ) ) ;
#8371 = PLANE ( 'NONE',  #7866 ) ;
#8372 = LINE ( 'NONE', #12326, #2597 ) ;
#8373 = CARTESIAN_POINT ( 'NONE',  ( 6.599999999999996092, -0.8898448916085081040, 304.8000000000000114 ) ) ;
#8374 = EDGE_CURVE ( 'NONE', #9062, #40, #6485, .T. ) ;
#8376 = ADVANCED_FACE ( 'NONE', ( #7752 ), #803, .T. ) ;
#8375 = DIRECTION ( 'NONE',  ( -0.000000000000000000, -0.000000000000000000, -1.000000000000000000 ) ) ;
#8377 = DIRECTION ( 'NONE',  ( 0.000000000000000000, 0.000000000000000000, 1.000000000000000000 ) ) ;
#8378 = ADVANCED_FACE ( 'NONE', ( #8688 ), #9696, .T. ) ;
#8379 = VERTEX_POINT ( 'NONE', #2518 ) ;
#8380 = FACE_OUTER_BOUND ( 'NONE', #11924, .T. ) ;
#8381 = ORIENTED_EDGE ( 'NONE', *, *, #9058, .F. ) ;
#8382 = CARTESIAN_POINT ( 'NONE',  ( 8.250000000000000000, -10.00000000000000178, 304.8000000000000114 ) ) ;
#8383 = ORIENTED_EDGE ( 'NONE', *, *, #9626, .T. ) ;
#8384 = ORIENTED_EDGE ( 'NONE', *, *, #3111, .F. ) ;
#8385 = ORIENTED_EDGE ( 'NONE', *, *, #3765, .F. ) ;
#8386 = CARTESIAN_POINT ( 'NONE',  ( 4.478679656440354151, 3.011165235168150822, -104.7750000000000057 ) ) ;
#8387 = CARTESIAN_POINT ( 'NONE',  ( 9.500000000000000000, 2.500000000000000444, 304.8000000000000114 ) ) ;
#8388 = LINE ( 'NONE', #241, #6185 ) ;
#8389 = DIRECTION ( 'NONE',  ( -1.000000000000000000, 8.065639195895846808E-16, 0.000000000000000000 ) ) ;
#8390 = AXIS2_PLACEMENT_3D ( 'NONE', #2115, #1059, #8152 ) ;
#8391 = CARTESIAN_POINT ( 'NONE',  ( -8.250000000000000000, -10.00000000000000178, 304.8000000000000114 ) ) ;
#8392 = PRODUCT_DEFINITION_SHAPE ( 'NONE', 'NONE',  #13083 ) ;
#8393 = LINE ( 'NONE', #3339, #1061 ) ;
#8394 = ORIENTED_EDGE ( 'NONE', *, *, #364, .F. ) ;
#8395 = DIRECTION ( 'NONE',  ( -0.000000000000000000, -0.000000000000000000, -1.000000000000000000 ) ) ;
#8396 = ORIENTED_EDGE ( 'NONE', *, *, #9355, .F. ) ;
#8397 = ORIENTED_EDGE ( 'NONE', *, *, #2433, .F. ) ;
#8398 = DIRECTION ( 'NONE',  ( 1.000000000000000000, 0.000000000000000000, 0.000000000000000000 ) ) ;
#8399 = EDGE_LOOP ( 'NONE', ( #7980, #549, #3250, #517 ) ) ;
#8400 = VECTOR ( 'NONE', #11375, 1000.000000000000000 ) ;
#8401 = LINE ( 'NONE', #3409, #6168 ) ;
#8402 = CARTESIAN_POINT ( 'NONE',  ( -3.000000000000000888, -10.00000000000000000, 304.8000000000000114 ) ) ;
#8403 = VERTEX_POINT ( 'NONE', #6568 ) ;
#8404 = ADVANCED_FACE ( 'NONE', ( #10621 ), #1537, .T. ) ;
#8405 = ORIENTED_EDGE ( 'NONE', *, *, #783, .F. ) ;
#8406 = CARTESIAN_POINT ( 'NONE',  ( 10.00000000000000000, -8.250000000000000000, 304.8000000000000114 ) ) ;
#8407 = VECTOR ( 'NONE', #12152, 1000.000000000000000 ) ;
#8408 = DIRECTION ( 'NONE',  ( 1.000000000000000000, 0.000000000000000000, 0.000000000000000000 ) ) ;
#8409 = AXIS2_PLACEMENT_3D ( 'NONE', #350, #8429, #4377 ) ;
#8411 = EDGE_CURVE ( 'NONE', #12059, #9404, #8623, .T. ) ;
#8410 = LINE ( 'NONE', #10472, #4369 ) ;
#8412 = ORIENTED_EDGE ( 'NONE', *, *, #705, .F. ) ;
#8413 = CARTESIAN_POINT ( 'NONE',  ( -5.249999999999997335, -7.924621202458751235, 94.79999999999999716 ) ) ;
#8414 = CARTESIAN_POINT ( 'NONE',  ( 0.000000000000000000, 0.000000000000000000, 0.000000000000000000 ) ) ;
#8415 = ADVANCED_FACE ( 'NONE', ( #6757 ), #9829, .F. ) ;
#8416 = CARTESIAN_POINT ( 'NONE',  ( 8.424621202458750346, -2.500000000000001332, -24.77500000000004832 ) ) ;
#8417 = VECTOR ( 'NONE', #5653, 1000.000000000000000 ) ;
#8418 = ADVANCED_FACE ( 'NONE', ( #6693 ), #10743, .F. ) ;
#8419 = CARTESIAN_POINT ( 'NONE',  ( -5.249999999999997335, 7.424621202458749458, 304.8000000000000114 ) ) ;
#8420 = VECTOR ( 'NONE', #10207, 1000.000000000000000 ) ;
#8421 = LINE ( 'NONE', #3554, #6010 ) ;
#8422 = CARTESIAN_POINT ( 'NONE',  ( -0.8898448916085185401, -6.599999999999999645, 304.8000000000000114 ) ) ;
#8423 = CARTESIAN_POINT ( 'NONE',  ( 0.000000000000000000, 0.000000000000000000, -20.77500000000004476 ) ) ;
#8424 = DIRECTION ( 'NONE',  ( 1.000000000000000000, -4.873668131198272923E-16, 0.000000000000000000 ) ) ;
#8426 = ADVANCED_FACE ( 'NONE', ( #675 ), #8760, .F. ) ;
#8425 = CARTESIAN_POINT ( 'NONE',  ( 6.599999999999996092, -0.8898448916085081040, 304.8000000000000114 ) ) ;
#8428 = AXIS2_PLACEMENT_3D ( 'NONE', #11739, #2477, #504 ) ;
#8427 = DIRECTION ( 'NONE',  ( 1.000000000000000000, 0.000000000000000000, 0.000000000000000000 ) ) ;
#8429 = DIRECTION ( 'NONE',  ( 0.000000000000000000, 0.000000000000000000, 1.000000000000000000 ) ) ;
#8430 = ORIENTED_EDGE ( 'NONE', *, *, #1251, .T. ) ;
#8431 = ORIENTED_EDGE ( 'NONE', *, *, #1830, .F. ) ;
#8432 =( REPRESENTATION_RELATIONSHIP ('NONE','NONE', #11367, #4593 ) REPRESENTATION_RELATIONSHIP_WITH_TRANSFORMATION ( #6991 )SHAPE_REPRESENTATION_RELATIONSHIP( ) );
#8433 = VERTEX_POINT ( 'NONE', #6103 ) ;
#8434 = DIRECTION ( 'NONE',  ( 1.000000000000000000, 0.000000000000000000, 0.000000000000000000 ) ) ;
#8435 = EDGE_CURVE ( 'NONE', #1586, #12260, #8596, .T. ) ;
#8436 = DIRECTION ( 'NONE',  ( 0.7071067811865465735, -0.7071067811865483499, 0.000000000000000000 ) ) ;
#8437 = CIRCLE ( 'NONE', #10347, 2.999999999999999112 ) ;
#8438 = CARTESIAN_POINT ( 'NONE',  ( 7.424621202458747682, -5.249999999999995559, 304.8000000000000114 ) ) ;
#8439 = LINE ( 'NONE', #11474, #10393 ) ;
#8440 =( NAMED_UNIT ( * ) SI_UNIT ( $, .STERADIAN. ) SOLID_ANGLE_UNIT ( ) );
#8441 = DIRECTION ( 'NONE',  ( 0.000000000000000000, 0.000000000000000000, -1.000000000000000000 ) ) ;
#8442 = VERTEX_POINT ( 'NONE', #4176 ) ;
#8443 = DIRECTION ( 'NONE',  ( -1.000000000000000000, 0.000000000000000000, 0.000000000000000000 ) ) ;
#8444 = AXIS2_PLACEMENT_3D ( 'NONE', #11896, #6926, #1965 ) ;
#8445 = ORIENTED_EDGE ( 'NONE', *, *, #10821, .F. ) ;
#8446 = EDGE_LOOP ( 'NONE', ( #3980, #1857, #3922, #2426 ) ) ;
#8447 = CARTESIAN_POINT ( 'NONE',  ( 3.000000000000000888, 10.00000000000000000, -24.77500000000004832 ) ) ;
#8448 = EDGE_CURVE ( 'NONE', #6670, #1149, #12178, .T. ) ;
#8449 = EDGE_CURVE ( 'NONE', #12542, #4869, #6038, .T. ) ;
#8450 = CARTESIAN_POINT ( 'NONE',  ( 3.011165235168160592, 4.478679656440357704, 304.8000000000000114 ) ) ;
#8451 = DIRECTION ( 'NONE',  ( 1.000000000000000000, -3.304235192336776498E-16, 0.000000000000000000 ) ) ;
#8452 = EDGE_CURVE ( 'NONE', #8136, #3060, #10919, .T. ) ;
#8453 = DIRECTION ( 'NONE',  ( -1.000000000000000000, 0.000000000000000000, 0.000000000000000000 ) ) ;
#8454 = AXIS2_PLACEMENT_3D ( 'NONE', #6060, #8979, #890 ) ;
#8455 = CARTESIAN_POINT ( 'NONE',  ( -7.924621202458747682, 5.249999999999995559, 94.79999999999999716 ) ) ;
#8456 = LINE ( 'NONE', #7327, #8477 ) ;
#8457 = ORIENTED_EDGE ( 'NONE', *, *, #12873, .F. ) ;
#8458 = CARTESIAN_POINT ( 'NONE',  ( -8.424621202458750346, 2.500000000000000000, 304.8000000000000114 ) ) ;
#8459 = VERTEX_POINT ( 'NONE', #5168 ) ;
#8460 = ORIENTED_EDGE ( 'NONE', *, *, #10205, .F. ) ;
#8461 = CARTESIAN_POINT ( 'NONE',  ( -3.000000000000000888, 9.500000000000000000, 304.8000000000000114 ) ) ;
#8462 = ORIENTED_EDGE ( 'NONE', *, *, #590, .T. ) ;
#8463 = VECTOR ( 'NONE', #7885, 1000.000000000000000 ) ;
#8464 = CARTESIAN_POINT ( 'NONE',  ( -4.478679656440354151, 3.011165235168150822, -104.7750000000000057 ) ) ;
#8465 = CARTESIAN_POINT ( 'NONE',  ( 5.249999999999997335, 7.924621202458751235, 304.8000000000000114 ) ) ;
#8466 = ORIENTED_EDGE ( 'NONE', *, *, #10052, .T. ) ;
#8467 = ORIENTED_EDGE ( 'NONE', *, *, #1268, .F. ) ;
#8468 = CYLINDRICAL_SURFACE ( 'NONE', #1971, 0.5000000000000004441 ) ;
#8469 = CIRCLE ( 'NONE', #1682, 0.5000000000000004441 ) ;
#8470 = LINE ( 'NONE', #6538, #6550 ) ;
#8471 = ORIENTED_EDGE ( 'NONE', *, *, #11747, .T. ) ;
#8472 = CARTESIAN_POINT ( 'NONE',  ( -8.250000000000000000, 10.00000000000000178, 304.8000000000000114 ) ) ;
#8473 = EDGE_LOOP ( 'NONE', ( #5796, #3476, #3703, #10700 ) ) ;
#8474 = LINE ( 'NONE', #7479, #2696 ) ;
#8475 = DIRECTION ( 'NONE',  ( 3.304235192336776498E-16, -1.000000000000000000, 0.000000000000000000 ) ) ;
#8476 = CARTESIAN_POINT ( 'NONE',  ( 6.599999999999996092, -0.8898448916085081040, 304.8000000000000114 ) ) ;
#8477 = VECTOR ( 'NONE', #11359, 1000.000000000000114 ) ;
#8478 = VECTOR ( 'NONE', #10234, 1000.000000000000000 ) ;
#8479 = VECTOR ( 'NONE', #4329, 1000.000000000000000 ) ;
#8480 = EDGE_CURVE ( 'NONE', #10799, #2796, #6277, .T. ) ;
#8481 = CARTESIAN_POINT ( 'NONE',  ( 8.424621202458750346, 2.500000000000000000, 304.8000000000000114 ) ) ;
#8482 = DIRECTION ( 'NONE',  ( 0.000000000000000000, -0.000000000000000000, 1.000000000000000000 ) ) ;
#8483 = DIRECTION ( 'NONE',  ( -0.000000000000000000, -0.000000000000000000, -1.000000000000000000 ) ) ;
#8485 = EDGE_CURVE ( 'NONE', #7127, #10009, #936, .T. ) ;
#8484 = LINE ( 'NONE', #2386, #5347 ) ;
#8486 = CARTESIAN_POINT ( 'NONE',  ( -3.599999999999997424, 0.8898448916085081040, 304.8000000000000114 ) ) ;
#8487 = CARTESIAN_POINT ( 'NONE',  ( 7.424621202458747682, -5.249999999999995559, 304.8000000000000114 ) ) ;
#8488 = VECTOR ( 'NONE', #10438, 1000.000000000000000 ) ;
#8489 = VECTOR ( 'NONE', #3812, 1000.000000000000000 ) ;
#8490 = DIRECTION ( 'NONE',  ( -0.000000000000000000, 0.000000000000000000, -1.000000000000000000 ) ) ;
#8491 = ADVANCED_FACE ( 'NONE', ( #1990, #3040 ), #82, .T. ) ;
#8492 = CARTESIAN_POINT ( 'NONE',  ( 8.424621202458750346, 2.500000000000000000, 304.8000000000000114 ) ) ;
#8493 = VERTEX_POINT ( 'NONE', #146 ) ;
#8494 = ORIENTED_EDGE ( 'NONE', *, *, #6771, .T. ) ;
#8495 = CARTESIAN_POINT ( 'NONE',  ( -3.000000000000000888, 8.424621202458752123, 304.8000000000000114 ) ) ;
#8496 = EDGE_CURVE ( 'NONE', #11654, #1404, #9016, .T. ) ;
#8497 = CARTESIAN_POINT ( 'NONE',  ( -2.499999999999999556, 8.424621202458752123, 94.79999999999999716 ) ) ;
#8498 = AXIS2_PLACEMENT_3D ( 'NONE', #1093, #10317, #8324 ) ;
#8499 = LINE ( 'NONE', #5630, #7045 ) ;
#8500 = AXIS2_PLACEMENT_3D ( 'NONE', #6079, #10127, #2483 ) ;
#8501 = PRODUCT_DEFINITION_SHAPE ( 'NONE', 'NONE',  #13079 ) ;
#8502 = DIRECTION ( 'NONE',  ( -0.7071067811865476838, -0.7071067811865474617, 0.000000000000000000 ) ) ;
#8503 = DIRECTION ( 'NONE',  ( 0.000000000000000000, 0.000000000000000000, -1.000000000000000000 ) ) ;
#8504 = FACE_OUTER_BOUND ( 'NONE', #6150, .T. ) ;
#8505 = ADVANCED_FACE ( 'NONE', ( #2053 ), #10227, .T. ) ;
#8506 = ORIENTED_EDGE ( 'NONE', *, *, #2957, .F. ) ;
#8507 = CIRCLE ( 'NONE', #3612, 0.5000000000000004441 ) ;
#8508 = CARTESIAN_POINT ( 'NONE',  ( 3.000000000000000888, 7.924621202458751235, 304.8000000000000114 ) ) ;
#8509 = ORIENTED_EDGE ( 'NONE', *, *, #1364, .F. ) ;
#8510 = VECTOR ( 'NONE', #3462, 1000.000000000000000 ) ;
#8511 = CARTESIAN_POINT ( 'NONE',  ( -5.249999999999997335, -7.424621202458749458, 304.8000000000000114 ) ) ;
#8512 =( GEOMETRIC_REPRESENTATION_CONTEXT ( 3 ) GLOBAL_UNCERTAINTY_ASSIGNED_CONTEXT ( ( #11720 ) ) GLOBAL_UNIT_ASSIGNED_CONTEXT ( ( #11055, #13021, #10073 ) ) REPRESENTATION_CONTEXT ( 'NONE', 'WORKASPACE' ) );
#8513 = EDGE_CURVE ( 'NONE', #12814, #284, #10708, .T. ) ;
#8514 = DIRECTION ( 'NONE',  ( -3.304235192336776498E-16, 1.000000000000000000, 0.000000000000000000 ) ) ;
#8515 = CARTESIAN_POINT ( 'NONE',  ( 3.000000000000000888, -7.924621202458751235, 304.8000000000000114 ) ) ;
#8516 = AXIS2_PLACEMENT_3D ( 'NONE', #6949, #7942, #1988 ) ;
#8517 = DIRECTION ( 'NONE',  ( 1.000000000000000000, 0.000000000000000000, 0.000000000000000000 ) ) ;
#8518 = AXIS2_PLACEMENT_3D ( 'NONE', #11532, #2396, #5502 ) ;
#8519 = ORIENTED_EDGE ( 'NONE', *, *, #2630, .F. ) ;
#8520 = DIRECTION ( 'NONE',  ( 0.000000000000000000, 0.000000000000000000, 1.000000000000000000 ) ) ;
#8521 = VECTOR ( 'NONE', #1709, 1000.000000000000114 ) ;
#8522 = CARTESIAN_POINT ( 'NONE',  ( 7.924621202458749458, 3.000000000000001332, 94.79999999999999716 ) ) ;
#8523 = ORIENTED_EDGE ( 'NONE', *, *, #1994, .T. ) ;
#8524 = CARTESIAN_POINT ( 'NONE',  ( -8.250000000000000000, -8.250000000000000000, 304.8000000000000114 ) ) ;
#8525 = ADVANCED_FACE ( 'NONE', ( #6170 ), #13032, .F. ) ;
#8526 = ORIENTED_EDGE ( 'NONE', *, *, #13040, .T. ) ;
#8527 = ORIENTED_EDGE ( 'NONE', *, *, #6220, .T. ) ;
#8528 = FACE_OUTER_BOUND ( 'NONE', #6191, .T. ) ;
#8529 = VECTOR ( 'NONE', #11784, 1000.000000000000000 ) ;
#8530 = VERTEX_POINT ( 'NONE', #11069 ) ;
#8531 = AXIS2_PLACEMENT_3D ( 'NONE', #6839, #8021, #12983 ) ;
#8532 = CARTESIAN_POINT ( 'NONE',  ( -5.249999999999997335, 7.924621202458751235, 304.8000000000000114 ) ) ;
#8533 = DIRECTION ( 'NONE',  ( -2.924200878718996689E-15, -1.000000000000000000, 0.000000000000000000 ) ) ;
#8534 = ORIENTED_EDGE ( 'NONE', *, *, #8674, .T. ) ;
#8535 = DIRECTION ( 'NONE',  ( -0.000000000000000000, 0.000000000000000000, -1.000000000000000000 ) ) ;
#8536 = EDGE_LOOP ( 'NONE', ( #10939, #7312, #5816, #8861 ) ) ;
#8537 = CYLINDRICAL_SURFACE ( 'NONE', #10028, 0.5000000000000004441 ) ;
#8538 = VECTOR ( 'NONE', #7764, 1000.000000000000000 ) ;
#8539 = LINE ( 'NONE', #11631, #10580 ) ;
#8540 = EDGE_CURVE ( 'NONE', #2405, #12487, #1855, .T. ) ;
#8541 = DIRECTION ( 'NONE',  ( 0.7071067811865465735, 0.7071067811865484609, 0.000000000000000000 ) ) ;
#8542 = ADVANCED_FACE ( 'NONE', ( #5027 ), #867, .T. ) ;
#8543 = VERTEX_POINT ( 'NONE', #12115 ) ;
#8544 = CARTESIAN_POINT ( 'NONE',  ( 9.500000000000000000, -2.500000000000000000, -24.77500000000004832 ) ) ;
#8545 = DIRECTION ( 'NONE',  ( 1.000000000000000000, -3.304235192336776498E-16, 0.000000000000000000 ) ) ;
#8546 = DIRECTION ( 'NONE',  ( 4.873668131198272923E-16, 1.000000000000000000, -0.000000000000000000 ) ) ;
#8547 = AXIS2_PLACEMENT_3D ( 'NONE', #12559, #5351, #4484 ) ;
#8548 = VECTOR ( 'NONE', #2328, 1000.000000000000000 ) ;
#8549 = ORIENTED_EDGE ( 'NONE', *, *, #2068, .F. ) ;
#8550 = LINE ( 'NONE', #4498, #8345 ) ;
#8551 = DIRECTION ( 'NONE',  ( 1.000000000000000000, 0.000000000000000000, 0.000000000000000000 ) ) ;
#8552 = DIRECTION ( 'NONE',  ( -0.000000000000000000, 0.000000000000000000, -1.000000000000000000 ) ) ;
#8553 = CARTESIAN_POINT ( 'NONE',  ( 0.000000000000000000, -3.600000000000000089, 304.8000000000000114 ) ) ;
#8555 = AXIS2_PLACEMENT_3D ( 'NONE', #860, #5893, #4893 ) ;
#8554 = CARTESIAN_POINT ( 'NONE',  ( 7.924621202458747682, -5.249999999999995559, 304.8000000000000114 ) ) ;
#8556 = LINE ( 'NONE', #5621, #6758 ) ;
#8557 = CYLINDRICAL_SURFACE ( 'NONE', #7342, 1.749999999999999778 ) ;
#8558 = EDGE_CURVE ( 'NONE', #8179, #11999, #9664, .T. ) ;
#8559 = ORIENTED_EDGE ( 'NONE', *, *, #4894, .T. ) ;
#8560 = EDGE_LOOP ( 'NONE', ( #888, #5378, #8124, #5046 ) ) ;
#8561 = ORIENTED_EDGE ( 'NONE', *, *, #2341, .F. ) ;
#8562 = DIRECTION ( 'NONE',  ( -1.000000000000000000, -3.304235192336776498E-16, 0.000000000000000000 ) ) ;
#8563 = DIRECTION ( 'NONE',  ( 0.000000000000000000, -0.000000000000000000, -1.000000000000000000 ) ) ;
#8564 = EDGE_CURVE ( 'NONE', #4418, #11556, #5627, .T. ) ;
#8565 = DIRECTION ( 'NONE',  ( -0.000000000000000000, -0.000000000000000000, -1.000000000000000000 ) ) ;
#8566 = DIRECTION ( 'NONE',  ( 2.924200878718997083E-15, 1.000000000000000000, -0.000000000000000000 ) ) ;
#8567 = CYLINDRICAL_SURFACE ( 'NONE', #4428, 2.999999999999999112 ) ;
#8568 = VERTEX_POINT ( 'NONE', #5974 ) ;
#8569 = DIRECTION ( 'NONE',  ( -1.000000000000000000, 0.000000000000000000, 0.000000000000000000 ) ) ;
#8570 = EDGE_CURVE ( 'NONE', #10763, #6733, #5418, .T. ) ;
#8571 = ORIENTED_EDGE ( 'NONE', *, *, #2207, .F. ) ;
#8572 = EDGE_CURVE ( 'NONE', #7928, #4019, #474, .T. ) ;
#8573 = CARTESIAN_POINT ( 'NONE',  ( -9.500000000000000000, 2.500000000000000444, 304.8000000000000114 ) ) ;
#8574 = DIRECTION ( 'NONE',  ( 0.000000000000000000, -0.000000000000000000, -1.000000000000000000 ) ) ;
#8575 = DIRECTION ( 'NONE',  ( -0.000000000000000000, -0.000000000000000000, -1.000000000000000000 ) ) ;
#8576 = EDGE_CURVE ( 'NONE', #3924, #7517, #11326, .T. ) ;
#8577 = CARTESIAN_POINT ( 'NONE',  ( -2.500000000000000000, 8.424621202458752123, 304.8000000000000114 ) ) ;
#8578 = CARTESIAN_POINT ( 'NONE',  ( 0.8898448916085185401, 6.599999999999999645, 304.8000000000000114 ) ) ;
#8579 = ORIENTED_EDGE ( 'NONE', *, *, #11150, .T. ) ;
#8580 = LINE ( 'NONE', #12546, #8417 ) ;
#8581 = ADVANCED_FACE ( 'NONE', ( #12377 ), #12512, .F. ) ;
#8582 = EDGE_LOOP ( 'NONE', ( #5171, #10627, #7767, #5869 ) ) ;
#8583 = ORIENTED_EDGE ( 'NONE', *, *, #11799, .T. ) ;
#8584 = DIRECTION ( 'NONE',  ( 0.000000000000000000, -0.000000000000000000, -1.000000000000000000 ) ) ;
#8585 = VERTEX_POINT ( 'NONE', #3244 ) ;
#8586 = ORIENTED_EDGE ( 'NONE', *, *, #8062, .F. ) ;
#8587 = DIRECTION ( 'NONE',  ( -1.000000000000000000, 0.000000000000000000, 0.000000000000000000 ) ) ;
#8588 = CARTESIAN_POINT ( 'NONE',  ( -3.599999999999997424, 0.8898448916085081040, 304.8000000000000114 ) ) ;
#8589 = VERTEX_POINT ( 'NONE', #2318 ) ;
#8590 = VECTOR ( 'NONE', #10370, 1000.000000000000000 ) ;
#8591 = DIRECTION ( 'NONE',  ( -0.000000000000000000, -0.000000000000000000, -1.000000000000000000 ) ) ;
#8592 = ORIENTED_EDGE ( 'NONE', *, *, #10526, .T. ) ;
#8593 = CARTESIAN_POINT ( 'NONE',  ( 9.500000000000000000, 3.000000000000001332, 304.8000000000000114 ) ) ;
#8594 = CARTESIAN_POINT ( 'NONE',  ( -10.00000000000000000, 8.250000000000000000, 304.8000000000000114 ) ) ;
#8595 = CARTESIAN_POINT ( 'NONE',  ( 3.011165235168160592, 4.478679656440356815, 304.8000000000000114 ) ) ;
#8596 = CIRCLE ( 'NONE', #4151, 0.5000000000000004441 ) ;
#8597 = EDGE_LOOP ( 'NONE', ( #561, #5305, #8681, #4644 ) ) ;
#8598 = DIRECTION ( 'NONE',  ( 0.000000000000000000, 0.000000000000000000, 1.000000000000000000 ) ) ;
#8599 = DIRECTION ( 'NONE',  ( -1.541976423090498986E-15, -1.000000000000000000, 0.000000000000000000 ) ) ;
#8600 = ORIENTED_EDGE ( 'NONE', *, *, #10369, .T. ) ;
#8601 = EDGE_CURVE ( 'NONE', #11550, #11254, #7491, .T. ) ;
#8602 = ORIENTED_EDGE ( 'NONE', *, *, #11141, .F. ) ;
#8603 = CIRCLE ( 'NONE', #2869, 0.5000000000000004441 ) ;
#8604 = DIRECTION ( 'NONE',  ( 0.7071067811865474617, 0.7071067811865476838, 0.000000000000000000 ) ) ;
#8605 = EDGE_CURVE ( 'NONE', #8294, #6844, #2388, .T. ) ;
#8606 = VECTOR ( 'NONE', #3441, 1000.000000000000000 ) ;
#8607 = CARTESIAN_POINT ( 'NONE',  ( -3.000000000000000888, -7.924621202458751235, 304.8000000000000114 ) ) ;
#8608 = DIRECTION ( 'NONE',  ( -1.000000000000000000, 0.000000000000000000, 0.000000000000000000 ) ) ;
#8609 = DIRECTION ( 'NONE',  ( -0.000000000000000000, 0.000000000000000000, -1.000000000000000000 ) ) ;
#8610 = DIRECTION ( 'NONE',  ( 0.000000000000000000, 0.000000000000000000, -1.000000000000000000 ) ) ;
#8611 = PLANE ( 'NONE',  #2109 ) ;
#8612 = CARTESIAN_POINT ( 'NONE',  ( -10.00000000000000000, -3.000000000000001332, 304.8000000000000114 ) ) ;
#8613 = CARTESIAN_POINT ( 'NONE',  ( -3.599999999999997424, -0.8898448916085081040, 304.8000000000000114 ) ) ;
#8614 = ORIENTED_EDGE ( 'NONE', *, *, #2123, .F. ) ;
#8615 = AXIS2_PLACEMENT_3D ( 'NONE', #3744, #3609, #579 ) ;
#8616 = MECHANICAL_DESIGN_GEOMETRIC_PRESENTATION_REPRESENTATION (  '', ( #6882 ), #550 ) ;
#8617 = ORIENTED_EDGE ( 'NONE', *, *, #6211, .F. ) ;
#8618 = FACE_OUTER_BOUND ( 'NONE', #10490, .T. ) ;
#8619 = CARTESIAN_POINT ( 'NONE',  ( -3.000000000000000888, 10.00000000000000000, 304.8000000000000114 ) ) ;
#8620 = CARTESIAN_POINT ( 'NONE',  ( 3.000000000000000888, 7.924621202458751235, -20.77500000000004476 ) ) ;
#8621 = VECTOR ( 'NONE', #1809, 1000.000000000000000 ) ;
#8622 = ORIENTED_EDGE ( 'NONE', *, *, #3946, .T. ) ;
#8623 = LINE ( 'NONE', #12646, #11546 ) ;
#8624 = DIRECTION ( 'NONE',  ( 1.000000000000000000, 0.000000000000000000, 0.000000000000000000 ) ) ;
#8625 = VERTEX_POINT ( 'NONE', #10356 ) ;
#8626 = CARTESIAN_POINT ( 'NONE',  ( -8.424621202458750346, 2.500000000000000000, 304.8000000000000114 ) ) ;
#8627 = VERTEX_POINT ( 'NONE', #2445 ) ;
#8628 = ORIENTED_EDGE ( 'NONE', *, *, #9704, .T. ) ;
#8629 = EDGE_CURVE ( 'NONE', #1789, #5908, #6242, .T. ) ;
#8630 = CYLINDRICAL_SURFACE ( 'NONE', #10177, 0.5000000000000008882 ) ;
#8631 = DIRECTION ( 'NONE',  ( 1.000000000000000000, 2.924200878718996689E-15, 0.000000000000000000 ) ) ;
#8632 = CARTESIAN_POINT ( 'NONE',  ( 8.424621202458750346, -2.500000000000000000, 304.8000000000000114 ) ) ;
#8633 = DIRECTION ( 'NONE',  ( 0.000000000000000000, -0.000000000000000000, -1.000000000000000000 ) ) ;
#8634 = EDGE_CURVE ( 'NONE', #2522, #8728, #1337, .T. ) ;
#8635 = VECTOR ( 'NONE', #2496, 1000.000000000000000 ) ;
#8636 = EDGE_CURVE ( 'NONE', #7683, #3879, #5298, .T. ) ;
#8637 = CARTESIAN_POINT ( 'NONE',  ( -7.071067811865473729, -5.603553390593270400, 304.8000000000000114 ) ) ;
#8638 = VERTEX_POINT ( 'NONE', #8219 ) ;
#8639 = DIRECTION ( 'NONE',  ( -1.000000000000000000, 3.469446951953617344E-15, 0.000000000000000000 ) ) ;
#8640 = ORIENTED_EDGE ( 'NONE', *, *, #8740, .F. ) ;
#8641 = VERTEX_POINT ( 'NONE', #5370 ) ;
#8642 = EDGE_CURVE ( 'NONE', #11654, #10958, #5208, .T. ) ;
#8643 = DIRECTION ( 'NONE',  ( 0.000000000000000000, -0.000000000000000000, 1.000000000000000000 ) ) ;
#8644 = ORIENTED_EDGE ( 'NONE', *, *, #6861, .F. ) ;
#8645 = ORIENTED_EDGE ( 'NONE', *, *, #6581, .T. ) ;
#8646 = LINE ( 'NONE', #11748, #8907 ) ;
#8647 = VECTOR ( 'NONE', #4536, 1000.000000000000000 ) ;
#8648 = DIRECTION ( 'NONE',  ( -0.000000000000000000, -0.000000000000000000, -1.000000000000000000 ) ) ;
#8649 = VERTEX_POINT ( 'NONE', #3171 ) ;
#8650 = LINE ( 'NONE', #3538, #9139 ) ;
#8651 = VERTEX_POINT ( 'NONE', #11263 ) ;
#8652 = EDGE_CURVE ( 'NONE', #6983, #12350, #9295, .T. ) ;
#8653 = DIRECTION ( 'NONE',  ( 1.000000000000000000, 0.000000000000000000, 0.000000000000000000 ) ) ;
#8654 = CARTESIAN_POINT ( 'NONE',  ( 3.011165235168160592, -4.478679656440357704, 304.8000000000000114 ) ) ;
#8655 = CARTESIAN_POINT ( 'NONE',  ( 7.924621202458747682, 5.249999999999995559, 304.8000000000000114 ) ) ;
#8656 = AXIS2_PLACEMENT_3D ( 'NONE', #545, #11599, #3574 ) ;
#8657 = ORIENTED_EDGE ( 'NONE', *, *, #8164, .T. ) ;
#8658 = VECTOR ( 'NONE', #11373, 1000.000000000000000 ) ;
#8659 = EDGE_CURVE ( 'NONE', #10074, #10960, #10486, .T. ) ;
#8660 = DIRECTION ( 'NONE',  ( -0.000000000000000000, -0.000000000000000000, -1.000000000000000000 ) ) ;
#8661 = DIRECTION ( 'NONE',  ( 0.000000000000000000, -0.000000000000000000, 1.000000000000000000 ) ) ;
#8662 = ORIENTED_EDGE ( 'NONE', *, *, #12287, .T. ) ;
#8663 = VERTEX_POINT ( 'NONE', #11388 ) ;
#8664 = ADVANCED_FACE ( 'NONE', ( #10292 ), #4375, .F. ) ;
#8665 = CIRCLE ( 'NONE', #10987, 2.150000000000012790 ) ;
#8666 = FACE_OUTER_BOUND ( 'NONE', #5529, .T. ) ;
#8667 = CARTESIAN_POINT ( 'NONE',  ( 0.000000000000000000, 3.600000000000000089, 304.8000000000000114 ) ) ;
#8668 = DIRECTION ( 'NONE',  ( -1.000000000000000000, 0.000000000000000000, 0.000000000000000000 ) ) ;
#8669 = CARTESIAN_POINT ( 'NONE',  ( 3.011165235168160592, -4.478679656440356815, 304.8000000000000114 ) ) ;
#8670 = FACE_OUTER_BOUND ( 'NONE', #261, .T. ) ;
#8671 = CARTESIAN_POINT ( 'NONE',  ( -10.00000000000000000, 8.250000000000000000, 304.8000000000000114 ) ) ;
#8672 = CARTESIAN_POINT ( 'NONE',  ( 6.599999999999996092, 0.8898448916085081040, 304.8000000000000114 ) ) ;
#8673 = CARTESIAN_POINT ( 'NONE',  ( 8.250000000000000000, 10.00000000000000178, 304.8000000000000114 ) ) ;
#8674 = EDGE_CURVE ( 'NONE', #3906, #1404, #3368, .T. ) ;
#8675 = ADVANCED_FACE ( 'NONE', ( #1201 ), #4434, .F. ) ;
#8676 = VECTOR ( 'NONE', #10323, 1000.000000000000000 ) ;
#8677 = ORIENTED_EDGE ( 'NONE', *, *, #7339, .T. ) ;
#8678 = EDGE_CURVE ( 'NONE', #5855, #11254, #8291, .T. ) ;
#8679 = VECTOR ( 'NONE', #5504, 1000.000000000000000 ) ;
#8680 = UNCERTAINTY_MEASURE_WITH_UNIT (LENGTH_MEASURE( 1.000000000000000082E-05 ), #7142, 'distance_accuracy_value', 'NONE');
#8681 = ORIENTED_EDGE ( 'NONE', *, *, #7538, .F. ) ;
#8682 = EDGE_LOOP ( 'NONE', ( #7426, #8105, #7857, #9181 ) ) ;
#8683 = DIRECTION ( 'NONE',  ( -0.000000000000000000, -0.000000000000000000, -1.000000000000000000 ) ) ;
#8684 = LINE ( 'NONE', #10684, #1764 ) ;
#8685 = CARTESIAN_POINT ( 'NONE',  ( 2.500000000000000444, -9.500000000000000000, 304.8000000000000114 ) ) ;
#8686 = VECTOR ( 'NONE', #8171, 1000.000000000000000 ) ;
#8687 = AXIS2_PLACEMENT_3D ( 'NONE', #5034, #9233, #155 ) ;
#8688 = FACE_OUTER_BOUND ( 'NONE', #649, .T. ) ;
#8689 = CYLINDRICAL_SURFACE ( 'NONE', #11820, 0.5000000000000004441 ) ;
#8690 = EDGE_LOOP ( 'NONE', ( #10871, #8527, #8523, #9232, #10576, #9518, #3470, #2366, #8677, #6447, #4879, #3665, #11441, #4249, #8445, #3056, #5142, #1914, #323, #10201, #8314, #4214, #7239, #12223, #7260, #4381, #1572, #2907, #5778, #479, #10640, #4115, #6546, #11753, #5737, #4859, #2011, #10229, #5392, #11570, #6181, #12050, #8946, #3990, #11845, #9778, #11888, #8264, #9762, #10088, #10327, #819, #7806, #964, #4792, #10760, #805, #7466, #191, #1871, #622, #4296, #2482, #8785, #10075, #3872, #510, #11740, #3647, #6975, #7315, #4642 ) ) ;
#8691 = DIRECTION ( 'NONE',  ( 0.000000000000000000, -0.000000000000000000, 1.000000000000000000 ) ) ;
#8692 = EDGE_CURVE ( 'NONE', #9723, #4269, #558, .T. ) ;
#8693 = ADVANCED_FACE ( 'NONE', ( #1644 ), #9814, .T. ) ;
#8694 = ORIENTED_EDGE ( 'NONE', *, *, #8652, .F. ) ;
#8695 = ORIENTED_EDGE ( 'NONE', *, *, #12826, .F. ) ;
#8696 = AXIS2_PLACEMENT_3D ( 'NONE', #3283, #3222, #3016 ) ;
#8697 = AXIS2_PLACEMENT_3D ( 'NONE', #383, #9652, #8587 ) ;
#8698 = CYLINDRICAL_SURFACE ( 'NONE', #9561, 0.5000000000000013323 ) ;
#8699 = CARTESIAN_POINT ( 'NONE',  ( 3.000000000000000888, 10.00000000000000000, 304.8000000000000114 ) ) ;
#8700 = CARTESIAN_POINT ( 'NONE',  ( 10.00000000000000000, 8.250000000000000000, -24.77500000000004832 ) ) ;
#8701 = PLANE ( 'NONE',  #1280 ) ;
#8702 = VECTOR ( 'NONE', #6919, 1000.000000000000000 ) ;
#8703 = CIRCLE ( 'NONE', #8498, 0.4999999999999995559 ) ;
#8704 = AXIS2_PLACEMENT_3D ( 'NONE', #238, #3517, #9451 ) ;
#8705 = DIRECTION ( 'NONE',  ( 0.000000000000000000, 0.000000000000000000, 1.000000000000000000 ) ) ;
#8706 = EDGE_LOOP ( 'NONE', ( #11330, #3750, #3018, #6222 ) ) ;
#8707 = CARTESIAN_POINT ( 'NONE',  ( -8.424621202458750346, 2.500000000000000000, -104.7750000000000057 ) ) ;
#8708 = ORIENTED_EDGE ( 'NONE', *, *, #7339, .F. ) ;
#8709 = VERTEX_POINT ( 'NONE', #2694 ) ;
#8710 = DIRECTION ( 'NONE',  ( -3.304235192336776498E-16, -1.000000000000000000, 0.000000000000000000 ) ) ;
#8711 =( GEOMETRIC_REPRESENTATION_CONTEXT ( 3 ) GLOBAL_UNCERTAINTY_ASSIGNED_CONTEXT ( ( #8680 ) ) GLOBAL_UNIT_ASSIGNED_CONTEXT ( ( #7142, #852, #8944 ) ) REPRESENTATION_CONTEXT ( 'NONE', 'WORKASPACE' ) );
#8712 = ORIENTED_EDGE ( 'NONE', *, *, #1523, .T. ) ;
#8713 = ORIENTED_EDGE ( 'NONE', *, *, #7508, .T. ) ;
#8714 = ADVANCED_FACE ( 'NONE', ( #8670 ), #6743, .F. ) ;
#8715 = CYLINDRICAL_SURFACE ( 'NONE', #4681, 0.5000000000000004441 ) ;
#8716 = AXIS2_PLACEMENT_3D ( 'NONE', #3871, #11027, #11814 ) ;
#8717 = AXIS2_PLACEMENT_3D ( 'NONE', #7028, #8161, #12188 ) ;
#8718 = CARTESIAN_POINT ( 'NONE',  ( 6.599999999999996092, -0.8898448916085081040, 304.8000000000000114 ) ) ;
#8719 = ORIENTED_EDGE ( 'NONE', *, *, #824, .T. ) ;
#8720 = DIRECTION ( 'NONE',  ( -1.541976423090498986E-15, -1.000000000000000000, 0.000000000000000000 ) ) ;
#8721 = ADVANCED_FACE ( 'NONE', ( #2636 ), #594, .T. ) ;
#8722 = ORIENTED_EDGE ( 'NONE', *, *, #10821, .T. ) ;
#8723 = EDGE_CURVE ( 'NONE', #3533, #11128, #4503, .T. ) ;
#8724 = DIRECTION ( 'NONE',  ( -1.000000000000000000, 0.000000000000000000, 0.000000000000000000 ) ) ;
#8725 = CARTESIAN_POINT ( 'NONE',  ( 8.424621202458750346, 2.500000000000000000, 304.8000000000000114 ) ) ;
#8726 = DIRECTION ( 'NONE',  ( 0.000000000000000000, 0.000000000000000000, -1.000000000000000000 ) ) ;
#8727 = VECTOR ( 'NONE', #9884, 1000.000000000000000 ) ;
#8728 = VERTEX_POINT ( 'NONE', #3559 ) ;
#8729 = LINE ( 'NONE', #12682, #7571 ) ;
#8730 = PRODUCT_CONTEXT ( 'NONE', #7034, 'mechanical' ) ;
#8731 = ADVANCED_FACE ( 'NONE', ( #2508 ), #3696, .F. ) ;
#8732 = LINE ( 'NONE', #12019, #1088 ) ;
#8733 = DIRECTION ( 'NONE',  ( 0.000000000000000000, 0.000000000000000000, -1.000000000000000000 ) ) ;
#8734 = ORIENTED_EDGE ( 'NONE', *, *, #9803, .F. ) ;
#8735 = ORIENTED_EDGE ( 'NONE', *, *, #12658, .F. ) ;
#8736 = VECTOR ( 'NONE', #5487, 1000.000000000000000 ) ;
#8737 = AXIS2_PLACEMENT_3D ( 'NONE', #9025, #4780, #4974 ) ;
#8738 = VERTEX_POINT ( 'NONE', #10606 ) ;
#8739 = DIRECTION ( 'NONE',  ( 2.924200878718996689E-15, -1.000000000000000000, 0.000000000000000000 ) ) ;
#8740 = EDGE_CURVE ( 'NONE', #9218, #10661, #9027, .T. ) ;
#8741 = DIRECTION ( 'NONE',  ( 1.000000000000000000, 0.000000000000000000, 0.000000000000000000 ) ) ;
#8742 = DIRECTION ( 'NONE',  ( 1.000000000000000000, 0.000000000000000000, 0.000000000000000000 ) ) ;
#8743 = LINE ( 'NONE', #11770, #9360 ) ;
#8744 = CARTESIAN_POINT ( 'NONE',  ( -0.8898448916085185401, 6.599999999999999645, 304.8000000000000114 ) ) ;
#8745 = LINE ( 'NONE', #1459, #12466 ) ;
#8746 = DIRECTION ( 'NONE',  ( -0.000000000000000000, -0.000000000000000000, -1.000000000000000000 ) ) ;
#8747 = VECTOR ( 'NONE', #4612, 1000.000000000000000 ) ;
#8748 = CARTESIAN_POINT ( 'NONE',  ( -10.00000000000000000, -3.000000000000001332, 304.8000000000000114 ) ) ;
#8750 = EDGE_CURVE ( 'NONE', #3125, #572, #1521, .T. ) ;
#8749 = VECTOR ( 'NONE', #603, 1000.000000000000000 ) ;
#8751 = ORIENTED_EDGE ( 'NONE', *, *, #4436, .F. ) ;
#8752 = EDGE_LOOP ( 'NONE', ( #1180, #1192, #8583, #9821 ) ) ;
#8753 = VERTEX_POINT ( 'NONE', #9873 ) ;
#8754 = CARTESIAN_POINT ( 'NONE',  ( 7.071067811865473729, -5.603553390593270400, 304.8000000000000114 ) ) ;
#8755 =( NAMED_UNIT ( * ) PLANE_ANGLE_UNIT ( ) SI_UNIT ( $, .RADIAN. ) );
#8756 = AXIS2_PLACEMENT_3D ( 'NONE', #4998, #4141, #10054 ) ;
#8757 = DIRECTION ( 'NONE',  ( 0.000000000000000000, -0.000000000000000000, -1.000000000000000000 ) ) ;
#8758 =( GEOMETRIC_REPRESENTATION_CONTEXT ( 3 ) GLOBAL_UNCERTAINTY_ASSIGNED_CONTEXT ( ( #9878 ) ) GLOBAL_UNIT_ASSIGNED_CONTEXT ( ( #4706, #8755, #6687 ) ) REPRESENTATION_CONTEXT ( 'NONE', 'WORKASPACE' ) );
#8759 = DIRECTION ( 'NONE',  ( -1.000000000000000000, 0.000000000000000000, 0.000000000000000000 ) ) ;
#8760 = PLANE ( 'NONE',  #2252 ) ;
#8761 = DIRECTION ( 'NONE',  ( -1.000000000000000000, 0.000000000000000000, 0.000000000000000000 ) ) ;
#8762 = ORIENTED_EDGE ( 'NONE', *, *, #7660, .F. ) ;
#8763 = CARTESIAN_POINT ( 'NONE',  ( -7.924621202458747682, -5.249999999999995559, -20.77500000000004476 ) ) ;
#8764 = ORIENTED_EDGE ( 'NONE', *, *, #7986, .F. ) ;
#8765 = AXIS2_PLACEMENT_3D ( 'NONE', #2114, #4175, #1135 ) ;
#8766 = AXIS2_PLACEMENT_3D ( 'NONE', #1707, #5748, #4754 ) ;
#8767 = DIRECTION ( 'NONE',  ( 1.000000000000000000, 0.000000000000000000, 0.000000000000000000 ) ) ;
#8768 = LINE ( 'NONE', #8699, #470 ) ;
#8769 = LINE ( 'NONE', #5783, #1341 ) ;
#8770 = DIRECTION ( 'NONE',  ( -0.000000000000000000, -0.000000000000000000, -1.000000000000000000 ) ) ;
#8771 = EDGE_CURVE ( 'NONE', #8638, #2197, #10674, .T. ) ;
#8772 = EDGE_CURVE ( 'NONE', #11775, #3489, #6677, .T. ) ;
#8773 = DIRECTION ( 'NONE',  ( 4.873668131198272923E-16, 1.000000000000000000, -0.000000000000000000 ) ) ;
#8774 = ORIENTED_EDGE ( 'NONE', *, *, #10596, .T. ) ;
#8775 = DIRECTION ( 'NONE',  ( -0.000000000000000000, -0.000000000000000000, -1.000000000000000000 ) ) ;
#8776 = VERTEX_POINT ( 'NONE', #10730 ) ;
#8777 = ORIENTED_EDGE ( 'NONE', *, *, #7529, .T. ) ;
#8778 = DIRECTION ( 'NONE',  ( -0.000000000000000000, -0.000000000000000000, -1.000000000000000000 ) ) ;
#8779 = ORIENTED_EDGE ( 'NONE', *, *, #5520, .F. ) ;
#8780 = ORIENTED_EDGE ( 'NONE', *, *, #330, .F. ) ;
#8781 = DIRECTION ( 'NONE',  ( 1.000000000000000000, 0.000000000000000000, 0.000000000000000000 ) ) ;
#8782 = DIRECTION ( 'NONE',  ( -2.924200878718996689E-15, 1.000000000000000000, 0.000000000000000000 ) ) ;
#8783 = ORIENTED_EDGE ( 'NONE', *, *, #8842, .T. ) ;
#8784 = DIRECTION ( 'NONE',  ( -1.000000000000000000, 0.000000000000000000, 0.000000000000000000 ) ) ;
#8785 = ORIENTED_EDGE ( 'NONE', *, *, #1238, .F. ) ;
#8786 = CARTESIAN_POINT ( 'NONE',  ( 6.599999999999996092, 0.8898448916085081040, 304.8000000000000114 ) ) ;
#8787 = CYLINDRICAL_SURFACE ( 'NONE', #8193, 0.5000000000000004441 ) ;
#8788 = DIRECTION ( 'NONE',  ( 0.7071067811865465735, -0.7071067811865484609, 0.000000000000000000 ) ) ;
#8789 = ORIENTED_EDGE ( 'NONE', *, *, #434, .T. ) ;
#8790 = CARTESIAN_POINT ( 'NONE',  ( 8.424621202458750346, 2.500000000000000000, 304.8000000000000114 ) ) ;
#8791 =( LENGTH_UNIT ( ) NAMED_UNIT ( * ) SI_UNIT ( .MILLI., .METRE. ) );
#8792 = EDGE_CURVE ( 'NONE', #11689, #5862, #10790, .T. ) ;
#8793 = DIRECTION ( 'NONE',  ( -1.000000000000000000, 0.000000000000000000, 0.000000000000000000 ) ) ;
#8794 = LINE ( 'NONE', #7792, #7834 ) ;
#8795 = ORIENTED_EDGE ( 'NONE', *, *, #1028, .T. ) ;
#8796 = ORIENTED_EDGE ( 'NONE', *, *, #1102, .F. ) ;
#8797 = ORIENTED_EDGE ( 'NONE', *, *, #7670, .F. ) ;
#8798 = LINE ( 'NONE', #4689, #2621 ) ;
#8799 = CARTESIAN_POINT ( 'NONE',  ( -10.00000000000000000, 3.000000000000001332, -104.7750000000000057 ) ) ;
#8800 = EDGE_CURVE ( 'NONE', #3356, #3795, #5561, .T. ) ;
#8801 = VECTOR ( 'NONE', #3971, 1000.000000000000000 ) ;
#8802 = DIRECTION ( 'NONE',  ( 1.000000000000000000, -3.304235192336776005E-16, 0.000000000000000000 ) ) ;
#8803 = CARTESIAN_POINT ( 'NONE',  ( -5.249999999999997335, 7.924621202458751235, 198.8000000000000398 ) ) ;
#8804 = DIRECTION ( 'NONE',  ( -1.000000000000000000, 0.000000000000000000, 0.000000000000000000 ) ) ;
#8805 = LINE ( 'NONE', #1522, #4005 ) ;
#8806 = EDGE_CURVE ( 'NONE', #6014, #6591, #11837, .T. ) ;
#8807 = DIRECTION ( 'NONE',  ( -0.000000000000000000, -0.000000000000000000, -1.000000000000000000 ) ) ;
#8808 = VERTEX_POINT ( 'NONE', #9619 ) ;
#8809 = EDGE_CURVE ( 'NONE', #3682, #9063, #3757, .T. ) ;
#8810 = EDGE_LOOP ( 'NONE', ( #4738, #11619, #537, #12914 ) ) ;
#8811 = ORIENTED_EDGE ( 'NONE', *, *, #12907, .T. ) ;
#8812 = VECTOR ( 'NONE', #412, 1000.000000000000000 ) ;
#8813 = DIRECTION ( 'NONE',  ( 8.065639195895844836E-16, -1.000000000000000000, 0.000000000000000000 ) ) ;
#8814 = CARTESIAN_POINT ( 'NONE',  ( 0.8898448916085185401, -3.600000000000000533, -104.7750000000000057 ) ) ;
#8815 = DIRECTION ( 'NONE',  ( -1.000000000000000000, 0.000000000000000000, 0.000000000000000000 ) ) ;
#8816 = EDGE_CURVE ( 'NONE', #1611, #3043, #533, .T. ) ;
#8817 = DIRECTION ( 'NONE',  ( 0.000000000000000000, -0.000000000000000000, 1.000000000000000000 ) ) ;
#8818 = ORIENTED_EDGE ( 'NONE', *, *, #12822, .T. ) ;
#8819 = DIRECTION ( 'NONE',  ( -0.000000000000000000, -0.000000000000000000, -1.000000000000000000 ) ) ;
#8821 = AXIS2_PLACEMENT_3D ( 'NONE', #2680, #9532, #6726 ) ;
#8820 = DIRECTION ( 'NONE',  ( 0.000000000000000000, 0.000000000000000000, 1.000000000000000000 ) ) ;
#8822 = AXIS2_PLACEMENT_3D ( 'NONE', #711, #4741, #12807 ) ;
#8823 = VERTEX_POINT ( 'NONE', #8554 ) ;
#8824 = DIRECTION ( 'NONE',  ( -0.000000000000000000, -0.000000000000000000, -1.000000000000000000 ) ) ;
#8825 = ORIENTED_EDGE ( 'NONE', *, *, #7472, .T. ) ;
#8826 = ADVANCED_FACE ( 'NONE', ( #1582 ), #5620, .F. ) ;
#8827 = FACE_OUTER_BOUND ( 'NONE', #6046, .T. ) ;
#8828 = DIRECTION ( 'NONE',  ( 0.000000000000000000, -0.000000000000000000, -1.000000000000000000 ) ) ;
#8829 = VECTOR ( 'NONE', #9844, 1000.000000000000000 ) ;
#8830 = CARTESIAN_POINT ( 'NONE',  ( -2.500000000000000444, 9.500000000000000000, 304.8000000000000114 ) ) ;
#8831 = FACE_OUTER_BOUND ( 'NONE', #9311, .T. ) ;
#8832 = CYLINDRICAL_SURFACE ( 'NONE', #8255, 2.999999999999999112 ) ;
#8833 = EDGE_LOOP ( 'NONE', ( #8977, #3342, #6652, #620 ) ) ;
#8834 = DIRECTION ( 'NONE',  ( -0.000000000000000000, 0.000000000000000000, -1.000000000000000000 ) ) ;
#8835 = AXIS2_PLACEMENT_3D ( 'NONE', #2584, #10213, #1123 ) ;
#8836 = VERTEX_POINT ( 'NONE', #5955 ) ;
#8837 = ORIENTED_EDGE ( 'NONE', *, *, #6978, .T. ) ;
#8838 = CARTESIAN_POINT ( 'NONE',  ( -8.424621202458750346, 2.500000000000000000, 304.8000000000000114 ) ) ;
#8839 = ORIENTED_EDGE ( 'NONE', *, *, #3531, .F. ) ;
#8840 = ORIENTED_EDGE ( 'NONE', *, *, #11093, .T. ) ;
#8841 = ADVANCED_FACE ( 'NONE', ( #7003 ), #10137, .F. ) ;
#8842 = EDGE_CURVE ( 'NONE', #10681, #7909, #3891, .T. ) ;
#8843 = VERTEX_POINT ( 'NONE', #3025 ) ;
#8844 = EDGE_CURVE ( 'NONE', #1972, #10471, #5882, .T. ) ;
#8845 = DIRECTION ( 'NONE',  ( 0.7071067811865465735, 0.7071067811865483499, 0.000000000000000000 ) ) ;
#8846 = LINE ( 'NONE', #12998, #4463 ) ;
#8847 = ORIENTED_EDGE ( 'NONE', *, *, #2121, .F. ) ;
#8848 = ORIENTED_EDGE ( 'NONE', *, *, #7007, .T. ) ;
#8849 = CARTESIAN_POINT ( 'NONE',  ( -4.478679656440354151, -3.011165235168150378, 304.8000000000000114 ) ) ;
#8850 = ORIENTED_EDGE ( 'NONE', *, *, #5922, .F. ) ;
#8851 = AXIS2_PLACEMENT_3D ( 'NONE', #1105, #8855, #2813 ) ;
#8852 = CARTESIAN_POINT ( 'NONE',  ( -7.924621202458747682, 5.249999999999995559, 198.8000000000000398 ) ) ;
#8853 = DIRECTION ( 'NONE',  ( 0.000000000000000000, -0.000000000000000000, 1.000000000000000000 ) ) ;
#8854 = ORIENTED_EDGE ( 'NONE', *, *, #7907, .T. ) ;
#8855 = DIRECTION ( 'NONE',  ( 0.7071067811865484609, 0.7071067811865466846, -0.000000000000000000 ) ) ;
#8856 = CONTEXT_DEPENDENT_SHAPE_REPRESENTATION ( #4361, #11336 ) ;
#8857 = AXIS2_PLACEMENT_3D ( 'NONE', #3196, #7110, #6259 ) ;
#8858 = CARTESIAN_POINT ( 'NONE',  ( 8.424621202458750346, 2.500000000000000000, 304.8000000000000114 ) ) ;
#8859 = DIRECTION ( 'NONE',  ( -8.065639195895846808E-16, -1.000000000000000000, 0.000000000000000000 ) ) ;
#8860 = ORIENTED_EDGE ( 'NONE', *, *, #5942, .F. ) ;
#8861 = ORIENTED_EDGE ( 'NONE', *, *, #2720, .T. ) ;
#8862 = DIRECTION ( 'NONE',  ( -1.000000000000000000, 0.000000000000000000, 0.000000000000000000 ) ) ;
#8863 = CARTESIAN_POINT ( 'NONE',  ( -4.478679656440354151, 3.011165235168150378, 304.8000000000000114 ) ) ;
#8864 = AXIS2_PLACEMENT_3D ( 'NONE', #4837, #1797, #3105 ) ;
#8865 = CARTESIAN_POINT ( 'NONE',  ( -7.071067811865473729, -5.603553390593270400, 304.8000000000000114 ) ) ;
#8866 = DIRECTION ( 'NONE',  ( -1.000000000000000000, 0.000000000000000000, 0.000000000000000000 ) ) ;
#8867 = CARTESIAN_POINT ( 'NONE',  ( -8.424621202458750346, -3.000000000000001332, 304.8000000000000114 ) ) ;
#8868 = DIRECTION ( 'NONE',  ( 1.000000000000000000, 0.000000000000000000, 0.000000000000000000 ) ) ;
#8869 = DIRECTION ( 'NONE',  ( -1.000000000000000000, 0.000000000000000000, 0.000000000000000000 ) ) ;
#8870 = EDGE_LOOP ( 'NONE', ( #12031, #4764, #3065, #5270 ) ) ;
#8871 = ORIENTED_EDGE ( 'NONE', *, *, #1765, .T. ) ;
#8872 = ADVANCED_FACE ( 'NONE', ( #13018 ), #6157, .T. ) ;
#8873 = AXIS2_PLACEMENT_3D ( 'NONE', #7997, #13019, #8868 ) ;
#8874 = VERTEX_POINT ( 'NONE', #9140 ) ;
#8875 = VECTOR ( 'NONE', #10712, 1000.000000000000000 ) ;
#8876 = LINE ( 'NONE', #11723, #5342 ) ;
#8877 = DIRECTION ( 'NONE',  ( 1.000000000000000000, 0.000000000000000000, 0.000000000000000000 ) ) ;
#8878 = ADVANCED_FACE ( 'NONE', ( #12026 ), #4024, .F. ) ;
#8879 = CARTESIAN_POINT ( 'NONE',  ( -2.500000000000000000, -8.424621202458752123, 304.8000000000000114 ) ) ;
#8880 = CYLINDRICAL_SURFACE ( 'NONE', #11665, 0.5000000000000004441 ) ;
#8881 = EDGE_CURVE ( 'NONE', #1149, #8294, #12609, .T. ) ;
#8882 = CARTESIAN_POINT ( 'NONE',  ( -8.424621202458750346, -2.500000000000000000, 304.8000000000000114 ) ) ;
#8883 = CARTESIAN_POINT ( 'NONE',  ( -8.250000000000000000, -8.250000000000000000, 304.8000000000000114 ) ) ;
#8884 = VECTOR ( 'NONE', #3586, 1000.000000000000000 ) ;
#8885 = DIRECTION ( 'NONE',  ( -1.000000000000000000, 9.035018104045872913E-16, 0.000000000000000000 ) ) ;
#8886 = AXIS2_PLACEMENT_3D ( 'NONE', #8373, #3571, #9563 ) ;
#8887 = ORIENTED_EDGE ( 'NONE', *, *, #11134, .F. ) ;
#8888 = ORIENTED_EDGE ( 'NONE', *, *, #8024, .T. ) ;
#8889 = LINE ( 'NONE', #1733, #7418 ) ;
#8890 = VERTEX_POINT ( 'NONE', #10921 ) ;
#8891 = EDGE_CURVE ( 'NONE', #1543, #11047, #7076, .T. ) ;
#8892 = DIRECTION ( 'NONE',  ( 0.000000000000000000, 0.000000000000000000, -1.000000000000000000 ) ) ;
#8893 = VECTOR ( 'NONE', #5638, 1000.000000000000000 ) ;
#8894 = CARTESIAN_POINT ( 'NONE',  ( 5.249999999999997335, -7.424621202458749458, 304.8000000000000114 ) ) ;
#8895 = AXIS2_PLACEMENT_3D ( 'NONE', #7952, #11074, #3047 ) ;
#8896 = ORIENTED_EDGE ( 'NONE', *, *, #7304, .T. ) ;
#8897 = LINE ( 'NONE', #1738, #1753 ) ;
#8898 = VECTOR ( 'NONE', #3429, 1000.000000000000000 ) ;
#8899 = DIRECTION ( 'NONE',  ( -1.000000000000000000, 0.000000000000000000, 0.000000000000000000 ) ) ;
#8900 = EDGE_CURVE ( 'NONE', #3265, #10925, #10003, .T. ) ;
#8901 = CARTESIAN_POINT ( 'NONE',  ( -2.500000000000000000, -8.424621202458752123, 304.8000000000000114 ) ) ;
#8902 = DIRECTION ( 'NONE',  ( 0.000000000000000000, 0.000000000000000000, -1.000000000000000000 ) ) ;
#8903 = VERTEX_POINT ( 'NONE', #7996 ) ;
#8904 = LINE ( 'NONE', #2008, #5655 ) ;
#8905 = ORIENTED_EDGE ( 'NONE', *, *, #3897, .F. ) ;
#8906 = ORIENTED_EDGE ( 'NONE', *, *, #3540, .F. ) ;
#8907 = VECTOR ( 'NONE', #5725, 1000.000000000000000 ) ;
#8908 = DIRECTION ( 'NONE',  ( 3.304235192336776005E-16, -1.000000000000000000, 0.000000000000000000 ) ) ;
#8909 = ORIENTED_EDGE ( 'NONE', *, *, #3847, .T. ) ;
#8910 = VERTEX_POINT ( 'NONE', #4884 ) ;
#8911 = ORIENTED_EDGE ( 'NONE', *, *, #6186, .T. ) ;
#8912 = DIRECTION ( 'NONE',  ( -0.7071067811865474617, -0.7071067811865476838, 0.000000000000000000 ) ) ;
#8913 = CARTESIAN_POINT ( 'NONE',  ( 7.424621202458747682, 5.249999999999995559, 304.8000000000000114 ) ) ;
#8914 = DIRECTION ( 'NONE',  ( -1.000000000000000000, 0.000000000000000000, 0.000000000000000000 ) ) ;
#8915 = ORIENTED_EDGE ( 'NONE', *, *, #12968, .T. ) ;
#8916 = VECTOR ( 'NONE', #5928, 1000.000000000000000 ) ;
#8917 = AXIS2_PLACEMENT_3D ( 'NONE', #3868, #12668, #570 ) ;
#8918 = CARTESIAN_POINT ( 'NONE',  ( -7.924621202458747682, 5.249999999999995559, -24.77500000000004832 ) ) ;
#8919 = ADVANCED_FACE ( 'NONE', ( #6937 ), #7140, .T. ) ;
#8920 = EDGE_LOOP ( 'NONE', ( #5790, #12793, #6898, #9729 ) ) ;
#8921 = DIRECTION ( 'NONE',  ( -0.000000000000000000, -0.000000000000000000, -1.000000000000000000 ) ) ;
#8922 = VERTEX_POINT ( 'NONE', #12958 ) ;
#8923 = LINE ( 'NONE', #12946, #4618 ) ;
#8924 = AXIS2_PLACEMENT_3D ( 'NONE', #3823, #10789, #4818 ) ;
#8925 =( REPRESENTATION_RELATIONSHIP ('NONE','NONE', #11367, #5522 ) REPRESENTATION_RELATIONSHIP_WITH_TRANSFORMATION ( #6866 )SHAPE_REPRESENTATION_RELATIONSHIP( ) );
#8926 = AXIS2_PLACEMENT_3D ( 'NONE', #3718, #8828, #811 ) ;
#8927 = CARTESIAN_POINT ( 'NONE',  ( -7.924621202458747682, -5.249999999999995559, 304.8000000000000114 ) ) ;
#8928 = CARTESIAN_POINT ( 'NONE',  ( 8.424621202458750346, -2.500000000000000000, -24.77500000000004832 ) ) ;
#8929 = ORIENTED_EDGE ( 'NONE', *, *, #9359, .F. ) ;
#8930 = VERTEX_POINT ( 'NONE', #921 ) ;
#8931 = VECTOR ( 'NONE', #6680, 1000.000000000000000 ) ;
#8932 = ORIENTED_EDGE ( 'NONE', *, *, #6889, .T. ) ;
#8933 = CARTESIAN_POINT ( 'NONE',  ( 3.000000000000000888, 10.00000000000000000, 304.8000000000000114 ) ) ;
#8934 = EDGE_CURVE ( 'NONE', #4889, #7565, #8139, .T. ) ;
#8936 = EDGE_CURVE ( 'NONE', #4872, #7950, #2949, .T. ) ;
#8935 = VECTOR ( 'NONE', #4829, 1000.000000000000000 ) ;
#8938 = ADVANCED_FACE ( 'NONE', ( #1048 ), #11906, .T. ) ;
#8937 = DIRECTION ( 'NONE',  ( -0.000000000000000000, -0.000000000000000000, -1.000000000000000000 ) ) ;
#8939 = CARTESIAN_POINT ( 'NONE',  ( -3.000000000000000888, -9.500000000000000000, 304.8000000000000114 ) ) ;
#8940 = DIRECTION ( 'NONE',  ( 1.000000000000000000, 0.000000000000000000, 0.000000000000000000 ) ) ;
#8941 = AXIS2_PLACEMENT_3D ( 'NONE', #9934, #7075, #3024 ) ;
#8942 = CARTESIAN_POINT ( 'NONE',  ( 0.8898448916085185401, 3.600000000000000533, -104.7750000000000057 ) ) ;
#8943 = VERTEX_POINT ( 'NONE', #660 ) ;
#8944 =( NAMED_UNIT ( * ) SI_UNIT ( $, .STERADIAN. ) SOLID_ANGLE_UNIT ( ) );
#8945 = ORIENTED_EDGE ( 'NONE', *, *, #6944, .T. ) ;
#8946 = ORIENTED_EDGE ( 'NONE', *, *, #4118, .T. ) ;
#8947 = CIRCLE ( 'NONE', #10010, 2.999999999999999556 ) ;
#8948 = AXIS2_PLACEMENT_3D ( 'NONE', #5588, #5396, #2528 ) ;
#8949 = DIRECTION ( 'NONE',  ( 1.000000000000000000, 0.000000000000000000, 0.000000000000000000 ) ) ;
#8950 = LINE ( 'NONE', #9012, #11289 ) ;
#8951 = DIRECTION ( 'NONE',  ( 1.000000000000000000, 0.000000000000000000, 0.000000000000000000 ) ) ;
#8952 = DIRECTION ( 'NONE',  ( 0.7071067811865465735, -0.7071067811865483499, 0.000000000000000000 ) ) ;
#8953 = CARTESIAN_POINT ( 'NONE',  ( -3.599999999999997424, -0.8898448916085081040, 304.8000000000000114 ) ) ;
#8954 = AXIS2_PLACEMENT_3D ( 'NONE', #4882, #7797, #2632 ) ;
#8956 = VECTOR ( 'NONE', #5709, 1000.000000000000000 ) ;
#8955 = CARTESIAN_POINT ( 'NONE',  ( -8.250000000000000000, -8.250000000000000000, 304.8000000000000114 ) ) ;
#8957 = DIRECTION ( 'NONE',  ( -1.000000000000000000, 0.000000000000000000, 0.000000000000000000 ) ) ;
#8958 = ORIENTED_EDGE ( 'NONE', *, *, #2369, .T. ) ;
#8959 = DIRECTION ( 'NONE',  ( 1.000000000000000000, 0.000000000000000000, 0.000000000000000000 ) ) ;
#8960 = ORIENTED_EDGE ( 'NONE', *, *, #7356, .F. ) ;
#8961 = CARTESIAN_POINT ( 'NONE',  ( -9.500000000000000000, -3.000000000000001332, 304.8000000000000114 ) ) ;
#8962 = EDGE_CURVE ( 'NONE', #12183, #11793, #10071, .T. ) ;
#8963 = CIRCLE ( 'NONE', #2603, 0.5000000000000004441 ) ;
#8964 = AXIS2_PLACEMENT_3D ( 'NONE', #141, #7082, #11122 ) ;
#8965 = CARTESIAN_POINT ( 'NONE',  ( -9.500000000000000000, -2.500000000000000000, 198.8000000000000398 ) ) ;
#8966 = ORIENTED_EDGE ( 'NONE', *, *, #8239, .T. ) ;
#8967 = LINE ( 'NONE', #2719, #10867 ) ;
#8968 = DIRECTION ( 'NONE',  ( -1.000000000000000000, 1.734723475976807292E-15, 0.000000000000000000 ) ) ;
#8969 = EDGE_CURVE ( 'NONE', #10123, #12359, #7957, .T. ) ;
#8970 = CARTESIAN_POINT ( 'NONE',  ( -2.500000000000000444, 9.500000000000000000, 94.80000000000005400 ) ) ;
#8971 = VECTOR ( 'NONE', #2191, 1000.000000000000000 ) ;
#8972 = DIRECTION ( 'NONE',  ( -1.000000000000000000, -0.000000000000000000, -0.000000000000000000 ) ) ;
#8973 = VERTEX_POINT ( 'NONE', #8065 ) ;
#8974 = CARTESIAN_POINT ( 'NONE',  ( 3.599999999999997424, -0.8898448916085081040, -24.77500000000004832 ) ) ;
#8975 = VECTOR ( 'NONE', #8248, 1000.000000000000000 ) ;
#8976 = ORIENTED_EDGE ( 'NONE', *, *, #4148, .T. ) ;
#8977 = ORIENTED_EDGE ( 'NONE', *, *, #7822, .F. ) ;
#8978 = ADVANCED_FACE ( 'NONE', ( #12099 ), #2039, .F. ) ;
#8979 = DIRECTION ( 'NONE',  ( 1.000000000000000000, -8.065639195895846808E-16, 0.000000000000000000 ) ) ;
#8980 = ORIENTED_EDGE ( 'NONE', *, *, #2162, .T. ) ;
#8981 = EDGE_LOOP ( 'NONE', ( #2394, #12057, #7211, #117 ) ) ;
#8982 = DIRECTION ( 'NONE',  ( -1.000000000000000000, 0.000000000000000000, 0.000000000000000000 ) ) ;
#8983 = EDGE_CURVE ( 'NONE', #8776, #10259, #12495, .T. ) ;
#8984 = DIRECTION ( 'NONE',  ( 0.7071067811865465735, 0.7071067811865483499, 0.000000000000000000 ) ) ;
#8985 = VERTEX_POINT ( 'NONE', #11250 ) ;
#8986 = CARTESIAN_POINT ( 'NONE',  ( -3.000000000000000888, -7.924621202458751235, 304.8000000000000114 ) ) ;
#8987 = ORIENTED_EDGE ( 'NONE', *, *, #752, .T. ) ;
#8988 = DIRECTION ( 'NONE',  ( -1.000000000000000000, 0.000000000000000000, 0.000000000000000000 ) ) ;
#8989 = EDGE_CURVE ( 'NONE', #7710, #4991, #1320, .T. ) ;
#8990 = CARTESIAN_POINT ( 'NONE',  ( 9.500000000000000000, 3.000000000000001332, 304.8000000000000114 ) ) ;
#8991 = ORIENTED_EDGE ( 'NONE', *, *, #3565, .F. ) ;
#8992 = ORIENTED_EDGE ( 'NONE', *, *, #1615, .T. ) ;
#8993 = CARTESIAN_POINT ( 'NONE',  ( -5.603553390593272177, -7.071067811865475505, 304.8000000000000114 ) ) ;
#8994 = CONTEXT_DEPENDENT_SHAPE_REPRESENTATION ( #3914, #10415 ) ;
#8995 = FACE_OUTER_BOUND ( 'NONE', #5657, .T. ) ;
#8996 = DIRECTION ( 'NONE',  ( 0.000000000000000000, -0.000000000000000000, -1.000000000000000000 ) ) ;
#8997 = DIRECTION ( 'NONE',  ( 1.000000000000000000, 0.000000000000000000, 0.000000000000000000 ) ) ;
#8998 = ORIENTED_EDGE ( 'NONE', *, *, #4223, .T. ) ;
#8999 = ORIENTED_EDGE ( 'NONE', *, *, #2076, .T. ) ;
#9000 = ORIENTED_EDGE ( 'NONE', *, *, #1580, .F. ) ;
#9001 = DIRECTION ( 'NONE',  ( 0.000000000000000000, 0.000000000000000000, -1.000000000000000000 ) ) ;
#9002 = DIRECTION ( 'NONE',  ( -0.000000000000000000, -0.000000000000000000, -1.000000000000000000 ) ) ;
#9003 = CYLINDRICAL_SURFACE ( 'NONE', #8873, 0.5000000000000004441 ) ;
#9004 = CARTESIAN_POINT ( 'NONE',  ( -9.500000000000000000, 2.500000000000000444, 304.8000000000000114 ) ) ;
#9005 = ORIENTED_EDGE ( 'NONE', *, *, #826, .F. ) ;
#9006 = VERTEX_POINT ( 'NONE', #3157 ) ;
#9007 = EDGE_CURVE ( 'NONE', #4092, #9300, #8603, .T. ) ;
#9008 = EDGE_CURVE ( 'NONE', #12196, #10251, #198, .T. ) ;
#9009 = ADVANCED_FACE ( 'NONE', ( #11313 ), #392, .F. ) ;
#9010 = CARTESIAN_POINT ( 'NONE',  ( -3.000000000000000888, 8.424621202458752123, 304.8000000000000114 ) ) ;
#9011 = AXIS2_PLACEMENT_3D ( 'NONE', #10166, #3054, #12055 ) ;
#9012 = CARTESIAN_POINT ( 'NONE',  ( -8.250000000000000000, -10.00000000000000178, 304.8000000000000114 ) ) ;
#9013 = DIRECTION ( 'NONE',  ( -1.000000000000000000, 0.000000000000000000, 0.000000000000000000 ) ) ;
#9014 = FACE_OUTER_BOUND ( 'NONE', #6781, .T. ) ;
#9015 = DIRECTION ( 'NONE',  ( -0.000000000000000000, -0.000000000000000000, -1.000000000000000000 ) ) ;
#9016 = LINE ( 'NONE', #2967, #12383 ) ;
#9017 = CARTESIAN_POINT ( 'NONE',  ( 7.924621202458747682, 5.249999999999995559, 304.8000000000000114 ) ) ;
#9018 = ORIENTED_EDGE ( 'NONE', *, *, #9989, .F. ) ;
#9019 = LINE ( 'NONE', #1993, #5848 ) ;
#9020 = VERTEX_POINT ( 'NONE', #4229 ) ;
#9021 = AXIS2_PLACEMENT_3D ( 'NONE', #11193, #6888, #10934 ) ;
#9022 = DIRECTION ( 'NONE',  ( -1.000000000000000000, -1.541976423090498986E-15, 0.000000000000000000 ) ) ;
#9023 = LINE ( 'NONE', #943, #7451 ) ;
#9024 = VERTEX_POINT ( 'NONE', #2305 ) ;
#9025 = CARTESIAN_POINT ( 'NONE',  ( -0.8898448916085185401, -6.599999999999999645, 304.8000000000000114 ) ) ;
#9026 = FACE_OUTER_BOUND ( 'NONE', #11588, .T. ) ;
#9027 = CIRCLE ( 'NONE', #11353, 2.150000000000012790 ) ;
#9028 = COLOUR_RGB ( '',0.7921568627450980005, 0.8196078431372548767, 0.9333333333333333481 ) ;
#9029 = DIRECTION ( 'NONE',  ( -0.000000000000000000, -0.000000000000000000, -1.000000000000000000 ) ) ;
#9030 = DIRECTION ( 'NONE',  ( -0.000000000000000000, -0.000000000000000000, -1.000000000000000000 ) ) ;
#9031 = ORIENTED_EDGE ( 'NONE', *, *, #3579, .T. ) ;
#9032 = CYLINDRICAL_SURFACE ( 'NONE', #2342, 0.5000000000000013323 ) ;
#9033 = EDGE_LOOP ( 'NONE', ( #10870, #5962, #1378, #10771 ) ) ;
#9034 = DIRECTION ( 'NONE',  ( -1.000000000000000000, 0.000000000000000000, 0.000000000000000000 ) ) ;
#9035 = ORIENTED_EDGE ( 'NONE', *, *, #881, .T. ) ;
#9036 = VERTEX_POINT ( 'NONE', #133 ) ;
#9037 = CARTESIAN_POINT ( 'NONE',  ( 10.00000000000000000, 3.000000000000001332, -20.77500000000004476 ) ) ;
#9038 = ORIENTED_EDGE ( 'NONE', *, *, #1380, .T. ) ;
#9039 = AXIS2_PLACEMENT_3D ( 'NONE', #6138, #2356, #6408 ) ;
#9040 = ORIENTED_EDGE ( 'NONE', *, *, #11232, .F. ) ;
#9041 = AXIS2_PLACEMENT_3D ( 'NONE', #1569, #12562, #3608 ) ;
#9042 = DIRECTION ( 'NONE',  ( 0.000000000000000000, 1.000000000000000000, 0.000000000000000000 ) ) ;
#9043 = ADVANCED_FACE ( 'NONE', ( #2242 ), #8207, .F. ) ;
#9044 = CARTESIAN_POINT ( 'NONE',  ( -5.249999999999997335, -7.424621202458749458, 304.8000000000000114 ) ) ;
#9045 = ORIENTED_EDGE ( 'NONE', *, *, #6690, .T. ) ;
#9046 = DIRECTION ( 'NONE',  ( 0.000000000000000000, -0.000000000000000000, -1.000000000000000000 ) ) ;
#9047 = ORIENTED_EDGE ( 'NONE', *, *, #12211, .F. ) ;
#9048 = ADVANCED_FACE ( 'NONE', ( #6286 ), #11512, .T. ) ;
#9049 = CARTESIAN_POINT ( 'NONE',  ( -3.000000000000000888, -9.500000000000000000, -20.77500000000004476 ) ) ;
#9050 = AXIS2_PLACEMENT_3D ( 'NONE', #5120, #2137, #4267 ) ;
#9051 = EDGE_CURVE ( 'NONE', #10968, #12731, #4419, .T. ) ;
#9052 = CARTESIAN_POINT ( 'NONE',  ( 7.924621202458747682, -5.249999999999995559, -20.77500000000004476 ) ) ;
#9053 = ORIENTED_EDGE ( 'NONE', *, *, #6891, .T. ) ;
#9054 = ORIENTED_EDGE ( 'NONE', *, *, #7321, .F. ) ;
#9055 = FACE_OUTER_BOUND ( 'NONE', #7332, .T. ) ;
#9056 = FACE_OUTER_BOUND ( 'NONE', #7625, .T. ) ;
#9057 = DIRECTION ( 'NONE',  ( -1.000000000000000000, 0.000000000000000000, 0.000000000000000000 ) ) ;
#9058 = EDGE_CURVE ( 'NONE', #3643, #8111, #5355, .T. ) ;
#9059 = VECTOR ( 'NONE', #13020, 1000.000000000000000 ) ;
#9060 = CARTESIAN_POINT ( 'NONE',  ( -3.000000000000000888, 8.424621202458752123, 304.8000000000000114 ) ) ;
#9061 = ORIENTED_EDGE ( 'NONE', *, *, #1511, .T. ) ;
#9062 = VERTEX_POINT ( 'NONE', #9213 ) ;
#9063 = VERTEX_POINT ( 'NONE', #5220 ) ;
#9064 = VERTEX_POINT ( 'NONE', #12365 ) ;
#9065 = DIRECTION ( 'NONE',  ( -0.000000000000000000, 0.000000000000000000, -1.000000000000000000 ) ) ;
#9066 = CARTESIAN_POINT ( 'NONE',  ( -10.00000000000000000, 3.000000000000001332, 94.79999999999999716 ) ) ;
#9067 = EDGE_CURVE ( 'NONE', #744, #11505, #1825, .T. ) ;
#9068 = DIRECTION ( 'NONE',  ( -1.000000000000000000, 0.000000000000000000, 0.000000000000000000 ) ) ;
#9069 = VECTOR ( 'NONE', #1828, 1000.000000000000000 ) ;
#9070 = CARTESIAN_POINT ( 'NONE',  ( -5.603553390593272177, 7.071067811865475505, 198.8000000000000398 ) ) ;
#9071 = EDGE_LOOP ( 'NONE', ( #8310, #3766, #9645, #4155 ) ) ;
#9072 = UNCERTAINTY_MEASURE_WITH_UNIT (LENGTH_MEASURE( 1.000000000000000082E-05 ), #9818, 'distance_accuracy_value', 'NONE');
#9073 = ORIENTED_EDGE ( 'NONE', *, *, #2793, .F. ) ;
#9074 = EDGE_CURVE ( 'NONE', #7297, #7505, #9880, .T. ) ;
#9075 = DIRECTION ( 'NONE',  ( 0.000000000000000000, 0.000000000000000000, 1.000000000000000000 ) ) ;
#9076 = VECTOR ( 'NONE', #5531, 1000.000000000000000 ) ;
#9077 = LINE ( 'NONE', #990, #1553 ) ;
#9078 = DIRECTION ( 'NONE',  ( 1.000000000000000000, 0.000000000000000000, -0.000000000000000000 ) ) ;
#9079 = FACE_OUTER_BOUND ( 'NONE', #9147, .T. ) ;
#9080 = CARTESIAN_POINT ( 'NONE',  ( 7.924621202458747682, 5.249999999999995559, 304.8000000000000114 ) ) ;
#9082 = EDGE_CURVE ( 'NONE', #8943, #11108, #10343, .T. ) ;
#9081 = DIRECTION ( 'NONE',  ( 0.7071067811865484609, -0.7071067811865466846, 0.000000000000000000 ) ) ;
#9083 = FACE_OUTER_BOUND ( 'NONE', #5010, .T. ) ;
#9084 = CARTESIAN_POINT ( 'NONE',  ( 2.500000000000000000, -8.424621202458752123, -20.77500000000004476 ) ) ;
#9085 = CIRCLE ( 'NONE', #8656, 0.5000000000000004441 ) ;
#9086 = ORIENTED_EDGE ( 'NONE', *, *, #3425, .F. ) ;
#9087 = CARTESIAN_POINT ( 'NONE',  ( -7.071067811865473729, 5.603553390593270400, -20.77500000000004476 ) ) ;
#9088 = CARTESIAN_POINT ( 'NONE',  ( -2.500000000000000000, 8.424621202458752123, 304.8000000000000114 ) ) ;
#9089 = EDGE_LOOP ( 'NONE', ( #7805, #12370, #11462, #721 ) ) ;
#9090 = CARTESIAN_POINT ( 'NONE',  ( 7.424621202458747682, 5.249999999999995559, 304.8000000000000114 ) ) ;
#9091 = CARTESIAN_POINT ( 'NONE',  ( -0.8898448916085185401, -6.599999999999999645, -104.7750000000000057 ) ) ;
#9092 = VECTOR ( 'NONE', #12443, 1000.000000000000000 ) ;
#9093 = ADVANCED_FACE ( 'NONE', ( #6426 ), #5286, .F. ) ;
#9094 =( REPRESENTATION_RELATIONSHIP ('NONE','NONE', #11367, #3658 ) REPRESENTATION_RELATIONSHIP_WITH_TRANSFORMATION ( #11037 )SHAPE_REPRESENTATION_RELATIONSHIP( ) );
#9096 = EDGE_CURVE ( 'NONE', #10348, #1220, #8410, .T. ) ;
#9095 = CARTESIAN_POINT ( 'NONE',  ( -7.924621202458747682, -5.249999999999995559, 304.8000000000000114 ) ) ;
#9097 = LINE ( 'NONE', #3987, #12657 ) ;
#9098 = ORIENTED_EDGE ( 'NONE', *, *, #9434, .T. ) ;
#9099 = LINE ( 'NONE', #4983, #5299 ) ;
#9100 = ORIENTED_EDGE ( 'NONE', *, *, #2638, .F. ) ;
#9101 = CARTESIAN_POINT ( 'NONE',  ( 7.924621202458747682, -5.249999999999995559, 304.8000000000000114 ) ) ;
#9102 = ORIENTED_EDGE ( 'NONE', *, *, #705, .T. ) ;
#9103 = ORIENTED_EDGE ( 'NONE', *, *, #8636, .F. ) ;
#9104 = DIRECTION ( 'NONE',  ( -1.000000000000000000, 1.734723475976805517E-15, 0.000000000000000000 ) ) ;
#9105 = VERTEX_POINT ( 'NONE', #8350 ) ;
#9106 = AXIS2_PLACEMENT_3D ( 'NONE', #11677, #8705, #10822 ) ;
#9107 = AXIS2_PLACEMENT_3D ( 'NONE', #4684, #3947, #8733 ) ;
#9108 = ORIENTED_EDGE ( 'NONE', *, *, #1461, .T. ) ;
#9109 = AXIS2_PLACEMENT_3D ( 'NONE', #10817, #5844, #11865 ) ;
#9110 = CARTESIAN_POINT ( 'NONE',  ( -3.000000000000000888, 7.924621202458751235, 304.8000000000000114 ) ) ;
#9111 = LINE ( 'NONE', #3999, #11241 ) ;
#9112 = ORIENTED_EDGE ( 'NONE', *, *, #5990, .T. ) ;
#9113 = DIRECTION ( 'NONE',  ( 0.000000000000000000, 0.000000000000000000, 1.000000000000000000 ) ) ;
#9114 = VERTEX_POINT ( 'NONE', #3290 ) ;
#9115 = DIRECTION ( 'NONE',  ( -2.924200878718997083E-15, 1.000000000000000000, 0.000000000000000000 ) ) ;
#9116 = CARTESIAN_POINT ( 'NONE',  ( -7.924621202458747682, -5.249999999999995559, -24.77500000000004832 ) ) ;
#9117 = AXIS2_PLACEMENT_3D ( 'NONE', #1353, #7506, #8569 ) ;
#9118 = CIRCLE ( 'NONE', #4669, 0.5000000000000004441 ) ;
#9119 = CIRCLE ( 'NONE', #3393, 2.999999999999999112 ) ;
#9121 = EDGE_CURVE ( 'NONE', #3552, #5018, #12427, .T. ) ;
#9120 = DIRECTION ( 'NONE',  ( -0.000000000000000000, -0.000000000000000000, -1.000000000000000000 ) ) ;
#9122 = VERTEX_POINT ( 'NONE', #9604 ) ;
#9123 = EDGE_LOOP ( 'NONE', ( #9469, #307, #3143, #8494 ) ) ;
#9124 = DIRECTION ( 'NONE',  ( -0.000000000000000000, 0.000000000000000000, -1.000000000000000000 ) ) ;
#9125 = ITEM_DEFINED_TRANSFORMATION ( 'NONE', 'NONE', #5108,  #3417 ) ;
#9126 = LINE ( 'NONE', #5941, #6423 ) ;
#9127 = EDGE_CURVE ( 'NONE', #10533, #8638, #151, .T. ) ;
#9128 = CARTESIAN_POINT ( 'NONE',  ( 9.500000000000000000, 3.000000000000001332, 198.8000000000000398 ) ) ;
#9129 = ORIENTED_EDGE ( 'NONE', *, *, #5990, .F. ) ;
#9130 = CIRCLE ( 'NONE', #1085, 0.5000000000000004441 ) ;
#9131 = CARTESIAN_POINT ( 'NONE',  ( -10.00000000000000000, 3.000000000000001332, 304.8000000000000114 ) ) ;
#9132 = VERTEX_POINT ( 'NONE', #6539 ) ;
#9133 = VECTOR ( 'NONE', #8996, 1000.000000000000000 ) ;
#9134 = ADVANCED_FACE ( 'NONE', ( #12680 ), #9663, .F. ) ;
#9135 = ORIENTED_EDGE ( 'NONE', *, *, #680, .F. ) ;
#9136 = ORIENTED_EDGE ( 'NONE', *, *, #1600, .F. ) ;
#9137 = FACE_OUTER_BOUND ( 'NONE', #2296, .T. ) ;
#9138 = CARTESIAN_POINT ( 'NONE',  ( -8.424621202458750346, 2.500000000000000000, 198.8000000000000398 ) ) ;
#9139 = VECTOR ( 'NONE', #12672, 1000.000000000000000 ) ;
#9141 = EDGE_CURVE ( 'NONE', #3996, #7585, #5669, .T. ) ;
#9140 = CARTESIAN_POINT ( 'NONE',  ( -5.603553390593272177, 7.071067811865475505, -104.7750000000000057 ) ) ;
#9142 = CIRCLE ( 'NONE', #12507, 2.999999999999999556 ) ;
#9143 = VECTOR ( 'NONE', #2409, 1000.000000000000000 ) ;
#9144 = LINE ( 'NONE', #11180, #182 ) ;
#9145 = ORIENTED_EDGE ( 'NONE', *, *, #6791, .F. ) ;
#9146 = EDGE_CURVE ( 'NONE', #8174, #10523, #9796, .T. ) ;
#9147 = EDGE_LOOP ( 'NONE', ( #586, #5815, #3443, #2324 ) ) ;
#9148 = AXIS2_PLACEMENT_3D ( 'NONE', #6814, #11774, #7804 ) ;
#9149 = EDGE_CURVE ( 'NONE', #8922, #12180, #7540, .T. ) ;
#9150 = VECTOR ( 'NONE', #9255, 1000.000000000000114 ) ;
#9151 = CARTESIAN_POINT ( 'NONE',  ( -2.499999999999999556, 8.424621202458752123, -104.7750000000000057 ) ) ;
#9152 = AXIS2_PLACEMENT_3D ( 'NONE', #8894, #2906, #8227 ) ;
#9153 = DIRECTION ( 'NONE',  ( -1.000000000000000000, 2.924200878718996689E-15, 0.000000000000000000 ) ) ;
#9154 = CYLINDRICAL_SURFACE ( 'NONE', #4505, 0.5000000000000008882 ) ;
#9155 = DIRECTION ( 'NONE',  ( -0.000000000000000000, -0.000000000000000000, -1.000000000000000000 ) ) ;
#9156 = DIRECTION ( 'NONE',  ( 0.000000000000000000, 1.000000000000000000, 0.000000000000000000 ) ) ;
#9157 = DIRECTION ( 'NONE',  ( -0.000000000000000000, 0.000000000000000000, -1.000000000000000000 ) ) ;
#9159 = ADVANCED_FACE ( 'NONE', ( #10658 ), #9727, .T. ) ;
#9158 = DIRECTION ( 'NONE',  ( -1.000000000000000000, 0.000000000000000000, 0.000000000000000000 ) ) ;
#9160 = DIRECTION ( 'NONE',  ( -0.000000000000000000, 0.000000000000000000, -1.000000000000000000 ) ) ;
#9161 = VERTEX_POINT ( 'NONE', #5736 ) ;
#9162 = VECTOR ( 'NONE', #2895, 1000.000000000000114 ) ;
#9163 = CARTESIAN_POINT ( 'NONE',  ( -10.00000000000000000, -3.000000000000001332, 304.8000000000000114 ) ) ;
#9164 = AXIS2_PLACEMENT_3D ( 'NONE', #6237, #6295, #8283 ) ;
#9165 = ORIENTED_EDGE ( 'NONE', *, *, #6162, .T. ) ;
#9166 = ORIENTED_EDGE ( 'NONE', *, *, #5377, .T. ) ;
#9167 = AXIS2_PLACEMENT_3D ( 'NONE', #6365, #8362, #12375 ) ;
#9168 = LINE ( 'NONE', #11469, #6566 ) ;
#9169 = CARTESIAN_POINT ( 'NONE',  ( 8.424621202458750346, 2.500000000000000000, -104.7750000000000057 ) ) ;
#9170 = ORIENTED_EDGE ( 'NONE', *, *, #4559, .F. ) ;
#9171 = LINE ( 'NONE', #5243, #12547 ) ;
#9172 = DIRECTION ( 'NONE',  ( -0.000000000000000000, -0.000000000000000000, -1.000000000000000000 ) ) ;
#9173 = VECTOR ( 'NONE', #11321, 1000.000000000000000 ) ;
#9174 = CARTESIAN_POINT ( 'NONE',  ( -8.424621202458750346, -2.500000000000000000, 304.8000000000000114 ) ) ;
#9175 = CARTESIAN_POINT ( 'NONE',  ( 8.250000000000000000, -8.250000000000000000, 304.8000000000000114 ) ) ;
#9176 = ORIENTED_EDGE ( 'NONE', *, *, #6373, .T. ) ;
#9177 = FACE_OUTER_BOUND ( 'NONE', #9524, .T. ) ;
#9178 = ORIENTED_EDGE ( 'NONE', *, *, #2121, .T. ) ;
#9179 = PLANE ( 'NONE',  #10944 ) ;
#9180 = VERTEX_POINT ( 'NONE', #7783 ) ;
#9181 = ORIENTED_EDGE ( 'NONE', *, *, #9188, .T. ) ;
#9182 = DIRECTION ( 'NONE',  ( 0.000000000000000000, 0.000000000000000000, 1.000000000000000000 ) ) ;
#9183 = AXIS2_PLACEMENT_3D ( 'NONE', #10966, #10772, #3741 ) ;
#9184 = VERTEX_POINT ( 'NONE', #11569 ) ;
#9185 = AXIS2_PLACEMENT_3D ( 'NONE', #6508, #2583, #3448 ) ;
#9186 = ORIENTED_EDGE ( 'NONE', *, *, #12641, .T. ) ;
#9187 = CARTESIAN_POINT ( 'NONE',  ( 8.250000000000000000, 8.250000000000000000, -104.7750000000000057 ) ) ;
#9188 = EDGE_CURVE ( 'NONE', #1309, #738, #10774, .T. ) ;
#9189 = EDGE_CURVE ( 'NONE', #13066, #837, #4487, .T. ) ;
#9190 = DIRECTION ( 'NONE',  ( 1.000000000000000000, 0.000000000000000000, 0.000000000000000000 ) ) ;
#9191 = ORIENTED_EDGE ( 'NONE', *, *, #10492, .T. ) ;
#9192 = DIRECTION ( 'NONE',  ( -0.7071067811865465735, -0.7071067811865483499, 0.000000000000000000 ) ) ;
#9193 = EDGE_CURVE ( 'NONE', #7851, #2222, #12746, .T. ) ;
#9194 = VERTEX_POINT ( 'NONE', #3544 ) ;
#9195 = CARTESIAN_POINT ( 'NONE',  ( -4.478679656440354151, 3.011165235168150378, 304.8000000000000114 ) ) ;
#9196 = VECTOR ( 'NONE', #6037, 1000.000000000000000 ) ;
#9197 = CARTESIAN_POINT ( 'NONE',  ( 10.00000000000000000, -3.000000000000001332, 304.8000000000000114 ) ) ;
#9198 = STYLED_ITEM ( 'NONE', ( #7687 ), #3887 ) ;
#9199 = CARTESIAN_POINT ( 'NONE',  ( 7.424621202458747682, -5.249999999999995559, 304.8000000000000114 ) ) ;
#9200 = ORIENTED_EDGE ( 'NONE', *, *, #1935, .T. ) ;
#9201 = VERTEX_POINT ( 'NONE', #7592 ) ;
#9202 = DIRECTION ( 'NONE',  ( -0.000000000000000000, 0.000000000000000000, -1.000000000000000000 ) ) ;
#9203 = LINE ( 'NONE', #187, #11686 ) ;
#9204 = LINE ( 'NONE', #11473, #12500 ) ;
#9205 = AXIS2_PLACEMENT_3D ( 'NONE', #3558, #11523, #6676 ) ;
#9206 = ORIENTED_EDGE ( 'NONE', *, *, #3933, .F. ) ;
#9207 = CARTESIAN_POINT ( 'NONE',  ( 3.011165235168160592, -4.478679656440357704, 304.8000000000000114 ) ) ;
#9208 = ORIENTED_EDGE ( 'NONE', *, *, #1052, .T. ) ;
#9209 = ORIENTED_EDGE ( 'NONE', *, *, #12448, .T. ) ;
#9210 = DIRECTION ( 'NONE',  ( -1.000000000000000000, 0.000000000000000000, 0.000000000000000000 ) ) ;
#9211 = LINE ( 'NONE', #2175, #8420 ) ;
#9212 = VERTEX_POINT ( 'NONE', #11633 ) ;
#9213 = CARTESIAN_POINT ( 'NONE',  ( 8.424621202458750346, -2.500000000000000000, 304.8000000000000114 ) ) ;
#9214 = EDGE_CURVE ( 'NONE', #7089, #3374, #3484, .T. ) ;
#9215 = CARTESIAN_POINT ( 'NONE',  ( 3.011165235168160592, 4.478679656440357704, 304.8000000000000114 ) ) ;
#9216 = DIRECTION ( 'NONE',  ( 1.000000000000000000, 0.000000000000000000, 0.000000000000000000 ) ) ;
#9217 = ORIENTED_EDGE ( 'NONE', *, *, #3332, .T. ) ;
#9218 = VERTEX_POINT ( 'NONE', #12808 ) ;
#9219 = EDGE_CURVE ( 'NONE', #4348, #8050, #4742, .T. ) ;
#9220 = CARTESIAN_POINT ( 'NONE',  ( -6.599999999999996092, -0.8898448916085081040, 94.79999999999999716 ) ) ;
#9221 = PLANE ( 'NONE',  #10467 ) ;
#9222 = CARTESIAN_POINT ( 'NONE',  ( -9.999999999999998224, -8.250000000000000000, -20.77500000000004476 ) ) ;
#9224 = EDGE_CURVE ( 'NONE', #9006, #7227, #6484, .T. ) ;
#9223 = LINE ( 'NONE', #11454, #5981 ) ;
#9225 = DIRECTION ( 'NONE',  ( 0.000000000000000000, 1.000000000000000000, 0.000000000000000000 ) ) ;
#9226 = DIRECTION ( 'NONE',  ( -0.000000000000000000, 0.000000000000000000, -1.000000000000000000 ) ) ;
#9227 = CARTESIAN_POINT ( 'NONE',  ( 10.00000000000000000, -3.000000000000001332, 304.8000000000000114 ) ) ;
#9228 = EDGE_CURVE ( 'NONE', #4842, #2940, #7721, .T. ) ;
#9229 = VERTEX_POINT ( 'NONE', #5606 ) ;
#9230 = SURFACE_STYLE_FILL_AREA ( #1929 ) ;
#9231 = ORIENTED_EDGE ( 'NONE', *, *, #10537, .T. ) ;
#9232 = ORIENTED_EDGE ( 'NONE', *, *, #5922, .T. ) ;
#9233 = DIRECTION ( 'NONE',  ( 0.000000000000000000, -0.000000000000000000, 1.000000000000000000 ) ) ;
#9234 = EDGE_CURVE ( 'NONE', #10518, #9063, #987, .T. ) ;
#9235 = DIRECTION ( 'NONE',  ( -1.000000000000000000, 0.000000000000000000, 0.000000000000000000 ) ) ;
#9236 = DIRECTION ( 'NONE',  ( -0.000000000000000000, -0.000000000000000000, -1.000000000000000000 ) ) ;
#9237 = PRODUCT ( 'AL325.575_5537T104', 'AL325.575_5537T104', '', ( #9667 ) ) ;
#9238 = CARTESIAN_POINT ( 'NONE',  ( 10.00000000000000000, -8.250000000000000000, 304.8000000000000114 ) ) ;
#9239 = PLANE ( 'NONE',  #3952 ) ;
#9241 = AXIS2_PLACEMENT_3D ( 'NONE', #7, #5898, #3104 ) ;
#9240 = DIRECTION ( 'NONE',  ( -1.000000000000000000, 0.000000000000000000, 0.000000000000000000 ) ) ;
#9242 = ADVANCED_FACE ( 'NONE', ( #1695 ), #712, .F. ) ;
#9243 = ORIENTED_EDGE ( 'NONE', *, *, #11786, .F. ) ;
#9244 = DIRECTION ( 'NONE',  ( -1.000000000000000000, 0.000000000000000000, 0.000000000000000000 ) ) ;
#9245 = ORIENTED_EDGE ( 'NONE', *, *, #7582, .F. ) ;
#9246 = DIRECTION ( 'NONE',  ( 1.000000000000000000, 0.000000000000000000, 0.000000000000000000 ) ) ;
#9247 = ORIENTED_EDGE ( 'NONE', *, *, #10462, .F. ) ;
#9248 = VERTEX_POINT ( 'NONE', #4615 ) ;
#9249 = CARTESIAN_POINT ( 'NONE',  ( 3.599999999999997424, -0.8898448916085081040, 198.8000000000000398 ) ) ;
#9250 = VERTEX_POINT ( 'NONE', #8655 ) ;
#9251 = ORIENTED_EDGE ( 'NONE', *, *, #12524, .T. ) ;
#9252 = LINE ( 'NONE', #12143, #8289 ) ;
#9253 = DIRECTION ( 'NONE',  ( 0.000000000000000000, -0.000000000000000000, 1.000000000000000000 ) ) ;
#9254 = VECTOR ( 'NONE', #7279, 1000.000000000000000 ) ;
#9255 = DIRECTION ( 'NONE',  ( 0.7071067811865465735, 0.7071067811865483499, 0.000000000000000000 ) ) ;
#9256 = AXIS2_PLACEMENT_3D ( 'NONE', #7740, #2765, #4567 ) ;
#9257 = ORIENTED_EDGE ( 'NONE', *, *, #6435, .T. ) ;
#9258 = DIRECTION ( 'NONE',  ( -2.924200878718996689E-15, -1.000000000000000000, 0.000000000000000000 ) ) ;
#9259 = DIRECTION ( 'NONE',  ( 1.000000000000000000, -3.304235192336776498E-16, 0.000000000000000000 ) ) ;
#9260 = DIRECTION ( 'NONE',  ( -0.000000000000000000, -0.000000000000000000, -1.000000000000000000 ) ) ;
#9261 = EDGE_CURVE ( 'NONE', #2858, #2007, #6072, .T. ) ;
#9262 = VERTEX_POINT ( 'NONE', #9857 ) ;
#9263 = DIRECTION ( 'NONE',  ( -1.000000000000000000, 0.000000000000000000, 0.000000000000000000 ) ) ;
#9264 = ADVANCED_FACE ( 'NONE', ( #10056 ), #2810, .T. ) ;
#9265 = CIRCLE ( 'NONE', #996, 2.150000000000012790 ) ;
#9266 = ORIENTED_EDGE ( 'NONE', *, *, #8068, .T. ) ;
#9267 = ORIENTED_EDGE ( 'NONE', *, *, #3127, .F. ) ;
#9268 = EDGE_CURVE ( 'NONE', #8055, #11801, #7981, .T. ) ;
#9269 = VECTOR ( 'NONE', #8231, 1000.000000000000000 ) ;
#9270 = CARTESIAN_POINT ( 'NONE',  ( -8.250000000000000000, -10.00000000000000178, 304.8000000000000114 ) ) ;
#9271 = DIRECTION ( 'NONE',  ( 0.000000000000000000, -0.000000000000000000, -1.000000000000000000 ) ) ;
#9272 = VECTOR ( 'NONE', #10470, 1000.000000000000000 ) ;
#9273 = DIRECTION ( 'NONE',  ( -0.000000000000000000, -0.000000000000000000, -1.000000000000000000 ) ) ;
#9274 = CARTESIAN_POINT ( 'NONE',  ( 7.071067811865473729, 5.603553390593270400, 304.8000000000000114 ) ) ;
#9275 = EDGE_LOOP ( 'NONE', ( #4409, #3061, #2176, #10101 ) ) ;
#9276 = ORIENTED_EDGE ( 'NONE', *, *, #5030, .F. ) ;
#9277 = AXIS2_PLACEMENT_3D ( 'NONE', #5252, #228, #102 ) ;
#9278 = CARTESIAN_POINT ( 'NONE',  ( 3.000000000000000888, -8.424621202458752123, 304.8000000000000114 ) ) ;
#9279 = CARTESIAN_POINT ( 'NONE',  ( 9.500000000000000000, 2.500000000000000444, 304.8000000000000114 ) ) ;
#9280 = EDGE_CURVE ( 'NONE', #7874, #9062, #1029, .T. ) ;
#9281 = ORIENTED_EDGE ( 'NONE', *, *, #9946, .T. ) ;
#9282 = DIRECTION ( 'NONE',  ( 3.304235192336776498E-16, 1.000000000000000000, -0.000000000000000000 ) ) ;
#9283 = EDGE_CURVE ( 'NONE', #6255, #11640, #12618, .T. ) ;
#9284 = CARTESIAN_POINT ( 'NONE',  ( 3.000000000000000888, 9.500000000000000000, 304.8000000000000114 ) ) ;
#9285 = DIRECTION ( 'NONE',  ( 0.000000000000000000, 0.000000000000000000, 1.000000000000000000 ) ) ;
#9286 = VERTEX_POINT ( 'NONE', #11952 ) ;
#9287 = VECTOR ( 'NONE', #3293, 1000.000000000000000 ) ;
#9288 = ORIENTED_EDGE ( 'NONE', *, *, #5091, .F. ) ;
#9289 = PLANE ( 'NONE',  #12944 ) ;
#9290 = CARTESIAN_POINT ( 'NONE',  ( 10.00000000000000000, 8.250000000000000000, 304.8000000000000114 ) ) ;
#9291 = DIRECTION ( 'NONE',  ( -1.000000000000000000, 0.000000000000000000, 0.000000000000000000 ) ) ;
#9292 = AXIS2_PLACEMENT_3D ( 'NONE', #6542, #3746, #2554 ) ;
#9293 = PLANE ( 'NONE',  #4077 ) ;
#9294 = DIRECTION ( 'NONE',  ( -0.000000000000000000, -0.000000000000000000, -1.000000000000000000 ) ) ;
#9295 = LINE ( 'NONE', #9431, #8169 ) ;
#9296 = DIRECTION ( 'NONE',  ( 1.000000000000000000, 3.304235192336776498E-16, 0.000000000000000000 ) ) ;
#9297 = CARTESIAN_POINT ( 'NONE',  ( 7.071067811865473729, -5.603553390593270400, 94.79999999999999716 ) ) ;
#9298 = EDGE_CURVE ( 'NONE', #2970, #7410, #1626, .T. ) ;
#9299 = ORIENTED_EDGE ( 'NONE', *, *, #2206, .F. ) ;
#9300 = VERTEX_POINT ( 'NONE', #1823 ) ;
#9301 = VECTOR ( 'NONE', #1679, 1000.000000000000000 ) ;
#9302 = ADVANCED_FACE ( 'NONE', ( #4003 ), #11893, .F. ) ;
#9303 = DIRECTION ( 'NONE',  ( -3.304235192336776498E-16, -1.000000000000000000, 0.000000000000000000 ) ) ;
#9304 = CARTESIAN_POINT ( 'NONE',  ( -7.424621202458747682, 5.249999999999995559, 304.8000000000000114 ) ) ;
#9305 = DIRECTION ( 'NONE',  ( -0.000000000000000000, 0.000000000000000000, -1.000000000000000000 ) ) ;
#9306 = ADVANCED_FACE ( 'NONE', ( #5060 ), #4999, .F. ) ;
#9307 = FACE_OUTER_BOUND ( 'NONE', #6141, .T. ) ;
#9308 = LINE ( 'NONE', #6314, #8590 ) ;
#9309 = VECTOR ( 'NONE', #7101, 1000.000000000000000 ) ;
#9310 = CARTESIAN_POINT ( 'NONE',  ( -10.00000000000000000, 3.000000000000001332, 304.8000000000000114 ) ) ;
#9311 = EDGE_LOOP ( 'NONE', ( #1899, #968, #5348, #9835 ) ) ;
#9312 = CARTESIAN_POINT ( 'NONE',  ( -5.249999999999997335, -7.924621202458751235, -24.77500000000004832 ) ) ;
#9313 = ORIENTED_EDGE ( 'NONE', *, *, #7553, .T. ) ;
#9314 = CARTESIAN_POINT ( 'NONE',  ( 3.599999999999997424, 0.8898448916085081040, 304.8000000000000114 ) ) ;
#9315 = EDGE_CURVE ( 'NONE', #8808, #2665, #3877, .T. ) ;
#9316 = ORIENTED_EDGE ( 'NONE', *, *, #839, .F. ) ;
#9317 = ORIENTED_EDGE ( 'NONE', *, *, #72, .F. ) ;
#9318 = DIRECTION ( 'NONE',  ( 0.7071067811865465735, 0.7071067811865484609, 0.000000000000000000 ) ) ;
#9319 = ORIENTED_EDGE ( 'NONE', *, *, #6707, .F. ) ;
#9320 = ORIENTED_EDGE ( 'NONE', *, *, #1060, .T. ) ;
#9321 = LINE ( 'NONE', #312, #2331 ) ;
#9322 = CIRCLE ( 'NONE', #5282, 0.5000000000000004441 ) ;
#9323 = CARTESIAN_POINT ( 'NONE',  ( -8.250000000000000000, 10.00000000000000178, 304.8000000000000114 ) ) ;
#9324 = CARTESIAN_POINT ( 'NONE',  ( -7.071067811865473729, 5.603553390593270400, 304.8000000000000114 ) ) ;
#9325 = AXIS2_PLACEMENT_3D ( 'NONE', #7474, #4673, #3483 ) ;
#9326 = ADVANCED_FACE ( 'NONE', ( #2931 ), #1766, .T. ) ;
#9327 = CARTESIAN_POINT ( 'NONE',  ( 0.8898448916085185401, -6.599999999999999645, -20.77500000000004476 ) ) ;
#9328 = CARTESIAN_POINT ( 'NONE',  ( -8.424621202458750346, 2.500000000000000000, 304.8000000000000114 ) ) ;
#9329 = DIRECTION ( 'NONE',  ( 1.000000000000000000, -0.000000000000000000, -0.000000000000000000 ) ) ;
#9330 = ORIENTED_EDGE ( 'NONE', *, *, #4951, .F. ) ;
#9331 = LINE ( 'NONE', #1370, #3097 ) ;
#9332 = EDGE_CURVE ( 'NONE', #2479, #8312, #10528, .T. ) ;
#9333 = ORIENTED_EDGE ( 'NONE', *, *, #3927, .F. ) ;
#9334 = ORIENTED_EDGE ( 'NONE', *, *, #5804, .T. ) ;
#9335 = VECTOR ( 'NONE', #11399, 1000.000000000000000 ) ;
#9336 = FACE_OUTER_BOUND ( 'NONE', #9637, .T. ) ;
#9337 = ORIENTED_EDGE ( 'NONE', *, *, #1047, .T. ) ;
#9338 = CARTESIAN_POINT ( 'NONE',  ( 10.00000000000000000, 3.000000000000001332, 304.8000000000000114 ) ) ;
#9339 = CARTESIAN_POINT ( 'NONE',  ( 0.8898448916085185401, 3.600000000000000533, 304.8000000000000114 ) ) ;
#9340 = ORIENTED_EDGE ( 'NONE', *, *, #4635, .T. ) ;
#9341 = ORIENTED_EDGE ( 'NONE', *, *, #1834, .F. ) ;
#9342 = VECTOR ( 'NONE', #12197, 1000.000000000000000 ) ;
#9343 = VECTOR ( 'NONE', #2717, 1000.000000000000000 ) ;
#9344 = AXIS2_PLACEMENT_3D ( 'NONE', #11516, #6359, #9608 ) ;
#9345 = FACE_BOUND ( 'NONE', #7894, .T. ) ;
#9346 = CARTESIAN_POINT ( 'NONE',  ( 3.011165235168161036, 4.478679656440357704, -24.77500000000004832 ) ) ;
#9347 = CARTESIAN_POINT ( 'NONE',  ( 3.000000000000000888, -10.00000000000000000, 304.8000000000000114 ) ) ;
#9348 = CARTESIAN_POINT ( 'NONE',  ( 0.000000000000000000, 3.600000000000000089, 304.8000000000000114 ) ) ;
#9349 = DIRECTION ( 'NONE',  ( 5.987589548645528301E-32, 3.304235192336776005E-16, -1.000000000000000000 ) ) ;
#9350 = VECTOR ( 'NONE', #7926, 1000.000000000000000 ) ;
#9351 = VERTEX_POINT ( 'NONE', #49 ) ;
#9352 = AXIS2_PLACEMENT_3D ( 'NONE', #5068, #8197, #11238 ) ;
#9353 = ORIENTED_EDGE ( 'NONE', *, *, #6304, .F. ) ;
#9354 = PRODUCT_DEFINITION_SHAPE ( 'NONE', 'NONE',  #13085 ) ;
#9355 = EDGE_CURVE ( 'NONE', #6062, #5031, #6704, .T. ) ;
#9356 = DIRECTION ( 'NONE',  ( -8.065639195895844836E-16, -1.000000000000000000, 0.000000000000000000 ) ) ;
#9357 = ADVANCED_FACE ( 'NONE', ( #5937 ), #6923, .F. ) ;
#9358 = DIRECTION ( 'NONE',  ( 0.000000000000000000, 0.000000000000000000, -1.000000000000000000 ) ) ;
#9359 = EDGE_CURVE ( 'NONE', #4092, #8903, #7850, .T. ) ;
#9360 = VECTOR ( 'NONE', #9872, 1000.000000000000000 ) ;
#9361 = CYLINDRICAL_SURFACE ( 'NONE', #8330, 2.999999999999999556 ) ;
#9362 = AXIS2_PLACEMENT_3D ( 'NONE', #2861, #5798, #10962 ) ;
#9364 = CIRCLE ( 'NONE', #3827, 2.999999999999999112 ) ;
#9363 = CARTESIAN_POINT ( 'NONE',  ( -2.500000000000000000, 8.424621202458752123, 304.8000000000000114 ) ) ;
#9365 = DIRECTION ( 'NONE',  ( -0.000000000000000000, -0.000000000000000000, -1.000000000000000000 ) ) ;
#9366 = DIRECTION ( 'NONE',  ( -0.000000000000000000, -0.000000000000000000, -1.000000000000000000 ) ) ;
#9367 = CARTESIAN_POINT ( 'NONE',  ( 10.00000000000000000, 8.250000000000000000, 304.8000000000000114 ) ) ;
#9368 = CYLINDRICAL_SURFACE ( 'NONE', #771, 1.749999999999999778 ) ;
#9369 = ORIENTED_EDGE ( 'NONE', *, *, #6027, .F. ) ;
#9370 = ORIENTED_EDGE ( 'NONE', *, *, #11498, .F. ) ;
#9371 = AXIS2_PLACEMENT_3D ( 'NONE', #10318, #5055, #7253 ) ;
#9372 = VECTOR ( 'NONE', #1803, 1000.000000000000000 ) ;
#9373 = VERTEX_POINT ( 'NONE', #835 ) ;
#9374 = DIRECTION ( 'NONE',  ( 1.541976423090499183E-15, -1.000000000000000000, -0.000000000000000000 ) ) ;
#9375 = DIRECTION ( 'NONE',  ( 0.000000000000000000, -0.000000000000000000, -1.000000000000000000 ) ) ;
#9376 = DIRECTION ( 'NONE',  ( 0.000000000000000000, 1.000000000000000000, 0.000000000000000000 ) ) ;
#9377 = CYLINDRICAL_SURFACE ( 'NONE', #8886, 2.999999999999999112 ) ;
#9378 = VECTOR ( 'NONE', #9755, 1000.000000000000000 ) ;
#9380 = AXIS2_PLACEMENT_3D ( 'NONE', #7147, #10143, #7081 ) ;
#9379 = CARTESIAN_POINT ( 'NONE',  ( 0.000000000000000000, -3.600000000000000089, 304.8000000000000114 ) ) ;
#9381 = CARTESIAN_POINT ( 'NONE',  ( -7.071067811865473729, -5.603553390593270400, 304.8000000000000114 ) ) ;
#9382 = VERTEX_POINT ( 'NONE', #4870 ) ;
#9383 = LINE ( 'NONE', #3324, #3172 ) ;
#9384 = ORIENTED_EDGE ( 'NONE', *, *, #11867, .T. ) ;
#9385 = LINE ( 'NONE', #2072, #5443 ) ;
#9386 = ORIENTED_EDGE ( 'NONE', *, *, #11279, .F. ) ;
#9387 = CIRCLE ( 'NONE', #9801, 0.4999999999999995559 ) ;
#9388 = ORIENTED_EDGE ( 'NONE', *, *, #2433, .T. ) ;
#9389 = EDGE_CURVE ( 'NONE', #10661, #9218, #9265, .T. ) ;
#9390 = ORIENTED_EDGE ( 'NONE', *, *, #3461, .F. ) ;
#9391 = DIRECTION ( 'NONE',  ( -0.000000000000000000, -0.000000000000000000, -1.000000000000000000 ) ) ;
#9392 = AXIS2_PLACEMENT_3D ( 'NONE', #3434, #7487, #9738 ) ;
#9393 = VECTOR ( 'NONE', #10888, 1000.000000000000000 ) ;
#9394 = PLANE ( 'NONE',  #7441 ) ;
#9395 = LINE ( 'NONE', #3069, #9991 ) ;
#9396 = FACE_OUTER_BOUND ( 'NONE', #9714, .T. ) ;
#9397 = ADVANCED_FACE ( 'NONE', ( #13003 ), #3937, .F. ) ;
#9398 = LINE ( 'NONE', #10452, #12753 ) ;
#9399 = EDGE_CURVE ( 'NONE', #8709, #2665, #5135, .T. ) ;
#9400 = DIRECTION ( 'NONE',  ( -1.000000000000000000, 0.000000000000000000, 0.000000000000000000 ) ) ;
#9401 = ORIENTED_EDGE ( 'NONE', *, *, #10504, .T. ) ;
#9402 = CARTESIAN_POINT ( 'NONE',  ( 0.8898448916085185401, -3.600000000000000533, 94.79999999999999716 ) ) ;
#9403 = VECTOR ( 'NONE', #7430, 1000.000000000000000 ) ;
#9404 = VERTEX_POINT ( 'NONE', #4286 ) ;
#9405 = ORIENTED_EDGE ( 'NONE', *, *, #6868, .T. ) ;
#9406 = EDGE_CURVE ( 'NONE', #12954, #1309, #3519, .T. ) ;
#9407 = CYLINDRICAL_SURFACE ( 'NONE', #10352, 0.5000000000000008882 ) ;
#9408 = VERTEX_POINT ( 'NONE', #11300 ) ;
#9409 = DIRECTION ( 'NONE',  ( 0.000000000000000000, 0.000000000000000000, -1.000000000000000000 ) ) ;
#9410 = DIRECTION ( 'NONE',  ( -0.000000000000000000, 0.000000000000000000, -1.000000000000000000 ) ) ;
#9411 = ORIENTED_EDGE ( 'NONE', *, *, #476, .T. ) ;
#9412 = VECTOR ( 'NONE', #6664, 1000.000000000000000 ) ;
#9413 = VERTEX_POINT ( 'NONE', #9402 ) ;
#9415 = EDGE_CURVE ( 'NONE', #4986, #10642, #6335, .T. ) ;
#9414 = AXIS2_PLACEMENT_3D ( 'NONE', #6803, #5817, #8862 ) ;
#9416 = DIRECTION ( 'NONE',  ( -1.000000000000000000, -4.873668131198272923E-16, 0.000000000000000000 ) ) ;
#9417 = CARTESIAN_POINT ( 'NONE',  ( -9.500000000000000000, 3.000000000000001332, 304.8000000000000114 ) ) ;
#9418 = ORIENTED_EDGE ( 'NONE', *, *, #9719, .T. ) ;
#9419 = DIRECTION ( 'NONE',  ( -0.000000000000000000, -0.000000000000000000, -1.000000000000000000 ) ) ;
#9420 = CARTESIAN_POINT ( 'NONE',  ( 3.011165235168160592, 4.478679656440357704, 304.8000000000000114 ) ) ;
#9421 = CIRCLE ( 'NONE', #931, 0.5000000000000004441 ) ;
#9422 = CARTESIAN_POINT ( 'NONE',  ( 403.4191185303761245, 334.4108796227577045, 17.49769795522470162 ) ) ;
#9423 = AXIS2_PLACEMENT_3D ( 'NONE', #10260, #6133, #7185 ) ;
#9424 = DIRECTION ( 'NONE',  ( -0.000000000000000000, -0.000000000000000000, -1.000000000000000000 ) ) ;
#9425 = VERTEX_POINT ( 'NONE', #7261 ) ;
#9426 = LINE ( 'NONE', #4368, #3432 ) ;
#9427 = CARTESIAN_POINT ( 'NONE',  ( -3.011165235168160592, -4.478679656440356815, 94.79999999999999716 ) ) ;
#9428 = FACE_OUTER_BOUND ( 'NONE', #10285, .T. ) ;
#9429 = FACE_BOUND ( 'NONE', #10654, .T. ) ;
#9430 = DIRECTION ( 'NONE',  ( 0.000000000000000000, -0.000000000000000000, -1.000000000000000000 ) ) ;
#9431 = CARTESIAN_POINT ( 'NONE',  ( -2.500000000000000444, -9.500000000000000000, 304.8000000000000114 ) ) ;
#9432 = FACE_OUTER_BOUND ( 'NONE', #11827, .T. ) ;
#9433 = CARTESIAN_POINT ( 'NONE',  ( -5.249999999999997335, -7.424621202458749458, 304.8000000000000114 ) ) ;
#9434 = EDGE_CURVE ( 'NONE', #11374, #7645, #2156, .T. ) ;
#9435 = EDGE_CURVE ( 'NONE', #4789, #7742, #10936, .T. ) ;
#9436 = ORIENTED_EDGE ( 'NONE', *, *, #2493, .F. ) ;
#9437 = EDGE_CURVE ( 'NONE', #8823, #4842, #10389, .T. ) ;
#9438 = ORIENTED_EDGE ( 'NONE', *, *, #11420, .T. ) ;
#9439 = ORIENTED_EDGE ( 'NONE', *, *, #12296, .T. ) ;
#9440 = LINE ( 'NONE', #10552, #10401 ) ;
#9441 = DIRECTION ( 'NONE',  ( -0.000000000000000000, -0.000000000000000000, -1.000000000000000000 ) ) ;
#9442 = DIRECTION ( 'NONE',  ( 1.000000000000000000, 0.000000000000000000, 0.000000000000000000 ) ) ;
#9443 = FACE_OUTER_BOUND ( 'NONE', #3204, .T. ) ;
#9444 = DIRECTION ( 'NONE',  ( -0.000000000000000000, -0.000000000000000000, -1.000000000000000000 ) ) ;
#9445 = CARTESIAN_POINT ( 'NONE',  ( 8.424621202458750346, -3.000000000000001332, 304.8000000000000114 ) ) ;
#9446 = EDGE_LOOP ( 'NONE', ( #3504, #8614, #6338, #9877 ) ) ;
#9447 = DIRECTION ( 'NONE',  ( -1.000000000000000000, 0.000000000000000000, 0.000000000000000000 ) ) ;
#9448 = VERTEX_POINT ( 'NONE', #7124 ) ;
#9449 = ORIENTED_EDGE ( 'NONE', *, *, #12838, .F. ) ;
#9450 = VERTEX_POINT ( 'NONE', #3074 ) ;
#9451 = DIRECTION ( 'NONE',  ( -1.000000000000000000, 0.000000000000000000, 0.000000000000000000 ) ) ;
#9452 = CARTESIAN_POINT ( 'NONE',  ( 5.603553390593272177, 7.071067811865475505, 304.8000000000000114 ) ) ;
#9453 = FACE_OUTER_BOUND ( 'NONE', #2710, .T. ) ;
#9454 = CARTESIAN_POINT ( 'NONE',  ( -8.250000000000000000, -8.250000000000000000, 304.8000000000000114 ) ) ;
#9455 = FACE_BOUND ( 'NONE', #10161, .T. ) ;
#9456 = PRODUCT_DEFINITION_SHAPE ( 'NONE', 'NONE',  #13074 ) ;
#9457 = CARTESIAN_POINT ( 'NONE',  ( 7.924621202458747682, 5.249999999999995559, 304.8000000000000114 ) ) ;
#9458 = DIRECTION ( 'NONE',  ( 0.7071067811865476838, 0.7071067811865474617, 0.000000000000000000 ) ) ;
#9459 = ORIENTED_EDGE ( 'NONE', *, *, #9051, .T. ) ;
#9460 = ORIENTED_EDGE ( 'NONE', *, *, #8806, .F. ) ;
#9461 = CARTESIAN_POINT ( 'NONE',  ( -3.000000000000000888, 7.924621202458751235, -20.77500000000004476 ) ) ;
#9462 = VERTEX_POINT ( 'NONE', #12412 ) ;
#9463 = EDGE_CURVE ( 'NONE', #5137, #6394, #10266, .T. ) ;
#9464 = VECTOR ( 'NONE', #11648, 1000.000000000000000 ) ;
#9465 = DIRECTION ( 'NONE',  ( 0.7071067811865465735, 0.7071067811865483499, 0.000000000000000000 ) ) ;
#9466 = CARTESIAN_POINT ( 'NONE',  ( -7.071067811865473729, -5.603553390593270400, -104.7750000000000057 ) ) ;
#9467 = EDGE_LOOP ( 'NONE', ( #1995, #19, #7976, #3905 ) ) ;
#9468 = EDGE_CURVE ( 'NONE', #9105, #10142, #5269, .T. ) ;
#9469 = ORIENTED_EDGE ( 'NONE', *, *, #4743, .F. ) ;
#9470 = ADVANCED_FACE ( 'NONE', ( #11164 ), #5201, .F. ) ;
#9471 = LINE ( 'NONE', #11510, #1348 ) ;
#9472 = DIRECTION ( 'NONE',  ( 0.000000000000000000, -0.000000000000000000, 1.000000000000000000 ) ) ;
#9473 = ORIENTED_EDGE ( 'NONE', *, *, #11603, .T. ) ;
#9474 = DIRECTION ( 'NONE',  ( 1.000000000000000000, 0.000000000000000000, 0.000000000000000000 ) ) ;
#9475 = ORIENTED_EDGE ( 'NONE', *, *, #10630, .T. ) ;
#9476 = LINE ( 'NONE', #268, #6722 ) ;
#9477 = DIRECTION ( 'NONE',  ( 0.000000000000000000, 0.000000000000000000, 1.000000000000000000 ) ) ;
#9478 = ADVANCED_FACE ( 'NONE', ( #10191 ), #324, .F. ) ;
#9479 = LINE ( 'NONE', #8927, #10413 ) ;
#9480 = CIRCLE ( 'NONE', #10110, 2.999999999999999556 ) ;
#9481 = CARTESIAN_POINT ( 'NONE',  ( 7.924621202458747682, -5.249999999999995559, 198.8000000000000398 ) ) ;
#9482 = CARTESIAN_POINT ( 'NONE',  ( -3.000000000000000888, 7.924621202458751235, 304.8000000000000114 ) ) ;
#9483 = EDGE_CURVE ( 'NONE', #508, #12002, #9331, .T. ) ;
#9484 = CARTESIAN_POINT ( 'NONE',  ( -10.00000000000000000, -3.000000000000001332, 304.8000000000000114 ) ) ;
#9485 = CARTESIAN_POINT ( 'NONE',  ( -7.424621202458747682, -5.249999999999995559, 94.79999999999999716 ) ) ;
#9486 = LINE ( 'NONE', #4563, #5102 ) ;
#9487 = DIRECTION ( 'NONE',  ( -1.000000000000000000, 4.873668131198272923E-16, 0.000000000000000000 ) ) ;
#9488 = CARTESIAN_POINT ( 'NONE',  ( 5.603553390593272177, -7.071067811865475505, 304.8000000000000114 ) ) ;
#9489 = CARTESIAN_POINT ( 'NONE',  ( -2.500000000000000444, 9.500000000000000000, 304.8000000000000114 ) ) ;
#9490 = PRODUCT_RELATED_PRODUCT_CATEGORY ( 'part', '', ( #11660 ) ) ;
#9491 = VERTEX_POINT ( 'NONE', #4405 ) ;
#9492 = VERTEX_POINT ( 'NONE', #3341 ) ;
#9493 = ORIENTED_EDGE ( 'NONE', *, *, #1798, .F. ) ;
#9494 = ORIENTED_EDGE ( 'NONE', *, *, #9828, .T. ) ;
#9495 = LINE ( 'NONE', #416, #2741 ) ;
#9496 = DIRECTION ( 'NONE',  ( 0.000000000000000000, 0.000000000000000000, -1.000000000000000000 ) ) ;
#9497 = CIRCLE ( 'NONE', #11172, 2.999999999999999556 ) ;
#9498 = CARTESIAN_POINT ( 'NONE',  ( -0.8898448916085185401, -6.599999999999999645, 304.8000000000000114 ) ) ;
#9499 = CARTESIAN_POINT ( 'NONE',  ( -2.499999999999999556, 8.424621202458752123, 198.8000000000000398 ) ) ;
#9500 = ADVANCED_FACE ( 'NONE', ( #12351 ), #7328, .F. ) ;
#9501 = CARTESIAN_POINT ( 'NONE',  ( 7.071067811865473729, 5.603553390593270400, 304.8000000000000114 ) ) ;
#9502 = FACE_OUTER_BOUND ( 'NONE', #7457, .T. ) ;
#9503 = EDGE_LOOP ( 'NONE', ( #10248, #12570, #1703, #10328 ) ) ;
#9504 = CARTESIAN_POINT ( 'NONE',  ( -3.000000000000000888, 10.00000000000000000, 94.79999999999999716 ) ) ;
#9505 = VECTOR ( 'NONE', #8317, 1000.000000000000000 ) ;
#9506 = VERTEX_POINT ( 'NONE', #7388 ) ;
#9507 = CARTESIAN_POINT ( 'NONE',  ( -3.000000000000000888, -9.500000000000000000, 304.8000000000000114 ) ) ;
#9508 = DIRECTION ( 'NONE',  ( 0.000000000000000000, 0.000000000000000000, -1.000000000000000000 ) ) ;
#9509 = CARTESIAN_POINT ( 'NONE',  ( -3.000000000000000888, -9.500000000000000000, -24.77500000000004832 ) ) ;
#9510 = EDGE_CURVE ( 'NONE', #9229, #170, #11765, .T. ) ;
#9511 = CARTESIAN_POINT ( 'NONE',  ( 3.000000000000000888, 10.00000000000000000, 304.8000000000000114 ) ) ;
#9512 = EDGE_CURVE ( 'NONE', #6261, #8433, #1101, .T. ) ;
#9513 = DIRECTION ( 'NONE',  ( -0.000000000000000000, -0.000000000000000000, -1.000000000000000000 ) ) ;
#9514 = DIRECTION ( 'NONE',  ( 0.000000000000000000, 0.000000000000000000, 1.000000000000000000 ) ) ;
#9515 = ORIENTED_EDGE ( 'NONE', *, *, #11248, .F. ) ;
#9516 = FACE_OUTER_BOUND ( 'NONE', #10128, .T. ) ;
#9517 = ORIENTED_EDGE ( 'NONE', *, *, #7622, .F. ) ;
#9518 = ORIENTED_EDGE ( 'NONE', *, *, #9280, .T. ) ;
#9519 = CARTESIAN_POINT ( 'NONE',  ( -7.924621202458749458, -3.000000000000001332, 304.8000000000000114 ) ) ;
#9520 = ORIENTED_EDGE ( 'NONE', *, *, #10511, .T. ) ;
#9521 = VECTOR ( 'NONE', #12647, 1000.000000000000000 ) ;
#9522 = DIRECTION ( 'NONE',  ( -1.000000000000000000, 0.000000000000000000, 0.000000000000000000 ) ) ;
#9523 = CARTESIAN_POINT ( 'NONE',  ( -3.599999999999997424, 0.8898448916085081040, -104.7750000000000057 ) ) ;
#9524 = EDGE_LOOP ( 'NONE', ( #7627, #9670, #5828, #5249 ) ) ;
#9525 = FACE_OUTER_BOUND ( 'NONE', #2449, .T. ) ;
#9526 = ORIENTED_EDGE ( 'NONE', *, *, #2270, .F. ) ;
#9527 = DIRECTION ( 'NONE',  ( 1.000000000000000000, 0.000000000000000000, 0.000000000000000000 ) ) ;
#9528 = ADVANCED_FACE ( 'NONE', ( #3141 ), #7189, .F. ) ;
#9529 = AXIS2_PLACEMENT_3D ( 'NONE', #9550, #9621, #12768 ) ;
#9530 = CARTESIAN_POINT ( 'NONE',  ( -5.603553390593272177, 7.071067811865475505, 304.8000000000000114 ) ) ;
#9531 = VECTOR ( 'NONE', #12984, 1000.000000000000000 ) ;
#9532 = DIRECTION ( 'NONE',  ( -0.000000000000000000, -0.000000000000000000, -1.000000000000000000 ) ) ;
#9533 = ORIENTED_EDGE ( 'NONE', *, *, #6309, .F. ) ;
#9534 = EDGE_CURVE ( 'NONE', #8776, #12614, #2043, .T. ) ;
#9535 = DIRECTION ( 'NONE',  ( 8.065639195895846808E-16, -1.000000000000000000, 0.000000000000000000 ) ) ;
#9536 = APPLICATION_PROTOCOL_DEFINITION ( 'draft international standard', 'automotive_design', 1998, #1382 ) ;
#9537 = ADVANCED_FACE ( 'NONE', ( #2422 ), #1675, .F. ) ;
#9538 = FACE_OUTER_BOUND ( 'NONE', #12864, .T. ) ;
#9539 = VECTOR ( 'NONE', #4284, 1000.000000000000000 ) ;
#9540 = VECTOR ( 'NONE', #1544, 1000.000000000000000 ) ;
#9541 = VECTOR ( 'NONE', #7855, 1000.000000000000000 ) ;
#9542 = ORIENTED_EDGE ( 'NONE', *, *, #3221, .T. ) ;
#9543 = ORIENTED_EDGE ( 'NONE', *, *, #4962, .T. ) ;
#9544 = DIRECTION ( 'NONE',  ( 1.000000000000000000, 4.873668131198272923E-16, 0.000000000000000000 ) ) ;
#9545 = DIRECTION ( 'NONE',  ( -0.7071067811865474617, -0.7071067811865476838, 0.000000000000000000 ) ) ;
#9546 = EDGE_CURVE ( 'NONE', #9905, #3906, #11139, .T. ) ;
#9547 = CARTESIAN_POINT ( 'NONE',  ( -7.071067811865473729, 5.603553390593270400, -104.7750000000000057 ) ) ;
#9548 = CYLINDRICAL_SURFACE ( 'NONE', #12918, 0.5000000000000008882 ) ;
#9549 = DIRECTION ( 'NONE',  ( 1.000000000000000000, 0.000000000000000000, 0.000000000000000000 ) ) ;
#9550 = CARTESIAN_POINT ( 'NONE',  ( 9.500000000000000000, 3.000000000000001332, 304.8000000000000114 ) ) ;
#9552 = EDGE_CURVE ( 'NONE', #8890, #9822, #8580, .T. ) ;
#9551 = AXIS2_PLACEMENT_3D ( 'NONE', #10765, #7775, #7841 ) ;
#9553 = LINE ( 'NONE', #4762, #6183 ) ;
#9554 = ORIENTED_EDGE ( 'NONE', *, *, #2559, .F. ) ;
#9555 = EDGE_CURVE ( 'NONE', #6894, #11730, #691, .T. ) ;
#9556 = ORIENTED_EDGE ( 'NONE', *, *, #753, .F. ) ;
#9557 = LINE ( 'NONE', #8225, #8047 ) ;
#9558 = LINE ( 'NONE', #3505, #2986 ) ;
#9559 = CIRCLE ( 'NONE', #9362, 0.5000000000000008882 ) ;
#9560 = DIRECTION ( 'NONE',  ( -1.541976423090499183E-15, -1.000000000000000000, -0.000000000000000000 ) ) ;
#9561 = AXIS2_PLACEMENT_3D ( 'NONE', #11795, #2594, #9639 ) ;
#9562 = PRODUCT_DEFINITION_SHAPE ( 'NONE', 'NONE',  #13093 ) ;
#9563 = DIRECTION ( 'NONE',  ( -1.000000000000000000, 0.000000000000000000, 0.000000000000000000 ) ) ;
#9564 = ADVANCED_FACE ( 'NONE', ( #9516 ), #441, .T. ) ;
#9565 = LINE ( 'NONE', #12329, #5647 ) ;
#9566 = CARTESIAN_POINT ( 'NONE',  ( 3.000000000000000888, -10.00000000000000000, -20.77500000000004476 ) ) ;
#9567 = ORIENTED_EDGE ( 'NONE', *, *, #9913, .T. ) ;
#9568 = AXIS2_PLACEMENT_3D ( 'NONE', #4480, #4609, #12615 ) ;
#9569 = CARTESIAN_POINT ( 'NONE',  ( 7.924621202458749458, 3.000000000000001332, 304.8000000000000114 ) ) ;
#9570 = CIRCLE ( 'NONE', #10820, 0.5000000000000004441 ) ;
#9571 = VERTEX_POINT ( 'NONE', #7640 ) ;
#9572 = ORIENTED_EDGE ( 'NONE', *, *, #12800, .T. ) ;
#9573 = DIRECTION ( 'NONE',  ( -1.000000000000000000, 0.000000000000000000, 0.000000000000000000 ) ) ;
#9574 =( GEOMETRIC_REPRESENTATION_CONTEXT ( 3 ) GLOBAL_UNCERTAINTY_ASSIGNED_CONTEXT ( ( #3763 ) ) GLOBAL_UNIT_ASSIGNED_CONTEXT ( ( #8791, #6729, #9731 ) ) REPRESENTATION_CONTEXT ( 'NONE', 'WORKASPACE' ) );
#9575 = DIRECTION ( 'NONE',  ( -1.000000000000000000, 0.000000000000000000, 0.000000000000000000 ) ) ;
#9576 = CARTESIAN_POINT ( 'NONE',  ( -3.000000000000000888, 10.00000000000000000, 94.79999999999999716 ) ) ;
#9577 = VECTOR ( 'NONE', #7488, 1000.000000000000000 ) ;
#9578 = FACE_OUTER_BOUND ( 'NONE', #6358, .T. ) ;
#9579 = AXIS2_PLACEMENT_3D ( 'NONE', #8754, #11656, #12834 ) ;
#9580 = ORIENTED_EDGE ( 'NONE', *, *, #10585, .F. ) ;
#9581 = AXIS2_PLACEMENT_3D ( 'NONE', #8423, #1134, #12440 ) ;
#9582 = ORIENTED_EDGE ( 'NONE', *, *, #2298, .F. ) ;
#9583 = DIRECTION ( 'NONE',  ( -1.000000000000000000, 0.000000000000000000, 0.000000000000000000 ) ) ;
#9584 = ORIENTED_EDGE ( 'NONE', *, *, #10261, .T. ) ;
#9585 = CARTESIAN_POINT ( 'NONE',  ( -9.500000000000000000, 3.000000000000001332, 304.8000000000000114 ) ) ;
#9586 = ORIENTED_EDGE ( 'NONE', *, *, #10948, .F. ) ;
#9587 = ORIENTED_EDGE ( 'NONE', *, *, #7188, .T. ) ;
#9588 = LINE ( 'NONE', #7709, #9301 ) ;
#9589 = VECTOR ( 'NONE', #4895, 1000.000000000000000 ) ;
#9590 = ORIENTED_EDGE ( 'NONE', *, *, #3091, .F. ) ;
#9591 = ORIENTED_EDGE ( 'NONE', *, *, #7023, .T. ) ;
#9593 = EDGE_CURVE ( 'NONE', #3081, #2140, #4598, .T. ) ;
#9592 = VECTOR ( 'NONE', #10270, 1000.000000000000000 ) ;
#9594 = ADVANCED_FACE ( 'NONE', ( #10758 ), #6651, .T. ) ;
#9595 = CARTESIAN_POINT ( 'NONE',  ( 4.478679656440354151, 3.011165235168150378, 304.8000000000000114 ) ) ;
#9596 = DIRECTION ( 'NONE',  ( 1.541976423090499183E-15, -1.000000000000000000, -0.000000000000000000 ) ) ;
#9597 = ORIENTED_EDGE ( 'NONE', *, *, #1287, .T. ) ;
#9598 = CARTESIAN_POINT ( 'NONE',  ( -5.249999999999997335, 7.424621202458749458, 94.79999999999999716 ) ) ;
#9599 = VERTEX_POINT ( 'NONE', #4654 ) ;
#9600 = VECTOR ( 'NONE', #1975, 1000.000000000000000 ) ;
#9601 = CYLINDRICAL_SURFACE ( 'NONE', #7272, 2.999999999999999112 ) ;
#9602 = CIRCLE ( 'NONE', #5361, 2.999999999999999112 ) ;
#9603 = DIRECTION ( 'NONE',  ( -1.541976423090498986E-15, -1.000000000000000000, 0.000000000000000000 ) ) ;
#9604 = CARTESIAN_POINT ( 'NONE',  ( -7.924621202458747682, 5.249999999999995559, 304.8000000000000114 ) ) ;
#9605 = ORIENTED_EDGE ( 'NONE', *, *, #6819, .F. ) ;
#9606 = DIRECTION ( 'NONE',  ( -1.000000000000000000, 0.000000000000000000, 0.000000000000000000 ) ) ;
#9607 = APPLICATION_PROTOCOL_DEFINITION ( 'draft international standard', 'automotive_design', 1998, #6375 ) ;
#9608 = DIRECTION ( 'NONE',  ( -1.000000000000000000, 0.000000000000000000, 0.000000000000000000 ) ) ;
#9609 = VECTOR ( 'NONE', #12423, 1000.000000000000114 ) ;
#9610 = VECTOR ( 'NONE', #8604, 1000.000000000000000 ) ;
#9611 = ORIENTED_EDGE ( 'NONE', *, *, #12070, .T. ) ;
#9612 = ORIENTED_EDGE ( 'NONE', *, *, #4148, .F. ) ;
#9613 = CARTESIAN_POINT ( 'NONE',  ( -2.499999999999999556, 8.424621202458752123, -20.77500000000004476 ) ) ;
#9614 = CARTESIAN_POINT ( 'NONE',  ( -0.8898448916085185401, 3.600000000000000533, 304.8000000000000114 ) ) ;
#9615 = DIRECTION ( 'NONE',  ( -1.000000000000000000, 0.000000000000000000, -0.000000000000000000 ) ) ;
#9616 = EDGE_CURVE ( 'NONE', #11505, #11100, #2606, .T. ) ;
#9617 = CARTESIAN_POINT ( 'NONE',  ( 9.500000000000000000, 3.000000000000001332, -20.77500000000004476 ) ) ;
#9618 = VECTOR ( 'NONE', #3337, 1000.000000000000000 ) ;
#9620 = CIRCLE ( 'NONE', #7283, 0.5000000000000004441 ) ;
#9619 = CARTESIAN_POINT ( 'NONE',  ( 7.924621202458747682, -5.249999999999995559, -20.77500000000004476 ) ) ;
#9621 = DIRECTION ( 'NONE',  ( -0.000000000000000000, -0.000000000000000000, -1.000000000000000000 ) ) ;
#9622 = CARTESIAN_POINT ( 'NONE',  ( 2.500000000000000000, 8.424621202458752123, 304.8000000000000114 ) ) ;
#9623 = CYLINDRICAL_SURFACE ( 'NONE', #9148, 0.5000000000000013323 ) ;
#9624 = ORIENTED_EDGE ( 'NONE', *, *, #10296, .F. ) ;
#9625 = ORIENTED_EDGE ( 'NONE', *, *, #9626, .F. ) ;
#9626 = EDGE_CURVE ( 'NONE', #2432, #11331, #5592, .T. ) ;
#9627 = VERTEX_POINT ( 'NONE', #8458 ) ;
#9628 = CARTESIAN_POINT ( 'NONE',  ( -3.000000000000000888, -10.00000000000000000, 304.8000000000000114 ) ) ;
#9629 = LINE ( 'NONE', #5383, #8749 ) ;
#9630 = ADVANCED_FACE ( 'NONE', ( #9712 ), #3527, .F. ) ;
#9631 = CARTESIAN_POINT ( 'NONE',  ( 10.00000000000000000, 3.000000000000001332, 94.79999999999999716 ) ) ;
#9632 = EDGE_CURVE ( 'NONE', #5675, #12013, #9777, .T. ) ;
#9633 = DIRECTION ( 'NONE',  ( 1.541976423090498986E-15, 1.000000000000000000, 0.000000000000000000 ) ) ;
#9634 = LINE ( 'NONE', #7816, #1882 ) ;
#9635 = VERTEX_POINT ( 'NONE', #7518 ) ;
#9636 = DIRECTION ( 'NONE',  ( 0.000000000000000000, 0.000000000000000000, -1.000000000000000000 ) ) ;
#9637 = EDGE_LOOP ( 'NONE', ( #7496, #2466, #11346, #891 ) ) ;
#9638 = EDGE_CURVE ( 'NONE', #6844, #11912, #792, .T. ) ;
#9639 = DIRECTION ( 'NONE',  ( -1.000000000000000000, 0.000000000000000000, 0.000000000000000000 ) ) ;
#9640 = DIRECTION ( 'NONE',  ( 1.000000000000000000, 0.000000000000000000, 0.000000000000000000 ) ) ;
#9641 = CARTESIAN_POINT ( 'NONE',  ( 7.071067811865473729, 5.603553390593270400, -104.7750000000000057 ) ) ;
#9642 = CARTESIAN_POINT ( 'NONE',  ( 2.500000000000000000, 8.424621202458752123, -104.7750000000000057 ) ) ;
#9643 = EDGE_CURVE ( 'NONE', #837, #5691, #10340, .T. ) ;
#9644 = CARTESIAN_POINT ( 'NONE',  ( 6.599999999999996092, -0.8898448916085081040, 94.79999999999999716 ) ) ;
#9645 = ORIENTED_EDGE ( 'NONE', *, *, #7700, .T. ) ;
#9646 = CARTESIAN_POINT ( 'NONE',  ( 7.924621202458747682, -5.249999999999995559, 304.8000000000000114 ) ) ;
#9647 = ORIENTED_EDGE ( 'NONE', *, *, #78, .F. ) ;
#9648 = ORIENTED_EDGE ( 'NONE', *, *, #9632, .F. ) ;
#9649 = CARTESIAN_POINT ( 'NONE',  ( 7.424621202458747682, 5.249999999999995559, 304.8000000000000114 ) ) ;
#9650 = ORIENTED_EDGE ( 'NONE', *, *, #4873, .F. ) ;
#9651 = ORIENTED_EDGE ( 'NONE', *, *, #4431, .F. ) ;
#9652 = DIRECTION ( 'NONE',  ( -0.000000000000000000, -0.000000000000000000, -1.000000000000000000 ) ) ;
#9653 = CYLINDRICAL_SURFACE ( 'NONE', #18, 0.5000000000000008882 ) ;
#9654 = ORIENTED_EDGE ( 'NONE', *, *, #4207, .F. ) ;
#9655 = CIRCLE ( 'NONE', #2656, 1.749999999999999778 ) ;
#9656 = CARTESIAN_POINT ( 'NONE',  ( 0.8898448916085185401, 3.600000000000000533, 304.8000000000000114 ) ) ;
#9657 = VERTEX_POINT ( 'NONE', #7575 ) ;
#9658 = LINE ( 'NONE', #833, #8747 ) ;
#9659 = ADVANCED_FACE ( 'NONE', ( #11551 ), #11496, .T. ) ;
#9660 = EDGE_CURVE ( 'NONE', #3690, #10626, #11989, .T. ) ;
#9662 = EDGE_CURVE ( 'NONE', #6013, #10952, #6056, .T. ) ;
#9661 = CARTESIAN_POINT ( 'NONE',  ( -7.924621202458747682, 5.249999999999995559, 304.8000000000000114 ) ) ;
#9663 = PLANE ( 'NONE',  #1412 ) ;
#9664 = CIRCLE ( 'NONE', #3503, 1.749999999999999778 ) ;
#9665 = ORIENTED_EDGE ( 'NONE', *, *, #6309, .T. ) ;
#9666 = CYLINDRICAL_SURFACE ( 'NONE', #9919, 0.5000000000000004441 ) ;
#9667 = PRODUCT_CONTEXT ( 'NONE', #700, 'mechanical' ) ;
#9668 = CYLINDRICAL_SURFACE ( 'NONE', #5507, 1.749999999999999778 ) ;
#9669 = PRODUCT_DEFINITION_SHAPE ( 'NONE', 'NONE',  #13075 ) ;
#9670 = ORIENTED_EDGE ( 'NONE', *, *, #12669, .F. ) ;
#9671 = ORIENTED_EDGE ( 'NONE', *, *, #2468, .T. ) ;
#9672 = ORIENTED_EDGE ( 'NONE', *, *, #4548, .F. ) ;
#9673 = AXIS2_PLACEMENT_3D ( 'NONE', #6089, #12301, #9474 ) ;
#9674 = LINE ( 'NONE', #7673, #310 ) ;
#9675 = LINE ( 'NONE', #11521, #4079 ) ;
#9676 = ADVANCED_FACE ( 'NONE', ( #2917 ), #10104, .F. ) ;
#9677 = EDGE_CURVE ( 'NONE', #5124, #6226, #11575, .T. ) ;
#9678 = CARTESIAN_POINT ( 'NONE',  ( -0.8898448916085185401, 3.600000000000000533, 304.8000000000000114 ) ) ;
#9679 = CARTESIAN_POINT ( 'NONE',  ( -8.250000000000000000, -8.250000000000000000, -20.77500000000004476 ) ) ;
#9680 = DIRECTION ( 'NONE',  ( 0.000000000000000000, 0.000000000000000000, 1.000000000000000000 ) ) ;
#9681 = DIRECTION ( 'NONE',  ( -3.304235192336776005E-16, -1.000000000000000000, 0.000000000000000000 ) ) ;
#9682 = CARTESIAN_POINT ( 'NONE',  ( 8.424621202458750346, 2.500000000000000000, 304.8000000000000114 ) ) ;
#9683 = CARTESIAN_POINT ( 'NONE',  ( 9.500000000000000000, -2.500000000000000444, 304.8000000000000114 ) ) ;
#9684 = ORIENTED_EDGE ( 'NONE', *, *, #12159, .T. ) ;
#9685 = AXIS2_PLACEMENT_3D ( 'NONE', #11360, #2292, #1304 ) ;
#9686 =( REPRESENTATION_RELATIONSHIP ('NONE','NONE', #11367, #5522 ) REPRESENTATION_RELATIONSHIP_WITH_TRANSFORMATION ( #12624 )SHAPE_REPRESENTATION_RELATIONSHIP( ) );
#9687 = CIRCLE ( 'NONE', #5196, 2.999999999999999112 ) ;
#9688 = ORIENTED_EDGE ( 'NONE', *, *, #6406, .F. ) ;
#9689 =( GEOMETRIC_REPRESENTATION_CONTEXT ( 3 ) GLOBAL_UNCERTAINTY_ASSIGNED_CONTEXT ( ( #11590 ) ) GLOBAL_UNIT_ASSIGNED_CONTEXT ( ( #3955, #5881, #1976 ) ) REPRESENTATION_CONTEXT ( 'NONE', 'WORKASPACE' ) );
#9690 = LINE ( 'NONE', #12894, #3219 ) ;
#9691 = CARTESIAN_POINT ( 'NONE',  ( 0.8898448916085185401, -3.600000000000000533, 304.8000000000000114 ) ) ;
#9692 = DIRECTION ( 'NONE',  ( 0.7071067811865474617, -0.7071067811865476838, 0.000000000000000000 ) ) ;
#9693 = AXIS2_PLACEMENT_3D ( 'NONE', #7706, #3663, #8639 ) ;
#9694 = VERTEX_POINT ( 'NONE', #10892 ) ;
#9695 = EDGE_CURVE ( 'NONE', #1555, #12295, #817, .T. ) ;
#9696 = CYLINDRICAL_SURFACE ( 'NONE', #7333, 1.749999999999999778 ) ;
#9697 = FACE_OUTER_BOUND ( 'NONE', #3349, .T. ) ;
#9698 = ORIENTED_EDGE ( 'NONE', *, *, #4871, .F. ) ;
#9699 = DIRECTION ( 'NONE',  ( 3.304235192336776498E-16, -1.000000000000000000, 0.000000000000000000 ) ) ;
#9700 = EDGE_LOOP ( 'NONE', ( #9915, #3458, #5888, #8033 ) ) ;
#9701 = EDGE_CURVE ( 'NONE', #10044, #1551, #6922, .T. ) ;
#9702 = VECTOR ( 'NONE', #2952, 1000.000000000000000 ) ;
#9703 = CARTESIAN_POINT ( 'NONE',  ( -3.000000000000000888, -7.924621202458751235, 304.8000000000000114 ) ) ;
#9704 = EDGE_CURVE ( 'NONE', #9849, #59, #8904, .T. ) ;
#9705 = DIRECTION ( 'NONE',  ( 2.924200878718996689E-15, -1.000000000000000000, 0.000000000000000000 ) ) ;
#9706 = FACE_OUTER_BOUND ( 'NONE', #10183, .T. ) ;
#9707 = CARTESIAN_POINT ( 'NONE',  ( 4.478679656440354151, 3.011165235168150822, -24.77500000000004832 ) ) ;
#9708 = EDGE_CURVE ( 'NONE', #6357, #7080, #4985, .T. ) ;
#9709 = VECTOR ( 'NONE', #7663, 1000.000000000000000 ) ;
#9710 = DIRECTION ( 'NONE',  ( 0.000000000000000000, 0.000000000000000000, 1.000000000000000000 ) ) ;
#9711 = ORIENTED_EDGE ( 'NONE', *, *, #3685, .T. ) ;
#9712 = FACE_OUTER_BOUND ( 'NONE', #4120, .T. ) ;
#9713 = ORIENTED_EDGE ( 'NONE', *, *, #3524, .T. ) ;
#9714 = EDGE_LOOP ( 'NONE', ( #8431, #3076, #1416, #5158 ) ) ;
#9715 = CARTESIAN_POINT ( 'NONE',  ( -6.599999999999996092, -0.8898448916085081040, 304.8000000000000114 ) ) ;
#9716 = ORIENTED_EDGE ( 'NONE', *, *, #966, .T. ) ;
#9717 = ORIENTED_EDGE ( 'NONE', *, *, #1028, .F. ) ;
#9718 = DIRECTION ( 'NONE',  ( 0.000000000000000000, 0.000000000000000000, -1.000000000000000000 ) ) ;
#9719 = EDGE_CURVE ( 'NONE', #1011, #7851, #9480, .T. ) ;
#9720 = PLANE ( 'NONE',  #2761 ) ;
#9721 = ORIENTED_EDGE ( 'NONE', *, *, #1438, .T. ) ;
#9722 = LINE ( 'NONE', #5470, #6388 ) ;
#9723 = VERTEX_POINT ( 'NONE', #8974 ) ;
#9724 = DIRECTION ( 'NONE',  ( -1.541976423090498986E-15, -1.000000000000000000, 0.000000000000000000 ) ) ;
#9725 = EDGE_CURVE ( 'NONE', #1748, #1120, #2891, .T. ) ;
#9726 = DIRECTION ( 'NONE',  ( -0.000000000000000000, 0.000000000000000000, -1.000000000000000000 ) ) ;
#9727 = CYLINDRICAL_SURFACE ( 'NONE', #5645, 0.5000000000000004441 ) ;
#9728 = VECTOR ( 'NONE', #743, 1000.000000000000000 ) ;
#9729 = ORIENTED_EDGE ( 'NONE', *, *, #521, .T. ) ;
#9730 = CYLINDRICAL_SURFACE ( 'NONE', #9292, 0.5000000000000004441 ) ;
#9731 =( NAMED_UNIT ( * ) SI_UNIT ( $, .STERADIAN. ) SOLID_ANGLE_UNIT ( ) );
#9732 = CYLINDRICAL_SURFACE ( 'NONE', #12272, 1.749999999999999778 ) ;
#9733 = ORIENTED_EDGE ( 'NONE', *, *, #2484, .T. ) ;
#9734 = ORIENTED_EDGE ( 'NONE', *, *, #12409, .F. ) ;
#9735 = VECTOR ( 'NONE', #1926, 1000.000000000000000 ) ;
#9736 = ORIENTED_EDGE ( 'NONE', *, *, #9986, .T. ) ;
#9737 = CARTESIAN_POINT ( 'NONE',  ( -3.600000000000000089, 0.000000000000000000, 304.8000000000000114 ) ) ;
#9738 = DIRECTION ( 'NONE',  ( -1.000000000000000000, 0.000000000000000000, 0.000000000000000000 ) ) ;
#9739 = CYLINDRICAL_SURFACE ( 'NONE', #11053, 0.5000000000000004441 ) ;
#9740 = CARTESIAN_POINT ( 'NONE',  ( -8.424621202458750346, -2.500000000000001332, -24.77500000000004832 ) ) ;
#9741 = DIRECTION ( 'NONE',  ( 0.000000000000000000, 0.000000000000000000, -1.000000000000000000 ) ) ;
#9742 = FACE_OUTER_BOUND ( 'NONE', #8368, .T. ) ;
#9743 = LINE ( 'NONE', #659, #5452 ) ;
#9744 = FACE_OUTER_BOUND ( 'NONE', #3266, .T. ) ;
#9745 = AXIS2_PLACEMENT_3D ( 'NONE', #7766, #9710, #11869 ) ;
#9746 = ORIENTED_EDGE ( 'NONE', *, *, #12012, .T. ) ;
#9747 = AXIS2_PLACEMENT_3D ( 'NONE', #219, #11138, #4054 ) ;
#9748 = ORIENTED_EDGE ( 'NONE', *, *, #11979, .F. ) ;
#9749 = EDGE_CURVE ( 'NONE', #1462, #10525, #12792, .T. ) ;
#9750 = ADVANCED_FACE ( 'NONE', ( #2991 ), #1746, .F. ) ;
#9751 = EDGE_LOOP ( 'NONE', ( #674, #10168, #12421, #6822 ) ) ;
#9752 = EDGE_CURVE ( 'NONE', #2502, #10938, #1872, .T. ) ;
#9753 = DIRECTION ( 'NONE',  ( -0.000000000000000000, 0.000000000000000000, 1.000000000000000000 ) ) ;
#9754 = CYLINDRICAL_SURFACE ( 'NONE', #7884, 2.999999999999999112 ) ;
#9755 = DIRECTION ( 'NONE',  ( 0.000000000000000000, 0.000000000000000000, -1.000000000000000000 ) ) ;
#9756 = AXIS2_PLACEMENT_3D ( 'NONE', #8311, #12332, #2277 ) ;
#9757 = AXIS2_PLACEMENT_3D ( 'NONE', #5306, #5500, #10494 ) ;
#9758 = AXIS2_PLACEMENT_3D ( 'NONE', #10597, #10478, #1389 ) ;
#9759 = FACE_OUTER_BOUND ( 'NONE', #9928, .T. ) ;
#9760 = DIRECTION ( 'NONE',  ( 0.7071067811865465735, -0.7071067811865483499, 0.000000000000000000 ) ) ;
#9761 = CARTESIAN_POINT ( 'NONE',  ( -3.000000000000000888, -10.00000000000000000, 304.8000000000000114 ) ) ;
#9762 = ORIENTED_EDGE ( 'NONE', *, *, #8110, .F. ) ;
#9763 = CARTESIAN_POINT ( 'NONE',  ( -5.249999999999997335, -7.924621202458751235, 304.8000000000000114 ) ) ;
#9764 = EDGE_LOOP ( 'NONE', ( #36, #10313, #3515, #6108 ) ) ;
#9765 = VECTOR ( 'NONE', #8648, 1000.000000000000000 ) ;
#9766 = CIRCLE ( 'NONE', #11445, 0.5000000000000013323 ) ;
#9767 = CARTESIAN_POINT ( 'NONE',  ( -3.000000000000000888, -10.00000000000000000, 304.8000000000000114 ) ) ;
#9768 = FACE_OUTER_BOUND ( 'NONE', #6527, .T. ) ;
#9769 = CARTESIAN_POINT ( 'NONE',  ( -3.000000000000000888, 7.924621202458751235, -104.7750000000000057 ) ) ;
#9770 = DIRECTION ( 'NONE',  ( 0.000000000000000000, 0.000000000000000000, 1.000000000000000000 ) ) ;
#9771 = AXIS2_PLACEMENT_3D ( 'NONE', #3480, #1564, #11625 ) ;
#9772 = AXIS2_PLACEMENT_3D ( 'NONE', #9044, #4993, #5128 ) ;
#9773 = VECTOR ( 'NONE', #8912, 1000.000000000000000 ) ;
#9774 = EDGE_CURVE ( 'NONE', #1876, #12451, #9898, .T. ) ;
#9775 = CARTESIAN_POINT ( 'NONE',  ( -3.000000000000000888, -7.924621202458751235, 304.8000000000000114 ) ) ;
#9776 = ORIENTED_EDGE ( 'NONE', *, *, #2644, .T. ) ;
#9777 = LINE ( 'NONE', #12474, #6510 ) ;
#9778 = ORIENTED_EDGE ( 'NONE', *, *, #8348, .T. ) ;
#9779 = ORIENTED_EDGE ( 'NONE', *, *, #8374, .F. ) ;
#9780 = CARTESIAN_POINT ( 'NONE',  ( 3.000000000000000888, 10.00000000000000000, 304.8000000000000114 ) ) ;
#9781 = CIRCLE ( 'NONE', #7655, 0.5000000000000004441 ) ;
#9782 = ORIENTED_EDGE ( 'NONE', *, *, #10948, .T. ) ;
#9783 = EDGE_LOOP ( 'NONE', ( #6280, #9590, #2591, #3925 ) ) ;
#9784 = CARTESIAN_POINT ( 'NONE',  ( -4.478679656440354151, 3.011165235168150378, 304.8000000000000114 ) ) ;
#9785 = VECTOR ( 'NONE', #10421, 1000.000000000000000 ) ;
#9786 = ADVANCED_FACE ( 'NONE', ( #7832 ), #12990, .F. ) ;
#9787 = VECTOR ( 'NONE', #9496, 1000.000000000000000 ) ;
#9788 = DIRECTION ( 'NONE',  ( 0.000000000000000000, 0.000000000000000000, 1.000000000000000000 ) ) ;
#9789 = ORIENTED_EDGE ( 'NONE', *, *, #3421, .T. ) ;
#9790 = DIRECTION ( 'NONE',  ( -0.000000000000000000, 0.000000000000000000, -1.000000000000000000 ) ) ;
#9791 = ORIENTED_EDGE ( 'NONE', *, *, #138, .T. ) ;
#9792 = ADVANCED_FACE ( 'NONE', ( #8032 ), #756, .F. ) ;
#9793 = LINE ( 'NONE', #2622, #9412 ) ;
#9794 = DIRECTION ( 'NONE',  ( -0.000000000000000000, 0.000000000000000000, -1.000000000000000000 ) ) ;
#9795 = EDGE_CURVE ( 'NONE', #7683, #12773, #2725, .T. ) ;
#9796 = LINE ( 'NONE', #6604, #2037 ) ;
#9797 = VECTOR ( 'NONE', #2959, 1000.000000000000000 ) ;
#9798 = VERTEX_POINT ( 'NONE', #7040 ) ;
#9799 = FACE_OUTER_BOUND ( 'NONE', #8981, .T. ) ;
#9800 = ITEM_DEFINED_TRANSFORMATION ( 'NONE', 'NONE', #12711,  #3417 ) ;
#9801 = AXIS2_PLACEMENT_3D ( 'NONE', #4562, #9811, #8668 ) ;
#9802 = DIRECTION ( 'NONE',  ( -1.000000000000000000, 0.000000000000000000, 0.000000000000000000 ) ) ;
#9803 = EDGE_CURVE ( 'NONE', #5403, #5924, #2283, .T. ) ;
#9804 = CARTESIAN_POINT ( 'NONE',  ( -8.424621202458750346, -2.500000000000000000, -104.7750000000000057 ) ) ;
#9805 = ORIENTED_EDGE ( 'NONE', *, *, #5535, .T. ) ;
#9806 = ORIENTED_EDGE ( 'NONE', *, *, #4715, .T. ) ;
#9807 = AXIS2_PLACEMENT_3D ( 'NONE', #9509, #7702, #11735 ) ;
#9808 = ORIENTED_EDGE ( 'NONE', *, *, #1761, .F. ) ;
#9809 = FACE_OUTER_BOUND ( 'NONE', #11997, .T. ) ;
#9810 = DIRECTION ( 'NONE',  ( -8.065639195895846808E-16, 1.000000000000000000, 0.000000000000000000 ) ) ;
#9811 = DIRECTION ( 'NONE',  ( 0.000000000000000000, 0.000000000000000000, 1.000000000000000000 ) ) ;
#9812 = ADVANCED_FACE ( 'NONE', ( #11936 ), #4785, .F. ) ;
#9813 = DIRECTION ( 'NONE',  ( 0.000000000000000000, -0.000000000000000000, -1.000000000000000000 ) ) ;
#9814 = CYLINDRICAL_SURFACE ( 'NONE', #2027, 0.5000000000000004441 ) ;
#9815 = DIRECTION ( 'NONE',  ( -2.924200878718997083E-15, 1.000000000000000000, 0.000000000000000000 ) ) ;
#9816 = CARTESIAN_POINT ( 'NONE',  ( -8.250000000000000000, 8.250000000000000000, -20.77500000000004476 ) ) ;
#9817 = VECTOR ( 'NONE', #768, 1000.000000000000000 ) ;
#9818 =( LENGTH_UNIT ( ) NAMED_UNIT ( * ) SI_UNIT ( .MILLI., .METRE. ) );
#9819 = VECTOR ( 'NONE', #12707, 1000.000000000000000 ) ;
#9820 = ORIENTED_EDGE ( 'NONE', *, *, #1287, .F. ) ;
#9821 = ORIENTED_EDGE ( 'NONE', *, *, #9189, .T. ) ;
#9822 = VERTEX_POINT ( 'NONE', #8313 ) ;
#9823 = LINE ( 'NONE', #10800, #8727 ) ;
#9824 = CARTESIAN_POINT ( 'NONE',  ( -3.000000000000000888, -10.00000000000000000, 304.8000000000000114 ) ) ;
#9825 = CARTESIAN_POINT ( 'NONE',  ( 3.011165235168160592, 4.478679656440357704, 304.8000000000000114 ) ) ;
#9826 = AXIS2_PLACEMENT_3D ( 'NONE', #1984, #5090, #4104 ) ;
#9827 = DIRECTION ( 'NONE',  ( 1.000000000000000000, 0.000000000000000000, 0.000000000000000000 ) ) ;
#9828 = EDGE_CURVE ( 'NONE', #5278, #8188, #10249, .T. ) ;
#9830 = EDGE_CURVE ( 'NONE', #7671, #11463, #1084, .T. ) ;
#9829 = PLANE ( 'NONE',  #1605 ) ;
#9831 = CARTESIAN_POINT ( 'NONE',  ( -6.599999999999996092, 0.8898448916085081040, 304.8000000000000114 ) ) ;
#9832 = ADVANCED_FACE ( 'NONE', ( #6256 ), #4129, .F. ) ;
#9833 = ORIENTED_EDGE ( 'NONE', *, *, #966, .F. ) ;
#9834 = CARTESIAN_POINT ( 'NONE',  ( -8.250000000000000000, -10.00000000000000000, 198.8000000000000398 ) ) ;
#9835 = ORIENTED_EDGE ( 'NONE', *, *, #10185, .T. ) ;
#9836 = VECTOR ( 'NONE', #7676, 1000.000000000000000 ) ;
#9837 = VECTOR ( 'NONE', #7385, 1000.000000000000000 ) ;
#9838 = DIRECTION ( 'NONE',  ( 0.000000000000000000, 0.000000000000000000, -1.000000000000000000 ) ) ;
#9839 = DIRECTION ( 'NONE',  ( 0.000000000000000000, 0.000000000000000000, -1.000000000000000000 ) ) ;
#9840 = DIRECTION ( 'NONE',  ( 0.000000000000000000, 0.000000000000000000, -1.000000000000000000 ) ) ;
#9841 = DIRECTION ( 'NONE',  ( 0.000000000000000000, -0.000000000000000000, -1.000000000000000000 ) ) ;
#9842 = CARTESIAN_POINT ( 'NONE',  ( -10.00000000000000000, 3.000000000000001332, 304.8000000000000114 ) ) ;
#9843 = ORIENTED_EDGE ( 'NONE', *, *, #11950, .F. ) ;
#9844 = DIRECTION ( 'NONE',  ( -0.000000000000000000, 0.000000000000000000, -1.000000000000000000 ) ) ;
#9845 = ORIENTED_EDGE ( 'NONE', *, *, #4400, .T. ) ;
#9846 = VERTEX_POINT ( 'NONE', #9314 ) ;
#9847 = CARTESIAN_POINT ( 'NONE',  ( -3.600000000000000089, 0.000000000000000000, 304.8000000000000114 ) ) ;
#9848 = EDGE_LOOP ( 'NONE', ( #8519, #10297, #7992, #2032 ) ) ;
#9849 = VERTEX_POINT ( 'NONE', #7173 ) ;
#9850 = VERTEX_POINT ( 'NONE', #8236 ) ;
#9851 = CARTESIAN_POINT ( 'NONE',  ( 3.000000000000000888, -9.500000000000000000, 304.8000000000000114 ) ) ;
#9852 = LINE ( 'NONE', #4665, #12909 ) ;
#9853 = ORIENTED_EDGE ( 'NONE', *, *, #393, .F. ) ;
#9854 = DIRECTION ( 'NONE',  ( 0.000000000000000000, -0.000000000000000000, -1.000000000000000000 ) ) ;
#9855 = ORIENTED_EDGE ( 'NONE', *, *, #6889, .F. ) ;
#9856 = LINE ( 'NONE', #8852, #3651 ) ;
#9858 = EDGE_CURVE ( 'NONE', #627, #12861, #5318, .T. ) ;
#9857 = CARTESIAN_POINT ( 'NONE',  ( -0.8898448916085185401, -3.600000000000000533, 304.8000000000000114 ) ) ;
#9859 = ORIENTED_EDGE ( 'NONE', *, *, #8204, .F. ) ;
#9860 = CARTESIAN_POINT ( 'NONE',  ( 6.599999999999996092, 0.8898448916085081040, -20.77500000000004476 ) ) ;
#9861 = EDGE_CURVE ( 'NONE', #4596, #11035, #7378, .T. ) ;
#9862 = DIRECTION ( 'NONE',  ( 1.541976423090499183E-15, -1.000000000000000000, -0.000000000000000000 ) ) ;
#9863 = CARTESIAN_POINT ( 'NONE',  ( -3.599999999999997424, 0.8898448916085081040, 304.8000000000000114 ) ) ;
#9864 = VERTEX_POINT ( 'NONE', #7242 ) ;
#9865 = EDGE_CURVE ( 'NONE', #11528, #2090, #9385, .T. ) ;
#9866 = VERTEX_POINT ( 'NONE', #8382 ) ;
#9867 = VERTEX_POINT ( 'NONE', #9101 ) ;
#9868 = DIRECTION ( 'NONE',  ( -0.000000000000000000, 0.000000000000000000, -1.000000000000000000 ) ) ;
#9869 = FACE_OUTER_BOUND ( 'NONE', #4251, .T. ) ;
#9870 = AXIS2_PLACEMENT_3D ( 'NONE', #3838, #11789, #4577 ) ;
#9871 = CARTESIAN_POINT ( 'NONE',  ( -2.150000000000025224, 1.257674520083185143E-14, 304.8000000000000114 ) ) ;
#9872 = DIRECTION ( 'NONE',  ( -1.000000000000000000, 3.304235192336776005E-16, 0.000000000000000000 ) ) ;
#9874 = EDGE_CURVE ( 'NONE', #8625, #202, #12830, .T. ) ;
#9873 = CARTESIAN_POINT ( 'NONE',  ( 9.999999999999998224, -8.250000000000000000, -24.77500000000004832 ) ) ;
#9875 = DIRECTION ( 'NONE',  ( -0.000000000000000000, -0.000000000000000000, -1.000000000000000000 ) ) ;
#9876 = CARTESIAN_POINT ( 'NONE',  ( 7.924621202458747682, -5.249999999999995559, 198.8000000000000398 ) ) ;
#9877 = ORIENTED_EDGE ( 'NONE', *, *, #1834, .T. ) ;
#9878 = UNCERTAINTY_MEASURE_WITH_UNIT (LENGTH_MEASURE( 1.000000000000000082E-05 ), #4706, 'distance_accuracy_value', 'NONE');
#9879 = VERTEX_POINT ( 'NONE', #3264 ) ;
#9880 = CIRCLE ( 'NONE', #13025, 2.999999999999999556 ) ;
#9881 = ORIENTED_EDGE ( 'NONE', *, *, #8772, .T. ) ;
#9882 = VECTOR ( 'NONE', #7493, 1000.000000000000000 ) ;
#9883 = EDGE_CURVE ( 'NONE', #9382, #7225, #1846, .T. ) ;
#9884 = DIRECTION ( 'NONE',  ( -0.000000000000000000, -0.000000000000000000, -1.000000000000000000 ) ) ;
#9885 = CARTESIAN_POINT ( 'NONE',  ( -8.250000000000000000, 8.250000000000000000, -104.7750000000000057 ) ) ;
#9886 = LINE ( 'NONE', #143, #9785 ) ;
#9887 = LINE ( 'NONE', #8882, #3882 ) ;
#9888 = PRODUCT_RELATED_PRODUCT_CATEGORY ( 'part', '', ( #5198 ) ) ;
#9889 = DIRECTION ( 'NONE',  ( -1.000000000000000000, 0.000000000000000000, 0.000000000000000000 ) ) ;
#9891 = VECTOR ( 'NONE', #5475, 1000.000000000000000 ) ;
#9890 = DIRECTION ( 'NONE',  ( 1.000000000000000000, 0.000000000000000000, 0.000000000000000000 ) ) ;
#9892 = ORIENTED_EDGE ( 'NONE', *, *, #3299, .T. ) ;
#9893 = DIRECTION ( 'NONE',  ( 1.000000000000000000, 0.000000000000000000, 0.000000000000000000 ) ) ;
#9894 = EDGE_LOOP ( 'NONE', ( #1950, #12689, #10412, #328 ) ) ;
#9895 = DIRECTION ( 'NONE',  ( 3.304235192336776498E-16, 1.000000000000000000, 0.000000000000000000 ) ) ;
#9896 = EDGE_CURVE ( 'NONE', #6773, #5724, #7311, .T. ) ;
#9897 = CYLINDRICAL_SURFACE ( 'NONE', #12919, 2.150000000000012790 ) ;
#9898 = CIRCLE ( 'NONE', #6303, 2.150000000000012790 ) ;
#9899 = DIRECTION ( 'NONE',  ( -1.000000000000000000, 0.000000000000000000, 0.000000000000000000 ) ) ;
#9900 = LINE ( 'NONE', #6840, #8258 ) ;
#9901 = CARTESIAN_POINT ( 'NONE',  ( -8.424621202458750346, -3.000000000000001332, 304.8000000000000114 ) ) ;
#9902 = ORIENTED_EDGE ( 'NONE', *, *, #11545, .T. ) ;
#9903 = DIRECTION ( 'NONE',  ( -0.000000000000000000, -0.000000000000000000, -1.000000000000000000 ) ) ;
#9904 = AXIS2_PLACEMENT_3D ( 'NONE', #4566, #4761, #11716 ) ;
#9905 = VERTEX_POINT ( 'NONE', #10171 ) ;
#9906 = EDGE_LOOP ( 'NONE', ( #4497, #12201, #6980, #5125 ) ) ;
#9907 = LINE ( 'NONE', #2012, #3556 ) ;
#9908 = ORIENTED_EDGE ( 'NONE', *, *, #961, .T. ) ;
#9909 = ORIENTED_EDGE ( 'NONE', *, *, #11403, .T. ) ;
#9910 = ORIENTED_EDGE ( 'NONE', *, *, #6536, .T. ) ;
#9911 = DIRECTION ( 'NONE',  ( -0.000000000000000000, 0.000000000000000000, -1.000000000000000000 ) ) ;
#9912 = ADVANCED_FACE ( 'NONE', ( #3123 ), #11407, .F. ) ;
#9913 = EDGE_CURVE ( 'NONE', #4763, #12542, #7361, .T. ) ;
#9914 = DIRECTION ( 'NONE',  ( -0.7071067811865465735, -0.7071067811865484609, 0.000000000000000000 ) ) ;
#9915 = ORIENTED_EDGE ( 'NONE', *, *, #9616, .F. ) ;
#9916 = DIRECTION ( 'NONE',  ( -0.000000000000000000, -0.000000000000000000, -1.000000000000000000 ) ) ;
#9917 = EDGE_CURVE ( 'NONE', #10768, #2122, #10741, .T. ) ;
#9918 = ORIENTED_EDGE ( 'NONE', *, *, #12524, .F. ) ;
#9919 = AXIS2_PLACEMENT_3D ( 'NONE', #5739, #10847, #9606 ) ;
#9920 = DIRECTION ( 'NONE',  ( -0.000000000000000000, 0.000000000000000000, -1.000000000000000000 ) ) ;
#9921 = CARTESIAN_POINT ( 'NONE',  ( 9.500000000000000000, -3.000000000000001332, 304.8000000000000114 ) ) ;
#9922 = ORIENTED_EDGE ( 'NONE', *, *, #7372, .T. ) ;
#9923 = PLANE ( 'NONE',  #8444 ) ;
#9924 = VECTOR ( 'NONE', #8908, 1000.000000000000000 ) ;
#9925 = CARTESIAN_POINT ( 'NONE',  ( 2.500000000000000444, -9.500000000000000000, -24.77500000000004832 ) ) ;
#9926 = CARTESIAN_POINT ( 'NONE',  ( -9.500000000000000000, -2.500000000000000444, 304.8000000000000114 ) ) ;
#9927 = ORIENTED_EDGE ( 'NONE', *, *, #3012, .F. ) ;
#9928 = EDGE_LOOP ( 'NONE', ( #4906, #9040, #12147, #5213 ) ) ;
#9929 = ORIENTED_EDGE ( 'NONE', *, *, #7951, .F. ) ;
#9930 = DIRECTION ( 'NONE',  ( 1.000000000000000000, 0.000000000000000000, 0.000000000000000000 ) ) ;
#9931 = FACE_OUTER_BOUND ( 'NONE', #5512, .T. ) ;
#9932 = VECTOR ( 'NONE', #2775, 1000.000000000000000 ) ;
#9933 = VECTOR ( 'NONE', #8408, 1000.000000000000000 ) ;
#9934 = CARTESIAN_POINT ( 'NONE',  ( -7.424621202458747682, -5.249999999999995559, 304.8000000000000114 ) ) ;
#9935 = DIRECTION ( 'NONE',  ( 0.000000000000000000, 0.000000000000000000, -1.000000000000000000 ) ) ;
#9936 = DIRECTION ( 'NONE',  ( -0.000000000000000000, 0.000000000000000000, -1.000000000000000000 ) ) ;
#9937 = EDGE_CURVE ( 'NONE', #8104, #10190, #6391, .T. ) ;
#9938 = LINE ( 'NONE', #7077, #1440 ) ;
#9939 = ORIENTED_EDGE ( 'NONE', *, *, #6233, .T. ) ;
#9940 = VERTEX_POINT ( 'NONE', #2279 ) ;
#9941 = EDGE_CURVE ( 'NONE', #11691, #7886, #7106, .T. ) ;
#9942 = CARTESIAN_POINT ( 'NONE',  ( 0.000000000000000000, 3.600000000000000089, -20.77500000000004476 ) ) ;
#9943 = CARTESIAN_POINT ( 'NONE',  ( -2.499999999999999556, 8.424621202458752123, 304.8000000000000114 ) ) ;
#9944 = LINE ( 'NONE', #2961, #9589 ) ;
#9946 = EDGE_CURVE ( 'NONE', #4356, #2522, #7763, .T. ) ;
#9945 = FACE_OUTER_BOUND ( 'NONE', #1271, .T. ) ;
#9947 = DIRECTION ( 'NONE',  ( 0.7071067811865484609, 0.7071067811865466846, -0.000000000000000000 ) ) ;
#9948 = DIRECTION ( 'NONE',  ( -0.7071067811865465735, -0.7071067811865484609, 0.000000000000000000 ) ) ;
#9949 = VECTOR ( 'NONE', #8902, 1000.000000000000000 ) ;
#9950 = CARTESIAN_POINT ( 'NONE',  ( 5.249999999999997335, 7.924621202458751235, 304.8000000000000114 ) ) ;
#9951 = AXIS2_PLACEMENT_3D ( 'NONE', #11931, #11079, #5988 ) ;
#9952 = ADVANCED_FACE ( 'NONE', ( #3059 ), #9179, .F. ) ;
#9953 = ORIENTED_EDGE ( 'NONE', *, *, #124, .T. ) ;
#9954 = DIRECTION ( 'NONE',  ( -0.000000000000000000, 0.000000000000000000, -1.000000000000000000 ) ) ;
#9955 = ORIENTED_EDGE ( 'NONE', *, *, #5925, .T. ) ;
#9956 = DIRECTION ( 'NONE',  ( -0.7071067811865465735, -0.7071067811865484609, 0.000000000000000000 ) ) ;
#9957 = EDGE_CURVE ( 'NONE', #12797, #12489, #5236, .T. ) ;
#9958 = VECTOR ( 'NONE', #2337, 1000.000000000000000 ) ;
#9959 = CARTESIAN_POINT ( 'NONE',  ( 10.00000000000000000, -3.000000000000001332, -24.77500000000004832 ) ) ;
#9960 = VECTOR ( 'NONE', #5643, 1000.000000000000000 ) ;
#9961 = ORIENTED_EDGE ( 'NONE', *, *, #2957, .T. ) ;
#9962 = DIRECTION ( 'NONE',  ( -1.541976423090499183E-15, 1.000000000000000000, -0.000000000000000000 ) ) ;
#9963 = AXIS2_PLACEMENT_3D ( 'NONE', #12876, #3810, #2746 ) ;
#9964 = CARTESIAN_POINT ( 'NONE',  ( -5.249999999999997335, 7.424621202458749458, 304.8000000000000114 ) ) ;
#9965 = DIRECTION ( 'NONE',  ( -8.065639195895846808E-16, 1.000000000000000000, 0.000000000000000000 ) ) ;
#9966 = CARTESIAN_POINT ( 'NONE',  ( -9.500000000000000000, 2.500000000000000444, 304.8000000000000114 ) ) ;
#9967 = ORIENTED_EDGE ( 'NONE', *, *, #3869, .F. ) ;
#9968 = CARTESIAN_POINT ( 'NONE',  ( -9.500000000000000000, -3.000000000000001332, 304.8000000000000114 ) ) ;
#9969 = CIRCLE ( 'NONE', #2351, 0.5000000000000013323 ) ;
#9970 = EDGE_LOOP ( 'NONE', ( #12202, #3107, #2854, #10275 ) ) ;
#9971 = VERTEX_POINT ( 'NONE', #3828 ) ;
#9972 = VECTOR ( 'NONE', #5466, 1000.000000000000000 ) ;
#9973 = CARTESIAN_POINT ( 'NONE',  ( 3.599999999999997424, 0.8898448916085081040, -20.77500000000004476 ) ) ;
#9974 = ORIENTED_EDGE ( 'NONE', *, *, #12786, .T. ) ;
#9975 = ORIENTED_EDGE ( 'NONE', *, *, #5889, .F. ) ;
#9976 = LINE ( 'NONE', #4929, #10617 ) ;
#9977 = DIRECTION ( 'NONE',  ( -1.000000000000000000, 0.000000000000000000, 0.000000000000000000 ) ) ;
#9978 = ORIENTED_EDGE ( 'NONE', *, *, #9389, .F. ) ;
#9979 = CARTESIAN_POINT ( 'NONE',  ( -2.500000000000000444, -9.500000000000000000, 304.8000000000000114 ) ) ;
#9980 = VECTOR ( 'NONE', #3739, 1000.000000000000000 ) ;
#9981 = ORIENTED_EDGE ( 'NONE', *, *, #6891, .F. ) ;
#9982 = CIRCLE ( 'NONE', #11859, 0.4999999999999995559 ) ;
#9983 = AXIS2_PLACEMENT_3D ( 'NONE', #2672, #1816, #1683 ) ;
#9984 = FACE_OUTER_BOUND ( 'NONE', #9906, .T. ) ;
#9985 = DIRECTION ( 'NONE',  ( -0.000000000000000000, -0.000000000000000000, -1.000000000000000000 ) ) ;
#9986 = EDGE_CURVE ( 'NONE', #12963, #9006, #11379, .T. ) ;
#9987 = ORIENTED_EDGE ( 'NONE', *, *, #11914, .T. ) ;
#9988 = EDGE_LOOP ( 'NONE', ( #2789, #7654, #5900, #9108 ) ) ;
#9989 = EDGE_CURVE ( 'NONE', #12353, #4666, #7988, .T. ) ;
#9990 = DIRECTION ( 'NONE',  ( -1.000000000000000000, -1.541976423090498986E-15, 0.000000000000000000 ) ) ;
#9991 = VECTOR ( 'NONE', #315, 1000.000000000000000 ) ;
#9992 = CYLINDRICAL_SURFACE ( 'NONE', #12529, 0.5000000000000004441 ) ;
#9993 = AXIS2_PLACEMENT_3D ( 'NONE', #2527, #499, #8574 ) ;
#9994 = CARTESIAN_POINT ( 'NONE',  ( -7.071067811865473729, -5.603553390593270400, -20.77500000000004476 ) ) ;
#9995 = DIRECTION ( 'NONE',  ( -0.000000000000000000, 0.000000000000000000, -1.000000000000000000 ) ) ;
#9996 = ORIENTED_EDGE ( 'NONE', *, *, #8178, .T. ) ;
#9997 = ORIENTED_EDGE ( 'NONE', *, *, #12320, .T. ) ;
#9998 = EDGE_LOOP ( 'NONE', ( #8887, #11969, #8960, #4776 ) ) ;
#9999 = AXIS2_PLACEMENT_3D ( 'NONE', #1759, #766, #4800 ) ;
#10000 = CARTESIAN_POINT ( 'NONE',  ( -2.500000000000000000, -8.424621202458752123, 304.8000000000000114 ) ) ;
#10001 = VECTOR ( 'NONE', #1790, 1000.000000000000000 ) ;
#10002 = SURFACE_STYLE_FILL_AREA ( #5081 ) ;
#10003 = LINE ( 'NONE', #12168, #10724 ) ;
#10004 = FACE_OUTER_BOUND ( 'NONE', #11815, .T. ) ;
#10005 = STYLED_ITEM ( 'NONE', ( #6936 ), #7736 ) ;
#10006 = DIRECTION ( 'NONE',  ( 0.000000000000000000, -0.000000000000000000, -1.000000000000000000 ) ) ;
#10007 =( LENGTH_UNIT ( ) NAMED_UNIT ( * ) SI_UNIT ( .MILLI., .METRE. ) );
#10008 = ORIENTED_EDGE ( 'NONE', *, *, #7811, .T. ) ;
#10009 = VERTEX_POINT ( 'NONE', #9876 ) ;
#10010 = AXIS2_PLACEMENT_3D ( 'NONE', #4241, #1197, #12242 ) ;
#10011 = AXIS2_PLACEMENT_3D ( 'NONE', #7985, #11237, #4010 ) ;
#10012 = CARTESIAN_POINT ( 'NONE',  ( -3.011165235168160592, -4.478679656440357704, 304.8000000000000114 ) ) ;
#10013 = CARTESIAN_POINT ( 'NONE',  ( -2.499999999999999556, -8.424621202458752123, 94.79999999999999716 ) ) ;
#10014 = EDGE_CURVE ( 'NONE', #8200, #528, #2827, .T. ) ;
#10015 = CARTESIAN_POINT ( 'NONE',  ( -5.603553390593272177, 7.071067811865475505, 304.8000000000000114 ) ) ;
#10016 = DIRECTION ( 'NONE',  ( 1.000000000000000000, 0.000000000000000000, 0.000000000000000000 ) ) ;
#10017 = CARTESIAN_POINT ( 'NONE',  ( -8.424621202458750346, -3.000000000000001332, 304.8000000000000114 ) ) ;
#10018 = CIRCLE ( 'NONE', #3440, 0.5000000000000004441 ) ;
#10020 = VECTOR ( 'NONE', #12788, 1000.000000000000000 ) ;
#10019 = DIRECTION ( 'NONE',  ( 1.000000000000000000, 0.000000000000000000, 0.000000000000000000 ) ) ;
#10021 = PLANE ( 'NONE',  #7593 ) ;
#10022 = VERTEX_POINT ( 'NONE', #9622 ) ;
#10023 = CARTESIAN_POINT ( 'NONE',  ( -2.499999999999999556, -8.424621202458752123, 198.8000000000000398 ) ) ;
#10024 = EDGE_CURVE ( 'NONE', #5465, #10761, #7803, .T. ) ;
#10025 = ORIENTED_EDGE ( 'NONE', *, *, #274, .T. ) ;
#10026 = ADVANCED_FACE ( 'NONE', ( #6745 ), #4697, .T. ) ;
#10027 = FACE_OUTER_BOUND ( 'NONE', #10784, .T. ) ;
#10028 = AXIS2_PLACEMENT_3D ( 'NONE', #4358, #10469, #9527 ) ;
#10029 = AXIS2_PLACEMENT_3D ( 'NONE', #2755, #1777, #4814 ) ;
#10030 = DIRECTION ( 'NONE',  ( -1.000000000000000000, -3.304235192336776498E-16, 0.000000000000000000 ) ) ;
#10031 = ORIENTED_EDGE ( 'NONE', *, *, #8601, .F. ) ;
#10032 = CARTESIAN_POINT ( 'NONE',  ( -7.071067811865473729, -5.603553390593270400, -24.77500000000004832 ) ) ;
#10033 = EDGE_CURVE ( 'NONE', #8641, #13066, #2896, .T. ) ;
#10034 = LINE ( 'NONE', #11798, #10996 ) ;
#10035 = ORIENTED_EDGE ( 'NONE', *, *, #3472, .T. ) ;
#10036 = DIRECTION ( 'NONE',  ( -1.000000000000000000, -0.000000000000000000, -0.000000000000000000 ) ) ;
#10037 = CARTESIAN_POINT ( 'NONE',  ( 3.599999999999997424, -0.8898448916085081040, 304.8000000000000114 ) ) ;
#10038 = AXIS2_PLACEMENT_3D ( 'NONE', #2929, #7978, #12010 ) ;
#10039 = FACE_OUTER_BOUND ( 'NONE', #7190, .T. ) ;
#10040 = ORIENTED_EDGE ( 'NONE', *, *, #3246, .T. ) ;
#10041 = DIRECTION ( 'NONE',  ( 8.065639195895846808E-16, -1.000000000000000000, 0.000000000000000000 ) ) ;
#10043 = EDGE_CURVE ( 'NONE', #3323, #5656, #1785, .T. ) ;
#10042 = AXIS2_PLACEMENT_3D ( 'NONE', #10858, #3817, #589 ) ;
#10044 = VERTEX_POINT ( 'NONE', #8612 ) ;
#10045 = EDGE_LOOP ( 'NONE', ( #1903, #1040, #3841, #11165 ) ) ;
#10046 = DIRECTION ( 'NONE',  ( 1.000000000000000000, 1.541976423090498986E-15, 0.000000000000000000 ) ) ;
#10047 = VERTEX_POINT ( 'NONE', #3561 ) ;
#10048 = ORIENTED_EDGE ( 'NONE', *, *, #3765, .T. ) ;
#10049 = DIRECTION ( 'NONE',  ( 0.000000000000000000, -0.000000000000000000, -1.000000000000000000 ) ) ;
#10050 = DIRECTION ( 'NONE',  ( -1.000000000000000000, 0.000000000000000000, 0.000000000000000000 ) ) ;
#10051 = FACE_OUTER_BOUND ( 'NONE', #7594, .T. ) ;
#10052 = EDGE_CURVE ( 'NONE', #8442, #8493, #10792, .T. ) ;
#10053 = VERTEX_POINT ( 'NONE', #11773 ) ;
#10054 = DIRECTION ( 'NONE',  ( -1.000000000000000000, 0.000000000000000000, 0.000000000000000000 ) ) ;
#10055 = EDGE_CURVE ( 'NONE', #3198, #4131, #3967, .T. ) ;
#10056 = FACE_OUTER_BOUND ( 'NONE', #4610, .T. ) ;
#10057 = VERTEX_POINT ( 'NONE', #12699 ) ;
#10058 = ORIENTED_EDGE ( 'NONE', *, *, #10491, .T. ) ;
#10059 = DIRECTION ( 'NONE',  ( -1.541976423090498986E-15, 1.000000000000000000, 0.000000000000000000 ) ) ;
#10060 = CONTEXT_DEPENDENT_SHAPE_REPRESENTATION ( #6403, #11548 ) ;
#10061 = CYLINDRICAL_SURFACE ( 'NONE', #5136, 1.749999999999999778 ) ;
#10062 = PLANE ( 'NONE',  #8500 ) ;
#10063 = CARTESIAN_POINT ( 'NONE',  ( -7.924621202458749458, 3.000000000000001332, 304.8000000000000114 ) ) ;
#10064 = VERTEX_POINT ( 'NONE', #2639 ) ;
#10065 = ORIENTED_EDGE ( 'NONE', *, *, #12560, .T. ) ;
#10066 = ORIENTED_EDGE ( 'NONE', *, *, #10153, .T. ) ;
#10067 = ADVANCED_FACE ( 'NONE', ( #12827 ), #10732, .F. ) ;
#10068 = ORIENTED_EDGE ( 'NONE', *, *, #8572, .F. ) ;
#10069 = CARTESIAN_POINT ( 'NONE',  ( -9.500000000000000000, 2.500000000000000444, -24.77500000000004832 ) ) ;
#10070 = FACE_OUTER_BOUND ( 'NONE', #368, .T. ) ;
#10071 = LINE ( 'NONE', #11965, #6901 ) ;
#10072 = LINE ( 'NONE', #9215, #12215 ) ;
#10073 =( NAMED_UNIT ( * ) SI_UNIT ( $, .STERADIAN. ) SOLID_ANGLE_UNIT ( ) );
#10074 = VERTEX_POINT ( 'NONE', #6625 ) ;
#10075 = ORIENTED_EDGE ( 'NONE', *, *, #3819, .F. ) ;
#10076 = EDGE_CURVE ( 'NONE', #5031, #2988, #2764, .T. ) ;
#10077 = CARTESIAN_POINT ( 'NONE',  ( -3.011165235168160592, 4.478679656440356815, 304.8000000000000114 ) ) ;
#10078 = EDGE_CURVE ( 'NONE', #3895, #11718, #6812, .T. ) ;
#10079 = AXIS2_PLACEMENT_3D ( 'NONE', #8487, #210, #4244 ) ;
#10080 = CARTESIAN_POINT ( 'NONE',  ( 0.8898448916085185401, -6.599999999999999645, 198.8000000000000398 ) ) ;
#10081 = DIRECTION ( 'NONE',  ( 0.000000000000000000, -0.000000000000000000, -1.000000000000000000 ) ) ;
#10082 = DIRECTION ( 'NONE',  ( -0.000000000000000000, 0.000000000000000000, 1.000000000000000000 ) ) ;
#10083 = CARTESIAN_POINT ( 'NONE',  ( -7.924621202458749458, -3.000000000000001332, 304.8000000000000114 ) ) ;
#10084 = CARTESIAN_POINT ( 'NONE',  ( -3.599999999999997424, 0.8898448916085081040, 304.8000000000000114 ) ) ;
#10085 = CARTESIAN_POINT ( 'NONE',  ( 5.603553390593272177, -7.071067811865475505, 304.8000000000000114 ) ) ;
#10086 = VERTEX_POINT ( 'NONE', #4629 ) ;
#10087 = ORIENTED_EDGE ( 'NONE', *, *, #3038, .T. ) ;
#10088 = ORIENTED_EDGE ( 'NONE', *, *, #13068, .F. ) ;
#10089 = AXIS2_PLACEMENT_3D ( 'NONE', #9347, #9282, #266 ) ;
#10090 = DIRECTION ( 'NONE',  ( 1.000000000000000000, -4.873668131198272923E-16, 0.000000000000000000 ) ) ;
#10091 = DIRECTION ( 'NONE',  ( -0.000000000000000000, -0.000000000000000000, -1.000000000000000000 ) ) ;
#10092 = EDGE_LOOP ( 'NONE', ( #1283, #6146, #5151, #9733 ) ) ;
#10093 = DIRECTION ( 'NONE',  ( -0.000000000000000000, -0.000000000000000000, -1.000000000000000000 ) ) ;
#10094 = CARTESIAN_POINT ( 'NONE',  ( -5.603553390593272177, -7.071067811865475505, -24.77500000000004832 ) ) ;
#10095 = EDGE_CURVE ( 'NONE', #8985, #10064, #8437, .T. ) ;
#10096 = VECTOR ( 'NONE', #8541, 1000.000000000000000 ) ;
#10097 = VECTOR ( 'NONE', #1204, 1000.000000000000000 ) ;
#10098 = DIRECTION ( 'NONE',  ( -0.000000000000000000, -0.000000000000000000, -1.000000000000000000 ) ) ;
#10099 = CARTESIAN_POINT ( 'NONE',  ( 9.500000000000000000, 2.500000000000000444, -104.7750000000000057 ) ) ;
#10100 = EDGE_CURVE ( 'NONE', #2666, #1043, #9743, .T. ) ;
#10101 = ORIENTED_EDGE ( 'NONE', *, *, #7146, .T. ) ;
#10102 = PLANE ( 'NONE',  #3589 ) ;
#10103 = ORIENTED_EDGE ( 'NONE', *, *, #7027, .T. ) ;
#10104 = PLANE ( 'NONE',  #8202 ) ;
#10105 = ORIENTED_EDGE ( 'NONE', *, *, #9552, .F. ) ;
#10106 = ORIENTED_EDGE ( 'NONE', *, *, #10910, .T. ) ;
#10107 = EDGE_CURVE ( 'NONE', #9627, #5704, #4611, .T. ) ;
#10108 = PLANE ( 'NONE',  #1035 ) ;
#10109 = ORIENTED_EDGE ( 'NONE', *, *, #3985, .F. ) ;
#10110 = AXIS2_PLACEMENT_3D ( 'NONE', #4728, #11014, #4920 ) ;
#10111 = VERTEX_POINT ( 'NONE', #70 ) ;
#10112 = LINE ( 'NONE', #960, #12509 ) ;
#10113 = DIRECTION ( 'NONE',  ( -0.000000000000000000, -0.000000000000000000, -1.000000000000000000 ) ) ;
#10114 = ORIENTED_EDGE ( 'NONE', *, *, #8435, .F. ) ;
#10115 = CARTESIAN_POINT ( 'NONE',  ( 3.000000000000000888, -10.00000000000000000, 304.8000000000000114 ) ) ;
#10116 = ORIENTED_EDGE ( 'NONE', *, *, #2162, .F. ) ;
#10117 = EDGE_CURVE ( 'NONE', #7009, #8135, #10954, .T. ) ;
#10118 = DIRECTION ( 'NONE',  ( -1.000000000000000000, 2.924200878718996689E-15, 0.000000000000000000 ) ) ;
#10119 = AXIS2_PLACEMENT_3D ( 'NONE', #5995, #9903, #9034 ) ;
#10120 = ADVANCED_FACE ( 'NONE', ( #851 ), #6090, .F. ) ;
#10121 = DIRECTION ( 'NONE',  ( 1.000000000000000000, 0.000000000000000000, 0.000000000000000000 ) ) ;
#10122 = VERTEX_POINT ( 'NONE', #12169 ) ;
#10123 = VERTEX_POINT ( 'NONE', #6158 ) ;
#10124 = EDGE_CURVE ( 'NONE', #5257, #3356, #12232, .T. ) ;
#10125 = CARTESIAN_POINT ( 'NONE',  ( -5.603553390593272177, -7.071067811865475505, 304.8000000000000114 ) ) ;
#10126 = CARTESIAN_POINT ( 'NONE',  ( 3.011165235168160592, -4.478679656440357704, 304.8000000000000114 ) ) ;
#10127 = DIRECTION ( 'NONE',  ( 3.304235192336776498E-16, 1.000000000000000000, -0.000000000000000000 ) ) ;
#10128 = EDGE_LOOP ( 'NONE', ( #4360, #5321, #5389, #3063 ) ) ;
#10129 = VECTOR ( 'NONE', #8273, 1000.000000000000000 ) ;
#10130 = LINE ( 'NONE', #12225, #6380 ) ;
#10131 = ORIENTED_EDGE ( 'NONE', *, *, #6944, .F. ) ;
#10132 = ORIENTED_EDGE ( 'NONE', *, *, #1593, .T. ) ;
#10133 = EDGE_CURVE ( 'NONE', #8135, #7478, #5959, .T. ) ;
#10134 = VERTEX_POINT ( 'NONE', #9070 ) ;
#10135 = DIRECTION ( 'NONE',  ( 0.000000000000000000, 0.000000000000000000, 1.000000000000000000 ) ) ;
#10136 = CYLINDRICAL_SURFACE ( 'NONE', #3322, 2.999999999999999556 ) ;
#10137 = PLANE ( 'NONE',  #4782 ) ;
#10138 = VECTOR ( 'NONE', #8660, 1000.000000000000000 ) ;
#10139 = PLANE ( 'NONE',  #13057 ) ;
#10140 = CARTESIAN_POINT ( 'NONE',  ( 0.000000000000000000, 0.000000000000000000, 0.000000000000000000 ) ) ;
#10141 = ORIENTED_EDGE ( 'NONE', *, *, #8357, .F. ) ;
#10142 = VERTEX_POINT ( 'NONE', #7998 ) ;
#10143 = DIRECTION ( 'NONE',  ( 0.000000000000000000, -0.000000000000000000, 1.000000000000000000 ) ) ;
#10144 = CIRCLE ( 'NONE', #4420, 2.999999999999999112 ) ;
#10145 = LINE ( 'NONE', #9290, #3028 ) ;
#10146 = DIRECTION ( 'NONE',  ( -0.000000000000000000, 0.000000000000000000, -1.000000000000000000 ) ) ;
#10147 = DIRECTION ( 'NONE',  ( -1.000000000000000000, 0.000000000000000000, 0.000000000000000000 ) ) ;
#10148 = CARTESIAN_POINT ( 'NONE',  ( 2.500000000000000444, 9.500000000000000000, 304.8000000000000114 ) ) ;
#10149 = DIRECTION ( 'NONE',  ( -0.7071067811865465735, -0.7071067811865483499, 0.000000000000000000 ) ) ;
#10150 = DIRECTION ( 'NONE',  ( -0.000000000000000000, -0.000000000000000000, -1.000000000000000000 ) ) ;
#10151 = ORIENTED_EDGE ( 'NONE', *, *, #12600, .F. ) ;
#10152 = CARTESIAN_POINT ( 'NONE',  ( 3.011165235168160592, 4.478679656440356815, 304.8000000000000114 ) ) ;
#10153 = EDGE_CURVE ( 'NONE', #10255, #7757, #10072, .T. ) ;
#10154 = EDGE_CURVE ( 'NONE', #12861, #9132, #7008, .T. ) ;
#10155 = AXIS2_PLACEMENT_3D ( 'NONE', #4979, #11082, #12986 ) ;
#10156 = VERTEX_POINT ( 'NONE', #923 ) ;
#10157 = EDGE_CURVE ( 'NONE', #33, #1813, #6877, .T. ) ;
#10158 = VERTEX_POINT ( 'NONE', #9004 ) ;
#10159 = CARTESIAN_POINT ( 'NONE',  ( -8.424621202458750346, -2.500000000000000000, 304.8000000000000114 ) ) ;
#10160 = CARTESIAN_POINT ( 'NONE',  ( 2.499999999999999556, 8.424621202458752123, 304.8000000000000114 ) ) ;
#10161 = EDGE_LOOP ( 'NONE', ( #1257, #9200 ) ) ;
#10162 = DIRECTION ( 'NONE',  ( 0.000000000000000000, -0.000000000000000000, 1.000000000000000000 ) ) ;
#10163 = CARTESIAN_POINT ( 'NONE',  ( -8.250000000000000000, 10.00000000000000178, 304.8000000000000114 ) ) ;
#10164 = VECTOR ( 'NONE', #12513, 1000.000000000000000 ) ;
#10165 = AXIS2_PLACEMENT_3D ( 'NONE', #4915, #1867, #9841 ) ;
#10166 = CARTESIAN_POINT ( 'NONE',  ( -7.424621202458747682, 5.249999999999995559, -104.7750000000000057 ) ) ;
#10167 = CARTESIAN_POINT ( 'NONE',  ( 8.250000000000000000, -8.250000000000000000, 304.8000000000000114 ) ) ;
#10168 = ORIENTED_EDGE ( 'NONE', *, *, #7728, .F. ) ;
#10169 = DIRECTION ( 'NONE',  ( 0.000000000000000000, -0.000000000000000000, -1.000000000000000000 ) ) ;
#10170 = ORIENTED_EDGE ( 'NONE', *, *, #5448, .F. ) ;
#10171 = CARTESIAN_POINT ( 'NONE',  ( 3.011165235168161036, -4.478679656440357704, -104.7750000000000057 ) ) ;
#10172 = ORIENTED_EDGE ( 'NONE', *, *, #9616, .T. ) ;
#10173 = ORIENTED_EDGE ( 'NONE', *, *, #9555, .F. ) ;
#10174 = CARTESIAN_POINT ( 'NONE',  ( 9.500000000000000000, 2.500000000000000444, 198.8000000000000398 ) ) ;
#10175 = ORIENTED_EDGE ( 'NONE', *, *, #9483, .T. ) ;
#10176 = CIRCLE ( 'NONE', #10994, 1.749999999999999778 ) ;
#10177 = AXIS2_PLACEMENT_3D ( 'NONE', #4645, #11861, #12847 ) ;
#10178 = ORIENTED_EDGE ( 'NONE', *, *, #4683, .T. ) ;
#10179 = CIRCLE ( 'NONE', #6361, 0.5000000000000008882 ) ;
#10180 = CARTESIAN_POINT ( 'NONE',  ( -3.000000000000000888, 7.924621202458751235, 304.8000000000000114 ) ) ;
#10181 = CARTESIAN_POINT ( 'NONE',  ( -7.071067811865473729, -5.603553390593270400, 304.8000000000000114 ) ) ;
#10182 = LINE ( 'NONE', #4073, #4902 ) ;
#10183 = EDGE_LOOP ( 'NONE', ( #10646, #10857, #4456, #8622 ) ) ;
#10184 = CARTESIAN_POINT ( 'NONE',  ( 8.424621202458750346, -2.500000000000000000, -104.7750000000000057 ) ) ;
#10185 = EDGE_CURVE ( 'NONE', #4991, #447, #982, .T. ) ;
#10186 = CARTESIAN_POINT ( 'NONE',  ( -1.257674520083185143E-14, 1.257674520083185143E-14, 304.8000000000000114 ) ) ;
#10187 = AXIS2_PLACEMENT_3D ( 'NONE', #4775, #609, #10625 ) ;
#10188 = AXIS2_PLACEMENT_3D ( 'NONE', #5812, #3884, #11825 ) ;
#10189 = AXIS2_PLACEMENT_3D ( 'NONE', #909, #1769, #11824 ) ;
#10190 = VERTEX_POINT ( 'NONE', #1844 ) ;
#10191 = FACE_OUTER_BOUND ( 'NONE', #9033, .T. ) ;
#10192 = ORIENTED_EDGE ( 'NONE', *, *, #9937, .T. ) ;
#10193 = ORIENTED_EDGE ( 'NONE', *, *, #11948, .F. ) ;
#10194 = CARTESIAN_POINT ( 'NONE',  ( -3.011165235168161924, 4.478679656440357704, 198.8000000000000398 ) ) ;
#10195 = LINE ( 'NONE', #2161, #1538 ) ;
#10196 = EDGE_CURVE ( 'NONE', #12075, #3795, #1978, .T. ) ;
#10197 = PLANE ( 'NONE',  #2548 ) ;
#10198 = ORIENTED_EDGE ( 'NONE', *, *, #2716, .T. ) ;
#10199 = AXIS2_PLACEMENT_3D ( 'NONE', #5726, #9788, #2734 ) ;
#10200 = DIRECTION ( 'NONE',  ( -1.000000000000000000, 0.000000000000000000, 0.000000000000000000 ) ) ;
#10201 = ORIENTED_EDGE ( 'NONE', *, *, #11000, .F. ) ;
#10203 = EDGE_CURVE ( 'NONE', #7718, #1161, #3094, .T. ) ;
#10202 = AXIS2_PLACEMENT_3D ( 'NONE', #1036, #3147, #9057 ) ;
#10204 = ORIENTED_EDGE ( 'NONE', *, *, #1580, .T. ) ;
#10205 = EDGE_CURVE ( 'NONE', #12831, #11077, #9938, .T. ) ;
#10206 = FACE_OUTER_BOUND ( 'NONE', #4784, .T. ) ;
#10207 = DIRECTION ( 'NONE',  ( -0.000000000000000000, -0.000000000000000000, -1.000000000000000000 ) ) ;
#10208 = VECTOR ( 'NONE', #593, 1000.000000000000000 ) ;
#10209 = ORIENTED_EDGE ( 'NONE', *, *, #12266, .F. ) ;
#10210 = CARTESIAN_POINT ( 'NONE',  ( -2.500000000000000000, -8.424621202458752123, 304.8000000000000114 ) ) ;
#10211 = CIRCLE ( 'NONE', #11667, 0.5000000000000013323 ) ;
#10212 = CIRCLE ( 'NONE', #9983, 2.999999999999999112 ) ;
#10213 = DIRECTION ( 'NONE',  ( -0.000000000000000000, 0.000000000000000000, -1.000000000000000000 ) ) ;
#10214 = SHAPE_REPRESENTATION_RELATIONSHIP ( 'NONE' , 'NONE' ,  #3658, #6912 ) ;
#10215 = ADVANCED_FACE ( 'NONE', ( #4026 ), #5017, .T. ) ;
#10216 = VERTEX_POINT ( 'NONE', #8942 ) ;
#10217 = ORIENTED_EDGE ( 'NONE', *, *, #10203, .F. ) ;
#10218 = AXIS2_PLACEMENT_3D ( 'NONE', #8414, #9285, #201 ) ;
#10219 = AXIS2_PLACEMENT_3D ( 'NONE', #4108, #11124, #12176 ) ;
#10220 = FACE_OUTER_BOUND ( 'NONE', #13004, .T. ) ;
#10221 = VECTOR ( 'NONE', #4427, 1000.000000000000000 ) ;
#10222 = DIRECTION ( 'NONE',  ( -1.000000000000000000, 0.000000000000000000, 0.000000000000000000 ) ) ;
#10223 = ADVANCED_FACE ( 'NONE', ( #12960 ), #3893, .F. ) ;
#10224 = CARTESIAN_POINT ( 'NONE',  ( 3.000000000000000888, 10.00000000000000000, 304.8000000000000114 ) ) ;
#10225 = CARTESIAN_POINT ( 'NONE',  ( 3.000000000000000888, 10.00000000000000000, -24.77500000000004832 ) ) ;
#10226 = DIRECTION ( 'NONE',  ( -0.000000000000000000, -0.000000000000000000, -1.000000000000000000 ) ) ;
#10227 = CYLINDRICAL_SURFACE ( 'NONE', #8390, 0.5000000000000004441 ) ;
#10228 = DIRECTION ( 'NONE',  ( 8.065639195895846808E-16, -1.000000000000000000, 0.000000000000000000 ) ) ;
#10229 = ORIENTED_EDGE ( 'NONE', *, *, #11277, .T. ) ;
#10230 = AXIS2_PLACEMENT_3D ( 'NONE', #2771, #12897, #8951 ) ;
#10231 = AXIS2_PLACEMENT_3D ( 'NONE', #6647, #10568, #3584 ) ;
#10232 = EDGE_LOOP ( 'NONE', ( #5363, #8762, #9333, #3455 ) ) ;
#10233 = ORIENTED_EDGE ( 'NONE', *, *, #3209, .T. ) ;
#10234 = DIRECTION ( 'NONE',  ( 0.000000000000000000, 0.000000000000000000, -1.000000000000000000 ) ) ;
#10235 = DIRECTION ( 'NONE',  ( -0.000000000000000000, 0.000000000000000000, -1.000000000000000000 ) ) ;
#10236 = VERTEX_POINT ( 'NONE', #2040 ) ;
#10237 = CARTESIAN_POINT ( 'NONE',  ( -9.500000000000000000, -3.000000000000001332, 94.79999999999999716 ) ) ;
#10238 = VECTOR ( 'NONE', #6493, 1000.000000000000000 ) ;
#10239 = ADVANCED_FACE ( 'NONE', ( #7934 ), #10139, .F. ) ;
#10240 = CARTESIAN_POINT ( 'NONE',  ( 3.011165235168161036, 4.478679656440357704, 198.8000000000000398 ) ) ;
#10242 = EDGE_CURVE ( 'NONE', #11112, #8943, #9144, .T. ) ;
#10241 = CIRCLE ( 'NONE', #12952, 0.4999999999999995559 ) ;
#10243 = ADVANCED_FACE ( 'NONE', ( #11315 ), #1190, .T. ) ;
#10244 = DIRECTION ( 'NONE',  ( 1.000000000000000000, 0.000000000000000000, 0.000000000000000000 ) ) ;
#10245 = DIRECTION ( 'NONE',  ( -8.065639195895846808E-16, 1.000000000000000000, 0.000000000000000000 ) ) ;
#10246 = ORIENTED_EDGE ( 'NONE', *, *, #11719, .F. ) ;
#10247 = CARTESIAN_POINT ( 'NONE',  ( 10.00000000000000000, 3.000000000000001332, 304.8000000000000114 ) ) ;
#10248 = ORIENTED_EDGE ( 'NONE', *, *, #8262, .F. ) ;
#10249 = LINE ( 'NONE', #4335, #174 ) ;
#10250 = ORIENTED_EDGE ( 'NONE', *, *, #10367, .T. ) ;
#10251 = VERTEX_POINT ( 'NONE', #8413 ) ;
#10252 = DIRECTION ( 'NONE',  ( -1.000000000000000000, 0.000000000000000000, 0.000000000000000000 ) ) ;
#10253 = ORIENTED_EDGE ( 'NONE', *, *, #8750, .F. ) ;
#10254 = CIRCLE ( 'NONE', #719, 2.999999999999999556 ) ;
#10255 = VERTEX_POINT ( 'NONE', #9420 ) ;
#10256 = DIRECTION ( 'NONE',  ( -1.000000000000000000, 0.000000000000000000, 0.000000000000000000 ) ) ;
#10257 = DIRECTION ( 'NONE',  ( -1.000000000000000000, 0.000000000000000000, 0.000000000000000000 ) ) ;
#10258 = DIRECTION ( 'NONE',  ( 0.000000000000000000, -0.000000000000000000, -1.000000000000000000 ) ) ;
#10259 = VERTEX_POINT ( 'NONE', #1446 ) ;
#10260 = CARTESIAN_POINT ( 'NONE',  ( 3.000000000000000888, 9.500000000000000000, -20.77500000000004476 ) ) ;
#10261 = EDGE_CURVE ( 'NONE', #11154, #2629, #2377, .T. ) ;
#10262 = CIRCLE ( 'NONE', #3459, 2.999999999999999112 ) ;
#10263 = CARTESIAN_POINT ( 'NONE',  ( 5.603553390593272177, 7.071067811865474617, 198.8000000000000398 ) ) ;
#10264 = AXIS2_PLACEMENT_3D ( 'NONE', #2253, #1132, #10222 ) ;
#10265 = CARTESIAN_POINT ( 'NONE',  ( 2.500000000000000444, 9.500000000000000000, 304.8000000000000114 ) ) ;
#10266 = LINE ( 'NONE', #8254, #7754 ) ;
#10267 = ORIENTED_EDGE ( 'NONE', *, *, #12561, .F. ) ;
#10268 = ORIENTED_EDGE ( 'NONE', *, *, #1102, .T. ) ;
#10269 = DIRECTION ( 'NONE',  ( 0.000000000000000000, 0.000000000000000000, -1.000000000000000000 ) ) ;
#10270 = DIRECTION ( 'NONE',  ( 0.000000000000000000, 0.000000000000000000, -1.000000000000000000 ) ) ;
#10271 = PLANE ( 'NONE',  #2763 ) ;
#10272 = ORIENTED_EDGE ( 'NONE', *, *, #12211, .T. ) ;
#10273 = PLANE ( 'NONE',  #6994 ) ;
#10274 = VERTEX_POINT ( 'NONE', #8544 ) ;
#10275 = ORIENTED_EDGE ( 'NONE', *, *, #9058, .T. ) ;
#10276 = LINE ( 'NONE', #130, #9600 ) ;
#10277 = ADVANCED_FACE ( 'NONE', ( #4230 ), #6428, .F. ) ;
#10278 = DIRECTION ( 'NONE',  ( 0.000000000000000000, -0.000000000000000000, 1.000000000000000000 ) ) ;
#10279 = DIRECTION ( 'NONE',  ( 1.000000000000000000, 0.000000000000000000, 0.000000000000000000 ) ) ;
#10280 = ADVANCED_FACE ( 'NONE', ( #10409 ), #3158, .F. ) ;
#10281 = DIRECTION ( 'NONE',  ( -1.000000000000000000, 0.000000000000000000, 0.000000000000000000 ) ) ;
#10282 = DIRECTION ( 'NONE',  ( 1.000000000000000000, -3.304235192336776498E-16, 3.304235192336776498E-16 ) ) ;
#10283 = VERTEX_POINT ( 'NONE', #12366 ) ;
#10284 = EDGE_CURVE ( 'NONE', #10142, #10551, #6092, .T. ) ;
#10285 = EDGE_LOOP ( 'NONE', ( #9789, #1575, #6913, #6612, #8016, #3197, #12336, #3752, #8976, #2862, #1706, #10103, #2340, #6281, #11102, #3878, #9098, #6291, #5002, #2620, #2448, #6522, #12949, #11210, #4600, #8295, #126, #3534, #4575, #5865, #10198, #7563, #4285, #5438, #2214, #5463, #9584, #1500, #3405, #8932, #6643, #148, #1493, #1371, #4509, #3936, #9340, #10035, #7133, #11681, #493, #5826, #3350, #11181, #2754, #3502, #1176, #7337, #8253, #9684, #303, #5437, #8811, #3085, #3049, #5387, #9266, #507, #5598, #12119, #7927, #9061 ) ) ;
#10286 = DIRECTION ( 'NONE',  ( 1.000000000000000000, -3.304235192336776498E-16, 0.000000000000000000 ) ) ;
#10287 = CARTESIAN_POINT ( 'NONE',  ( -7.924621202458747682, 5.249999999999995559, 94.79999999999999716 ) ) ;
#10288 = DIRECTION ( 'NONE',  ( -0.7071067811865474617, 0.7071067811865476838, 0.000000000000000000 ) ) ;
#10289 = EDGE_CURVE ( 'NONE', #8433, #11374, #10749, .T. ) ;
#10290 = DIRECTION ( 'NONE',  ( 0.000000000000000000, 0.000000000000000000, -1.000000000000000000 ) ) ;
#10291 = DIRECTION ( 'NONE',  ( 0.000000000000000000, -0.000000000000000000, -1.000000000000000000 ) ) ;
#10292 = FACE_OUTER_BOUND ( 'NONE', #6650, .T. ) ;
#10293 = CARTESIAN_POINT ( 'NONE',  ( 5.249999999999997335, -7.924621202458751235, 304.8000000000000114 ) ) ;
#10294 = DIRECTION ( 'NONE',  ( -1.541976423090499183E-15, 1.000000000000000000, -0.000000000000000000 ) ) ;
#10295 = ORIENTED_EDGE ( 'NONE', *, *, #5067, .T. ) ;
#10296 = EDGE_CURVE ( 'NONE', #8843, #3281, #9476, .T. ) ;
#10297 = ORIENTED_EDGE ( 'NONE', *, *, #10100, .F. ) ;
#10298 = AXIS2_PLACEMENT_3D ( 'NONE', #9661, #10529, #9603 ) ;
#10299 = FACE_OUTER_BOUND ( 'NONE', #7963, .T. ) ;
#10300 = DIRECTION ( 'NONE',  ( -1.000000000000000000, 4.873668131198272923E-16, 0.000000000000000000 ) ) ;
#10301 = CARTESIAN_POINT ( 'NONE',  ( -7.924621202458749458, -3.000000000000001332, 304.8000000000000114 ) ) ;
#10302 = PRODUCT ( 'AL210_5537T104', 'AL210_5537T104', '', ( #1508 ) ) ;
#10303 = CARTESIAN_POINT ( 'NONE',  ( 8.250000000000000000, 8.250000000000000000, 304.8000000000000114 ) ) ;
#10304 = DIRECTION ( 'NONE',  ( 1.000000000000000000, 0.000000000000000000, 0.000000000000000000 ) ) ;
#10305 = DIRECTION ( 'NONE',  ( 0.000000000000000000, -1.000000000000000000, 0.000000000000000000 ) ) ;
#10306 = ORIENTED_EDGE ( 'NONE', *, *, #7917, .T. ) ;
#10307 = CARTESIAN_POINT ( 'NONE',  ( -3.000000000000000888, -7.924621202458751235, 94.79999999999999716 ) ) ;
#10308 = ORIENTED_EDGE ( 'NONE', *, *, #783, .T. ) ;
#10309 = CARTESIAN_POINT ( 'NONE',  ( 7.424621202458747682, -5.249999999999995559, 304.8000000000000114 ) ) ;
#10310 = ORIENTED_EDGE ( 'NONE', *, *, #8983, .T. ) ;
#10311 = VERTEX_POINT ( 'NONE', #1322 ) ;
#10312 = CARTESIAN_POINT ( 'NONE',  ( 3.000000000000000888, -10.00000000000000000, -104.7750000000000057 ) ) ;
#10313 = ORIENTED_EDGE ( 'NONE', *, *, #9189, .F. ) ;
#10314 = EDGE_CURVE ( 'NONE', #12293, #4763, #12497, .T. ) ;
#10315 = EDGE_LOOP ( 'NONE', ( #11826, #5076, #10087, #11704 ) ) ;
#10316 = DIRECTION ( 'NONE',  ( 0.000000000000000000, -0.000000000000000000, -1.000000000000000000 ) ) ;
#10317 = DIRECTION ( 'NONE',  ( -0.000000000000000000, -0.000000000000000000, -1.000000000000000000 ) ) ;
#10318 = CARTESIAN_POINT ( 'NONE',  ( 10.00000000000000000, 3.000000000000001332, 304.8000000000000114 ) ) ;
#10319 = VECTOR ( 'NONE', #12783, 1000.000000000000000 ) ;
#10320 = ORIENTED_EDGE ( 'NONE', *, *, #138, .F. ) ;
#10321 = DIRECTION ( 'NONE',  ( 8.065639195895846808E-16, 1.000000000000000000, 0.000000000000000000 ) ) ;
#10322 = CYLINDRICAL_SURFACE ( 'NONE', #4098, 0.5000000000000004441 ) ;
#10323 = DIRECTION ( 'NONE',  ( 1.000000000000000000, 4.873668131198272923E-16, 0.000000000000000000 ) ) ;
#10324 = ORIENTED_EDGE ( 'NONE', *, *, #6771, .F. ) ;
#10325 = CARTESIAN_POINT ( 'NONE',  ( 7.924621202458747682, -5.249999999999995559, 304.8000000000000114 ) ) ;
#10326 = AXIS2_PLACEMENT_3D ( 'NONE', #2089, #11419, #9263 ) ;
#10327 = ORIENTED_EDGE ( 'NONE', *, *, #2188, .F. ) ;
#10328 = ORIENTED_EDGE ( 'NONE', *, *, #1961, .T. ) ;
#10329 = VECTOR ( 'NONE', #8503, 1000.000000000000000 ) ;
#10330 = LINE ( 'NONE', #5340, #2073 ) ;
#10331 = ORIENTED_EDGE ( 'NONE', *, *, #2681, .T. ) ;
#10332 = EDGE_CURVE ( 'NONE', #12260, #7838, #7346, .T. ) ;
#10333 = EDGE_CURVE ( 'NONE', #11098, #9382, #8474, .T. ) ;
#10334 = CIRCLE ( 'NONE', #11366, 0.5000000000000008882 ) ;
#10335 = EDGE_CURVE ( 'NONE', #3885, #9122, #11442, .T. ) ;
#10336 = CARTESIAN_POINT ( 'NONE',  ( -8.250000000000000000, 8.250000000000000000, 304.8000000000000114 ) ) ;
#10337 = DIRECTION ( 'NONE',  ( -1.000000000000000000, 0.000000000000000000, 0.000000000000000000 ) ) ;
#10338 = ORIENTED_EDGE ( 'NONE', *, *, #7935, .T. ) ;
#10339 = ORIENTED_EDGE ( 'NONE', *, *, #12767, .F. ) ;
#10340 = CIRCLE ( 'NONE', #8428, 2.999999999999999112 ) ;
#10341 = DIRECTION ( 'NONE',  ( -1.000000000000000000, 0.000000000000000000, 0.000000000000000000 ) ) ;
#10342 = CARTESIAN_POINT ( 'NONE',  ( -10.00000000000000000, -8.250000000000000000, 304.8000000000000114 ) ) ;
#10343 = LINE ( 'NONE', #2374, #5000 ) ;
#10344 = CARTESIAN_POINT ( 'NONE',  ( 3.000000000000000888, 9.500000000000000000, 304.8000000000000114 ) ) ;
#10345 = CARTESIAN_POINT ( 'NONE',  ( 368.6441185303760335, 334.4108796227575908, 312.2976979552246348 ) ) ;
#10346 = ORIENTED_EDGE ( 'NONE', *, *, #4937, .F. ) ;
#10347 = AXIS2_PLACEMENT_3D ( 'NONE', #8672, #3629, #5688 ) ;
#10348 = VERTEX_POINT ( 'NONE', #5221 ) ;
#10349 = LINE ( 'NONE', #9481, #10221 ) ;
#10350 = DIRECTION ( 'NONE',  ( 0.000000000000000000, 0.000000000000000000, -1.000000000000000000 ) ) ;
#10351 = LINE ( 'NONE', #12109, #12734 ) ;
#10352 = AXIS2_PLACEMENT_3D ( 'NONE', #4149, #11426, #8398 ) ;
#10353 = DIRECTION ( 'NONE',  ( 0.000000000000000000, 0.000000000000000000, -1.000000000000000000 ) ) ;
#10354 = ADVANCED_FACE ( 'NONE', ( #4305 ), #459, .T. ) ;
#10355 = LINE ( 'NONE', #10148, #8971 ) ;
#10356 = CARTESIAN_POINT ( 'NONE',  ( -3.000000000000000888, -7.924621202458751235, 304.8000000000000114 ) ) ;
#10357 = CARTESIAN_POINT ( 'NONE',  ( 8.424621202458750346, 2.500000000000000000, -104.7750000000000057 ) ) ;
#10358 = DIRECTION ( 'NONE',  ( 1.000000000000000000, 0.000000000000000000, 0.000000000000000000 ) ) ;
#10359 = ORIENTED_EDGE ( 'NONE', *, *, #10509, .T. ) ;
#10360 = ORIENTED_EDGE ( 'NONE', *, *, #12156, .F. ) ;
#10361 = ADVANCED_FACE ( 'NONE', ( #7404 ), #6488, .T. ) ;
#10362 = AXIS2_PLACEMENT_3D ( 'NONE', #1016, #10828, #6849 ) ;
#10363 = EDGE_LOOP ( 'NONE', ( #11500, #11591, #746, #10306 ) ) ;
#10364 = CARTESIAN_POINT ( 'NONE',  ( -3.011165235168160592, 4.478679656440356815, 304.8000000000000114 ) ) ;
#10365 = DIRECTION ( 'NONE',  ( 0.000000000000000000, -0.000000000000000000, -1.000000000000000000 ) ) ;
#10366 = CARTESIAN_POINT ( 'NONE',  ( 10.00000000000000000, 3.000000000000001332, 304.8000000000000114 ) ) ;
#10367 = EDGE_CURVE ( 'NONE', #6021, #8247, #12636, .T. ) ;
#10368 = LINE ( 'NONE', #12389, #11831 ) ;
#10369 = EDGE_CURVE ( 'NONE', #6267, #5936, #2061, .T. ) ;
#10370 = DIRECTION ( 'NONE',  ( -0.000000000000000000, -0.000000000000000000, -1.000000000000000000 ) ) ;
#10371 = CIRCLE ( 'NONE', #2102, 1.749999999999999778 ) ;
#10372 = DIRECTION ( 'NONE',  ( 1.000000000000000000, 0.000000000000000000, 0.000000000000000000 ) ) ;
#10373 = VERTEX_POINT ( 'NONE', #2245 ) ;
#10374 = CARTESIAN_POINT ( 'NONE',  ( 10.00000000000000000, 3.000000000000001332, 304.8000000000000114 ) ) ;
#10375 = VERTEX_POINT ( 'NONE', #5287 ) ;
#10376 = DIRECTION ( 'NONE',  ( -0.000000000000000000, 0.000000000000000000, -1.000000000000000000 ) ) ;
#10377 = VERTEX_POINT ( 'NONE', #1768 ) ;
#10378 = ORIENTED_EDGE ( 'NONE', *, *, #1368, .F. ) ;
#10379 = PLANE ( 'NONE',  #4624 ) ;
#10380 = ADVANCED_FACE ( 'NONE', ( #4805 ), #9666, .T. ) ;
#10381 = ORIENTED_EDGE ( 'NONE', *, *, #5639, .T. ) ;
#10382 = FACE_OUTER_BOUND ( 'NONE', #2182, .T. ) ;
#10383 = VECTOR ( 'NONE', #8490, 1000.000000000000000 ) ;
#10384 = CARTESIAN_POINT ( 'NONE',  ( -5.249999999999997335, 7.424621202458749458, 198.8000000000000398 ) ) ;
#10385 = CARTESIAN_POINT ( 'NONE',  ( 3.011165235168160592, 4.478679656440356815, 94.79999999999999716 ) ) ;
#10386 = PLANE ( 'NONE',  #4326 ) ;
#10387 = CARTESIAN_POINT ( 'NONE',  ( 3.000000000000000888, 10.00000000000000000, 304.8000000000000114 ) ) ;
#10388 =( LENGTH_UNIT ( ) NAMED_UNIT ( * ) SI_UNIT ( .MILLI., .METRE. ) );
#10389 = LINE ( 'NONE', #10325, #371 ) ;
#10390 =( GEOMETRIC_REPRESENTATION_CONTEXT ( 3 ) GLOBAL_UNCERTAINTY_ASSIGNED_CONTEXT ( ( #4958 ) ) GLOBAL_UNIT_ASSIGNED_CONTEXT ( ( #10388, #2531, #7516 ) ) REPRESENTATION_CONTEXT ( 'NONE', 'WORKASPACE' ) );
#10391 = ORIENTED_EDGE ( 'NONE', *, *, #4102, .F. ) ;
#10392 = ORIENTED_EDGE ( 'NONE', *, *, #9708, .F. ) ;
#10393 = VECTOR ( 'NONE', #6454, 1000.000000000000114 ) ;
#10394 = CARTESIAN_POINT ( 'NONE',  ( 8.424621202458750346, -2.500000000000000000, 304.8000000000000114 ) ) ;
#10395 = ORIENTED_EDGE ( 'NONE', *, *, #11134, .T. ) ;
#10396 = CARTESIAN_POINT ( 'NONE',  ( 9.500000000000000000, 2.500000000000000444, 304.8000000000000114 ) ) ;
#10397 = CARTESIAN_POINT ( 'NONE',  ( 3.011165235168160592, -4.478679656440356815, 304.8000000000000114 ) ) ;
#10398 = ORIENTED_EDGE ( 'NONE', *, *, #12281, .F. ) ;
#10399 = VERTEX_POINT ( 'NONE', #12811 ) ;
#10400 = CIRCLE ( 'NONE', #16, 1.749999999999999778 ) ;
#10401 = VECTOR ( 'NONE', #10431, 1000.000000000000000 ) ;
#10402 = CARTESIAN_POINT ( 'NONE',  ( 2.500000000000000000, -8.424621202458752123, 304.8000000000000114 ) ) ;
#10403 = EDGE_CURVE ( 'NONE', #252, #3468, #12623, .T. ) ;
#10404 = ADVANCED_FACE ( 'NONE', ( #9799 ), #9730, .T. ) ;
#10406 = ADVANCED_FACE ( 'NONE', ( #581 ), #7595, .F. ) ;
#10405 = CARTESIAN_POINT ( 'NONE',  ( -7.924621202458747682, -5.249999999999995559, 198.8000000000000398 ) ) ;
#10407 = DIRECTION ( 'NONE',  ( 0.000000000000000000, -0.000000000000000000, -1.000000000000000000 ) ) ;
#10408 = ADVANCED_FACE ( 'NONE', ( #1507 ), #4617, .F. ) ;
#10409 = FACE_OUTER_BOUND ( 'NONE', #2278, .T. ) ;
#10410 = DIRECTION ( 'NONE',  ( -1.000000000000000000, -3.304235192336776498E-16, 0.000000000000000000 ) ) ;
#10411 = AXIS2_PLACEMENT_3D ( 'NONE', #513, #2485, #1313 ) ;
#10412 = ORIENTED_EDGE ( 'NONE', *, *, #7859, .F. ) ;
#10413 = VECTOR ( 'NONE', #9862, 1000.000000000000000 ) ;
#10414 = CARTESIAN_POINT ( 'NONE',  ( -2.500000000000000444, 9.500000000000000000, -104.7749999999998920 ) ) ;
#10415 = PRODUCT_DEFINITION_SHAPE ( 'NONE', 'NONE',  #13080 ) ;
#10416 = DIRECTION ( 'NONE',  ( 1.000000000000000000, 4.873668131198272923E-16, 0.000000000000000000 ) ) ;
#10417 = LINE ( 'NONE', #7412, #5157 ) ;
#10418 = AXIS2_PLACEMENT_3D ( 'NONE', #9679, #4626, #8866 ) ;
#10419 = DIRECTION ( 'NONE',  ( 1.541976423090498986E-15, -1.000000000000000000, 0.000000000000000000 ) ) ;
#10420 = CIRCLE ( 'NONE', #2975, 0.4999999999999995559 ) ;
#10422 = VECTOR ( 'NONE', #9391, 1000.000000000000000 ) ;
#10421 = DIRECTION ( 'NONE',  ( -0.000000000000000000, -0.000000000000000000, -1.000000000000000000 ) ) ;
#10423 = CARTESIAN_POINT ( 'NONE',  ( -3.000000000000000888, 7.924621202458751235, 304.8000000000000114 ) ) ;
#10424 = DIRECTION ( 'NONE',  ( -0.000000000000000000, 0.000000000000000000, -1.000000000000000000 ) ) ;
#10425 = DIRECTION ( 'NONE',  ( 1.000000000000000000, 0.000000000000000000, 0.000000000000000000 ) ) ;
#10426 = AXIS2_PLACEMENT_3D ( 'NONE', #2106, #8475, #5421 ) ;
#10427 = CARTESIAN_POINT ( 'NONE',  ( 2.499999999999999556, -8.424621202458752123, 304.8000000000000114 ) ) ;
#10428 = ORIENTED_EDGE ( 'NONE', *, *, #4937, .T. ) ;
#10429 = ORIENTED_EDGE ( 'NONE', *, *, #8147, .T. ) ;
#10430 = VECTOR ( 'NONE', #9839, 1000.000000000000000 ) ;
#10431 = DIRECTION ( 'NONE',  ( 0.000000000000000000, 0.000000000000000000, -1.000000000000000000 ) ) ;
#10432 = DIRECTION ( 'NONE',  ( 0.000000000000000000, 0.000000000000000000, 1.000000000000000000 ) ) ;
#10433 = CARTESIAN_POINT ( 'NONE',  ( 3.000000000000000888, 7.924621202458751235, -104.7750000000000057 ) ) ;
#10434 = DIRECTION ( 'NONE',  ( 0.000000000000000000, -0.000000000000000000, -1.000000000000000000 ) ) ;
#10435 = EDGE_CURVE ( 'NONE', #3728, #10952, #406, .T. ) ;
#10436 = DIRECTION ( 'NONE',  ( 0.000000000000000000, 1.000000000000000000, 0.000000000000000000 ) ) ;
#10437 = EDGE_LOOP ( 'NONE', ( #1169, #6197, #3235, #9542 ) ) ;
#10438 = DIRECTION ( 'NONE',  ( -0.000000000000000000, 0.000000000000000000, -1.000000000000000000 ) ) ;
#10439 = EDGE_LOOP ( 'NONE', ( #4970, #12891, #120, #4001 ) ) ;
#10440 = CARTESIAN_POINT ( 'NONE',  ( 7.071067811865473729, 5.603553390593270400, 304.8000000000000114 ) ) ;
#10441 = ORIENTED_EDGE ( 'NONE', *, *, #7917, .F. ) ;
#10442 = EDGE_CURVE ( 'NONE', #7155, #4853, #10775, .T. ) ;
#10443 = ORIENTED_EDGE ( 'NONE', *, *, #2552, .F. ) ;
#10444 = CARTESIAN_POINT ( 'NONE',  ( -3.000000000000000888, 9.500000000000000000, -20.77500000000004476 ) ) ;
#10445 = EDGE_CURVE ( 'NONE', #10057, #8930, #2683, .T. ) ;
#10446 = AXIS2_PLACEMENT_3D ( 'NONE', #4623, #591, #6552 ) ;
#10447 = VECTOR ( 'NONE', #4942, 1000.000000000000114 ) ;
#10448 = CARTESIAN_POINT ( 'NONE',  ( 7.924621202458747682, 5.249999999999995559, -20.77500000000004476 ) ) ;
#10449 = APPLICATION_CONTEXT ( 'automotive_design' ) ;
#10450 = CARTESIAN_POINT ( 'NONE',  ( 7.924621202458747682, 5.249999999999995559, 94.79999999999999716 ) ) ;
#10451 = DIRECTION ( 'NONE',  ( 0.7071067811865474617, -0.7071067811865476838, 0.000000000000000000 ) ) ;
#10452 = CARTESIAN_POINT ( 'NONE',  ( 2.500000000000000444, 9.500000000000000000, 304.8000000000000114 ) ) ;
#10453 = EDGE_CURVE ( 'NONE', #12731, #2035, #10594, .T. ) ;
#10454 = CIRCLE ( 'NONE', #12114, 0.5000000000000004441 ) ;
#10455 = SURFACE_STYLE_FILL_AREA ( #3469 ) ;
#10456 = DIRECTION ( 'NONE',  ( 1.000000000000000000, 0.000000000000000000, 0.000000000000000000 ) ) ;
#10457 = ORIENTED_EDGE ( 'NONE', *, *, #9865, .F. ) ;
#10458 = ORIENTED_EDGE ( 'NONE', *, *, #8244, .T. ) ;
#10459 = DIRECTION ( 'NONE',  ( 1.000000000000000000, -3.304235192336776498E-16, 0.000000000000000000 ) ) ;
#10460 = ORIENTED_EDGE ( 'NONE', *, *, #1798, .T. ) ;
#10461 = CARTESIAN_POINT ( 'NONE',  ( -7.424621202458747682, 5.249999999999995559, 304.8000000000000114 ) ) ;
#10462 = EDGE_CURVE ( 'NONE', #3020, #7639, #6520, .T. ) ;
#10463 = DIRECTION ( 'NONE',  ( 0.000000000000000000, 0.000000000000000000, 1.000000000000000000 ) ) ;
#10464 = ORIENTED_EDGE ( 'NONE', *, *, #11979, .T. ) ;
#10465 = VECTOR ( 'NONE', #375, 1000.000000000000000 ) ;
#10466 = VERTEX_POINT ( 'NONE', #4553 ) ;
#10467 = AXIS2_PLACEMENT_3D ( 'NONE', #8078, #7016, #6296 ) ;
#10468 = PRODUCT_RELATED_PRODUCT_CATEGORY ( 'part', '', ( #11447 ) ) ;
#10469 = DIRECTION ( 'NONE',  ( 0.000000000000000000, 0.000000000000000000, -1.000000000000000000 ) ) ;
#10470 = DIRECTION ( 'NONE',  ( -0.000000000000000000, 0.000000000000000000, -1.000000000000000000 ) ) ;
#10471 = VERTEX_POINT ( 'NONE', #7787 ) ;
#10472 = CARTESIAN_POINT ( 'NONE',  ( 5.603553390593272177, -7.071067811865475505, 304.8000000000000114 ) ) ;
#10473 = ORIENTED_EDGE ( 'NONE', *, *, #10949, .F. ) ;
#10474 = CARTESIAN_POINT ( 'NONE',  ( -9.500000000000000000, 2.500000000000000444, 304.8000000000000114 ) ) ;
#10475 = VECTOR ( 'NONE', #5619, 1000.000000000000000 ) ;
#10476 = DIRECTION ( 'NONE',  ( 1.000000000000000000, 0.000000000000000000, 0.000000000000000000 ) ) ;
#10477 = CIRCLE ( 'NONE', #7068, 0.5000000000000004441 ) ;
#10478 = DIRECTION ( 'NONE',  ( 0.000000000000000000, 0.000000000000000000, 1.000000000000000000 ) ) ;
#10479 = EDGE_CURVE ( 'NONE', #5770, #9723, #1697, .T. ) ;
#10480 = ORIENTED_EDGE ( 'NONE', *, *, #2329, .F. ) ;
#10481 = LINE ( 'NONE', #5424, #5545 ) ;
#10482 = LINE ( 'NONE', #1391, #7892 ) ;
#10483 = LINE ( 'NONE', #9484, #11058 ) ;
#10484 = CARTESIAN_POINT ( 'NONE',  ( 6.599999999999996092, -0.8898448916085081040, -20.77500000000004476 ) ) ;
#10485 = CARTESIAN_POINT ( 'NONE',  ( 5.249999999999997335, -7.924621202458751235, -104.7750000000000057 ) ) ;
#10486 = LINE ( 'NONE', #1265, #12599 ) ;
#10487 = CARTESIAN_POINT ( 'NONE',  ( -8.424621202458750346, -2.500000000000001332, 94.79999999999999716 ) ) ;
#10488 = CARTESIAN_POINT ( 'NONE',  ( 7.071067811865473729, 5.603553390593270400, 198.8000000000000398 ) ) ;
#10489 = VERTEX_POINT ( 'NONE', #5671 ) ;
#10490 = EDGE_LOOP ( 'NONE', ( #1610, #1745, #9909, #3803 ) ) ;
#10491 = EDGE_CURVE ( 'NONE', #4804, #214, #3486, .T. ) ;
#10492 = EDGE_CURVE ( 'NONE', #2291, #1748, #8729, .T. ) ;
#10493 = VERTEX_POINT ( 'NONE', #6795 ) ;
#10494 = DIRECTION ( 'NONE',  ( 1.000000000000000000, 0.000000000000000000, 0.000000000000000000 ) ) ;
#10495 = CARTESIAN_POINT ( 'NONE',  ( 10.00000000000000000, -8.250000000000000000, 304.8000000000000114 ) ) ;
#10496 = CYLINDRICAL_SURFACE ( 'NONE', #4721, 0.5000000000000004441 ) ;
#10497 = LINE ( 'NONE', #3451, #7192 ) ;
#10498 = CARTESIAN_POINT ( 'NONE',  ( -0.8898448916085185401, -3.600000000000000533, -20.77500000000004476 ) ) ;
#10499 = CARTESIAN_POINT ( 'NONE',  ( 5.249999999999997335, -7.424621202458749458, -20.77500000000004476 ) ) ;
#10500 = ORIENTED_EDGE ( 'NONE', *, *, #2490, .T. ) ;
#10501 = PLANE ( 'NONE',  #1912 ) ;
#10502 = ORIENTED_EDGE ( 'NONE', *, *, #5481, .F. ) ;
#10503 = LINE ( 'NONE', #6326, #12910 ) ;
#10504 = EDGE_CURVE ( 'NONE', #109, #11392, #11572, .T. ) ;
#10505 = DIRECTION ( 'NONE',  ( 0.000000000000000000, 0.000000000000000000, 1.000000000000000000 ) ) ;
#10506 = DIRECTION ( 'NONE',  ( -1.000000000000000000, 0.000000000000000000, 0.000000000000000000 ) ) ;
#10507 = PLANE ( 'NONE',  #2529 ) ;
#10508 = VECTOR ( 'NONE', #11457, 1000.000000000000000 ) ;
#10509 = EDGE_CURVE ( 'NONE', #4134, #8649, #5610, .T. ) ;
#10510 = CARTESIAN_POINT ( 'NONE',  ( 3.000000000000000888, -10.00000000000000000, 304.8000000000000114 ) ) ;
#10511 = EDGE_CURVE ( 'NONE', #3125, #3152, #5253, .T. ) ;
#10512 = CARTESIAN_POINT ( 'NONE',  ( 4.478679656440354151, -3.011165235168150378, 304.8000000000000114 ) ) ;
#10513 = EDGE_LOOP ( 'NONE', ( #2730, #2079, #6007, #12569 ) ) ;
#10514 = DIRECTION ( 'NONE',  ( -0.000000000000000000, -0.000000000000000000, -1.000000000000000000 ) ) ;
#10515 = ORIENTED_EDGE ( 'NONE', *, *, #8881, .F. ) ;
#10516 = EDGE_LOOP ( 'NONE', ( #11175, #291, #4017, #2023 ) ) ;
#10517 = DIRECTION ( 'NONE',  ( -0.000000000000000000, 0.000000000000000000, -1.000000000000000000 ) ) ;
#10518 = VERTEX_POINT ( 'NONE', #7723 ) ;
#10519 = VECTOR ( 'NONE', #5754, 1000.000000000000000 ) ;
#10520 = CARTESIAN_POINT ( 'NONE',  ( -3.000000000000000888, -9.500000000000000000, 304.8000000000000114 ) ) ;
#10521 = ADVANCED_FACE ( 'NONE', ( #11759 ), #13007, .F. ) ;
#10522 = CARTESIAN_POINT ( 'NONE',  ( 7.071067811865473729, -5.603553390593270400, -20.77500000000004476 ) ) ;
#10523 = VERTEX_POINT ( 'NONE', #3942 ) ;
#10524 = DIRECTION ( 'NONE',  ( 1.000000000000000000, 0.000000000000000000, 0.000000000000000000 ) ) ;
#10525 = VERTEX_POINT ( 'NONE', #5940 ) ;
#10526 = EDGE_CURVE ( 'NONE', #3840, #9105, #2093, .T. ) ;
#10527 = DIRECTION ( 'NONE',  ( 0.000000000000000000, -1.000000000000000000, -0.000000000000000000 ) ) ;
#10528 = CIRCLE ( 'NONE', #8190, 2.999999999999999556 ) ;
#10529 = DIRECTION ( 'NONE',  ( -1.000000000000000000, 1.541976423090498986E-15, 0.000000000000000000 ) ) ;
#10530 = CIRCLE ( 'NONE', #10735, 2.999999999999999556 ) ;
#10531 = ADVANCED_FACE ( 'NONE', ( #8051 ), #2025, .F. ) ;
#10532 = CARTESIAN_POINT ( 'NONE',  ( 2.499999999999999556, 8.424621202458752123, 304.8000000000000114 ) ) ;
#10533 = VERTEX_POINT ( 'NONE', #10194 ) ;
#10534 = DIRECTION ( 'NONE',  ( -0.000000000000000000, 0.000000000000000000, -1.000000000000000000 ) ) ;
#10535 = APPLICATION_PROTOCOL_DEFINITION ( 'draft international standard', 'automotive_design', 1998, #700 ) ;
#10536 = CARTESIAN_POINT ( 'NONE',  ( -0.8898448916085185401, 3.600000000000000533, 304.8000000000000114 ) ) ;
#10537 = EDGE_CURVE ( 'NONE', #9062, #12021, #8923, .T. ) ;
#10538 = AXIS2_PLACEMENT_3D ( 'NONE', #6710, #12603, #6523 ) ;
#10539 = ORIENTED_EDGE ( 'NONE', *, *, #1277, .F. ) ;
#10540 = ORIENTED_EDGE ( 'NONE', *, *, #10332, .F. ) ;
#10541 = DIRECTION ( 'NONE',  ( -0.000000000000000000, 0.000000000000000000, -1.000000000000000000 ) ) ;
#10542 = DIRECTION ( 'NONE',  ( -0.000000000000000000, -0.000000000000000000, -1.000000000000000000 ) ) ;
#10543 = LINE ( 'NONE', #9678, #11482 ) ;
#10544 = CARTESIAN_POINT ( 'NONE',  ( 10.00000000000000000, 3.000000000000001332, -104.7750000000000057 ) ) ;
#10545 = CARTESIAN_POINT ( 'NONE',  ( 5.249999999999997335, 7.924621202458751235, 304.8000000000000114 ) ) ;
#10547 = AXIS2_PLACEMENT_3D ( 'NONE', #4097, #12029, #3959 ) ;
#10546 = CARTESIAN_POINT ( 'NONE',  ( -8.424621202458750346, 3.000000000000001332, 304.8000000000000114 ) ) ;
#10548 = LINE ( 'NONE', #5373, #10097 ) ;
#10549 = VERTEX_POINT ( 'NONE', #5005 ) ;
#10550 = EDGE_LOOP ( 'NONE', ( #3042, #6219, #5640, #9494 ) ) ;
#10551 = VERTEX_POINT ( 'NONE', #970 ) ;
#10552 = CARTESIAN_POINT ( 'NONE',  ( -2.500000000000000000, 8.424621202458752123, 304.8000000000000114 ) ) ;
#10553 = CARTESIAN_POINT ( 'NONE',  ( -9.500000000000000000, -3.000000000000001332, -24.77500000000004832 ) ) ;
#10554 = AXIS2_PLACEMENT_3D ( 'NONE', #5139, #12480, #3407 ) ;
#10555 = DIRECTION ( 'NONE',  ( -0.000000000000000000, 0.000000000000000000, 1.000000000000000000 ) ) ;
#10556 = CARTESIAN_POINT ( 'NONE',  ( 10.00000000000000000, -8.250000000000000000, 304.8000000000000114 ) ) ;
#10557 = ADVANCED_FACE ( 'NONE', ( #9055 ), #6077, .T. ) ;
#10559 = EDGE_CURVE ( 'NONE', #153, #2539, #1025, .T. ) ;
#10558 = DIRECTION ( 'NONE',  ( -0.000000000000000000, -0.000000000000000000, -1.000000000000000000 ) ) ;
#10560 = CARTESIAN_POINT ( 'NONE',  ( 7.071067811865473729, 5.603553390593270400, -20.77500000000004476 ) ) ;
#10561 = ADVANCED_FACE ( 'NONE', ( #7062 ), #11167, .T. ) ;
#10562 = ORIENTED_EDGE ( 'NONE', *, *, #11915, .T. ) ;
#10563 = PLANE ( 'NONE',  #8265 ) ;
#10564 = VECTOR ( 'NONE', #9030, 1000.000000000000000 ) ;
#10565 = ORIENTED_EDGE ( 'NONE', *, *, #12200, .T. ) ;
#10566 = DIRECTION ( 'NONE',  ( -0.000000000000000000, -0.000000000000000000, -1.000000000000000000 ) ) ;
#10567 = DIRECTION ( 'NONE',  ( -1.000000000000000000, 0.000000000000000000, 0.000000000000000000 ) ) ;
#10568 = DIRECTION ( 'NONE',  ( -0.000000000000000000, 0.000000000000000000, -1.000000000000000000 ) ) ;
#10569 = DIRECTION ( 'NONE',  ( -3.304235192336776498E-16, -1.000000000000000000, 0.000000000000000000 ) ) ;
#10570 = AXIS2_PLACEMENT_3D ( 'NONE', #11477, #164, #1216 ) ;
#10571 = VERTEX_POINT ( 'NONE', #7924 ) ;
#10572 = FACE_OUTER_BOUND ( 'NONE', #2532, .T. ) ;
#10573 = VERTEX_POINT ( 'NONE', #10125 ) ;
#10574 = CARTESIAN_POINT ( 'NONE',  ( -2.500000000000000444, 9.500000000000000000, 304.8000000000000114 ) ) ;
#10575 = ORIENTED_EDGE ( 'NONE', *, *, #920, .F. ) ;
#10576 = ORIENTED_EDGE ( 'NONE', *, *, #2368, .T. ) ;
#10577 = PLANE ( 'NONE',  #12017 ) ;
#10578 = ORIENTED_EDGE ( 'NONE', *, *, #2787, .T. ) ;
#10579 = AXIS2_PLACEMENT_3D ( 'NONE', #4760, #11583, #11714 ) ;
#10580 = VECTOR ( 'NONE', #9726, 1000.000000000000000 ) ;
#10581 = CARTESIAN_POINT ( 'NONE',  ( -1.257674520083185143E-14, 1.257674520083185143E-14, 304.8000000000000114 ) ) ;
#10582 = PLANE ( 'NONE',  #10411 ) ;
#10583 = ORIENTED_EDGE ( 'NONE', *, *, #12747, .T. ) ;
#10584 = CARTESIAN_POINT ( 'NONE',  ( -8.424621202458750346, 2.500000000000000000, -104.7750000000000057 ) ) ;
#10585 = EDGE_CURVE ( 'NONE', #11801, #3894, #4821, .T. ) ;
#10586 = ORIENTED_EDGE ( 'NONE', *, *, #2839, .T. ) ;
#10587 = DIRECTION ( 'NONE',  ( 0.000000000000000000, -0.000000000000000000, -1.000000000000000000 ) ) ;
#10588 = CIRCLE ( 'NONE', #12041, 2.999999999999999112 ) ;
#10589 = DIRECTION ( 'NONE',  ( 0.000000000000000000, 1.000000000000000000, 0.000000000000000000 ) ) ;
#10590 = VECTOR ( 'NONE', #10685, 1000.000000000000000 ) ;
#10592 = EDGE_CURVE ( 'NONE', #8641, #5691, #2872, .T. ) ;
#10591 = CARTESIAN_POINT ( 'NONE',  ( -8.424621202458750346, -3.000000000000001332, 304.8000000000000114 ) ) ;
#10593 = EDGE_LOOP ( 'NONE', ( #10997, #8929, #11563, #3022 ) ) ;
#10594 = LINE ( 'NONE', #2745, #13067 ) ;
#10595 = APPLICATION_PROTOCOL_DEFINITION ( 'draft international standard', 'automotive_design', 1998, #2044 ) ;
#10596 = EDGE_CURVE ( 'NONE', #2930, #12139, #4084, .T. ) ;
#10597 = CARTESIAN_POINT ( 'NONE',  ( 7.424621202458747682, 5.249999999999995559, -104.7750000000000057 ) ) ;
#10598 = AXIS2_PLACEMENT_3D ( 'NONE', #2404, #4455, #492 ) ;
#10599 = VECTOR ( 'NONE', #9895, 1000.000000000000000 ) ;
#10600 = ADVANCED_FACE ( 'NONE', ( #3077 ), #6143, .F. ) ;
#10601 = VERTEX_POINT ( 'NONE', #10970 ) ;
#10602 = DIRECTION ( 'NONE',  ( -8.065639195895844836E-16, 1.000000000000000000, 0.000000000000000000 ) ) ;
#10603 = PLANE ( 'NONE',  #4309 ) ;
#10604 = DIRECTION ( 'NONE',  ( -0.000000000000000000, -0.000000000000000000, -1.000000000000000000 ) ) ;
#10605 = DIRECTION ( 'NONE',  ( 1.000000000000000000, 0.000000000000000000, 0.000000000000000000 ) ) ;
#10607 = ADVANCED_FACE ( 'NONE', ( #7984 ), #9923, .F. ) ;
#10606 = CARTESIAN_POINT ( 'NONE',  ( -4.478679656440354151, -3.011165235168150378, 304.8000000000000114 ) ) ;
#10608 = CIRCLE ( 'NONE', #3811, 0.5000000000000004441 ) ;
#10609 = CARTESIAN_POINT ( 'NONE',  ( 2.500000000000000000, -8.424621202458752123, 198.8000000000000398 ) ) ;
#10610 = VECTOR ( 'NONE', #3080, 1000.000000000000000 ) ;
#10611 = EDGE_LOOP ( 'NONE', ( #2107, #7929, #9031, #7067 ) ) ;
#10612 = ORIENTED_EDGE ( 'NONE', *, *, #9399, .F. ) ;
#10613 = ADVANCED_FACE ( 'NONE', ( #12874 ), #3809, .F. ) ;
#10614 = CARTESIAN_POINT ( 'NONE',  ( -8.424621202458750346, 2.500000000000000000, 94.79999999999999716 ) ) ;
#10615 = CIRCLE ( 'NONE', #8287, 0.5000000000000008882 ) ;
#10616 = CARTESIAN_POINT ( 'NONE',  ( 5.249999999999997335, -7.424621202458749458, 304.8000000000000114 ) ) ;
#10617 = VECTOR ( 'NONE', #38, 1000.000000000000000 ) ;
#10618 = PRODUCT_DEFINITION_SHAPE ( 'NONE', 'NONE',  #13076 ) ;
#10619 = CARTESIAN_POINT ( 'NONE',  ( 7.924621202458747682, 5.249999999999995559, 198.8000000000000398 ) ) ;
#10620 = PRODUCT_DEFINITION ( 'UNKNOWN', '', #7233, #1650 ) ;
#10621 = FACE_OUTER_BOUND ( 'NONE', #8446, .T. ) ;
#10622 = CARTESIAN_POINT ( 'NONE',  ( 3.000000000000000888, -9.500000000000000000, 304.8000000000000114 ) ) ;
#10623 = ORIENTED_EDGE ( 'NONE', *, *, #1333, .F. ) ;
#10624 = VECTOR ( 'NONE', #7653, 1000.000000000000000 ) ;
#10625 = DIRECTION ( 'NONE',  ( -1.000000000000000000, 0.000000000000000000, 0.000000000000000000 ) ) ;
#10626 = VERTEX_POINT ( 'NONE', #7852 ) ;
#10627 = ORIENTED_EDGE ( 'NONE', *, *, #7820, .F. ) ;
#10628 = LINE ( 'NONE', #9703, #11455 ) ;
#10629 = VECTOR ( 'NONE', #10733, 1000.000000000000000 ) ;
#10630 = EDGE_CURVE ( 'NONE', #8663, #1696, #2935, .T. ) ;
#10631 = EDGE_CURVE ( 'NONE', #9194, #9201, #327, .T. ) ;
#10632 = DIRECTION ( 'NONE',  ( 0.000000000000000000, 0.000000000000000000, 1.000000000000000000 ) ) ;
#10633 = CARTESIAN_POINT ( 'NONE',  ( 8.424621202458750346, 2.500000000000000000, 304.8000000000000114 ) ) ;
#10634 = EDGE_CURVE ( 'NONE', #11750, #9864, #10330, .T. ) ;
#10635 = VECTOR ( 'NONE', #10353, 1000.000000000000000 ) ;
#10636 = CARTESIAN_POINT ( 'NONE',  ( -3.000000000000000888, -7.924621202458751235, 304.8000000000000114 ) ) ;
#10637 = VECTOR ( 'NONE', #2645, 1000.000000000000000 ) ;
#10638 = CIRCLE ( 'NONE', #4907, 2.150000000000012790 ) ;
#10639 = DIRECTION ( 'NONE',  ( 0.000000000000000000, -0.000000000000000000, -1.000000000000000000 ) ) ;
#10640 = ORIENTED_EDGE ( 'NONE', *, *, #8000, .T. ) ;
#10641 = DIRECTION ( 'NONE',  ( -1.000000000000000000, 0.000000000000000000, 0.000000000000000000 ) ) ;
#10642 = VERTEX_POINT ( 'NONE', #7391 ) ;
#10643 = ORIENTED_EDGE ( 'NONE', *, *, #12848, .T. ) ;
#10644 = CYLINDRICAL_SURFACE ( 'NONE', #415, 1.749999999999999778 ) ;
#10645 = ORIENTED_EDGE ( 'NONE', *, *, #3449, .F. ) ;
#10646 = ORIENTED_EDGE ( 'NONE', *, *, #6334, .F. ) ;
#10647 = CIRCLE ( 'NONE', #6830, 0.5000000000000013323 ) ;
#10648 = LINE ( 'NONE', #10396, #1302 ) ;
#10649 = EDGE_CURVE ( 'NONE', #5979, #5303, #186, .T. ) ;
#10650 = ADVANCED_FACE ( 'NONE', ( #4349 ), #9407, .T. ) ;
#10651 = LINE ( 'NONE', #1562, #9765 ) ;
#10652 = VERTEX_POINT ( 'NONE', #12416 ) ;
#10653 = CARTESIAN_POINT ( 'NONE',  ( 3.011165235168160592, 4.478679656440356815, 198.8000000000000398 ) ) ;
#10654 = EDGE_LOOP ( 'NONE', ( #4774, #8657 ) ) ;
#10655 = CARTESIAN_POINT ( 'NONE',  ( -7.924621202458749458, 3.000000000000001332, 304.8000000000000114 ) ) ;
#10656 = CIRCLE ( 'NONE', #2798, 2.150000000000012790 ) ;
#10657 = CARTESIAN_POINT ( 'NONE',  ( 2.500000000000000444, 9.500000000000000000, 304.8000000000000114 ) ) ;
#10658 = FACE_OUTER_BOUND ( 'NONE', #9970, .T. ) ;
#10659 = ORIENTED_EDGE ( 'NONE', *, *, #2152, .T. ) ;
#10660 = DIRECTION ( 'NONE',  ( -1.000000000000000000, 0.000000000000000000, 0.000000000000000000 ) ) ;
#10661 = VERTEX_POINT ( 'NONE', #3344 ) ;
#10662 = AXIS2_PLACEMENT_3D ( 'NONE', #6087, #4022, #12096 ) ;
#10663 = AXIS2_PLACEMENT_3D ( 'NONE', #7288, #9153, #6098 ) ;
#10664 = ORIENTED_EDGE ( 'NONE', *, *, #5921, .F. ) ;
#10665 = ORIENTED_EDGE ( 'NONE', *, *, #12118, .T. ) ;
#10666 = EDGE_CURVE ( 'NONE', #11199, #9846, #2904, .T. ) ;
#10667 = VERTEX_POINT ( 'NONE', #10394 ) ;
#10668 = LINE ( 'NONE', #9427, #4517 ) ;
#10669 = CARTESIAN_POINT ( 'NONE',  ( 2.500000000000000444, -9.500000000000000000, 304.8000000000000114 ) ) ;
#10671 = ADVANCED_FACE ( 'NONE', ( #7331 ), #12220, .T. ) ;
#10670 = CARTESIAN_POINT ( 'NONE',  ( 10.00000000000000000, 3.000000000000001332, -104.7750000000000057 ) ) ;
#10672 = DIRECTION ( 'NONE',  ( 0.7071067811865465735, -0.7071067811865484609, 0.000000000000000000 ) ) ;
#10673 = AXIS2_PLACEMENT_3D ( 'NONE', #7187, #11229, #6208 ) ;
#10675 = AXIS2_PLACEMENT_3D ( 'NONE', #2661, #8770, #3656 ) ;
#10674 = LINE ( 'NONE', #730, #4579 ) ;
#10676 = LINE ( 'NONE', #3697, #2732 ) ;
#10677 = EDGE_CURVE ( 'NONE', #6176, #8433, #12288, .T. ) ;
#10678 = CARTESIAN_POINT ( 'NONE',  ( 9.500000000000000000, -2.500000000000000444, 304.8000000000000114 ) ) ;
#10679 = DIRECTION ( 'NONE',  ( -0.000000000000000000, -0.000000000000000000, -1.000000000000000000 ) ) ;
#10680 = ORIENTED_EDGE ( 'NONE', *, *, #3772, .T. ) ;
#10681 = VERTEX_POINT ( 'NONE', #1374 ) ;
#10682 = ADVANCED_FACE ( 'NONE', ( #6412 ), #6474, .F. ) ;
#10683 = CARTESIAN_POINT ( 'NONE',  ( -7.424621202458747682, -5.249999999999995559, 304.8000000000000114 ) ) ;
#10684 = CARTESIAN_POINT ( 'NONE',  ( -7.924621202458747682, -5.249999999999995559, 304.8000000000000114 ) ) ;
#10685 = DIRECTION ( 'NONE',  ( 8.065639195895846808E-16, -1.000000000000000000, 0.000000000000000000 ) ) ;
#10686 = CARTESIAN_POINT ( 'NONE',  ( 9.500000000000000000, 3.000000000000001332, 304.8000000000000114 ) ) ;
#10687 = PLANE ( 'NONE',  #3998 ) ;
#10688 = ADVANCED_FACE ( 'NONE', ( #12354 ), #3216, .T. ) ;
#10689 = VERTEX_POINT ( 'NONE', #9461 ) ;
#10690 = FACE_OUTER_BOUND ( 'NONE', #5219, .T. ) ;
#10691 = ORIENTED_EDGE ( 'NONE', *, *, #4948, .T. ) ;
#10692 = LINE ( 'NONE', #5840, #9540 ) ;
#10693 = EDGE_CURVE ( 'NONE', #11159, #11182, #9497, .T. ) ;
#10694 = DIRECTION ( 'NONE',  ( -1.000000000000000000, 0.000000000000000000, 0.000000000000000000 ) ) ;
#10695 = DIRECTION ( 'NONE',  ( -0.000000000000000000, 0.000000000000000000, -1.000000000000000000 ) ) ;
#10696 = DIRECTION ( 'NONE',  ( 3.304235192336776498E-16, -1.000000000000000000, 0.000000000000000000 ) ) ;
#10697 = DIRECTION ( 'NONE',  ( -3.304235192336776498E-16, 1.000000000000000000, 0.000000000000000000 ) ) ;
#10698 = ORIENTED_EDGE ( 'NONE', *, *, #9546, .T. ) ;
#10699 = DIRECTION ( 'NONE',  ( 8.065639195895846808E-16, 1.000000000000000000, 0.000000000000000000 ) ) ;
#10700 = ORIENTED_EDGE ( 'NONE', *, *, #3578, .T. ) ;
#10701 = ORIENTED_EDGE ( 'NONE', *, *, #634, .T. ) ;
#10702 = CARTESIAN_POINT ( 'NONE',  ( -8.250000000000000000, -8.250000000000000000, 304.8000000000000114 ) ) ;
#10703 = ORIENTED_EDGE ( 'NONE', *, *, #725, .T. ) ;
#10704 = ORIENTED_EDGE ( 'NONE', *, *, #6982, .T. ) ;
#10705 = LINE ( 'NONE', #9784, #1502 ) ;
#10706 = DIRECTION ( 'NONE',  ( -0.000000000000000000, -0.000000000000000000, -1.000000000000000000 ) ) ;
#10707 = ORIENTED_EDGE ( 'NONE', *, *, #6707, .T. ) ;
#10708 = CIRCLE ( 'NONE', #1819, 2.150000000000012790 ) ;
#10709 = LINE ( 'NONE', #6533, #1095 ) ;
#10710 = ORIENTED_EDGE ( 'NONE', *, *, #7863, .T. ) ;
#10711 = DIRECTION ( 'NONE',  ( 0.000000000000000000, -0.000000000000000000, -1.000000000000000000 ) ) ;
#10712 = DIRECTION ( 'NONE',  ( -0.000000000000000000, -0.000000000000000000, -1.000000000000000000 ) ) ;
#10713 = ADVANCED_FACE ( 'NONE', ( #9336 ), #381, .T. ) ;
#10714 = DIRECTION ( 'NONE',  ( -0.000000000000000000, 0.000000000000000000, -1.000000000000000000 ) ) ;
#10715 = EDGE_CURVE ( 'NONE', #3948, #7438, #1448, .T. ) ;
#10716 = VECTOR ( 'NONE', #9948, 1000.000000000000000 ) ;
#10717 = ORIENTED_EDGE ( 'NONE', *, *, #7472, .F. ) ;
#10718 = ADVANCED_FACE ( 'NONE', ( #7461 ), #8194, .F. ) ;
#10719 = CARTESIAN_POINT ( 'NONE',  ( 3.000000000000000888, 7.924621202458751235, 304.8000000000000114 ) ) ;
#10720 = DIRECTION ( 'NONE',  ( 1.000000000000000000, -3.304235192336776498E-16, 0.000000000000000000 ) ) ;
#10721 = LINE ( 'NONE', #644, #462 ) ;
#10722 = ORIENTED_EDGE ( 'NONE', *, *, #7393, .T. ) ;
#10723 = VERTEX_POINT ( 'NONE', #3280 ) ;
#10724 = VECTOR ( 'NONE', #11117, 1000.000000000000000 ) ;
#10725 = DIRECTION ( 'NONE',  ( -1.000000000000000000, 0.000000000000000000, 0.000000000000000000 ) ) ;
#10726 = CIRCLE ( 'NONE', #1207, 2.999999999999999112 ) ;
#10727 = DIRECTION ( 'NONE',  ( 0.000000000000000000, -0.000000000000000000, -1.000000000000000000 ) ) ;
#10728 = DIRECTION ( 'NONE',  ( 0.000000000000000000, -0.000000000000000000, -1.000000000000000000 ) ) ;
#10729 = LINE ( 'NONE', #11581, #7498 ) ;
#10730 = CARTESIAN_POINT ( 'NONE',  ( -8.250000000000000000, 10.00000000000000178, 304.8000000000000114 ) ) ;
#10731 = DIRECTION ( 'NONE',  ( -0.000000000000000000, -0.000000000000000000, -1.000000000000000000 ) ) ;
#10732 = CYLINDRICAL_SURFACE ( 'NONE', #1013, 0.5000000000000004441 ) ;
#10733 = DIRECTION ( 'NONE',  ( -0.000000000000000000, 0.000000000000000000, -1.000000000000000000 ) ) ;
#10734 = ORIENTED_EDGE ( 'NONE', *, *, #11603, .F. ) ;
#10735 = AXIS2_PLACEMENT_3D ( 'NONE', #7306, #8375, #5445 ) ;
#10736 = EDGE_LOOP ( 'NONE', ( #7906, #940, #9779, #9231 ) ) ;
#10737 = CARTESIAN_POINT ( 'NONE',  ( -3.600000000000000089, 0.000000000000000000, -104.7750000000000057 ) ) ;
#10738 = CARTESIAN_POINT ( 'NONE',  ( 8.424621202458750346, 2.500000000000000000, 304.8000000000000114 ) ) ;
#10739 = EDGE_CURVE ( 'NONE', #1227, #9635, #11364, .T. ) ;
#10740 = LINE ( 'NONE', #8620, #6559 ) ;
#10741 = CIRCLE ( 'NONE', #1428, 0.5000000000000013323 ) ;
#10742 = CARTESIAN_POINT ( 'NONE',  ( -10.00000000000000000, -8.250000000000000000, 304.8000000000000114 ) ) ;
#10743 = PLANE ( 'NONE',  #140 ) ;
#10744 = DIRECTION ( 'NONE',  ( 1.000000000000000000, 0.000000000000000000, 0.000000000000000000 ) ) ;
#10745 = ORIENTED_EDGE ( 'NONE', *, *, #3819, .T. ) ;
#10746 = CARTESIAN_POINT ( 'NONE',  ( -3.000000000000000888, -7.924621202458751235, 304.8000000000000114 ) ) ;
#10747 = ADVANCED_FACE ( 'NONE', ( #5272 ), #253, .F. ) ;
#10748 = EDGE_LOOP ( 'NONE', ( #7249, #4454, #6161, #6524 ) ) ;
#10749 = CIRCLE ( 'NONE', #7769, 1.749999999999999778 ) ;
#10750 = EDGE_CURVE ( 'NONE', #5936, #8776, #4731, .T. ) ;
#10751 = DIRECTION ( 'NONE',  ( 1.000000000000000000, -0.000000000000000000, -0.000000000000000000 ) ) ;
#10752 = DIRECTION ( 'NONE',  ( 1.000000000000000000, 0.000000000000000000, 0.000000000000000000 ) ) ;
#10753 = CARTESIAN_POINT ( 'NONE',  ( 5.249999999999997335, 7.924621202458751235, 94.79999999999999716 ) ) ;
#10754 = EDGE_CURVE ( 'NONE', #9262, #11159, #3475, .T. ) ;
#10755 = CARTESIAN_POINT ( 'NONE',  ( -3.000000000000000888, 8.424621202458752123, 304.8000000000000114 ) ) ;
#10756 = DIRECTION ( 'NONE',  ( 0.7071067811865476838, -0.7071067811865474617, 0.000000000000000000 ) ) ;
#10757 = ORIENTED_EDGE ( 'NONE', *, *, #12714, .F. ) ;
#10758 = FACE_OUTER_BOUND ( 'NONE', #3844, .T. ) ;
#10759 = EDGE_CURVE ( 'NONE', #1113, #2663, #11682, .T. ) ;
#10760 = ORIENTED_EDGE ( 'NONE', *, *, #6887, .F. ) ;
#10761 = VERTEX_POINT ( 'NONE', #11742 ) ;
#10762 = LINE ( 'NONE', #2610, #6331 ) ;
#10763 = VERTEX_POINT ( 'NONE', #2667 ) ;
#10764 = EDGE_LOOP ( 'NONE', ( #4947, #538, #975, #6501 ) ) ;
#10765 = CARTESIAN_POINT ( 'NONE',  ( 8.250000000000000000, -8.250000000000000000, 304.8000000000000114 ) ) ;
#10766 = CIRCLE ( 'NONE', #11394, 0.5000000000000008882 ) ;
#10767 = PLANE ( 'NONE',  #6788 ) ;
#10768 = VERTEX_POINT ( 'NONE', #4601 ) ;
#10769 = CYLINDRICAL_SURFACE ( 'NONE', #4891, 0.5000000000000004441 ) ;
#10770 = EDGE_CURVE ( 'NONE', #4996, #6062, #10762, .T. ) ;
#10771 = ORIENTED_EDGE ( 'NONE', *, *, #8900, .T. ) ;
#10772 = DIRECTION ( 'NONE',  ( 0.000000000000000000, 0.000000000000000000, -1.000000000000000000 ) ) ;
#10773 = CARTESIAN_POINT ( 'NONE',  ( -3.000000000000000888, -7.924621202458751235, 304.8000000000000114 ) ) ;
#10774 = LINE ( 'NONE', #4675, #6292 ) ;
#10775 = LINE ( 'NONE', #4677, #12224 ) ;
#10776 = DIRECTION ( 'NONE',  ( 1.091797020627685427E-31, 3.304235192336776498E-16, -1.000000000000000000 ) ) ;
#10777 = DIRECTION ( 'NONE',  ( -0.000000000000000000, -0.000000000000000000, -1.000000000000000000 ) ) ;
#10778 = CARTESIAN_POINT ( 'NONE',  ( 2.500000000000000000, 8.424621202458752123, 304.8000000000000114 ) ) ;
#10779 = EDGE_LOOP ( 'NONE', ( #4156, #2463, #8896, #664 ) ) ;
#10780 = EDGE_LOOP ( 'NONE', ( #9808, #4082, #10908, #7916 ) ) ;
#10781 = EDGE_CURVE ( 'NONE', #3297, #5122, #11555, .T. ) ;
#10782 = ADVANCED_FACE ( 'NONE', ( #6654 ), #12606, .F. ) ;
#10783 = CIRCLE ( 'NONE', #11413, 0.5000000000000004441 ) ;
#10784 = EDGE_LOOP ( 'NONE', ( #3109, #10131, #4511, #10359 ) ) ;
#10785 = PLANE ( 'NONE',  #8766 ) ;
#10786 = EDGE_CURVE ( 'NONE', #7694, #4128, #1431, .T. ) ;
#10787 = DIRECTION ( 'NONE',  ( 0.000000000000000000, 0.000000000000000000, -1.000000000000000000 ) ) ;
#10788 = DIRECTION ( 'NONE',  ( 0.000000000000000000, -0.000000000000000000, -1.000000000000000000 ) ) ;
#10789 = DIRECTION ( 'NONE',  ( -1.000000000000000000, 1.541976423090498986E-15, 0.000000000000000000 ) ) ;
#10790 = LINE ( 'NONE', #7735, #3089 ) ;
#10791 = DIRECTION ( 'NONE',  ( 0.7071067811865476838, 0.7071067811865474617, 0.000000000000000000 ) ) ;
#10792 = LINE ( 'NONE', #789, #800 ) ;
#10793 = CARTESIAN_POINT ( 'NONE',  ( 0.000000000000000000, -3.600000000000000089, 304.8000000000000114 ) ) ;
#10794 = CIRCLE ( 'NONE', #5075, 0.5000000000000004441 ) ;
#10795 = CIRCLE ( 'NONE', #2955, 2.150000000000012790 ) ;
#10796 = EDGE_LOOP ( 'NONE', ( #1248, #9625, #4443, #1558 ) ) ;
#10797 = VECTOR ( 'NONE', #813, 1000.000000000000000 ) ;
#10798 = ORIENTED_EDGE ( 'NONE', *, *, #7666, .F. ) ;
#10799 = VERTEX_POINT ( 'NONE', #2729 ) ;
#10800 = CARTESIAN_POINT ( 'NONE',  ( 3.011165235168160592, -4.478679656440357704, 304.8000000000000114 ) ) ;
#10801 = SURFACE_STYLE_FILL_AREA ( #6825 ) ;
#10802 = DIRECTION ( 'NONE',  ( 1.000000000000000000, 0.000000000000000000, 0.000000000000000000 ) ) ;
#10803 = CIRCLE ( 'NONE', #5085, 2.150000000000012790 ) ;
#10804 = VECTOR ( 'NONE', #11560, 1000.000000000000000 ) ;
#10805 = CLOSED_SHELL ( 'NONE', ( #2371, #3031, #11725, #8938, #10521, #4795, #12483, #2204, #9630, #10120, #4472, #1122, #3013, #8878, #2450, #5311, #8415, #1199, #7061, #9326, #9952, #10557, #1780, #2316, #1168, #5058, #5730, #9159, #1038, #7685, #4778, #5631, #10607, #12679, #6392, #872, #7977, #10650, #4674, #10243, #11817, #12924, #12951, #3563, #7948, #10671, #1433, #6578, #9134, #10747, #5814, #10223, #12816, #1640, #10408, #10688, #10898, #8872, #4914, #12993, #6128, #11517, #11386, #8376, #7994, #11982, #5244, #735, #8731, #1328, #4322, #6551, #4539, #3896, #5322, #7588 ) ) ;
#10806 = CARTESIAN_POINT ( 'NONE',  ( 5.249999999999997335, -7.924621202458751235, 304.8000000000000114 ) ) ;
#10807 = CARTESIAN_POINT ( 'NONE',  ( 4.478679656440354151, -3.011165235168150378, -104.7750000000000057 ) ) ;
#10808 = LINE ( 'NONE', #5578, #9932 ) ;
#10809 = ORIENTED_EDGE ( 'NONE', *, *, #11232, .T. ) ;
#10810 = CARTESIAN_POINT ( 'NONE',  ( 7.071067811865473729, -5.603553390593270400, -104.7750000000000057 ) ) ;
#10811 = ORIENTED_EDGE ( 'NONE', *, *, #2152, .F. ) ;
#10812 = VECTOR ( 'NONE', #4528, 1000.000000000000000 ) ;
#10813 = VECTOR ( 'NONE', #7065, 1000.000000000000000 ) ;
#10814 = DIRECTION ( 'NONE',  ( -1.000000000000000000, -1.541976423090498986E-15, 0.000000000000000000 ) ) ;
#10815 = DIRECTION ( 'NONE',  ( 1.000000000000000000, 0.000000000000000000, 0.000000000000000000 ) ) ;
#10816 = CARTESIAN_POINT ( 'NONE',  ( -5.603553390593272177, 7.071067811865475505, 304.8000000000000114 ) ) ;
#10817 = CARTESIAN_POINT ( 'NONE',  ( 7.071067811865473729, -5.603553390593270400, 304.8000000000000114 ) ) ;
#10818 = EDGE_CURVE ( 'NONE', #6149, #9849, #9588, .T. ) ;
#10819 = VECTOR ( 'NONE', #4737, 1000.000000000000000 ) ;
#10820 = AXIS2_PLACEMENT_3D ( 'NONE', #12048, #4119, #6249 ) ;
#10821 = EDGE_CURVE ( 'NONE', #1474, #627, #2913, .T. ) ;
#10822 = DIRECTION ( 'NONE',  ( -1.000000000000000000, 0.000000000000000000, 0.000000000000000000 ) ) ;
#10823 = VERTEX_POINT ( 'NONE', #2538 ) ;
#10824 = DIRECTION ( 'NONE',  ( 0.000000000000000000, 0.000000000000000000, 1.000000000000000000 ) ) ;
#10825 = ORIENTED_EDGE ( 'NONE', *, *, #13040, .F. ) ;
#10826 = VERTEX_POINT ( 'NONE', #9519 ) ;
#10827 = EDGE_CURVE ( 'NONE', #5069, #10551, #12795, .T. ) ;
#10828 = DIRECTION ( 'NONE',  ( -0.000000000000000000, 0.000000000000000000, 1.000000000000000000 ) ) ;
#10829 = ORIENTED_EDGE ( 'NONE', *, *, #361, .T. ) ;
#10830 = ORIENTED_EDGE ( 'NONE', *, *, #10124, .F. ) ;
#10831 = ORIENTED_EDGE ( 'NONE', *, *, #6147, .F. ) ;
#10832 = LINE ( 'NONE', #1879, #3814 ) ;
#10833 = AXIS2_PLACEMENT_3D ( 'NONE', #1884, #5930, #2736 ) ;
#10834 = VECTOR ( 'NONE', #929, 1000.000000000000000 ) ;
#10835 = LINE ( 'NONE', #12863, #8916 ) ;
#10836 = ORIENTED_EDGE ( 'NONE', *, *, #9725, .F. ) ;
#10837 = CYLINDRICAL_SURFACE ( 'NONE', #10833, 0.5000000000000004441 ) ;
#10838 = EDGE_LOOP ( 'NONE', ( #10105, #2819, #7041, #12091 ) ) ;
#10839 = EDGE_CURVE ( 'NONE', #11678, #1306, #694, .T. ) ;
#10840 = PRODUCT_DEFINITION_FORMATION_WITH_SPECIFIED_SOURCE ( 'ANY', '', #12282, .NOT_KNOWN. ) ;
#10841 = CARTESIAN_POINT ( 'NONE',  ( -10.00000000000000000, 3.000000000000001332, 304.8000000000000114 ) ) ;
#10842 = VECTOR ( 'NONE', #8757, 1000.000000000000000 ) ;
#10843 = DIRECTION ( 'NONE',  ( -1.000000000000000000, 0.000000000000000000, 0.000000000000000000 ) ) ;
#10844 = CIRCLE ( 'NONE', #11883, 0.5000000000000008882 ) ;
#10845 = ORIENTED_EDGE ( 'NONE', *, *, #6683, .T. ) ;
#10846 = ADVANCED_FACE ( 'NONE', ( #4470 ), #10644, .T. ) ;
#10847 = DIRECTION ( 'NONE',  ( -0.000000000000000000, 0.000000000000000000, -1.000000000000000000 ) ) ;
#10848 = CONTEXT_DEPENDENT_SHAPE_REPRESENTATION ( #4606, #6490 ) ;
#10849 = VECTOR ( 'NONE', #2038, 1000.000000000000000 ) ;
#10850 = CARTESIAN_POINT ( 'NONE',  ( 6.599999999999996092, 0.8898448916085081040, 304.8000000000000114 ) ) ;
#10851 = CARTESIAN_POINT ( 'NONE',  ( -4.478679656440354151, -3.011165235168150378, 304.8000000000000114 ) ) ;
#10852 = ORIENTED_EDGE ( 'NONE', *, *, #1164, .T. ) ;
#10853 = ORIENTED_EDGE ( 'NONE', *, *, #12241, .F. ) ;
#10854 = CIRCLE ( 'NONE', #10446, 0.5000000000000004441 ) ;
#10855 = EDGE_CURVE ( 'NONE', #5929, #1462, #12664, .T. ) ;
#10856 = VECTOR ( 'NONE', #11168, 1000.000000000000000 ) ;
#10857 = ORIENTED_EDGE ( 'NONE', *, *, #3516, .F. ) ;
#10858 = CARTESIAN_POINT ( 'NONE',  ( 10.00000000000000000, -3.000000000000001332, 304.8000000000000114 ) ) ;
#10859 = DIRECTION ( 'NONE',  ( -0.000000000000000000, -0.000000000000000000, -1.000000000000000000 ) ) ;
#10860 = CARTESIAN_POINT ( 'NONE',  ( 10.00000000000000000, 3.000000000000001332, -24.77500000000004832 ) ) ;
#10861 = CARTESIAN_POINT ( 'NONE',  ( 10.00000000000000000, -3.000000000000001332, 304.8000000000000114 ) ) ;
#10862 = DIRECTION ( 'NONE',  ( 0.000000000000000000, 0.000000000000000000, -1.000000000000000000 ) ) ;
#10863 = CARTESIAN_POINT ( 'NONE',  ( 5.249999999999997335, -7.924621202458751235, 304.8000000000000114 ) ) ;
#10864 = CARTESIAN_POINT ( 'NONE',  ( 7.071067811865473729, 5.603553390593270400, 304.8000000000000114 ) ) ;
#10865 = AXIS2_PLACEMENT_3D ( 'NONE', #575, #1887, #7849 ) ;
#10866 = FACE_OUTER_BOUND ( 'NONE', #5901, .T. ) ;
#10868 = ADVANCED_FACE ( 'NONE', ( #446, #8528 ), #10577, .T. ) ;
#10867 = VECTOR ( 'NONE', #6768, 1000.000000000000000 ) ;
#10869 = ORIENTED_EDGE ( 'NONE', *, *, #9359, .T. ) ;
#10870 = ORIENTED_EDGE ( 'NONE', *, *, #4113, .F. ) ;
#10871 = ORIENTED_EDGE ( 'NONE', *, *, #3, .T. ) ;
#10872 = DIRECTION ( 'NONE',  ( 1.000000000000000000, 3.304235192336776498E-16, 0.000000000000000000 ) ) ;
#10873 = CYLINDRICAL_SURFACE ( 'NONE', #7274, 2.999999999999999112 ) ;
#10874 = CIRCLE ( 'NONE', #6230, 2.999999999999999556 ) ;
#10875 = CARTESIAN_POINT ( 'NONE',  ( -8.424621202458750346, 2.500000000000000000, 304.8000000000000114 ) ) ;
#10876 = AXIS2_PLACEMENT_3D ( 'NONE', #11643, #2313, #7354 ) ;
#10877 = DIRECTION ( 'NONE',  ( 0.000000000000000000, 0.000000000000000000, 1.000000000000000000 ) ) ;
#10878 = CARTESIAN_POINT ( 'NONE',  ( 8.424621202458750346, -3.000000000000001332, 304.8000000000000114 ) ) ;
#10879 = DIRECTION ( 'NONE',  ( 0.000000000000000000, -0.000000000000000000, 1.000000000000000000 ) ) ;
#10880 = EDGE_LOOP ( 'NONE', ( #4839, #2727, #1951, #12860 ) ) ;
#10881 = CARTESIAN_POINT ( 'NONE',  ( -10.00000000000000000, -3.000000000000001332, 304.8000000000000114 ) ) ;
#10882 = EDGE_CURVE ( 'NONE', #3780, #567, #1494, .T. ) ;
#10883 = ADVANCED_FACE ( 'NONE', ( #1612 ), #7578, .F. ) ;
#10884 = ORIENTED_EDGE ( 'NONE', *, *, #336, .F. ) ;
#10885 = AXIS2_PLACEMENT_3D ( 'NONE', #5096, #10226, #12177 ) ;
#10886 = FACE_OUTER_BOUND ( 'NONE', #1423, .T. ) ;
#10887 = CARTESIAN_POINT ( 'NONE',  ( -2.500000000000000444, -9.500000000000000000, 304.8000000000000114 ) ) ;
#10888 = DIRECTION ( 'NONE',  ( 1.541976423090499183E-15, -1.000000000000000000, -0.000000000000000000 ) ) ;
#10889 = DIRECTION ( 'NONE',  ( 0.000000000000000000, 0.000000000000000000, -1.000000000000000000 ) ) ;
#10890 = DIRECTION ( 'NONE',  ( 1.000000000000000000, -0.000000000000000000, -0.000000000000000000 ) ) ;
#10891 = ORIENTED_EDGE ( 'NONE', *, *, #6459, .F. ) ;
#10892 = CARTESIAN_POINT ( 'NONE',  ( 7.924621202458747682, -5.249999999999995559, 304.8000000000000114 ) ) ;
#10893 = ORIENTED_EDGE ( 'NONE', *, *, #10435, .T. ) ;
#10894 = EDGE_LOOP ( 'NONE', ( #8001, #1218, #13022, #6346 ) ) ;
#10895 = CARTESIAN_POINT ( 'NONE',  ( -3.599999999999997424, -0.8898448916085081040, 304.8000000000000114 ) ) ;
#10896 = ORIENTED_EDGE ( 'NONE', *, *, #10333, .T. ) ;
#10897 = ORIENTED_EDGE ( 'NONE', *, *, #5172, .T. ) ;
#10898 = ADVANCED_FACE ( 'NONE', ( #4989 ), #759, .F. ) ;
#10899 = EDGE_LOOP ( 'NONE', ( #1999, #2165, #10623, #8818 ) ) ;
#10900 = DIRECTION ( 'NONE',  ( 1.000000000000000000, 0.000000000000000000, 0.000000000000000000 ) ) ;
#10901 = DIRECTION ( 'NONE',  ( -0.000000000000000000, -0.000000000000000000, -1.000000000000000000 ) ) ;
#10902 = VERTEX_POINT ( 'NONE', #10895 ) ;
#10903 = DIRECTION ( 'NONE',  ( 0.000000000000000000, 1.000000000000000000, 0.000000000000000000 ) ) ;
#10904 = VERTEX_POINT ( 'NONE', #7908 ) ;
#10905 = EDGE_CURVE ( 'NONE', #9450, #10904, #1875, .T. ) ;
#10906 = CARTESIAN_POINT ( 'NONE',  ( 3.000000000000000888, 7.924621202458751235, -20.77500000000004476 ) ) ;
#10907 = CARTESIAN_POINT ( 'NONE',  ( -1.257674520083185143E-14, 1.257674520083185143E-14, 304.8000000000000114 ) ) ;
#10908 = ORIENTED_EDGE ( 'NONE', *, *, #4125, .T. ) ;
#10909 = DIRECTION ( 'NONE',  ( 1.000000000000000000, 0.000000000000000000, 0.000000000000000000 ) ) ;
#10910 = EDGE_CURVE ( 'NONE', #10274, #2310, #11604, .T. ) ;
#10911 = CARTESIAN_POINT ( 'NONE',  ( -3.011165235168160592, 4.478679656440357704, 304.8000000000000114 ) ) ;
#10912 = CARTESIAN_POINT ( 'NONE',  ( -3.599999999999997424, -0.8898448916085081040, -20.77500000000004476 ) ) ;
#10913 = ORIENTED_EDGE ( 'NONE', *, *, #1658, .T. ) ;
#10914 = EDGE_CURVE ( 'NONE', #10902, #4666, #2920, .T. ) ;
#10915 = ORIENTED_EDGE ( 'NONE', *, *, #5394, .F. ) ;
#10916 = CARTESIAN_POINT ( 'NONE',  ( 7.924621202458749458, 3.000000000000001332, -104.7750000000000057 ) ) ;
#10917 = ADVANCED_FACE ( 'NONE', ( #8035 ), #10108, .F. ) ;
#10918 = CARTESIAN_POINT ( 'NONE',  ( 2.499999999999999556, -8.424621202458752123, 304.8000000000000114 ) ) ;
#10919 = CIRCLE ( 'NONE', #9241, 0.5000000000000004441 ) ;
#10920 = CARTESIAN_POINT ( 'NONE',  ( -6.599999999999996092, -0.8898448916085081040, 304.8000000000000114 ) ) ;
#10921 = CARTESIAN_POINT ( 'NONE',  ( -2.499999999999999556, -8.424621202458752123, -20.77500000000004476 ) ) ;
#10922 = CARTESIAN_POINT ( 'NONE',  ( -10.00000000000000000, 3.000000000000001332, -24.77500000000004832 ) ) ;
#10923 = DIRECTION ( 'NONE',  ( -0.7071067811865474617, 0.7071067811865476838, 0.000000000000000000 ) ) ;
#10924 = ADVANCED_FACE ( 'NONE', ( #5854 ), #2794, .F. ) ;
#10925 = VERTEX_POINT ( 'NONE', #4788 ) ;
#10926 = VERTEX_POINT ( 'NONE', #5919 ) ;
#10927 = AXIS2_PLACEMENT_3D ( 'NONE', #1977, #7868, #67 ) ;
#10928 = AXIS2_PLACEMENT_3D ( 'NONE', #2777, #547, #4582 ) ;
#10929 = DIRECTION ( 'NONE',  ( -0.7071067811865465735, 0.7071067811865484609, 0.000000000000000000 ) ) ;
#10930 = LINE ( 'NONE', #3833, #12754 ) ;
#10931 = DIRECTION ( 'NONE',  ( -0.000000000000000000, -0.000000000000000000, -1.000000000000000000 ) ) ;
#10932 = CARTESIAN_POINT ( 'NONE',  ( -3.599999999999997424, -0.8898448916085081040, 198.8000000000000398 ) ) ;
#10933 = LINE ( 'NONE', #5768, #12970 ) ;
#10934 = DIRECTION ( 'NONE',  ( -1.000000000000000000, 0.000000000000000000, 0.000000000000000000 ) ) ;
#10936 = CIRCLE ( 'NONE', #5225, 1.749999999999999778 ) ;
#10935 = DIRECTION ( 'NONE',  ( -0.000000000000000000, -0.000000000000000000, -1.000000000000000000 ) ) ;
#10937 = VECTOR ( 'NONE', #11853, 1000.000000000000000 ) ;
#10938 = VERTEX_POINT ( 'NONE', #2856 ) ;
#10939 = ORIENTED_EDGE ( 'NONE', *, *, #3087, .F. ) ;
#10940 = LINE ( 'NONE', #7157, #1617 ) ;
#10941 = ORIENTED_EDGE ( 'NONE', *, *, #5448, .T. ) ;
#10942 = DIRECTION ( 'NONE',  ( 8.065639195895846808E-16, 1.000000000000000000, 0.000000000000000000 ) ) ;
#10943 = LINE ( 'NONE', #7632, #10430 ) ;
#10944 = AXIS2_PLACEMENT_3D ( 'NONE', #5564, #535, #5824 ) ;
#10945 = VERTEX_POINT ( 'NONE', #12140 ) ;
#10946 = CARTESIAN_POINT ( 'NONE',  ( -3.000000000000000888, 8.424621202458752123, 304.8000000000000114 ) ) ;
#10947 = CARTESIAN_POINT ( 'NONE',  ( 8.424621202458750346, -2.500000000000000000, 198.8000000000000398 ) ) ;
#10948 = EDGE_CURVE ( 'NONE', #7574, #6323, #2714, .T. ) ;
#10949 = EDGE_CURVE ( 'NONE', #10489, #1571, #10766, .T. ) ;
#10950 = CARTESIAN_POINT ( 'NONE',  ( -8.424621202458750346, -2.500000000000001332, -20.77500000000004476 ) ) ;
#10951 = DIRECTION ( 'NONE',  ( 0.000000000000000000, 0.000000000000000000, 1.000000000000000000 ) ) ;
#10952 = VERTEX_POINT ( 'NONE', #9973 ) ;
#10953 = DIRECTION ( 'NONE',  ( 1.000000000000000000, -8.065639195895846808E-16, 0.000000000000000000 ) ) ;
#10954 = CIRCLE ( 'NONE', #10547, 0.5000000000000004441 ) ;
#10955 = ORIENTED_EDGE ( 'NONE', *, *, #6025, .T. ) ;
#10956 = VERTEX_POINT ( 'NONE', #7043 ) ;
#10957 = DIRECTION ( 'NONE',  ( -0.000000000000000000, -0.000000000000000000, -1.000000000000000000 ) ) ;
#10958 = VERTEX_POINT ( 'NONE', #3923 ) ;
#10959 = VERTEX_POINT ( 'NONE', #11019 ) ;
#10960 = VERTEX_POINT ( 'NONE', #4855 ) ;
#10961 = DIRECTION ( 'NONE',  ( -1.000000000000000000, 0.000000000000000000, 0.000000000000000000 ) ) ;
#10962 = DIRECTION ( 'NONE',  ( -1.000000000000000000, 0.000000000000000000, 0.000000000000000000 ) ) ;
#10963 = LINE ( 'NONE', #2017, #6594 ) ;
#10964 = ORIENTED_EDGE ( 'NONE', *, *, #6765, .F. ) ;
#10965 = AXIS2_PLACEMENT_3D ( 'NONE', #9860, #8598, #12566 ) ;
#10966 = CARTESIAN_POINT ( 'NONE',  ( -8.250000000000000000, 8.250000000000000000, 304.8000000000000114 ) ) ;
#10967 = DIRECTION ( 'NONE',  ( 0.000000000000000000, -0.000000000000000000, -1.000000000000000000 ) ) ;
#10968 = VERTEX_POINT ( 'NONE', #6972 ) ;
#10969 = ORIENTED_EDGE ( 'NONE', *, *, #3449, .T. ) ;
#10970 = CARTESIAN_POINT ( 'NONE',  ( 2.149999999999999911, 1.284004426264853453E-14, 304.8000000000000114 ) ) ;
#10971 = EDGE_CURVE ( 'NONE', #12531, #12831, #9907, .T. ) ;
#10972 = CARTESIAN_POINT ( 'NONE',  ( -8.424621202458750346, -2.500000000000000000, 304.8000000000000114 ) ) ;
#10973 = DIRECTION ( 'NONE',  ( 1.000000000000000000, 0.000000000000000000, 0.000000000000000000 ) ) ;
#10974 = VERTEX_POINT ( 'NONE', #1949 ) ;
#10975 = ORIENTED_EDGE ( 'NONE', *, *, #1917, .T. ) ;
#10976 = CARTESIAN_POINT ( 'NONE',  ( -3.000000000000000888, 7.924621202458751235, 304.8000000000000114 ) ) ;
#10977 = EDGE_CURVE ( 'NONE', #738, #12145, #5892, .T. ) ;
#10978 = VECTOR ( 'NONE', #2402, 1000.000000000000000 ) ;
#10979 = CARTESIAN_POINT ( 'NONE',  ( 4.478679656440354151, 3.011165235168150378, 304.8000000000000114 ) ) ;
#10980 = DIRECTION ( 'NONE',  ( 0.000000000000000000, -0.000000000000000000, -1.000000000000000000 ) ) ;
#10981 = CARTESIAN_POINT ( 'NONE',  ( 3.000000000000000888, 9.500000000000000000, -24.77500000000004832 ) ) ;
#10982 = EDGE_CURVE ( 'NONE', #12276, #9506, #5265, .T. ) ;
#10983 = CARTESIAN_POINT ( 'NONE',  ( 3.000000000000000888, -7.924621202458751235, 304.8000000000000114 ) ) ;
#10984 = ORIENTED_EDGE ( 'NONE', *, *, #3524, .F. ) ;
#10985 = EDGE_CURVE ( 'NONE', #3295, #8589, #12650, .T. ) ;
#10986 = EDGE_LOOP ( 'NONE', ( #6720, #5597, #4063, #9805 ) ) ;
#10987 = AXIS2_PLACEMENT_3D ( 'NONE', #286, #4177, #8427 ) ;
#10988 = DIRECTION ( 'NONE',  ( 0.000000000000000000, 0.000000000000000000, 1.000000000000000000 ) ) ;
#10989 = FACE_OUTER_BOUND ( 'NONE', #7158, .T. ) ;
#10990 = EDGE_CURVE ( 'NONE', #8585, #10373, #11875, .T. ) ;
#10991 = CARTESIAN_POINT ( 'NONE',  ( -0.8898448916085185401, 6.599999999999999645, -20.77500000000004476 ) ) ;
#10992 = DIRECTION ( 'NONE',  ( 0.000000000000000000, -0.000000000000000000, 1.000000000000000000 ) ) ;
#10993 = DIRECTION ( 'NONE',  ( 1.000000000000000000, 0.000000000000000000, 0.000000000000000000 ) ) ;
#10994 = AXIS2_PLACEMENT_3D ( 'NONE', #5199, #9260, #183 ) ;
#10995 = CARTESIAN_POINT ( 'NONE',  ( -3.599999999999997424, -0.8898448916085081040, 304.8000000000000114 ) ) ;
#10996 = VECTOR ( 'NONE', #751, 1000.000000000000000 ) ;
#10997 = ORIENTED_EDGE ( 'NONE', *, *, #8068, .F. ) ;
#10998 = DIRECTION ( 'NONE',  ( 1.541976423090499183E-15, 1.000000000000000000, 0.000000000000000000 ) ) ;
#10999 = ORIENTED_EDGE ( 'NONE', *, *, #6287, .T. ) ;
#11000 = EDGE_CURVE ( 'NONE', #3390, #12463, #3062, .T. ) ;
#11001 = DIRECTION ( 'NONE',  ( 1.000000000000000000, 1.541976423090498986E-15, 0.000000000000000000 ) ) ;
#11002 = AXIS2_PLACEMENT_3D ( 'NONE', #7960, #8101, #6967 ) ;
#11003 = LINE ( 'NONE', #5984, #12086 ) ;
#11004 = VECTOR ( 'NONE', #6020, 1000.000000000000000 ) ;
#11005 = ORIENTED_EDGE ( 'NONE', *, *, #12380, .T. ) ;
#11006 = CARTESIAN_POINT ( 'NONE',  ( 6.599999999999996092, 0.8898448916085081040, 304.8000000000000114 ) ) ;
#11007 = VECTOR ( 'NONE', #5612, 1000.000000000000000 ) ;
#11008 = ADVANCED_FACE ( 'NONE', ( #3862 ), #5998, .F. ) ;
#11009 = DIRECTION ( 'NONE',  ( -1.000000000000000000, 0.000000000000000000, 0.000000000000000000 ) ) ;
#11010 = CARTESIAN_POINT ( 'NONE',  ( 2.149999999999999911, 1.284004426264853453E-14, 304.8000000000000114 ) ) ;
#11011 = CARTESIAN_POINT ( 'NONE',  ( 2.499999999999999556, -8.424621202458752123, -20.77500000000004476 ) ) ;
#11012 = CARTESIAN_POINT ( 'NONE',  ( -3.000000000000000888, -10.00000000000000000, 304.8000000000000114 ) ) ;
#11013 = VERTEX_POINT ( 'NONE', #10174 ) ;
#11014 = DIRECTION ( 'NONE',  ( 0.000000000000000000, -0.000000000000000000, 1.000000000000000000 ) ) ;
#11015 = CIRCLE ( 'NONE', #4256, 2.999999999999999556 ) ;
#11016 = ORIENTED_EDGE ( 'NONE', *, *, #3148, .F. ) ;
#11017 = ORIENTED_EDGE ( 'NONE', *, *, #2500, .F. ) ;
#11018 = VECTOR ( 'NONE', #6593, 1000.000000000000000 ) ;
#11019 = CARTESIAN_POINT ( 'NONE',  ( 5.249999999999997335, -7.924621202458751235, 304.8000000000000114 ) ) ;
#11020 = ORIENTED_EDGE ( 'NONE', *, *, #12534, .F. ) ;
#11021 = EDGE_CURVE ( 'NONE', #5419, #11092, #3986, .T. ) ;
#11022 = ADVANCED_FACE ( 'NONE', ( #8240 ), #10379, .F. ) ;
#11023 = ORIENTED_EDGE ( 'NONE', *, *, #216, .T. ) ;
#11024 = EDGE_CURVE ( 'NONE', #7909, #1576, #10144, .T. ) ;
#11025 = LINE ( 'NONE', #8041, #1725 ) ;
#11026 = FACE_OUTER_BOUND ( 'NONE', #6322, .T. ) ;
#11027 = DIRECTION ( 'NONE',  ( 0.000000000000000000, 0.000000000000000000, -1.000000000000000000 ) ) ;
#11028 = AXIS2_PLACEMENT_3D ( 'NONE', #11506, #2431, #10524 ) ;
#11029 = EDGE_LOOP ( 'NONE', ( #8384, #3949, #6258, #30 ) ) ;
#11030 = VECTOR ( 'NONE', #9914, 1000.000000000000000 ) ;
#11031 = AXIS2_PLACEMENT_3D ( 'NONE', #8511, #7445, #5325 ) ;
#11032 = CARTESIAN_POINT ( 'NONE',  ( -3.000000000000000888, -10.00000000000000000, 304.8000000000000114 ) ) ;
#11033 = CARTESIAN_POINT ( 'NONE',  ( 8.424621202458750346, -2.500000000000000000, 304.8000000000000114 ) ) ;
#11034 = EDGE_LOOP ( 'NONE', ( #1186, #10246, #12771, #8316 ) ) ;
#11035 = VERTEX_POINT ( 'NONE', #3267 ) ;
#11036 = DIRECTION ( 'NONE',  ( 0.000000000000000000, -0.000000000000000000, -1.000000000000000000 ) ) ;
#11037 = ITEM_DEFINED_TRANSFORMATION ( 'NONE', 'NONE', #12079,  #3417 ) ;
#11038 = AXIS2_PLACEMENT_3D ( 'NONE', #1853, #10082, #3968 ) ;
#11039 = CARTESIAN_POINT ( 'NONE',  ( 3.000000000000000888, -7.924621202458751235, 94.79999999999999716 ) ) ;
#11040 = EDGE_CURVE ( 'NONE', #7710, #1835, #11151, .T. ) ;
#11042 = EDGE_CURVE ( 'NONE', #11741, #9798, #199, .T. ) ;
#11041 = AXIS2_PLACEMENT_3D ( 'NONE', #6180, #10235, #12981 ) ;
#11043 = DIRECTION ( 'NONE',  ( 0.000000000000000000, 0.000000000000000000, -1.000000000000000000 ) ) ;
#11044 = CARTESIAN_POINT ( 'NONE',  ( 3.000000000000000888, -9.500000000000000000, 94.79999999999999716 ) ) ;
#11045 = ORIENTED_EDGE ( 'NONE', *, *, #3117, .T. ) ;
#11046 = ORIENTED_EDGE ( 'NONE', *, *, #2034, .T. ) ;
#11047 = VERTEX_POINT ( 'NONE', #2282 ) ;
#11048 = AXIS2_PLACEMENT_3D ( 'NONE', #1726, #4769, #8815 ) ;
#11049 = DIRECTION ( 'NONE',  ( -0.7071067811865474617, 0.7071067811865476838, 0.000000000000000000 ) ) ;
#11050 = AXIS2_PLACEMENT_3D ( 'NONE', #9304, #217, #4255 ) ;
#11051 = DIRECTION ( 'NONE',  ( -0.000000000000000000, -0.000000000000000000, -1.000000000000000000 ) ) ;
#11052 = DIRECTION ( 'NONE',  ( 1.000000000000000000, 0.000000000000000000, 0.000000000000000000 ) ) ;
#11053 = AXIS2_PLACEMENT_3D ( 'NONE', #6741, #10788, #2824 ) ;
#11054 = DIRECTION ( 'NONE',  ( -1.000000000000000000, 0.000000000000000000, 0.000000000000000000 ) ) ;
#11055 =( LENGTH_UNIT ( ) NAMED_UNIT ( * ) SI_UNIT ( .MILLI., .METRE. ) );
#11056 = ORIENTED_EDGE ( 'NONE', *, *, #5165, .F. ) ;
#11057 = ORIENTED_EDGE ( 'NONE', *, *, #9593, .F. ) ;
#11058 = VECTOR ( 'NONE', #1454, 1000.000000000000000 ) ;
#11059 = ADVANCED_FACE ( 'NONE', ( #4273 ), #5323, .F. ) ;
#11060 = VECTOR ( 'NONE', #1603, 1000.000000000000000 ) ;
#11061 = DIRECTION ( 'NONE',  ( 1.000000000000000000, 4.873668131198272923E-16, 0.000000000000000000 ) ) ;
#11062 = LINE ( 'NONE', #11189, #3460 ) ;
#11063 = EDGE_CURVE ( 'NONE', #10826, #10466, #2077, .T. ) ;
#11064 = LINE ( 'NONE', #4707, #10842 ) ;
#11065 = LINE ( 'NONE', #6036, #2372 ) ;
#11066 = EDGE_CURVE ( 'NONE', #11280, #11684, #5187, .T. ) ;
#11067 = LINE ( 'NONE', #10806, #516 ) ;
#11068 = VECTOR ( 'NONE', #4865, 1000.000000000000000 ) ;
#11069 = CARTESIAN_POINT ( 'NONE',  ( -3.011165235168161924, 4.478679656440357704, -104.7750000000000057 ) ) ;
#11070 = CARTESIAN_POINT ( 'NONE',  ( -7.071067811865473729, 5.603553390593270400, 304.8000000000000114 ) ) ;
#11071 = VERTEX_POINT ( 'NONE', #9249 ) ;
#11072 = EDGE_LOOP ( 'NONE', ( #9711, #4166 ) ) ;
#11073 = EDGE_CURVE ( 'NONE', #4751, #1652, #6124, .T. ) ;
#11074 = DIRECTION ( 'NONE',  ( -0.000000000000000000, -0.000000000000000000, -1.000000000000000000 ) ) ;
#11075 = CIRCLE ( 'NONE', #7053, 0.5000000000000004441 ) ;
#11076 = FACE_OUTER_BOUND ( 'NONE', #7389, .T. ) ;
#11077 = VERTEX_POINT ( 'NONE', #7177 ) ;
#11078 = PLANE ( 'NONE',  #914 ) ;
#11079 = DIRECTION ( 'NONE',  ( 0.000000000000000000, -0.000000000000000000, 1.000000000000000000 ) ) ;
#11080 = EDGE_CURVE ( 'NONE', #3795, #4596, #12852, .T. ) ;
#11081 = CARTESIAN_POINT ( 'NONE',  ( -7.424621202458747682, 5.249999999999995559, 304.8000000000000114 ) ) ;
#11082 = DIRECTION ( 'NONE',  ( -0.000000000000000000, -0.000000000000000000, -1.000000000000000000 ) ) ;
#11083 = ORIENTED_EDGE ( 'NONE', *, *, #12429, .T. ) ;
#11084 = VECTOR ( 'NONE', #12376, 1000.000000000000000 ) ;
#11085 = LINE ( 'NONE', #5993, #9342 ) ;
#11086 = ORIENTED_EDGE ( 'NONE', *, *, #9858, .F. ) ;
#11087 = DIRECTION ( 'NONE',  ( -1.000000000000000000, -8.065639195895846808E-16, 0.000000000000000000 ) ) ;
#11088 = CIRCLE ( 'NONE', #10675, 0.5000000000000008882 ) ;
#11089 = ORIENTED_EDGE ( 'NONE', *, *, #3370, .T. ) ;
#11090 = EDGE_LOOP ( 'NONE', ( #11502, #2183, #1450, #9716 ) ) ;
#11091 = CARTESIAN_POINT ( 'NONE',  ( 7.924621202458747682, 5.249999999999995559, 304.8000000000000114 ) ) ;
#11092 = VERTEX_POINT ( 'NONE', #12267 ) ;
#11093 = EDGE_CURVE ( 'NONE', #11640, #2992, #7246, .T. ) ;
#11094 = ORIENTED_EDGE ( 'NONE', *, *, #4752, .T. ) ;
#11095 = LINE ( 'NONE', #9110, #1933 ) ;
#11096 = DIRECTION ( 'NONE',  ( -0.000000000000000000, -0.000000000000000000, -1.000000000000000000 ) ) ;
#11097 = CARTESIAN_POINT ( 'NONE',  ( 2.500000000000000444, 9.500000000000000000, -20.77500000000004476 ) ) ;
#11098 = VERTEX_POINT ( 'NONE', #7036 ) ;
#11099 = LINE ( 'NONE', #181, #1762 ) ;
#11100 = VERTEX_POINT ( 'NONE', #6051 ) ;
#11101 = CARTESIAN_POINT ( 'NONE',  ( -0.8898448916085185401, 6.599999999999999645, 304.8000000000000114 ) ) ;
#11102 = ORIENTED_EDGE ( 'NONE', *, *, #9512, .T. ) ;
#11103 = ORIENTED_EDGE ( 'NONE', *, *, #12985, .F. ) ;
#11104 = DIRECTION ( 'NONE',  ( 1.000000000000000000, 0.000000000000000000, 0.000000000000000000 ) ) ;
#11105 = ITEM_DEFINED_TRANSFORMATION ( 'NONE', 'NONE', #10426,  #3417 ) ;
#11106 = LINE ( 'NONE', #3218, #10447 ) ;
#11107 = DIRECTION ( 'NONE',  ( 1.000000000000000000, 0.000000000000000000, 0.000000000000000000 ) ) ;
#11108 = VERTEX_POINT ( 'NONE', #10950 ) ;
#11109 = CARTESIAN_POINT ( 'NONE',  ( -5.249999999999997335, -7.924621202458751235, 304.8000000000000114 ) ) ;
#11110 = ORIENTED_EDGE ( 'NONE', *, *, #2842, .F. ) ;
#11111 = VERTEX_POINT ( 'NONE', #12195 ) ;
#11112 = VERTEX_POINT ( 'NONE', #11209 ) ;
#11113 = CARTESIAN_POINT ( 'NONE',  ( -7.924621202458749458, 3.000000000000001332, 304.8000000000000114 ) ) ;
#11114 = ADVANCED_FACE ( 'NONE', ( #97 ), #1869, .F. ) ;
#11116 = EDGE_CURVE ( 'NONE', #1314, #4269, #2004, .T. ) ;
#11115 = DIRECTION ( 'NONE',  ( 0.7071067811865476838, -0.7071067811865474617, 0.000000000000000000 ) ) ;
#11117 = DIRECTION ( 'NONE',  ( 0.000000000000000000, 0.000000000000000000, -1.000000000000000000 ) ) ;
#11118 = CARTESIAN_POINT ( 'NONE',  ( 7.924621202458749458, 3.000000000000001332, 304.8000000000000114 ) ) ;
#11119 = ORIENTED_EDGE ( 'NONE', *, *, #11396, .T. ) ;
#11120 = ORIENTED_EDGE ( 'NONE', *, *, #4651, .T. ) ;
#11121 = CARTESIAN_POINT ( 'NONE',  ( 3.599999999999997424, -0.8898448916085081040, 304.8000000000000114 ) ) ;
#11122 = DIRECTION ( 'NONE',  ( -1.000000000000000000, 0.000000000000000000, 0.000000000000000000 ) ) ;
#11123 = CARTESIAN_POINT ( 'NONE',  ( 10.00000000000000000, 3.000000000000001332, 304.8000000000000114 ) ) ;
#11124 = DIRECTION ( 'NONE',  ( 0.000000000000000000, -0.000000000000000000, -1.000000000000000000 ) ) ;
#11125 = FACE_OUTER_BOUND ( 'NONE', #6851, .T. ) ;
#11126 = CARTESIAN_POINT ( 'NONE',  ( 0.000000000000000000, 0.000000000000000000, 198.8000000000000398 ) ) ;
#11127 = CARTESIAN_POINT ( 'NONE',  ( 10.00000000000000000, -3.000000000000001332, 304.8000000000000114 ) ) ;
#11128 = VERTEX_POINT ( 'NONE', #5913 ) ;
#11129 = ORIENTED_EDGE ( 'NONE', *, *, #1961, .F. ) ;
#11130 = SURFACE_STYLE_USAGE ( .BOTH. , #13038 ) ;
#11131 = ORIENTED_EDGE ( 'NONE', *, *, #11170, .F. ) ;
#11132 = AXIS2_PLACEMENT_3D ( 'NONE', #5544, #3680, #12564 ) ;
#11133 = DIRECTION ( 'NONE',  ( -1.000000000000000000, 0.000000000000000000, 0.000000000000000000 ) ) ;
#11134 = EDGE_CURVE ( 'NONE', #2210, #12797, #13052, .T. ) ;
#11135 = CARTESIAN_POINT ( 'NONE',  ( -7.071067811865473729, -5.603553390593270400, 304.8000000000000114 ) ) ;
#11136 = ORIENTED_EDGE ( 'NONE', *, *, #9298, .F. ) ;
#11137 = DIRECTION ( 'NONE',  ( 0.000000000000000000, 0.000000000000000000, -1.000000000000000000 ) ) ;
#11138 = DIRECTION ( 'NONE',  ( -0.000000000000000000, 0.000000000000000000, -1.000000000000000000 ) ) ;
#11139 = CIRCLE ( 'NONE', #3318, 2.999999999999999556 ) ;
#11140 = AXIS2_PLACEMENT_3D ( 'NONE', #13, #6041, #11985 ) ;
#11141 = EDGE_CURVE ( 'NONE', #380, #10086, #1153, .T. ) ;
#11142 = CARTESIAN_POINT ( 'NONE',  ( 7.924621202458749458, 3.000000000000001332, 304.8000000000000114 ) ) ;
#11143 = DIRECTION ( 'NONE',  ( -2.924200878718996689E-15, 1.000000000000000000, 0.000000000000000000 ) ) ;
#11144 = ORIENTED_EDGE ( 'NONE', *, *, #10914, .F. ) ;
#11145 = DIRECTION ( 'NONE',  ( -1.000000000000000000, 0.000000000000000000, 0.000000000000000000 ) ) ;
#11146 = VERTEX_POINT ( 'NONE', #10099 ) ;
#11147 = CARTESIAN_POINT ( 'NONE',  ( 7.071067811865473729, 5.603553390593270400, 304.8000000000000114 ) ) ;
#11148 = ORIENTED_EDGE ( 'NONE', *, *, #3012, .T. ) ;
#11149 = ORIENTED_EDGE ( 'NONE', *, *, #1806, .F. ) ;
#11150 = EDGE_CURVE ( 'NONE', #170, #9491, #11995, .T. ) ;
#11151 = LINE ( 'NONE', #232, #7798 ) ;
#11152 = ORIENTED_EDGE ( 'NONE', *, *, #12674, .T. ) ;
#11153 = VECTOR ( 'NONE', #3724, 1000.000000000000000 ) ;
#11154 = VERTEX_POINT ( 'NONE', #8970 ) ;
#11155 = DIRECTION ( 'NONE',  ( -0.000000000000000000, -0.000000000000000000, -1.000000000000000000 ) ) ;
#11156 = EDGE_CURVE ( 'NONE', #5117, #2294, #12056, .T. ) ;
#11157 = CARTESIAN_POINT ( 'NONE',  ( -2.150000000000025224, 1.257674520083185143E-14, 198.8000000000000398 ) ) ;
#11158 = DIRECTION ( 'NONE',  ( 0.000000000000000000, 0.000000000000000000, -1.000000000000000000 ) ) ;
#11159 = VERTEX_POINT ( 'NONE', #12920 ) ;
#11160 = LINE ( 'NONE', #10184, #6231 ) ;
#11161 = DIRECTION ( 'NONE',  ( -0.000000000000000000, -0.000000000000000000, -1.000000000000000000 ) ) ;
#11162 = EDGE_CURVE ( 'NONE', #40, #104, #7168, .T. ) ;
#11163 = AXIS2_PLACEMENT_3D ( 'NONE', #3026, #134, #11054 ) ;
#11164 = FACE_OUTER_BOUND ( 'NONE', #3929, .T. ) ;
#11165 = ORIENTED_EDGE ( 'NONE', *, *, #7923, .T. ) ;
#11166 = ORIENTED_EDGE ( 'NONE', *, *, #8629, .T. ) ;
#11167 = CYLINDRICAL_SURFACE ( 'NONE', #3759, 0.5000000000000004441 ) ;
#11168 = DIRECTION ( 'NONE',  ( -0.000000000000000000, -0.000000000000000000, -1.000000000000000000 ) ) ;
#11169 = DIRECTION ( 'NONE',  ( 1.000000000000000000, 3.304235192336776498E-16, 0.000000000000000000 ) ) ;
#11170 = EDGE_CURVE ( 'NONE', #6040, #10661, #3915, .T. ) ;
#11171 = ORIENTED_EDGE ( 'NONE', *, *, #2244, .F. ) ;
#11172 = AXIS2_PLACEMENT_3D ( 'NONE', #6214, #5204, #2425 ) ;
#11173 = DIRECTION ( 'NONE',  ( -0.000000000000000000, -0.000000000000000000, -1.000000000000000000 ) ) ;
#11174 = ORIENTED_EDGE ( 'NONE', *, *, #9865, .T. ) ;
#11175 = ORIENTED_EDGE ( 'NONE', *, *, #4398, .F. ) ;
#11176 = CARTESIAN_POINT ( 'NONE',  ( 3.000000000000000888, -10.00000000000000000, 198.8000000000000398 ) ) ;
#11177 = CARTESIAN_POINT ( 'NONE',  ( 3.000000000000000888, 10.00000000000000000, 304.8000000000000114 ) ) ;
#11178 = CARTESIAN_POINT ( 'NONE',  ( -3.000000000000000888, 9.500000000000000000, 304.8000000000000114 ) ) ;
#11179 = AXIS2_PLACEMENT_3D ( 'NONE', #2216, #106, #10252 ) ;
#11180 = CARTESIAN_POINT ( 'NONE',  ( -9.500000000000000000, -2.500000000000000444, 304.8000000000000114 ) ) ;
#11181 = ORIENTED_EDGE ( 'NONE', *, *, #3111, .T. ) ;
#11182 = VERTEX_POINT ( 'NONE', #7898 ) ;
#11183 = ORIENTED_EDGE ( 'NONE', *, *, #9283, .T. ) ;
#11184 = EDGE_CURVE ( 'NONE', #5724, #11763, #3146, .T. ) ;
#11185 = EDGE_CURVE ( 'NONE', #11935, #2414, #6905, .T. ) ;
#11186 = EDGE_CURVE ( 'NONE', #2735, #9351, #949, .T. ) ;
#11187 = CARTESIAN_POINT ( 'NONE',  ( 5.603553390593272177, -7.071067811865474617, -24.77500000000004832 ) ) ;
#11188 = CIRCLE ( 'NONE', #5052, 0.5000000000000004441 ) ;
#11189 = CARTESIAN_POINT ( 'NONE',  ( 2.499999999999999556, -8.424621202458752123, -104.7750000000000057 ) ) ;
#11190 = DIRECTION ( 'NONE',  ( -0.000000000000000000, -0.000000000000000000, -1.000000000000000000 ) ) ;
#11191 = CARTESIAN_POINT ( 'NONE',  ( 8.250000000000000000, 10.00000000000000178, -24.77500000000004832 ) ) ;
#11192 = CARTESIAN_POINT ( 'NONE',  ( -3.000000000000000888, 9.500000000000000000, 304.8000000000000114 ) ) ;
#11193 = CARTESIAN_POINT ( 'NONE',  ( 7.424621202458747682, 5.249999999999995559, 304.8000000000000114 ) ) ;
#11194 = CARTESIAN_POINT ( 'NONE',  ( 4.478679656440354151, -3.011165235168150378, 304.8000000000000114 ) ) ;
#11195 = ORIENTED_EDGE ( 'NONE', *, *, #1881, .F. ) ;
#11196 = ORIENTED_EDGE ( 'NONE', *, *, #1917, .F. ) ;
#11197 = CARTESIAN_POINT ( 'NONE',  ( -2.150000000000025224, 1.257674520083185143E-14, 304.8000000000000114 ) ) ;
#11198 = CIRCLE ( 'NONE', #8025, 0.5000000000000008882 ) ;
#11199 = VERTEX_POINT ( 'NONE', #4917 ) ;
#11200 = ORIENTED_EDGE ( 'NONE', *, *, #8605, .T. ) ;
#11201 = CARTESIAN_POINT ( 'NONE',  ( 0.000000000000000000, -3.600000000000000089, 304.8000000000000114 ) ) ;
#11202 = CYLINDRICAL_SURFACE ( 'NONE', #11041, 0.5000000000000004441 ) ;
#11203 = ORIENTED_EDGE ( 'NONE', *, *, #12848, .F. ) ;
#11204 = CARTESIAN_POINT ( 'NONE',  ( 3.000000000000000888, -7.924621202458751235, 304.8000000000000114 ) ) ;
#11205 = CARTESIAN_POINT ( 'NONE',  ( 2.499999999999999556, -8.424621202458752123, 304.8000000000000114 ) ) ;
#11206 = VECTOR ( 'NONE', #5301, 1000.000000000000000 ) ;
#11207 = AXIS2_PLACEMENT_3D ( 'NONE', #7616, #11661, #7688 ) ;
#11208 = DIRECTION ( 'NONE',  ( -0.000000000000000000, -0.000000000000000000, -1.000000000000000000 ) ) ;
#11209 = CARTESIAN_POINT ( 'NONE',  ( -9.500000000000000000, -2.500000000000000444, 304.8000000000000114 ) ) ;
#11210 = ORIENTED_EDGE ( 'NONE', *, *, #2882, .T. ) ;
#11211 = DIRECTION ( 'NONE',  ( 0.000000000000000000, -0.000000000000000000, -1.000000000000000000 ) ) ;
#11212 = ORIENTED_EDGE ( 'NONE', *, *, #313, .T. ) ;
#11213 = CARTESIAN_POINT ( 'NONE',  ( 0.000000000000000000, -3.600000000000000089, 304.8000000000000114 ) ) ;
#11214 = EDGE_LOOP ( 'NONE', ( #2674, #5510, #5947, #7317 ) ) ;
#11215 = ORIENTED_EDGE ( 'NONE', *, *, #7256, .T. ) ;
#11216 = DIRECTION ( 'NONE',  ( 0.000000000000000000, 1.000000000000000000, 0.000000000000000000 ) ) ;
#11217 = ORIENTED_EDGE ( 'NONE', *, *, #9406, .F. ) ;
#11218 = AXIS2_PLACEMENT_3D ( 'NONE', #7869, #5957, #2762 ) ;
#11219 = AXIS2_PLACEMENT_3D ( 'NONE', #4186, #7161, #2059 ) ;
#11220 = ORIENTED_EDGE ( 'NONE', *, *, #6263, .T. ) ;
#11221 = VECTOR ( 'NONE', #2627, 1000.000000000000000 ) ;
#11222 = DIRECTION ( 'NONE',  ( -0.000000000000000000, -0.000000000000000000, -1.000000000000000000 ) ) ;
#11223 = EDGE_CURVE ( 'NONE', #2421, #12103, #5116, .T. ) ;
#11224 = CARTESIAN_POINT ( 'NONE',  ( 5.603553390593272177, -7.071067811865474617, 94.79999999999999716 ) ) ;
#11225 = DIRECTION ( 'NONE',  ( -0.000000000000000000, -0.000000000000000000, -1.000000000000000000 ) ) ;
#11226 = ORIENTED_EDGE ( 'NONE', *, *, #7666, .T. ) ;
#11227 = DIRECTION ( 'NONE',  ( 0.000000000000000000, 0.000000000000000000, 1.000000000000000000 ) ) ;
#11228 = EDGE_CURVE ( 'NONE', #10053, #12126, #12239, .T. ) ;
#11229 = DIRECTION ( 'NONE',  ( -0.000000000000000000, 0.000000000000000000, -1.000000000000000000 ) ) ;
#11230 = VECTOR ( 'NONE', #6082, 1000.000000000000000 ) ;
#11231 = AXIS2_PLACEMENT_3D ( 'NONE', #2800, #11687, #10900 ) ;
#11232 = EDGE_CURVE ( 'NONE', #7366, #5724, #9097, .T. ) ;
#11233 = CARTESIAN_POINT ( 'NONE',  ( 0.000000000000000000, 3.600000000000000089, 304.8000000000000114 ) ) ;
#11234 = ORIENTED_EDGE ( 'NONE', *, *, #8239, .F. ) ;
#11235 = VERTEX_POINT ( 'NONE', #2987 ) ;
#11236 = DIRECTION ( 'NONE',  ( 1.000000000000000000, 0.000000000000000000, 0.000000000000000000 ) ) ;
#11237 = DIRECTION ( 'NONE',  ( 0.000000000000000000, 0.000000000000000000, 1.000000000000000000 ) ) ;
#11238 = DIRECTION ( 'NONE',  ( -1.000000000000000000, 0.000000000000000000, 0.000000000000000000 ) ) ;
#11239 = VERTEX_POINT ( 'NONE', #27 ) ;
#11240 = ADVANCED_FACE ( 'NONE', ( #4057 ), #8099, .T. ) ;
#11241 = VECTOR ( 'NONE', #4071, 1000.000000000000000 ) ;
#11242 = CARTESIAN_POINT ( 'NONE',  ( 6.599999999999996092, 0.8898448916085081040, 198.8000000000000398 ) ) ;
#11243 = ORIENTED_EDGE ( 'NONE', *, *, #5471, .F. ) ;
#11244 = VECTOR ( 'NONE', #369, 1000.000000000000000 ) ;
#11245 = ORIENTED_EDGE ( 'NONE', *, *, #12525, .F. ) ;
#11246 = DIRECTION ( 'NONE',  ( -1.000000000000000000, 0.000000000000000000, 0.000000000000000000 ) ) ;
#11247 = LINE ( 'NONE', #3352, #8196 ) ;
#11248 = EDGE_CURVE ( 'NONE', #9866, #1972, #12025, .T. ) ;
#11249 = ORIENTED_EDGE ( 'NONE', *, *, #9219, .T. ) ;
#11250 = CARTESIAN_POINT ( 'NONE',  ( 4.478679656440354151, 3.011165235168150378, 304.8000000000000114 ) ) ;
#11251 = VECTOR ( 'NONE', #4187, 1000.000000000000000 ) ;
#11252 = DIRECTION ( 'NONE',  ( 0.000000000000000000, 0.000000000000000000, 1.000000000000000000 ) ) ;
#11253 = DIRECTION ( 'NONE',  ( 1.091797020627685427E-31, -3.304235192336776498E-16, 1.000000000000000000 ) ) ;
#11254 = VERTEX_POINT ( 'NONE', #1411 ) ;
#11255 = ORIENTED_EDGE ( 'NONE', *, *, #6938, .T. ) ;
#11256 = VECTOR ( 'NONE', #3169, 1000.000000000000000 ) ;
#11257 = FACE_OUTER_BOUND ( 'NONE', #10363, .T. ) ;
#11258 = PLANE ( 'NONE',  #8964 ) ;
#11259 = DIRECTION ( 'NONE',  ( 1.000000000000000000, 3.304235192336776498E-16, 0.000000000000000000 ) ) ;
#11260 = VECTOR ( 'NONE', #8802, 1000.000000000000000 ) ;
#11261 = PLANE ( 'NONE',  #9581 ) ;
#11262 = DIRECTION ( 'NONE',  ( 1.000000000000000000, 0.000000000000000000, 0.000000000000000000 ) ) ;
#11264 = EDGE_CURVE ( 'NONE', #10375, #3017, #12392, .T. ) ;
#11263 = CARTESIAN_POINT ( 'NONE',  ( 0.8898448916085185401, -3.600000000000000533, -20.77500000000004476 ) ) ;
#11265 = LINE ( 'NONE', #11194, #3154 ) ;
#11266 = CIRCLE ( 'NONE', #11048, 0.5000000000000013323 ) ;
#11267 = DIRECTION ( 'NONE',  ( -1.000000000000000000, 0.000000000000000000, 0.000000000000000000 ) ) ;
#11268 = ORIENTED_EDGE ( 'NONE', *, *, #2596, .F. ) ;
#11269 = ORIENTED_EDGE ( 'NONE', *, *, #506, .T. ) ;
#11270 = CARTESIAN_POINT ( 'NONE',  ( 10.00000000000000000, -3.000000000000001332, 94.79999999999999716 ) ) ;
#11271 = LINE ( 'NONE', #4972, #7229 ) ;
#11272 = CARTESIAN_POINT ( 'NONE',  ( 8.424621202458750346, 2.500000000000000000, 304.8000000000000114 ) ) ;
#11273 = LINE ( 'NONE', #3317, #5926 ) ;
#11274 = VECTOR ( 'NONE', #7615, 1000.000000000000000 ) ;
#11275 = ADVANCED_FACE ( 'NONE', ( #9502 ), #11278, .F. ) ;
#11277 = EDGE_CURVE ( 'NONE', #9373, #11689, #11402, .T. ) ;
#11276 = CARTESIAN_POINT ( 'NONE',  ( 2.499999999999999556, 8.424621202458752123, 304.8000000000000114 ) ) ;
#11278 = PLANE ( 'NONE',  #2312 ) ;
#11279 = EDGE_CURVE ( 'NONE', #2539, #10681, #7238, .T. ) ;
#11280 = VERTEX_POINT ( 'NONE', #8309 ) ;
#11281 = DIRECTION ( 'NONE',  ( 0.000000000000000000, -0.000000000000000000, -1.000000000000000000 ) ) ;
#11282 = ORIENTED_EDGE ( 'NONE', *, *, #11024, .T. ) ;
#11283 = DIRECTION ( 'NONE',  ( -0.000000000000000000, -0.000000000000000000, -1.000000000000000000 ) ) ;
#11284 = VERTEX_POINT ( 'NONE', #12460 ) ;
#11285 = VERTEX_POINT ( 'NONE', #4193 ) ;
#11286 = DIRECTION ( 'NONE',  ( -1.000000000000000000, 0.000000000000000000, 0.000000000000000000 ) ) ;
#11287 = VECTOR ( 'NONE', #12675, 1000.000000000000000 ) ;
#11288 = ORIENTED_EDGE ( 'NONE', *, *, #7475, .T. ) ;
#11289 = VECTOR ( 'NONE', #12174, 1000.000000000000000 ) ;
#11290 = VERTEX_POINT ( 'NONE', #7307 ) ;
#11291 = DIRECTION ( 'NONE',  ( -0.000000000000000000, -0.000000000000000000, -1.000000000000000000 ) ) ;
#11292 = LINE ( 'NONE', #4205, #11657 ) ;
#11293 = DIRECTION ( 'NONE',  ( -0.000000000000000000, -0.000000000000000000, -1.000000000000000000 ) ) ;
#11294 = ORIENTED_EDGE ( 'NONE', *, *, #6657, .T. ) ;
#11295 = LINE ( 'NONE', #5264, #11713 ) ;
#11296 = AXIS2_PLACEMENT_3D ( 'NONE', #7054, #3934, #8988 ) ;
#11297 = CARTESIAN_POINT ( 'NONE',  ( 5.603553390593272177, -7.071067811865475505, 304.8000000000000114 ) ) ;
#11298 = VECTOR ( 'NONE', #845, 1000.000000000000000 ) ;
#11299 = CARTESIAN_POINT ( 'NONE',  ( 7.424621202458747682, 5.249999999999995559, 198.8000000000000398 ) ) ;
#11300 = CARTESIAN_POINT ( 'NONE',  ( -7.071067811865473729, 5.603553390593270400, 304.8000000000000114 ) ) ;
#11301 = EDGE_LOOP ( 'NONE', ( #1916, #10116, #7707, #1608 ) ) ;
#11302 = ORIENTED_EDGE ( 'NONE', *, *, #8411, .T. ) ;
#11303 = CARTESIAN_POINT ( 'NONE',  ( -7.071067811865473729, -5.603553390593270400, 94.79999999999999716 ) ) ;
#11304 = ORIENTED_EDGE ( 'NONE', *, *, #10559, .F. ) ;
#11305 = CARTESIAN_POINT ( 'NONE',  ( 3.000000000000000888, 10.00000000000000000, 304.8000000000000114 ) ) ;
#11306 = LINE ( 'NONE', #190, #1501 ) ;
#11307 = ORIENTED_EDGE ( 'NONE', *, *, #11675, .T. ) ;
#11308 = ADVANCED_FACE ( 'NONE', ( #12330 ), #7504, .F. ) ;
#11309 = ORIENTED_EDGE ( 'NONE', *, *, #317, .F. ) ;
#11310 = DIRECTION ( 'NONE',  ( -0.000000000000000000, 0.000000000000000000, -1.000000000000000000 ) ) ;
#11311 = CARTESIAN_POINT ( 'NONE',  ( -8.250000000000000000, -8.250000000000000000, 304.8000000000000114 ) ) ;
#11312 = EDGE_LOOP ( 'NONE', ( #4928, #3664, #4919, #3962 ) ) ;
#11314 = EDGE_CURVE ( 'NONE', #8100, #11678, #2274, .T. ) ;
#11313 = FACE_OUTER_BOUND ( 'NONE', #12470, .T. ) ;
#11315 = FACE_OUTER_BOUND ( 'NONE', #5087, .T. ) ;
#11316 = CARTESIAN_POINT ( 'NONE',  ( 403.4191185303761813, 104.4108796227577898, 17.49769795522467675 ) ) ;
#11317 = ORIENTED_EDGE ( 'NONE', *, *, #8564, .F. ) ;
#11318 = EDGE_CURVE ( 'NONE', #7741, #11098, #422, .T. ) ;
#11319 = ORIENTED_EDGE ( 'NONE', *, *, #4163, .T. ) ;
#11320 = EDGE_CURVE ( 'NONE', #12276, #2919, #6511, .T. ) ;
#11321 = DIRECTION ( 'NONE',  ( -0.000000000000000000, -0.000000000000000000, -1.000000000000000000 ) ) ;
#11322 = FACE_OUTER_BOUND ( 'NONE', #8810, .T. ) ;
#11323 = DIRECTION ( 'NONE',  ( 0.000000000000000000, 0.000000000000000000, 1.000000000000000000 ) ) ;
#11324 = CARTESIAN_POINT ( 'NONE',  ( 3.000000000000000888, -10.00000000000000000, 304.8000000000000114 ) ) ;
#11325 = FACE_OUTER_BOUND ( 'NONE', #1664, .T. ) ;
#11327 = EDGE_CURVE ( 'NONE', #7599, #4751, #10371, .T. ) ;
#11326 = LINE ( 'NONE', #6442, #4994 ) ;
#11328 = LINE ( 'NONE', #2259, #9092 ) ;
#11329 = CARTESIAN_POINT ( 'NONE',  ( -5.249999999999997335, -7.924621202458751235, -20.77500000000004476 ) ) ;
#11330 = ORIENTED_EDGE ( 'NONE', *, *, #7267, .F. ) ;
#11331 = VERTEX_POINT ( 'NONE', #6455 ) ;
#11332 = VECTOR ( 'NONE', #10036, 1000.000000000000000 ) ;
#11333 = FACE_OUTER_BOUND ( 'NONE', #426, .T. ) ;
#11334 = CARTESIAN_POINT ( 'NONE',  ( -9.500000000000000000, 2.500000000000000444, 304.8000000000000114 ) ) ;
#11335 = DIRECTION ( 'NONE',  ( -0.000000000000000000, -0.000000000000000000, -1.000000000000000000 ) ) ;
#11336 = PRODUCT_DEFINITION_SHAPE ( 'NONE', 'NONE',  #13081 ) ;
#11337 = DIRECTION ( 'NONE',  ( -1.541976423090498986E-15, 1.000000000000000000, 0.000000000000000000 ) ) ;
#11338 = CARTESIAN_POINT ( 'NONE',  ( -2.500000000000000000, 8.424621202458752123, 304.8000000000000114 ) ) ;
#11340 = AXIS2_PLACEMENT_3D ( 'NONE', #3306, #3438, #8364 ) ;
#11339 = DIRECTION ( 'NONE',  ( -1.000000000000000000, 0.000000000000000000, 0.000000000000000000 ) ) ;
#11341 = EDGE_LOOP ( 'NONE', ( #4727, #7039, #8708, #5791 ) ) ;
#11342 = DIRECTION ( 'NONE',  ( 1.000000000000000000, 0.000000000000000000, 0.000000000000000000 ) ) ;
#11343 = ORIENTED_EDGE ( 'NONE', *, *, #4559, .T. ) ;
#11344 = CARTESIAN_POINT ( 'NONE',  ( -7.924621202458747682, -5.249999999999995559, 304.8000000000000114 ) ) ;
#11345 = EDGE_LOOP ( 'NONE', ( #3068, #7381, #129, #1041 ) ) ;
#11346 = ORIENTED_EDGE ( 'NONE', *, *, #6927, .F. ) ;
#11347 = DIRECTION ( 'NONE',  ( -0.000000000000000000, -0.000000000000000000, -1.000000000000000000 ) ) ;
#11348 = ORIENTED_EDGE ( 'NONE', *, *, #5609, .T. ) ;
#11349 = CARTESIAN_POINT ( 'NONE',  ( 0.8898448916085185401, 6.599999999999999645, 304.8000000000000114 ) ) ;
#11350 = EDGE_CURVE ( 'NONE', #10956, #3728, #8232, .T. ) ;
#11351 = EDGE_CURVE ( 'NONE', #4062, #5608, #11611, .T. ) ;
#11352 = DIRECTION ( 'NONE',  ( -0.000000000000000000, -0.000000000000000000, -1.000000000000000000 ) ) ;
#11353 = AXIS2_PLACEMENT_3D ( 'NONE', #7801, #1783, #2572 ) ;
#11354 = DIRECTION ( 'NONE',  ( -0.000000000000000000, 0.000000000000000000, -1.000000000000000000 ) ) ;
#11355 = EDGE_CURVE ( 'NONE', #3281, #3996, #1260, .T. ) ;
#11356 = CIRCLE ( 'NONE', #11140, 0.4999999999999995559 ) ;
#11357 = DIRECTION ( 'NONE',  ( -1.000000000000000000, 0.000000000000000000, 0.000000000000000000 ) ) ;
#11358 = LINE ( 'NONE', #5399, #1357 ) ;
#11359 = DIRECTION ( 'NONE',  ( 0.7071067811865465735, -0.7071067811865483499, 0.000000000000000000 ) ) ;
#11360 = CARTESIAN_POINT ( 'NONE',  ( 2.499999999999999556, 8.424621202458752123, 304.8000000000000114 ) ) ;
#11361 = EDGE_LOOP ( 'NONE', ( #1426, #2625, #382, #7821 ) ) ;
#11362 = ORIENTED_EDGE ( 'NONE', *, *, #12073, .F. ) ;
#11363 = CIRCLE ( 'NONE', #3916, 1.749999999999999778 ) ;
#11364 = LINE ( 'NONE', #11303, #5673 ) ;
#11365 = EDGE_LOOP ( 'NONE', ( #3774, #5595, #6458, #10869 ) ) ;
#11366 = AXIS2_PLACEMENT_3D ( 'NONE', #8347, #131, #195 ) ;
#11367 = SHAPE_REPRESENTATION ( 'NMRtray20v2', ( #3837, #2981, #7446, #12711, #7011, #2773, #1728, #10426, #1525, #5747, #3210, #48, #5108, #673, #12514, #8074, #12306, #4687, #12079, #5540, #4483, #11876 ), #9574 ) ;
#11368 = LINE ( 'NONE', #11428, #5732 ) ;
#11369 = DIRECTION ( 'NONE',  ( 1.000000000000000000, 0.000000000000000000, 0.000000000000000000 ) ) ;
#11370 = VERTEX_POINT ( 'NONE', #1282 ) ;
#11371 = VERTEX_POINT ( 'NONE', #6252 ) ;
#11372 = DIRECTION ( 'NONE',  ( 3.304235192336776498E-16, 1.000000000000000000, 0.000000000000000000 ) ) ;
#11373 = DIRECTION ( 'NONE',  ( 0.000000000000000000, 0.000000000000000000, -1.000000000000000000 ) ) ;
#11374 = VERTEX_POINT ( 'NONE', #302 ) ;
#11375 = DIRECTION ( 'NONE',  ( -8.065639195895844836E-16, -1.000000000000000000, 0.000000000000000000 ) ) ;
#11376 = CARTESIAN_POINT ( 'NONE',  ( -8.424621202458750346, 3.000000000000001332, 304.8000000000000114 ) ) ;
#11377 = CARTESIAN_POINT ( 'NONE',  ( 53.84411853037600082, 104.4108796227576192, 17.49769795522465543 ) ) ;
#11378 = EDGE_LOOP ( 'NONE', ( #7109, #7840, #8462, #3194 ) ) ;
#11379 = CIRCLE ( 'NONE', #6311, 0.5000000000000008882 ) ;
#11380 = ORIENTED_EDGE ( 'NONE', *, *, #4474, .F. ) ;
#11381 = ADVANCED_FACE ( 'NONE', ( #5313 ), #7374, .F. ) ;
#11382 = CARTESIAN_POINT ( 'NONE',  ( 2.499999999999999556, 8.424621202458752123, 304.8000000000000114 ) ) ;
#11383 = CARTESIAN_POINT ( 'NONE',  ( -8.250000000000000000, 10.00000000000000178, -20.77500000000004476 ) ) ;
#11384 = LINE ( 'NONE', #2314, #8736 ) ;
#11386 = ADVANCED_FACE ( 'NONE', ( #8504 ), #12530, .F. ) ;
#11385 = DIRECTION ( 'NONE',  ( -0.000000000000000000, 0.000000000000000000, -1.000000000000000000 ) ) ;
#11387 = LINE ( 'NONE', #5167, #11084 ) ;
#11388 = CARTESIAN_POINT ( 'NONE',  ( -8.250000000000000000, -10.00000000000000178, 304.8000000000000114 ) ) ;
#11389 = CARTESIAN_POINT ( 'NONE',  ( 7.071067811865473729, 5.603553390593270400, 304.8000000000000114 ) ) ;
#11390 = ADVANCED_FACE ( 'NONE', ( #5386 ), #4389, .T. ) ;
#11391 = CARTESIAN_POINT ( 'NONE',  ( 7.924621202458747682, -5.249999999999995559, 304.8000000000000114 ) ) ;
#11392 = VERTEX_POINT ( 'NONE', #7693 ) ;
#11393 = VERTEX_POINT ( 'NONE', #6831 ) ;
#11394 = AXIS2_PLACEMENT_3D ( 'NONE', #12065, #11939, #2994 ) ;
#11395 = CARTESIAN_POINT ( 'NONE',  ( 3.011165235168160592, -4.478679656440357704, 304.8000000000000114 ) ) ;
#11396 = EDGE_CURVE ( 'NONE', #1571, #6267, #4773, .T. ) ;
#11397 = DIRECTION ( 'NONE',  ( -1.000000000000000000, 0.000000000000000000, 0.000000000000000000 ) ) ;
#11398 = CARTESIAN_POINT ( 'NONE',  ( -2.500000000000000444, -9.500000000000000000, 304.8000000000000114 ) ) ;
#11399 = DIRECTION ( 'NONE',  ( -0.000000000000000000, -0.000000000000000000, -1.000000000000000000 ) ) ;
#11400 = LINE ( 'NONE', #7561, #3521 ) ;
#11401 = AXIS2_PLACEMENT_3D ( 'NONE', #3259, #12259, #9240 ) ;
#11402 = LINE ( 'NONE', #4453, #1045 ) ;
#11403 = EDGE_CURVE ( 'NONE', #12359, #8179, #7623, .T. ) ;
#11404 = ORIENTED_EDGE ( 'NONE', *, *, #11396, .F. ) ;
#11405 = DIRECTION ( 'NONE',  ( 0.000000000000000000, 0.000000000000000000, 1.000000000000000000 ) ) ;
#11406 = VERTEX_POINT ( 'NONE', #6640 ) ;
#11407 = PLANE ( 'NONE',  #7137 ) ;
#11408 = ORIENTED_EDGE ( 'NONE', *, *, #2170, .F. ) ;
#11409 = ORIENTED_EDGE ( 'NONE', *, *, #2239, .F. ) ;
#11410 = ORIENTED_EDGE ( 'NONE', *, *, #4548, .T. ) ;
#11411 = CARTESIAN_POINT ( 'NONE',  ( -8.250000000000000000, 10.00000000000000178, 304.8000000000000114 ) ) ;
#11412 = PRODUCT_RELATED_PRODUCT_CATEGORY ( 'part', '', ( #10302 ) ) ;
#11413 = AXIS2_PLACEMENT_3D ( 'NONE', #2509, #2446, #6744 ) ;
#11414 = DIRECTION ( 'NONE',  ( -1.000000000000000000, -3.304235192336776498E-16, 0.000000000000000000 ) ) ;
#11415 = CARTESIAN_POINT ( 'NONE',  ( 3.600000000000000089, 0.000000000000000000, 304.8000000000000114 ) ) ;
#11416 = CARTESIAN_POINT ( 'NONE',  ( -3.011165235168160592, 4.478679656440357704, 304.8000000000000114 ) ) ;
#11417 = PLANE ( 'NONE',  #7697 ) ;
#11418 = ORIENTED_EDGE ( 'NONE', *, *, #9917, .F. ) ;
#11419 = DIRECTION ( 'NONE',  ( -0.000000000000000000, 0.000000000000000000, -1.000000000000000000 ) ) ;
#11420 = EDGE_CURVE ( 'NONE', #7410, #3580, #9634, .T. ) ;
#11421 = VECTOR ( 'NONE', #10890, 1000.000000000000000 ) ;
#11422 = VECTOR ( 'NONE', #8092, 1000.000000000000000 ) ;
#11423 = VERTEX_POINT ( 'NONE', #9566 ) ;
#11424 = EDGE_LOOP ( 'NONE', ( #6852, #4657, #2731, #11634 ) ) ;
#11425 = VECTOR ( 'NONE', #1655, 1000.000000000000000 ) ;
#11426 = DIRECTION ( 'NONE',  ( 0.000000000000000000, -0.000000000000000000, -1.000000000000000000 ) ) ;
#11427 = EDGE_LOOP ( 'NONE', ( #2171, #10540, #10114, #7494 ) ) ;
#11428 = CARTESIAN_POINT ( 'NONE',  ( -10.00000000000000000, -8.250000000000000000, 304.8000000000000114 ) ) ;
#11429 = DIRECTION ( 'NONE',  ( 0.7071067811865465735, -0.7071067811865484609, 0.000000000000000000 ) ) ;
#11430 = ORIENTED_EDGE ( 'NONE', *, *, #3491, .T. ) ;
#11431 = ORIENTED_EDGE ( 'NONE', *, *, #11440, .T. ) ;
#11432 = AXIS2_PLACEMENT_3D ( 'NONE', #2070, #12058, #9244 ) ;
#11433 = VECTOR ( 'NONE', #9303, 1000.000000000000000 ) ;
#11434 = CLOSED_SHELL ( 'NONE', ( #12685, #661, #5677, #616, #4289, #8026, #11381, #11390, #1236, #3296, #2808, #64, #9792, #7119, #12278, #4713, #10600, #6823, #7556, #173, #650, #4550, #386, #10846, #12987, #11547, #1139, #716, #10613, #3770, #2100, #3917, #4357, #4371, #1386, #9043, #400, #11783, #12191, #8505, #11114, #3490, #2196, #4838, #3602, #8693, #1253, #5553, #9397, #5943, #10277, #956, #2878, #12373, #7271, #6688, #9786, #5872, #10682, #3258, #4145, #6624, #7019, #11881, #2092, #5777, #1690, #8714, #7738, #5895, #3053, #196, #1077, #11834, #10868, #4011 ) ) ;
#11435 = DIRECTION ( 'NONE',  ( -1.000000000000000000, 0.000000000000000000, 0.000000000000000000 ) ) ;
#11436 = LINE ( 'NONE', #11177, #2884 ) ;
#11437 = ADVANCED_FACE ( 'NONE', ( #4714 ), #10687, .F. ) ;
#11438 = ORIENTED_EDGE ( 'NONE', *, *, #7372, .F. ) ;
#11439 = DIRECTION ( 'NONE',  ( -0.000000000000000000, 0.000000000000000000, -1.000000000000000000 ) ) ;
#11440 = EDGE_CURVE ( 'NONE', #9849, #4134, #9085, .T. ) ;
#11441 = ORIENTED_EDGE ( 'NONE', *, *, #3493, .F. ) ;
#11442 = LINE ( 'NONE', #6229, #10129 ) ;
#11443 = DIRECTION ( 'NONE',  ( 5.987589548645528301E-32, 3.304235192336776005E-16, -1.000000000000000000 ) ) ;
#11444 = CIRCLE ( 'NONE', #5513, 0.4999999999999995559 ) ;
#11445 = AXIS2_PLACEMENT_3D ( 'NONE', #7648, #4861, #3669 ) ;
#11446 = CARTESIAN_POINT ( 'NONE',  ( 7.071067811865473729, -5.603553390593270400, 304.8000000000000114 ) ) ;
#11447 = PRODUCT ( 'AL329.575_5537T104', 'AL329.575_5537T104', '', ( #3487 ) ) ;
#11448 = EDGE_LOOP ( 'NONE', ( #10836, #1775, #10320, #6285 ) ) ;
#11449 = FACE_OUTER_BOUND ( 'NONE', #3668, .T. ) ;
#11450 = CARTESIAN_POINT ( 'NONE',  ( 0.000000000000000000, 3.600000000000000089, -24.77500000000004832 ) ) ;
#11451 = VECTOR ( 'NONE', #10605, 1000.000000000000000 ) ;
#11452 = DIRECTION ( 'NONE',  ( -1.000000000000000000, 0.000000000000000000, 0.000000000000000000 ) ) ;
#11453 = AXIS2_PLACEMENT_3D ( 'NONE', #12467, #6398, #10567 ) ;
#11455 = VECTOR ( 'NONE', #10751, 1000.000000000000000 ) ;
#11454 = CARTESIAN_POINT ( 'NONE',  ( -2.500000000000000000, 8.424621202458752123, 304.8000000000000114 ) ) ;
#11456 = CARTESIAN_POINT ( 'NONE',  ( 3.000000000000000888, 8.424621202458752123, 304.8000000000000114 ) ) ;
#11457 = DIRECTION ( 'NONE',  ( -1.000000000000000000, 3.304235192336776005E-16, 0.000000000000000000 ) ) ;
#11458 = CARTESIAN_POINT ( 'NONE',  ( 3.000000000000000888, 8.424621202458752123, -20.77500000000004476 ) ) ;
#11459 =( GEOMETRIC_REPRESENTATION_CONTEXT ( 3 ) GLOBAL_UNCERTAINTY_ASSIGNED_CONTEXT ( ( #4825 ) ) GLOBAL_UNIT_ASSIGNED_CONTEXT ( ( #2953, #8141, #5887 ) ) REPRESENTATION_CONTEXT ( 'NONE', 'WORKASPACE' ) );
#11460 = CARTESIAN_POINT ( 'NONE',  ( 2.500000000000000000, -8.424621202458752123, 304.8000000000000114 ) ) ;
#11461 = EDGE_CURVE ( 'NONE', #10626, #12183, #12781, .T. ) ;
#11462 = ORIENTED_EDGE ( 'NONE', *, *, #9677, .T. ) ;
#11463 = VERTEX_POINT ( 'NONE', #1595 ) ;
#11464 = AXIS2_PLACEMENT_3D ( 'NONE', #4138, #11293, #3202 ) ;
#11465 = CIRCLE ( 'NONE', #1734, 2.999999999999999556 ) ;
#11466 = ORIENTED_EDGE ( 'NONE', *, *, #10649, .F. ) ;
#11467 = ORIENTED_EDGE ( 'NONE', *, *, #222, .F. ) ;
#11468 = ADVANCED_FACE ( 'NONE', ( #9697 ), #6569, .F. ) ;
#11469 = CARTESIAN_POINT ( 'NONE',  ( -7.071067811865473729, -5.603553390593270400, 304.8000000000000114 ) ) ;
#11470 = LINE ( 'NONE', #5440, #2375 ) ;
#11471 = LINE ( 'NONE', #2397, #11274 ) ;
#11472 = ADVANCED_FACE ( 'NONE', ( #2590 ), #4578, .F. ) ;
#11473 = CARTESIAN_POINT ( 'NONE',  ( -3.000000000000000888, 10.00000000000000000, -104.7750000000000057 ) ) ;
#11474 = CARTESIAN_POINT ( 'NONE',  ( -3.011165235168160592, -4.478679656440356815, 198.8000000000000398 ) ) ;
#11476 = VECTOR ( 'NONE', #5694, 1000.000000000000000 ) ;
#11475 = LINE ( 'NONE', #7373, #1838 ) ;
#11477 = CARTESIAN_POINT ( 'NONE',  ( -8.424621202458750346, 2.500000000000000000, 304.8000000000000114 ) ) ;
#11478 = EDGE_LOOP ( 'NONE', ( #9672, #12249, #2688, #9611 ) ) ;
#11479 = CARTESIAN_POINT ( 'NONE',  ( 3.599999999999997424, 0.8898448916085081040, 304.8000000000000114 ) ) ;
#11480 = ADVANCED_FACE ( 'NONE', ( #489 ), #8567, .F. ) ;
#11481 = VERTEX_POINT ( 'NONE', #1539 ) ;
#11482 = VECTOR ( 'NONE', #592, 1000.000000000000000 ) ;
#11483 = EDGE_CURVE ( 'NONE', #627, #7642, #3509, .T. ) ;
#11484 = CARTESIAN_POINT ( 'NONE',  ( -3.000000000000000888, -10.00000000000000000, -24.77500000000004832 ) ) ;
#11485 = AXIS2_PLACEMENT_3D ( 'NONE', #5148, #7138, #11049 ) ;
#11486 = VECTOR ( 'NONE', #3145, 1000.000000000000000 ) ;
#11487 = LINE ( 'NONE', #1418, #12499 ) ;
#11488 = DIRECTION ( 'NONE',  ( -1.000000000000000000, 0.000000000000000000, 0.000000000000000000 ) ) ;
#11489 = EDGE_CURVE ( 'NONE', #8663, #5499, #6540, .T. ) ;
#11490 = CARTESIAN_POINT ( 'NONE',  ( 3.000000000000000888, 10.00000000000000000, -20.77500000000004476 ) ) ;
#11491 = ORIENTED_EDGE ( 'NONE', *, *, #1210, .T. ) ;
#11492 = DIRECTION ( 'NONE',  ( -0.000000000000000000, 0.000000000000000000, -1.000000000000000000 ) ) ;
#11493 = CIRCLE ( 'NONE', #1979, 0.5000000000000008882 ) ;
#11494 = LINE ( 'NONE', #8331, #6766 ) ;
#11495 = EDGE_LOOP ( 'NONE', ( #5652, #10734, #2124, #365 ) ) ;
#11496 = CYLINDRICAL_SURFACE ( 'NONE', #2686, 1.749999999999999778 ) ;
#11498 = EDGE_CURVE ( 'NONE', #4912, #8013, #11188, .T. ) ;
#11497 = CIRCLE ( 'NONE', #5567, 0.5000000000000004441 ) ;
#11499 = EDGE_LOOP ( 'NONE', ( #10031, #2779, #3797, #4676 ) ) ;
#11500 = ORIENTED_EDGE ( 'NONE', *, *, #5079, .F. ) ;
#11501 = DIRECTION ( 'NONE',  ( -1.000000000000000000, 0.000000000000000000, 0.000000000000000000 ) ) ;
#11502 = ORIENTED_EDGE ( 'NONE', *, *, #12799, .F. ) ;
#11503 = LINE ( 'NONE', #4294, #1714 ) ;
#11504 = CARTESIAN_POINT ( 'NONE',  ( -3.011165235168160592, 4.478679656440356815, 304.8000000000000114 ) ) ;
#11505 = VERTEX_POINT ( 'NONE', #3776 ) ;
#11506 = CARTESIAN_POINT ( 'NONE',  ( -3.000000000000000888, -8.424621202458752123, 304.8000000000000114 ) ) ;
#11507 = AXIS2_PLACEMENT_3D ( 'NONE', #5697, #1366, #6466 ) ;
#11508 = VERTEX_POINT ( 'NONE', #3712 ) ;
#11509 = VECTOR ( 'NONE', #2565, 1000.000000000000000 ) ;
#11510 = CARTESIAN_POINT ( 'NONE',  ( -4.478679656440354151, 3.011165235168150378, 304.8000000000000114 ) ) ;
#11511 = PLANE ( 'NONE',  #9041 ) ;
#11512 = CYLINDRICAL_SURFACE ( 'NONE', #3938, 0.5000000000000004441 ) ;
#11513 = ORIENTED_EDGE ( 'NONE', *, *, #2911, .T. ) ;
#11514 = DIRECTION ( 'NONE',  ( 0.7071067811865474617, 0.7071067811865476838, 0.000000000000000000 ) ) ;
#11515 = AXIS2_PLACEMENT_3D ( 'NONE', #316, #2224, #8326 ) ;
#11516 = CARTESIAN_POINT ( 'NONE',  ( 5.249999999999997335, -7.424621202458749458, -24.77500000000004832 ) ) ;
#11517 = ADVANCED_FACE ( 'NONE', ( #1660 ), #8689, .T. ) ;
#11518 = ORIENTED_EDGE ( 'NONE', *, *, #5172, .F. ) ;
#11519 = LINE ( 'NONE', #2441, #3875 ) ;
#11520 = EDGE_CURVE ( 'NONE', #4134, #12954, #10808, .T. ) ;
#11521 = CARTESIAN_POINT ( 'NONE',  ( 7.071067811865473729, 5.603553390593270400, -24.77500000000004832 ) ) ;
#11522 = CARTESIAN_POINT ( 'NONE',  ( 2.499999999999999556, -8.424621202458752123, 304.8000000000000114 ) ) ;
#11523 = DIRECTION ( 'NONE',  ( 0.000000000000000000, 0.000000000000000000, -1.000000000000000000 ) ) ;
#11524 = DIRECTION ( 'NONE',  ( -0.7071067811865474617, 0.7071067811865476838, 0.000000000000000000 ) ) ;
#11525 = DIRECTION ( 'NONE',  ( 0.000000000000000000, -0.000000000000000000, -1.000000000000000000 ) ) ;
#11526 = DIRECTION ( 'NONE',  ( -0.000000000000000000, 0.000000000000000000, -1.000000000000000000 ) ) ;
#11527 = ORIENTED_EDGE ( 'NONE', *, *, #4387, .F. ) ;
#11528 = VERTEX_POINT ( 'NONE', #1473 ) ;
#11529 = ORIENTED_EDGE ( 'NONE', *, *, #2793, .T. ) ;
#11530 = ORIENTED_EDGE ( 'NONE', *, *, #5905, .F. ) ;
#11531 = LINE ( 'NONE', #3377, #3590 ) ;
#11532 = CARTESIAN_POINT ( 'NONE',  ( 8.424621202458750346, 3.000000000000001332, -104.7750000000000057 ) ) ;
#11533 = DIRECTION ( 'NONE',  ( 1.000000000000000000, 0.000000000000000000, 0.000000000000000000 ) ) ;
#11534 = DIRECTION ( 'NONE',  ( -1.000000000000000000, -0.000000000000000000, -0.000000000000000000 ) ) ;
#11535 = DIRECTION ( 'NONE',  ( -0.000000000000000000, -0.000000000000000000, -1.000000000000000000 ) ) ;
#11536 = DIRECTION ( 'NONE',  ( -0.000000000000000000, -0.000000000000000000, -1.000000000000000000 ) ) ;
#11537 = EDGE_LOOP ( 'NONE', ( #5624, #950, #4228, #9746 ) ) ;
#11538 = DIRECTION ( 'NONE',  ( 0.000000000000000000, 0.000000000000000000, 1.000000000000000000 ) ) ;
#11539 = VERTEX_POINT ( 'NONE', #1730 ) ;
#11540 = EDGE_CURVE ( 'NONE', #6132, #2122, #5773, .T. ) ;
#11541 = DIRECTION ( 'NONE',  ( -2.924200878718996689E-15, 1.000000000000000000, 0.000000000000000000 ) ) ;
#11542 = CARTESIAN_POINT ( 'NONE',  ( -7.424621202458747682, -5.249999999999995559, 304.8000000000000114 ) ) ;
#11543 = DIRECTION ( 'NONE',  ( -0.000000000000000000, 0.000000000000000000, -1.000000000000000000 ) ) ;
#11544 = DIRECTION ( 'NONE',  ( -1.000000000000000000, -3.304235192336776498E-16, 0.000000000000000000 ) ) ;
#11545 = EDGE_CURVE ( 'NONE', #12415, #1576, #10, .T. ) ;
#11546 = VECTOR ( 'NONE', #5771, 1000.000000000000000 ) ;
#11547 = ADVANCED_FACE ( 'NONE', ( #9083 ), #868, .T. ) ;
#11548 = PRODUCT_DEFINITION_SHAPE ( 'NONE', 'NONE',  #13092 ) ;
#11549 = LINE ( 'NONE', #9457, #11841 ) ;
#11550 = VERTEX_POINT ( 'NONE', #12179 ) ;
#11551 = FACE_OUTER_BOUND ( 'NONE', #8920, .T. ) ;
#11552 = ORIENTED_EDGE ( 'NONE', *, *, #3655, .F. ) ;
#11553 = ORIENTED_EDGE ( 'NONE', *, *, #9874, .F. ) ;
#11554 = ADVANCED_FACE ( 'NONE', ( #6890 ), #10021, .F. ) ;
#11555 = LINE ( 'NONE', #6590, #9076 ) ;
#11556 = VERTEX_POINT ( 'NONE', #6953 ) ;
#11557 = VECTOR ( 'NONE', #10714, 1000.000000000000000 ) ;
#11558 = VECTOR ( 'NONE', #11526, 1000.000000000000000 ) ;
#11559 = DIRECTION ( 'NONE',  ( -0.000000000000000000, -0.000000000000000000, -1.000000000000000000 ) ) ;
#11560 = DIRECTION ( 'NONE',  ( 0.000000000000000000, -0.000000000000000000, -1.000000000000000000 ) ) ;
#11561 = ORIENTED_EDGE ( 'NONE', *, *, #12751, .T. ) ;
#11562 = LINE ( 'NONE', #10653, #6796 ) ;
#11563 = ORIENTED_EDGE ( 'NONE', *, *, #8144, .F. ) ;
#11564 = EDGE_CURVE ( 'NONE', #4534, #12300, #2513, .T. ) ;
#11565 = LINE ( 'NONE', #4301, #11909 ) ;
#11566 = AXIS2_PLACEMENT_3D ( 'NONE', #967, #8853, #10843 ) ;
#11567 = CARTESIAN_POINT ( 'NONE',  ( 2.499999999999999556, -8.424621202458752123, 304.8000000000000114 ) ) ;
#11568 = VECTOR ( 'NONE', #3775, 1000.000000000000000 ) ;
#11569 = CARTESIAN_POINT ( 'NONE',  ( -7.924621202458747682, -5.249999999999995559, -104.7750000000000057 ) ) ;
#11570 = ORIENTED_EDGE ( 'NONE', *, *, #9415, .T. ) ;
#11571 = EDGE_CURVE ( 'NONE', #7851, #4811, #937, .T. ) ;
#11572 = LINE ( 'NONE', #3547, #8635 ) ;
#11573 = APPLICATION_PROTOCOL_DEFINITION ( 'draft international standard', 'automotive_design', 1998, #10449 ) ;
#11574 = CARTESIAN_POINT ( 'NONE',  ( 7.924621202458749458, -3.000000000000001332, 304.8000000000000114 ) ) ;
#11575 = CIRCLE ( 'NONE', #10119, 1.749999999999999778 ) ;
#11576 = ORIENTED_EDGE ( 'NONE', *, *, #5246, .T. ) ;
#11577 = ORIENTED_EDGE ( 'NONE', *, *, #9234, .F. ) ;
#11578 = LINE ( 'NONE', #6436, #505 ) ;
#11579 = FACE_OUTER_BOUND ( 'NONE', #9988, .T. ) ;
#11580 = CARTESIAN_POINT ( 'NONE',  ( -3.000000000000000888, 8.424621202458752123, -104.7750000000000057 ) ) ;
#11581 = CARTESIAN_POINT ( 'NONE',  ( -7.071067811865473729, 5.603553390593270400, 304.8000000000000114 ) ) ;
#11582 = DIRECTION ( 'NONE',  ( 1.000000000000000000, 0.000000000000000000, 0.000000000000000000 ) ) ;
#11584 = VECTOR ( 'NONE', #1910, 1000.000000000000000 ) ;
#11583 = DIRECTION ( 'NONE',  ( -1.000000000000000000, -8.065639195895846808E-16, 0.000000000000000000 ) ) ;
#11585 = DIRECTION ( 'NONE',  ( 0.000000000000000000, 0.000000000000000000, -1.000000000000000000 ) ) ;
#11586 = EDGE_CURVE ( 'NONE', #12350, #6261, #12459, .T. ) ;
#11587 = EDGE_CURVE ( 'NONE', #11793, #7111, #2722, .T. ) ;
#11588 = EDGE_LOOP ( 'NONE', ( #6548, #9000, #3829, #3501 ) ) ;
#11589 = EDGE_CURVE ( 'NONE', #5257, #12075, #7022, .T. ) ;
#11590 = UNCERTAINTY_MEASURE_WITH_UNIT (LENGTH_MEASURE( 1.000000000000000082E-05 ), #3955, 'distance_accuracy_value', 'NONE');
#11591 = ORIENTED_EDGE ( 'NONE', *, *, #5843, .F. ) ;
#11592 = ORIENTED_EDGE ( 'NONE', *, *, #1772, .F. ) ;
#11593 = DIRECTION ( 'NONE',  ( 8.065639195895846808E-16, -1.000000000000000000, 0.000000000000000000 ) ) ;
#11594 = AXIS2_PLACEMENT_3D ( 'NONE', #10719, #5808, #11635 ) ;
#11595 = DIRECTION ( 'NONE',  ( -0.7071067811865474617, -0.7071067811865476838, 0.000000000000000000 ) ) ;
#11596 = DIRECTION ( 'NONE',  ( 0.000000000000000000, -0.000000000000000000, -1.000000000000000000 ) ) ;
#11597 = ORIENTED_EDGE ( 'NONE', *, *, #5921, .T. ) ;
#11598 = CARTESIAN_POINT ( 'NONE',  ( -10.00000000000000000, -3.000000000000001332, 198.8000000000000398 ) ) ;
#11599 = DIRECTION ( 'NONE',  ( 0.000000000000000000, 0.000000000000000000, 1.000000000000000000 ) ) ;
#11600 = ORIENTED_EDGE ( 'NONE', *, *, #10289, .F. ) ;
#11601 = LINE ( 'NONE', #8626, #6902 ) ;
#11602 = EDGE_CURVE ( 'NONE', #1758, #6750, #5835, .T. ) ;
#11603 = EDGE_CURVE ( 'NONE', #10471, #9798, #5975, .T. ) ;
#11604 = CIRCLE ( 'NONE', #1254, 0.5000000000000004441 ) ;
#11605 = VERTEX_POINT ( 'NONE', #4900 ) ;
#11606 = VERTEX_POINT ( 'NONE', #5028 ) ;
#11607 = CYLINDRICAL_SURFACE ( 'NONE', #2141, 0.5000000000000004441 ) ;
#11608 = CARTESIAN_POINT ( 'NONE',  ( 2.500000000000000444, -9.500000000000000000, -20.77500000000004476 ) ) ;
#11609 = LINE ( 'NONE', #12850, #9393 ) ;
#11610 = DIRECTION ( 'NONE',  ( -0.000000000000000000, -0.000000000000000000, -1.000000000000000000 ) ) ;
#11611 = CIRCLE ( 'NONE', #5692, 0.5000000000000004441 ) ;
#11612 = SURFACE_SIDE_STYLE ('',( #10455 ) ) ;
#11613 = ORIENTED_EDGE ( 'NONE', *, *, #4547, .F. ) ;
#11614 = DIRECTION ( 'NONE',  ( -1.000000000000000000, 0.000000000000000000, 0.000000000000000000 ) ) ;
#11615 = VERTEX_POINT ( 'NONE', #9017 ) ;
#11616 = ORIENTED_EDGE ( 'NONE', *, *, #5333, .F. ) ;
#11617 = DIRECTION ( 'NONE',  ( 3.304235192336776005E-16, 1.000000000000000000, -0.000000000000000000 ) ) ;
#11618 = ORIENTED_EDGE ( 'NONE', *, *, #9552, .T. ) ;
#11619 = ORIENTED_EDGE ( 'NONE', *, *, #7188, .F. ) ;
#11620 = ADVANCED_FACE ( 'NONE', ( #2054 ), #1062, .F. ) ;
#11621 = CIRCLE ( 'NONE', #3796, 0.5000000000000004441 ) ;
#11622 = DIRECTION ( 'NONE',  ( -1.000000000000000000, 0.000000000000000000, 0.000000000000000000 ) ) ;
#11623 = DIRECTION ( 'NONE',  ( 0.7071067811865474617, -0.7071067811865476838, 0.000000000000000000 ) ) ;
#11624 = ORIENTED_EDGE ( 'NONE', *, *, #6854, .T. ) ;
#11625 = DIRECTION ( 'NONE',  ( -1.000000000000000000, 0.000000000000000000, 0.000000000000000000 ) ) ;
#11626 = EDGE_CURVE ( 'NONE', #2090, #11684, #1889, .T. ) ;
#11627 = ORIENTED_EDGE ( 'NONE', *, *, #10442, .F. ) ;
#11628 = EDGE_CURVE ( 'NONE', #10111, #56, #13033, .T. ) ;
#11629 = CARTESIAN_POINT ( 'NONE',  ( 3.599999999999997424, -0.8898448916085081040, 304.8000000000000114 ) ) ;
#11630 = VECTOR ( 'NONE', #10169, 1000.000000000000000 ) ;
#11631 = CARTESIAN_POINT ( 'NONE',  ( 0.8898448916085185401, 3.600000000000000533, 304.8000000000000114 ) ) ;
#11632 = AXIS2_PLACEMENT_3D ( 'NONE', #2064, #23, #11337 ) ;
#11633 = CARTESIAN_POINT ( 'NONE',  ( -7.924621202458747682, 5.249999999999995559, -104.7750000000000057 ) ) ;
#11634 = ORIENTED_EDGE ( 'NONE', *, *, #8576, .T. ) ;
#11635 = DIRECTION ( 'NONE',  ( 0.000000000000000000, 0.000000000000000000, -1.000000000000000000 ) ) ;
#11636 = EDGE_CURVE ( 'NONE', #5979, #9161, #9322, .T. ) ;
#11637 = CARTESIAN_POINT ( 'NONE',  ( -8.424621202458750346, 2.500000000000000000, 304.8000000000000114 ) ) ;
#11638 = VECTOR ( 'NONE', #1155, 1000.000000000000000 ) ;
#11639 = VECTOR ( 'NONE', #9995, 1000.000000000000000 ) ;
#11640 = VERTEX_POINT ( 'NONE', #11980 ) ;
#11641 = ORIENTED_EDGE ( 'NONE', *, *, #12658, .T. ) ;
#11642 = ORIENTED_EDGE ( 'NONE', *, *, #9121, .T. ) ;
#11643 = CARTESIAN_POINT ( 'NONE',  ( -3.000000000000000888, 8.424621202458752123, -24.77500000000004832 ) ) ;
#11644 = EDGE_CURVE ( 'NONE', #9286, #7060, #8469, .T. ) ;
#11645 = FACE_OUTER_BOUND ( 'NONE', #6856, .T. ) ;
#11646 = DIRECTION ( 'NONE',  ( 0.000000000000000000, -0.000000000000000000, 1.000000000000000000 ) ) ;
#11647 = DIRECTION ( 'NONE',  ( -0.000000000000000000, -0.000000000000000000, -1.000000000000000000 ) ) ;
#11648 = DIRECTION ( 'NONE',  ( 0.000000000000000000, 0.000000000000000000, -1.000000000000000000 ) ) ;
#11649 = CIRCLE ( 'NONE', #8696, 0.5000000000000004441 ) ;
#11650 = CARTESIAN_POINT ( 'NONE',  ( 3.000000000000000888, 10.00000000000000000, 304.8000000000000114 ) ) ;
#11651 = VECTOR ( 'NONE', #840, 1000.000000000000000 ) ;
#11652 = DIRECTION ( 'NONE',  ( -0.000000000000000000, 0.000000000000000000, -1.000000000000000000 ) ) ;
#11653 = LINE ( 'NONE', #8613, #6600 ) ;
#11654 = VERTEX_POINT ( 'NONE', #8011 ) ;
#11655 = VERTEX_POINT ( 'NONE', #2968 ) ;
#11656 = DIRECTION ( 'NONE',  ( -0.7071067811865476838, -0.7071067811865474617, 0.000000000000000000 ) ) ;
#11657 = VECTOR ( 'NONE', #111, 1000.000000000000000 ) ;
#11658 = CARTESIAN_POINT ( 'NONE',  ( -0.8898448916085185401, 3.600000000000000533, -20.77500000000004476 ) ) ;
#11659 = CIRCLE ( 'NONE', #2558, 1.749999999999999778 ) ;
#11660 = PRODUCT ( 'AL409.575_5537T104', 'AL409.575_5537T104', '', ( #8730 ) ) ;
#11661 = DIRECTION ( 'NONE',  ( -3.304235192336776498E-16, -1.000000000000000000, 0.000000000000000000 ) ) ;
#11662 = CARTESIAN_POINT ( 'NONE',  ( -3.011165235168160592, 4.478679656440357704, 304.8000000000000114 ) ) ;
#11663 = CARTESIAN_POINT ( 'NONE',  ( -8.250000000000000000, -8.250000000000000000, 304.8000000000000114 ) ) ;
#11664 = VERTEX_POINT ( 'NONE', #11070 ) ;
#11665 = AXIS2_PLACEMENT_3D ( 'NONE', #5896, #2964, #10016 ) ;
#11666 = CYLINDRICAL_SURFACE ( 'NONE', #4580, 2.999999999999999556 ) ;
#11667 = AXIS2_PLACEMENT_3D ( 'NONE', #1998, #10091, #3181 ) ;
#11668 = ORIENTED_EDGE ( 'NONE', *, *, #3207, .T. ) ;
#11669 = DIRECTION ( 'NONE',  ( 1.000000000000000000, 3.304235192336776498E-16, 0.000000000000000000 ) ) ;
#11670 = LINE ( 'NONE', #12849, #11868 ) ;
#11671 = FACE_OUTER_BOUND ( 'NONE', #491, .T. ) ;
#11672 = EDGE_CURVE ( 'NONE', #153, #8018, #1991, .T. ) ;
#11673 = FACE_OUTER_BOUND ( 'NONE', #8170, .T. ) ;
#11675 = EDGE_CURVE ( 'NONE', #3390, #7646, #349, .T. ) ;
#11674 = AXIS2_PLACEMENT_3D ( 'NONE', #9010, #859, #3898 ) ;
#11676 = ADVANCED_FACE ( 'NONE', ( #5235 ), #5431, .F. ) ;
#11677 = CARTESIAN_POINT ( 'NONE',  ( 9.500000000000000000, -3.000000000000001332, 304.8000000000000114 ) ) ;
#11678 = VERTEX_POINT ( 'NONE', #411 ) ;
#11679 = DIRECTION ( 'NONE',  ( 1.000000000000000000, 0.000000000000000000, 0.000000000000000000 ) ) ;
#11680 = ORIENTED_EDGE ( 'NONE', *, *, #7622, .T. ) ;
#11681 = ORIENTED_EDGE ( 'NONE', *, *, #10284, .T. ) ;
#11682 = LINE ( 'NONE', #11805, #1868 ) ;
#11683 = VECTOR ( 'NONE', #10802, 1000.000000000000000 ) ;
#11684 = VERTEX_POINT ( 'NONE', #211 ) ;
#11685 = ORIENTED_EDGE ( 'NONE', *, *, #9828, .F. ) ;
#11686 = VECTOR ( 'NONE', #6215, 1000.000000000000000 ) ;
#11687 = DIRECTION ( 'NONE',  ( 0.000000000000000000, -0.000000000000000000, -1.000000000000000000 ) ) ;
#11688 = CARTESIAN_POINT ( 'NONE',  ( -8.250000000000000000, -10.00000000000000000, -24.77500000000004832 ) ) ;
#11689 = VERTEX_POINT ( 'NONE', #12246 ) ;
#11690 = CARTESIAN_POINT ( 'NONE',  ( 8.424621202458750346, 3.000000000000001332, 304.8000000000000114 ) ) ;
#11691 = VERTEX_POINT ( 'NONE', #1266 ) ;
#11692 = CIRCLE ( 'NONE', #6421, 0.5000000000000004441 ) ;
#11693 = FACE_OUTER_BOUND ( 'NONE', #599, .T. ) ;
#11694 = VECTOR ( 'NONE', #6047, 1000.000000000000000 ) ;
#11695 = DIRECTION ( 'NONE',  ( -0.000000000000000000, -0.000000000000000000, -1.000000000000000000 ) ) ;
#11696 = CARTESIAN_POINT ( 'NONE',  ( 8.424621202458750346, 3.000000000000001332, 94.79999999999999716 ) ) ;
#11697 = ORIENTED_EDGE ( 'NONE', *, *, #8449, .T. ) ;
#11698 = CARTESIAN_POINT ( 'NONE',  ( -3.011165235168160592, 4.478679656440356815, 304.8000000000000114 ) ) ;
#11699 = APPLICATION_PROTOCOL_DEFINITION ( 'draft international standard', 'automotive_design', 1998, #12447 ) ;
#11700 = ADVANCED_FACE ( 'NONE', ( #9432 ), #7154, .F. ) ;
#11701 = LINE ( 'NONE', #1699, #11221 ) ;
#11702 = AXIS2_PLACEMENT_3D ( 'NONE', #2434, #2367, #9416 ) ;
#11703 = CIRCLE ( 'NONE', #8555, 0.5000000000000004441 ) ;
#11704 = ORIENTED_EDGE ( 'NONE', *, *, #3516, .T. ) ;
#11705 = ORIENTED_EDGE ( 'NONE', *, *, #11948, .T. ) ;
#11706 = LINE ( 'NONE', #2631, #8354 ) ;
#11707 = DIRECTION ( 'NONE',  ( 0.000000000000000000, -0.000000000000000000, -1.000000000000000000 ) ) ;
#11708 = EDGE_CURVE ( 'NONE', #7313, #8336, #11265, .T. ) ;
#11709 = CARTESIAN_POINT ( 'NONE',  ( 3.000000000000000888, 7.924621202458751235, 304.8000000000000114 ) ) ;
#11710 = CARTESIAN_POINT ( 'NONE',  ( -3.000000000000000888, -10.00000000000000000, -20.77500000000004476 ) ) ;
#11711 = AXIS2_PLACEMENT_3D ( 'NONE', #5026, #8817, #741 ) ;
#11713 = VECTOR ( 'NONE', #3137, 1000.000000000000000 ) ;
#11712 = CARTESIAN_POINT ( 'NONE',  ( 8.424621202458750346, -2.500000000000000000, 304.8000000000000114 ) ) ;
#11714 = DIRECTION ( 'NONE',  ( 8.065639195895846808E-16, -1.000000000000000000, 0.000000000000000000 ) ) ;
#11715 = EDGE_CURVE ( 'NONE', #10601, #10156, #4318, .T. ) ;
#11716 = DIRECTION ( 'NONE',  ( 1.000000000000000000, 0.000000000000000000, 0.000000000000000000 ) ) ;
#11717 = FACE_OUTER_BOUND ( 'NONE', #4787, .T. ) ;
#11718 = VERTEX_POINT ( 'NONE', #10357 ) ;
#11719 = EDGE_CURVE ( 'NONE', #3374, #10974, #3247, .T. ) ;
#11720 = UNCERTAINTY_MEASURE_WITH_UNIT (LENGTH_MEASURE( 1.000000000000000082E-05 ), #11055, 'distance_accuracy_value', 'NONE');
#11721 = VERTEX_POINT ( 'NONE', #6172 ) ;
#11722 = VERTEX_POINT ( 'NONE', #2194 ) ;
#11723 = CARTESIAN_POINT ( 'NONE',  ( 7.924621202458749458, 3.000000000000001332, 304.8000000000000114 ) ) ;
#11724 = LINE ( 'NONE', #2398, #6142 ) ;
#11725 = ADVANCED_FACE ( 'NONE', ( #7294 ), #1140, .F. ) ;
#11726 = LINE ( 'NONE', #3399, #9618 ) ;
#11727 = VERTEX_POINT ( 'NONE', #9227 ) ;
#11728 = CARTESIAN_POINT ( 'NONE',  ( -7.071067811865473729, 5.603553390593270400, 304.8000000000000114 ) ) ;
#11729 = DIRECTION ( 'NONE',  ( 3.304235192336776498E-16, 1.000000000000000000, 0.000000000000000000 ) ) ;
#11730 = VERTEX_POINT ( 'NONE', #6444 ) ;
#11731 = CARTESIAN_POINT ( 'NONE',  ( 0.8898448916085185401, 3.600000000000000533, -24.77500000000004832 ) ) ;
#11732 = VERTEX_POINT ( 'NONE', #10293 ) ;
#11733 = CARTESIAN_POINT ( 'NONE',  ( -3.599999999999997424, 0.8898448916085081040, 198.8000000000000398 ) ) ;
#11734 = DIRECTION ( 'NONE',  ( -0.000000000000000000, -0.000000000000000000, -1.000000000000000000 ) ) ;
#11735 = DIRECTION ( 'NONE',  ( -1.000000000000000000, 0.000000000000000000, 0.000000000000000000 ) ) ;
#11736 = CARTESIAN_POINT ( 'NONE',  ( 9.500000000000000000, -2.500000000000000444, 304.8000000000000114 ) ) ;
#11737 = CARTESIAN_POINT ( 'NONE',  ( -5.249999999999997335, -7.924621202458751235, 304.8000000000000114 ) ) ;
#11738 = ORIENTED_EDGE ( 'NONE', *, *, #8642, .F. ) ;
#11739 = CARTESIAN_POINT ( 'NONE',  ( -6.599999999999996092, 0.8898448916085081040, -20.77500000000004476 ) ) ;
#11740 = ORIENTED_EDGE ( 'NONE', *, *, #9214, .T. ) ;
#11741 = VERTEX_POINT ( 'NONE', #1202 ) ;
#11742 = CARTESIAN_POINT ( 'NONE',  ( 3.000000000000000888, 7.924621202458751235, 94.79999999999999716 ) ) ;
#11743 = ORIENTED_EDGE ( 'NONE', *, *, #10754, .F. ) ;
#11744 = ORIENTED_EDGE ( 'NONE', *, *, #5004, .T. ) ;
#11745 = EDGE_CURVE ( 'NONE', #5608, #10053, #147, .T. ) ;
#11746 = EDGE_CURVE ( 'NONE', #8034, #6040, #8665, .T. ) ;
#11747 = EDGE_CURVE ( 'NONE', #137, #1011, #11328, .T. ) ;
#11748 = CARTESIAN_POINT ( 'NONE',  ( -7.071067811865473729, -5.603553390593270400, -24.77500000000004832 ) ) ;
#11749 = LINE ( 'NONE', #702, #3825 ) ;
#11750 = VERTEX_POINT ( 'NONE', #11389 ) ;
#11751 = AXIS2_PLACEMENT_3D ( 'NONE', #2708, #5577, #544 ) ;
#11752 = DIRECTION ( 'NONE',  ( 0.000000000000000000, 0.000000000000000000, 1.000000000000000000 ) ) ;
#11753 = ORIENTED_EDGE ( 'NONE', *, *, #4921, .T. ) ;
#11754 = CARTESIAN_POINT ( 'NONE',  ( -3.000000000000000888, -7.924621202458751235, 304.8000000000000114 ) ) ;
#11755 = CARTESIAN_POINT ( 'NONE',  ( -9.500000000000000000, 2.500000000000000444, 94.79999999999999716 ) ) ;
#11756 = CARTESIAN_POINT ( 'NONE',  ( -3.599999999999997424, 0.8898448916085081040, 304.8000000000000114 ) ) ;
#11757 = VECTOR ( 'NONE', #7659, 1000.000000000000114 ) ;
#11758 = ORIENTED_EDGE ( 'NONE', *, *, #3655, .T. ) ;
#11759 = FACE_OUTER_BOUND ( 'NONE', #8833, .T. ) ;
#11760 = LINE ( 'NONE', #9994, #9541 ) ;
#11761 = CARTESIAN_POINT ( 'NONE',  ( 3.000000000000000888, 7.924621202458751235, 304.8000000000000114 ) ) ;
#11762 = ORIENTED_EDGE ( 'NONE', *, *, #11186, .F. ) ;
#11763 = VERTEX_POINT ( 'NONE', #6302 ) ;
#11764 = ORIENTED_EDGE ( 'NONE', *, *, #12757, .T. ) ;
#11765 = CIRCLE ( 'NONE', #9039, 0.5000000000000004441 ) ;
#11766 = CARTESIAN_POINT ( 'NONE',  ( -8.424621202458750346, -3.000000000000001332, 304.8000000000000114 ) ) ;
#11767 = VECTOR ( 'NONE', #3842, 1000.000000000000000 ) ;
#11768 = LINE ( 'NONE', #2691, #2795 ) ;
#11769 = PLANE ( 'NONE',  #2582 ) ;
#11770 = CARTESIAN_POINT ( 'NONE',  ( -3.000000000000000888, 10.00000000000000000, 304.8000000000000114 ) ) ;
#11771 = CARTESIAN_POINT ( 'NONE',  ( 3.000000000000000888, 7.924621202458751235, 304.8000000000000114 ) ) ;
#11772 = CARTESIAN_POINT ( 'NONE',  ( 3.000000000000000888, -10.00000000000000000, 304.8000000000000114 ) ) ;
#11773 = CARTESIAN_POINT ( 'NONE',  ( 7.924621202458751235, -3.000000000000001332, -104.7750000000000057 ) ) ;
#11774 = DIRECTION ( 'NONE',  ( 0.000000000000000000, 0.000000000000000000, -1.000000000000000000 ) ) ;
#11775 = VERTEX_POINT ( 'NONE', #8365 ) ;
#11776 = AXIS2_PLACEMENT_3D ( 'NONE', #6470, #1427, #10641 ) ;
#11777 = ORIENTED_EDGE ( 'NONE', *, *, #11228, .T. ) ;
#11778 = EDGE_CURVE ( 'NONE', #9627, #2796, #12378, .T. ) ;
#11779 = CIRCLE ( 'NONE', #1000, 1.749999999999999778 ) ;
#11780 = ORIENTED_EDGE ( 'NONE', *, *, #2752, .T. ) ;
#11781 = CARTESIAN_POINT ( 'NONE',  ( 3.011165235168160592, 4.478679656440357704, 304.8000000000000114 ) ) ;
#11782 = LINE ( 'NONE', #4768, #12962 ) ;
#11783 = ADVANCED_FACE ( 'NONE', ( #2319 ), #6370, .T. ) ;
#11784 = DIRECTION ( 'NONE',  ( -0.7071067811865474617, -0.7071067811865476838, 0.000000000000000000 ) ) ;
#11785 = AXIS2_PLACEMENT_3D ( 'NONE', #7208, #11252, #2178 ) ;
#11786 = EDGE_CURVE ( 'NONE', #5976, #8568, #628, .T. ) ;
#11787 = DIRECTION ( 'NONE',  ( 1.000000000000000000, -0.000000000000000000, -0.000000000000000000 ) ) ;
#11788 = ORIENTED_EDGE ( 'NONE', *, *, #1527, .T. ) ;
#11789 = DIRECTION ( 'NONE',  ( 0.000000000000000000, 0.000000000000000000, -1.000000000000000000 ) ) ;
#11790 = CARTESIAN_POINT ( 'NONE',  ( -2.499999999999999556, 8.424621202458752123, 304.8000000000000114 ) ) ;
#11791 = ORIENTED_EDGE ( 'NONE', *, *, #12106, .T. ) ;
#11792 = DIRECTION ( 'NONE',  ( 0.000000000000000000, 0.000000000000000000, 1.000000000000000000 ) ) ;
#11793 = VERTEX_POINT ( 'NONE', #10487 ) ;
#11794 = EDGE_CURVE ( 'NONE', #11392, #1835, #11198, .T. ) ;
#11795 = CARTESIAN_POINT ( 'NONE',  ( 5.249999999999997335, 7.424621202458749458, 304.8000000000000114 ) ) ;
#11796 = CARTESIAN_POINT ( 'NONE',  ( -3.000000000000000888, -8.424621202458752123, 304.8000000000000114 ) ) ;
#11797 = LINE ( 'NONE', #7955, #1973 ) ;
#11798 = CARTESIAN_POINT ( 'NONE',  ( -2.150000000000025224, 1.257674520083185143E-14, 304.8000000000000114 ) ) ;
#11799 = EDGE_CURVE ( 'NONE', #12415, #13066, #8805, .T. ) ;
#11800 = DIRECTION ( 'NONE',  ( -0.000000000000000000, -0.000000000000000000, -1.000000000000000000 ) ) ;
#11801 = VERTEX_POINT ( 'NONE', #10609 ) ;
#11802 = DIRECTION ( 'NONE',  ( -1.000000000000000000, 2.924200878718996689E-15, 0.000000000000000000 ) ) ;
#11803 = ORIENTED_EDGE ( 'NONE', *, *, #8809, .T. ) ;
#11804 = ORIENTED_EDGE ( 'NONE', *, *, #2874, .F. ) ;
#11805 = CARTESIAN_POINT ( 'NONE',  ( -3.011165235168160592, 4.478679656440356815, -24.77500000000004832 ) ) ;
#11806 = VERTEX_POINT ( 'NONE', #5562 ) ;
#11807 = ORIENTED_EDGE ( 'NONE', *, *, #3378, .T. ) ;
#11808 = PRODUCT_DEFINITION ( 'UNKNOWN', '', #12928, #7873 ) ;
#11809 = DIRECTION ( 'NONE',  ( -0.7071067811865474617, 0.7071067811865476838, 0.000000000000000000 ) ) ;
#11810 = VECTOR ( 'NONE', #6779, 1000.000000000000000 ) ;
#11811 = DIRECTION ( 'NONE',  ( -0.000000000000000000, -0.000000000000000000, -1.000000000000000000 ) ) ;
#11812 = ORIENTED_EDGE ( 'NONE', *, *, #3621, .F. ) ;
#11813 = ORIENTED_EDGE ( 'NONE', *, *, #6610, .F. ) ;
#11814 = DIRECTION ( 'NONE',  ( 1.000000000000000000, 0.000000000000000000, 0.000000000000000000 ) ) ;
#11815 = EDGE_LOOP ( 'NONE', ( #6570, #5935, #5877, #10268 ) ) ;
#11816 = LINE ( 'NONE', #8918, #11068 ) ;
#11817 = ADVANCED_FACE ( 'NONE', ( #9742 ), #8611, .F. ) ;
#11818 = CARTESIAN_POINT ( 'NONE',  ( 9.500000000000000000, -3.000000000000001332, 304.8000000000000114 ) ) ;
#11819 = DIRECTION ( 'NONE',  ( 0.000000000000000000, -0.000000000000000000, -1.000000000000000000 ) ) ;
#11820 = AXIS2_PLACEMENT_3D ( 'NONE', #5700, #11854, #676 ) ;
#11821 = ORIENTED_EDGE ( 'NONE', *, *, #1060, .F. ) ;
#11822 = DIRECTION ( 'NONE',  ( -0.000000000000000000, -0.000000000000000000, -1.000000000000000000 ) ) ;
#11823 = ITEM_DEFINED_TRANSFORMATION ( 'NONE', 'NONE', #1525,  #3417 ) ;
#11824 = DIRECTION ( 'NONE',  ( 0.000000000000000000, -0.000000000000000000, -1.000000000000000000 ) ) ;
#11825 = DIRECTION ( 'NONE',  ( 1.000000000000000000, 0.000000000000000000, 0.000000000000000000 ) ) ;
#11826 = ORIENTED_EDGE ( 'NONE', *, *, #11994, .F. ) ;
#11827 = EDGE_LOOP ( 'NONE', ( #6042, #10480, #11226, #2791 ) ) ;
#11828 = VECTOR ( 'NONE', #6104, 1000.000000000000000 ) ;
#11829 = ORIENTED_EDGE ( 'NONE', *, *, #7863, .F. ) ;
#11830 = CARTESIAN_POINT ( 'NONE',  ( 0.000000000000000000, -3.600000000000000089, 198.8000000000000398 ) ) ;
#11831 = VECTOR ( 'NONE', #12192, 1000.000000000000000 ) ;
#11832 = LINE ( 'NONE', #3692, #7882 ) ;
#11833 = EDGE_CURVE ( 'NONE', #12614, #2830, #732, .T. ) ;
#11834 = ADVANCED_FACE ( 'NONE', ( #12635 ), #6678, .F. ) ;
#11835 = CARTESIAN_POINT ( 'NONE',  ( -10.00000000000000000, -3.000000000000001332, 304.8000000000000114 ) ) ;
#11836 = LINE ( 'NONE', #7734, #3203 ) ;
#11837 = LINE ( 'NONE', #7546, #10519 ) ;
#11838 = CARTESIAN_POINT ( 'NONE',  ( -6.599999999999996092, -0.8898448916085081040, 304.8000000000000114 ) ) ;
#11839 = DIRECTION ( 'NONE',  ( 0.000000000000000000, 0.000000000000000000, -1.000000000000000000 ) ) ;
#11840 = DIRECTION ( 'NONE',  ( -0.000000000000000000, -0.000000000000000000, -1.000000000000000000 ) ) ;
#11841 = VECTOR ( 'NONE', #6333, 1000.000000000000000 ) ;
#11842 = VECTOR ( 'NONE', #6110, 1000.000000000000000 ) ;
#11843 = ORIENTED_EDGE ( 'NONE', *, *, #3738, .T. ) ;
#11844 = UNCERTAINTY_MEASURE_WITH_UNIT (LENGTH_MEASURE( 1.000000000000000082E-05 ), #421, 'distance_accuracy_value', 'NONE');
#11845 = ORIENTED_EDGE ( 'NONE', *, *, #4812, .T. ) ;
#11846 = ORIENTED_EDGE ( 'NONE', *, *, #5206, .F. ) ;
#11847 = CARTESIAN_POINT ( 'NONE',  ( -8.424621202458750346, 2.500000000000000000, 94.79999999999999716 ) ) ;
#11848 = LINE ( 'NONE', #2833, #4068 ) ;
#11849 = AXIS2_PLACEMENT_3D ( 'NONE', #910, #4946, #776 ) ;
#11850 = CARTESIAN_POINT ( 'NONE',  ( 0.8898448916085185401, 6.599999999999999645, 94.79999999999999716 ) ) ;
#11851 = ORIENTED_EDGE ( 'NONE', *, *, #9725, .T. ) ;
#11852 = EDGE_CURVE ( 'NONE', #11100, #2344, #10783, .T. ) ;
#11853 = DIRECTION ( 'NONE',  ( -0.000000000000000000, -0.000000000000000000, -1.000000000000000000 ) ) ;
#11854 = DIRECTION ( 'NONE',  ( 0.000000000000000000, 0.000000000000000000, -1.000000000000000000 ) ) ;
#11855 = ORIENTED_EDGE ( 'NONE', *, *, #3956, .T. ) ;
#11856 = DIRECTION ( 'NONE',  ( 1.000000000000000000, 0.000000000000000000, 0.000000000000000000 ) ) ;
#11857 = EDGE_LOOP ( 'NONE', ( #11577, #3808, #12382, #11803 ) ) ;
#11858 = EDGE_CURVE ( 'NONE', #6055, #10960, #12667, .T. ) ;
#11859 = AXIS2_PLACEMENT_3D ( 'NONE', #962, #10113, #3201 ) ;
#11860 = CIRCLE ( 'NONE', #6789, 0.5000000000000004441 ) ;
#11861 = DIRECTION ( 'NONE',  ( 0.000000000000000000, 0.000000000000000000, -1.000000000000000000 ) ) ;
#11862 = EDGE_CURVE ( 'NONE', #2265, #12662, #5492, .T. ) ;
#11863 = FACE_OUTER_BOUND ( 'NONE', #8560, .T. ) ;
#11864 = DIRECTION ( 'NONE',  ( 0.000000000000000000, 0.000000000000000000, 1.000000000000000000 ) ) ;
#11865 = DIRECTION ( 'NONE',  ( 0.7071067811865474617, -0.7071067811865476838, 0.000000000000000000 ) ) ;
#11866 = AXIS2_PLACEMENT_3D ( 'NONE', #6598, #5664, #4543 ) ;
#11867 = EDGE_CURVE ( 'NONE', #5224, #3632, #4848, .T. ) ;
#11868 = VECTOR ( 'NONE', #748, 1000.000000000000000 ) ;
#11869 = DIRECTION ( 'NONE',  ( -1.000000000000000000, 0.000000000000000000, 0.000000000000000000 ) ) ;
#11870 = ORIENTED_EDGE ( 'NONE', *, *, #12236, .T. ) ;
#11871 = DIRECTION ( 'NONE',  ( -1.000000000000000000, 0.000000000000000000, 0.000000000000000000 ) ) ;
#11872 = EDGE_LOOP ( 'NONE', ( #6390, #2941, #6747, #9035 ) ) ;
#11873 = VERTEX_POINT ( 'NONE', #5755 ) ;
#11874 = EDGE_CURVE ( 'NONE', #761, #6599, #3560, .T. ) ;
#11875 = LINE ( 'NONE', #8106, #12450 ) ;
#11876 = AXIS2_PLACEMENT_3D ( 'NONE', #4747, #8545, #10776 ) ;
#11877 = ORIENTED_EDGE ( 'NONE', *, *, #12586, .F. ) ;
#11878 = ORIENTED_EDGE ( 'NONE', *, *, #8090, .T. ) ;
#11879 = ORIENTED_EDGE ( 'NONE', *, *, #8962, .F. ) ;
#11880 = CYLINDRICAL_SURFACE ( 'NONE', #9551, 1.749999999999999778 ) ;
#11881 = ADVANCED_FACE ( 'NONE', ( #657 ), #6556, .T. ) ;
#11882 = AXIS2_PLACEMENT_3D ( 'NONE', #1296, #6265, #5328 ) ;
#11883 = AXIS2_PLACEMENT_3D ( 'NONE', #7214, #3166, #6434 ) ;
#11884 = LINE ( 'NONE', #6917, #11030 ) ;
#11885 = ORIENTED_EDGE ( 'NONE', *, *, #5177, .T. ) ;
#11886 = ORIENTED_EDGE ( 'NONE', *, *, #12774, .F. ) ;
#11887 = FACE_OUTER_BOUND ( 'NONE', #11427, .T. ) ;
#11888 = ORIENTED_EDGE ( 'NONE', *, *, #222, .T. ) ;
#11889 = AXIS2_PLACEMENT_3D ( 'NONE', #2570, #5618, #8742 ) ;
#11890 = CARTESIAN_POINT ( 'NONE',  ( -3.000000000000000888, 8.424621202458752123, 304.8000000000000114 ) ) ;
#11891 = EDGE_CURVE ( 'NONE', #214, #6486, #11621, .T. ) ;
#11892 = VECTOR ( 'NONE', #10146, 1000.000000000000000 ) ;
#11893 = PLANE ( 'NONE',  #4791 ) ;
#11894 = AXIS2_PLACEMENT_3D ( 'NONE', #8126, #12289, #7266 ) ;
#11895 = ORIENTED_EDGE ( 'NONE', *, *, #6080, .F. ) ;
#11896 = CARTESIAN_POINT ( 'NONE',  ( -3.600000000000000089, 0.000000000000000000, 304.8000000000000114 ) ) ;
#11897 = DIRECTION ( 'NONE',  ( 0.000000000000000000, -0.000000000000000000, 1.000000000000000000 ) ) ;
#11898 = CARTESIAN_POINT ( 'NONE',  ( 5.249999999999997335, 7.924621202458751235, 304.8000000000000114 ) ) ;
#11899 = EDGE_LOOP ( 'NONE', ( #376, #7612, #9217, #445 ) ) ;
#11900 = ORIENTED_EDGE ( 'NONE', *, *, #6637, .F. ) ;
#11901 = AXIS2_PLACEMENT_3D ( 'NONE', #7674, #11707, #12761 ) ;
#11902 = VECTOR ( 'NONE', #9560, 1000.000000000000000 ) ;
#11903 = ORIENTED_EDGE ( 'NONE', *, *, #3209, .F. ) ;
#11904 = DIRECTION ( 'NONE',  ( 1.000000000000000000, 0.000000000000000000, 0.000000000000000000 ) ) ;
#11905 = FACE_OUTER_BOUND ( 'NONE', #10986, .T. ) ;
#11906 = CYLINDRICAL_SURFACE ( 'NONE', #979, 1.749999999999999778 ) ;
#11907 = CARTESIAN_POINT ( 'NONE',  ( -3.000000000000000888, 7.924621202458751235, 304.8000000000000114 ) ) ;
#11908 = DIRECTION ( 'NONE',  ( 1.000000000000000000, 0.000000000000000000, 0.000000000000000000 ) ) ;
#11909 = VECTOR ( 'NONE', #3418, 1000.000000000000000 ) ;
#11910 = AXIS2_PLACEMENT_3D ( 'NONE', #7603, #10541, #6492 ) ;
#11911 = ORIENTED_EDGE ( 'NONE', *, *, #8230, .T. ) ;
#11912 = VERTEX_POINT ( 'NONE', #2695 ) ;
#11913 = EDGE_CURVE ( 'NONE', #2919, #11285, #8745, .T. ) ;
#11914 = EDGE_CURVE ( 'NONE', #514, #3910, #10676, .T. ) ;
#11915 = EDGE_CURVE ( 'NONE', #9064, #1586, #8556, .T. ) ;
#11916 = DIRECTION ( 'NONE',  ( -0.000000000000000000, 0.000000000000000000, -1.000000000000000000 ) ) ;
#11917 = AXIS2_PLACEMENT_3D ( 'NONE', #2835, #13031, #4965 ) ;
#11918 = CARTESIAN_POINT ( 'NONE',  ( -3.000000000000000888, 10.00000000000000000, -20.77500000000004476 ) ) ;
#11919 = AXIS2_PLACEMENT_3D ( 'NONE', #2530, #8633, #4650 ) ;
#11920 = CARTESIAN_POINT ( 'NONE',  ( -3.011165235168160592, 4.478679656440356815, 304.8000000000000114 ) ) ;
#11921 = LINE ( 'NONE', #12038, #4524 ) ;
#11922 = DIRECTION ( 'NONE',  ( 0.000000000000000000, 0.000000000000000000, -1.000000000000000000 ) ) ;
#11923 = CARTESIAN_POINT ( 'NONE',  ( -3.000000000000000888, -9.500000000000000000, 94.79999999999999716 ) ) ;
#11924 = EDGE_LOOP ( 'NONE', ( #3136, #9859, #1810, #4984 ) ) ;
#11925 = ORIENTED_EDGE ( 'NONE', *, *, #961, .F. ) ;
#11926 = ORIENTED_EDGE ( 'NONE', *, *, #9701, .F. ) ;
#11927 = CARTESIAN_POINT ( 'NONE',  ( -2.499999999999999556, -8.424621202458752123, 304.8000000000000114 ) ) ;
#11928 = DIRECTION ( 'NONE',  ( 1.000000000000000000, 0.000000000000000000, 0.000000000000000000 ) ) ;
#11929 = ORIENTED_EDGE ( 'NONE', *, *, #6025, .F. ) ;
#11930 = CARTESIAN_POINT ( 'NONE',  ( -2.500000000000000000, 8.424621202458752123, 304.8000000000000114 ) ) ;
#11931 = CARTESIAN_POINT ( 'NONE',  ( 5.249999999999997335, 7.424621202458749458, 304.8000000000000114 ) ) ;
#11932 = CARTESIAN_POINT ( 'NONE',  ( 3.000000000000000888, -9.500000000000000000, 198.8000000000000398 ) ) ;
#11933 = ADVANCED_FACE ( 'NONE', ( #12577 ), #595, .F. ) ;
#11934 = PLANE ( 'NONE',  #843 ) ;
#11935 = VERTEX_POINT ( 'NONE', #7679 ) ;
#11936 = FACE_OUTER_BOUND ( 'NONE', #12938, .T. ) ;
#11937 = ORIENTED_EDGE ( 'NONE', *, *, #12040, .T. ) ;
#11938 = ORIENTED_EDGE ( 'NONE', *, *, #5776, .T. ) ;
#11939 = DIRECTION ( 'NONE',  ( 0.000000000000000000, -0.000000000000000000, 1.000000000000000000 ) ) ;
#11940 = ORIENTED_EDGE ( 'NONE', *, *, #9355, .T. ) ;
#11941 = EDGE_LOOP ( 'NONE', ( #3015, #4146, #1240, #11083 ) ) ;
#11942 = ORIENTED_EDGE ( 'NONE', *, *, #6717, .T. ) ;
#11943 = FACE_OUTER_BOUND ( 'NONE', #5251, .T. ) ;
#11944 = EDGE_CURVE ( 'NONE', #3995, #905, #1645, .T. ) ;
#11945 = DIRECTION ( 'NONE',  ( 1.000000000000000000, -3.304235192336776498E-16, 0.000000000000000000 ) ) ;
#11946 = FACE_OUTER_BOUND ( 'NONE', #6588, .T. ) ;
#11947 = ORIENTED_EDGE ( 'NONE', *, *, #10367, .F. ) ;
#11948 = EDGE_CURVE ( 'NONE', #5303, #9879, #7737, .T. ) ;
#11949 = CARTESIAN_POINT ( 'NONE',  ( -8.250000000000000000, 10.00000000000000178, 198.8000000000000398 ) ) ;
#11950 = EDGE_CURVE ( 'NONE', #6599, #7495, #431, .T. ) ;
#11951 = ORIENTED_EDGE ( 'NONE', *, *, #7304, .F. ) ;
#11952 = CARTESIAN_POINT ( 'NONE',  ( 2.500000000000000444, -9.500000000000000000, 304.8000000000000114 ) ) ;
#11953 = ORIENTED_EDGE ( 'NONE', *, *, #4951, .T. ) ;
#11954 = DIRECTION ( 'NONE',  ( -1.000000000000000000, 0.000000000000000000, 0.000000000000000000 ) ) ;
#11955 = CONTEXT_DEPENDENT_SHAPE_REPRESENTATION ( #7731, #7326 ) ;
#11956 = VECTOR ( 'NONE', #2208, 1000.000000000000000 ) ;
#11957 = DIRECTION ( 'NONE',  ( -0.000000000000000000, -0.000000000000000000, -1.000000000000000000 ) ) ;
#11958 = ADVANCED_FACE ( 'NONE', ( #787 ), #9003, .T. ) ;
#11959 = LINE ( 'NONE', #9863, #5934 ) ;
#11960 = EDGE_LOOP ( 'NONE', ( #9436, #12251, #11089, #4147 ) ) ;
#11961 = ORIENTED_EDGE ( 'NONE', *, *, #10526, .F. ) ;
#11962 = CYLINDRICAL_SURFACE ( 'NONE', #12105, 0.5000000000000004441 ) ;
#11963 = CARTESIAN_POINT ( 'NONE',  ( -2.500000000000000000, -8.424621202458752123, 304.8000000000000114 ) ) ;
#11964 = EDGE_CURVE ( 'NONE', #2229, #10768, #3826, .T. ) ;
#11965 = CARTESIAN_POINT ( 'NONE',  ( -8.424621202458750346, -2.500000000000000000, 94.79999999999999716 ) ) ;
#11966 = FACE_OUTER_BOUND ( 'NONE', #1086, .T. ) ;
#11967 = DIRECTION ( 'NONE',  ( 1.000000000000000000, 0.000000000000000000, 0.000000000000000000 ) ) ;
#11968 = ORIENTED_EDGE ( 'NONE', *, *, #8792, .T. ) ;
#11969 = ORIENTED_EDGE ( 'NONE', *, *, #342, .F. ) ;
#11970 = VECTOR ( 'NONE', #6622, 1000.000000000000000 ) ;
#11971 = VECTOR ( 'NONE', #6893, 1000.000000000000000 ) ;
#11972 = LINE ( 'NONE', #6033, #5762 ) ;
#11973 = SURFACE_SIDE_STYLE ('',( #10801 ) ) ;
#11974 = CARTESIAN_POINT ( 'NONE',  ( -5.249999999999997335, 7.424621202458749458, -24.77500000000004832 ) ) ;
#11975 = LINE ( 'NONE', #5094, #5964 ) ;
#11976 = DIRECTION ( 'NONE',  ( -2.924200878718996689E-15, -1.000000000000000000, 0.000000000000000000 ) ) ;
#11977 = EDGE_CURVE ( 'NONE', #4982, #12861, #6547, .T. ) ;
#11979 = EDGE_CURVE ( 'NONE', #10064, #9180, #3892, .T. ) ;
#11978 = DIRECTION ( 'NONE',  ( -0.000000000000000000, -0.000000000000000000, -1.000000000000000000 ) ) ;
#11981 = AXIS2_PLACEMENT_3D ( 'NONE', #9199, #12284, #6272 ) ;
#11980 = CARTESIAN_POINT ( 'NONE',  ( 3.011165235168160592, 4.478679656440357704, 304.8000000000000114 ) ) ;
#11982 = ADVANCED_FACE ( 'NONE', ( #11966 ), #850, .F. ) ;
#11983 = VECTOR ( 'NONE', #223, 1000.000000000000000 ) ;
#11984 = ORIENTED_EDGE ( 'NONE', *, *, #10284, .F. ) ;
#11985 = DIRECTION ( 'NONE',  ( -1.000000000000000000, 0.000000000000000000, 0.000000000000000000 ) ) ;
#11986 = ORIENTED_EDGE ( 'NONE', *, *, #3425, .T. ) ;
#11987 = CARTESIAN_POINT ( 'NONE',  ( -7.924621202458747682, -5.249999999999995559, 304.8000000000000114 ) ) ;
#11988 = CARTESIAN_POINT ( 'NONE',  ( -0.8898448916085185401, 3.600000000000000533, 304.8000000000000114 ) ) ;
#11989 = CIRCLE ( 'NONE', #2055, 0.5000000000000004441 ) ;
#11990 = ORIENTED_EDGE ( 'NONE', *, *, #1297, .F. ) ;
#11991 = CARTESIAN_POINT ( 'NONE',  ( 10.00000000000000000, -3.000000000000001332, 304.8000000000000114 ) ) ;
#11992 = CARTESIAN_POINT ( 'NONE',  ( -2.499999999999999556, -8.424621202458752123, 304.8000000000000114 ) ) ;
#11993 = ADVANCED_FACE ( 'NONE', ( #10004 ), #1908, .F. ) ;
#11994 = EDGE_CURVE ( 'NONE', #5071, #5951, #12887, .T. ) ;
#11995 = LINE ( 'NONE', #3055, #8224 ) ;
#11996 = CARTESIAN_POINT ( 'NONE',  ( 8.250000000000000000, -10.00000000000000178, 304.8000000000000114 ) ) ;
#11997 = EDGE_LOOP ( 'NONE', ( #5601, #7191, #7424, #9587 ) ) ;
#11998 = CARTESIAN_POINT ( 'NONE',  ( 3.599999999999997424, 0.8898448916085081040, 304.8000000000000114 ) ) ;
#11999 = VERTEX_POINT ( 'NONE', #1235 ) ;
#12000 = VERTEX_POINT ( 'NONE', #4955 ) ;
#12001 = DIRECTION ( 'NONE',  ( -1.000000000000000000, 0.000000000000000000, 0.000000000000000000 ) ) ;
#12002 = VERTEX_POINT ( 'NONE', #11907 ) ;
#12003 = VERTEX_POINT ( 'NONE', #3958 ) ;
#12004 = CARTESIAN_POINT ( 'NONE',  ( -8.424621202458750346, -2.500000000000000000, 304.8000000000000114 ) ) ;
#12005 = CARTESIAN_POINT ( 'NONE',  ( 2.149999999999999911, 1.284004426264853453E-14, -24.77500000000004832 ) ) ;
#12006 = VERTEX_POINT ( 'NONE', #12028 ) ;
#12007 = DIRECTION ( 'NONE',  ( -0.000000000000000000, -0.000000000000000000, -1.000000000000000000 ) ) ;
#12008 = ORIENTED_EDGE ( 'NONE', *, *, #7897, .T. ) ;
#12009 = AXIS2_PLACEMENT_3D ( 'NONE', #4216, #8259, #1177 ) ;
#12010 = DIRECTION ( 'NONE',  ( -1.000000000000000000, 0.000000000000000000, 0.000000000000000000 ) ) ;
#12012 = EDGE_CURVE ( 'NONE', #6394, #2890, #2826, .T. ) ;
#12011 = CARTESIAN_POINT ( 'NONE',  ( 7.071067811865473729, 5.603553390593270400, 304.8000000000000114 ) ) ;
#12013 = VERTEX_POINT ( 'NONE', #4212 ) ;
#12014 = ORIENTED_EDGE ( 'NONE', *, *, #6236, .F. ) ;
#12015 = DIRECTION ( 'NONE',  ( -1.000000000000000000, -1.541976423090498986E-15, 0.000000000000000000 ) ) ;
#12016 = CARTESIAN_POINT ( 'NONE',  ( -3.599999999999997424, -0.8898448916085081040, 304.8000000000000114 ) ) ;
#12017 = AXIS2_PLACEMENT_3D ( 'NONE', #3666, #566, #7643 ) ;
#12018 = EDGE_CURVE ( 'NONE', #7080, #10902, #2740, .T. ) ;
#12019 = CARTESIAN_POINT ( 'NONE',  ( 2.500000000000000000, 8.424621202458752123, 304.8000000000000114 ) ) ;
#12020 = PLANE ( 'NONE',  #9107 ) ;
#12021 = VERTEX_POINT ( 'NONE', #6209 ) ;
#12022 = EDGE_CURVE ( 'NONE', #5336, #6213, #3582, .T. ) ;
#12023 = ORIENTED_EDGE ( 'NONE', *, *, #1772, .T. ) ;
#12024 = CARTESIAN_POINT ( 'NONE',  ( -6.599999999999996092, -0.8898448916085081040, 304.8000000000000114 ) ) ;
#12025 = CIRCLE ( 'NONE', #828, 1.749999999999999778 ) ;
#12027 = EDGE_CURVE ( 'NONE', #467, #7051, #7259, .T. ) ;
#12026 = FACE_OUTER_BOUND ( 'NONE', #7285, .T. ) ;
#12028 = CARTESIAN_POINT ( 'NONE',  ( -3.011165235168161924, 4.478679656440357704, 94.79999999999999716 ) ) ;
#12029 = DIRECTION ( 'NONE',  ( -0.000000000000000000, -0.000000000000000000, -1.000000000000000000 ) ) ;
#12030 = ORIENTED_EDGE ( 'NONE', *, *, #6327, .F. ) ;
#12031 = ORIENTED_EDGE ( 'NONE', *, *, #10196, .F. ) ;
#12032 = AXIS2_PLACEMENT_3D ( 'NONE', #3369, #7420, #10425 ) ;
#12033 = EDGE_CURVE ( 'NONE', #2830, #10259, #10176, .T. ) ;
#12034 = CARTESIAN_POINT ( 'NONE',  ( 5.603553390593272177, 7.071067811865475505, 304.8000000000000114 ) ) ;
#12035 = LINE ( 'NONE', #10287, #2408 ) ;
#12036 = DIRECTION ( 'NONE',  ( -1.000000000000000000, 0.000000000000000000, 0.000000000000000000 ) ) ;
#12037 = CARTESIAN_POINT ( 'NONE',  ( 3.000000000000000888, -9.500000000000000000, -20.77500000000004476 ) ) ;
#12038 = CARTESIAN_POINT ( 'NONE',  ( 8.424621202458750346, 2.500000000000000000, 304.8000000000000114 ) ) ;
#12040 = EDGE_CURVE ( 'NONE', #5122, #11741, #1784, .T. ) ;
#12039 = CARTESIAN_POINT ( 'NONE',  ( -9.500000000000000000, 3.000000000000001332, 304.8000000000000114 ) ) ;
#12041 = AXIS2_PLACEMENT_3D ( 'NONE', #9644, #10951, #12853 ) ;
#12042 = DIRECTION ( 'NONE',  ( -1.000000000000000000, 0.000000000000000000, 0.000000000000000000 ) ) ;
#12043 = AXIS2_PLACEMENT_3D ( 'NONE', #9091, #3852, #8968 ) ;
#12044 =( NAMED_UNIT ( * ) PLANE_ANGLE_UNIT ( ) SI_UNIT ( $, .RADIAN. ) );
#12045 = VERTEX_POINT ( 'NONE', #2227 ) ;
#12046 = FACE_OUTER_BOUND ( 'NONE', #6446, .T. ) ;
#12047 = CIRCLE ( 'NONE', #11432, 0.5000000000000008882 ) ;
#12048 = CARTESIAN_POINT ( 'NONE',  ( -3.000000000000000888, -9.500000000000000000, 304.8000000000000114 ) ) ;
#12049 = CIRCLE ( 'NONE', #6151, 0.5000000000000004441 ) ;
#12050 = ORIENTED_EDGE ( 'NONE', *, *, #5149, .T. ) ;
#12051 = FACE_OUTER_BOUND ( 'NONE', #4703, .T. ) ;
#12052 = AXIS2_PLACEMENT_3D ( 'NONE', #12568, #9424, #6611 ) ;
#12053 = DIRECTION ( 'NONE',  ( -0.000000000000000000, -0.000000000000000000, -1.000000000000000000 ) ) ;
#12054 = VERTEX_POINT ( 'NONE', #5267 ) ;
#12055 = DIRECTION ( 'NONE',  ( -1.000000000000000000, 3.469446951953617344E-15, 0.000000000000000000 ) ) ;
#12056 = LINE ( 'NONE', #8901, #2505 ) ;
#12057 = ORIENTED_EDGE ( 'NONE', *, *, #7949, .F. ) ;
#12058 = DIRECTION ( 'NONE',  ( 0.000000000000000000, 0.000000000000000000, 1.000000000000000000 ) ) ;
#12059 = VERTEX_POINT ( 'NONE', #12825 ) ;
#12060 = CARTESIAN_POINT ( 'NONE',  ( -3.000000000000000888, 10.00000000000000000, 304.8000000000000114 ) ) ;
#12061 = VECTOR ( 'NONE', #11173, 1000.000000000000000 ) ;
#12062 = ORIENTED_EDGE ( 'NONE', *, *, #12320, .F. ) ;
#12063 = EDGE_LOOP ( 'NONE', ( #6847, #2751, #8094, #12740 ) ) ;
#12064 = AXIS2_PLACEMENT_3D ( 'NONE', #10520, #11559, #6529 ) ;
#12065 = CARTESIAN_POINT ( 'NONE',  ( -3.000000000000000888, 8.424621202458752123, 304.8000000000000114 ) ) ;
#12066 = ORIENTED_EDGE ( 'NONE', *, *, #6044, .T. ) ;
#12067 = EDGE_LOOP ( 'NONE', ( #5239, #9316, #6870, #337 ) ) ;
#12068 = DIRECTION ( 'NONE',  ( -2.924200878718997083E-15, 1.000000000000000000, 0.000000000000000000 ) ) ;
#12069 = ADVANCED_FACE ( 'NONE', ( #7802 ), #6810, .F. ) ;
#12070 = EDGE_CURVE ( 'NONE', #6712, #1488, #11494, .T. ) ;
#12071 = DIRECTION ( 'NONE',  ( -1.000000000000000000, -3.304235192336776498E-16, 0.000000000000000000 ) ) ;
#12072 = CARTESIAN_POINT ( 'NONE',  ( -3.000000000000000888, 9.500000000000000000, 304.8000000000000114 ) ) ;
#12073 = EDGE_CURVE ( 'NONE', #9024, #9250, #11549, .T. ) ;
#12074 = VECTOR ( 'NONE', #12441, 1000.000000000000000 ) ;
#12075 = VERTEX_POINT ( 'NONE', #2354 ) ;
#12076 = VECTOR ( 'NONE', #3463, 1000.000000000000000 ) ;
#12077 = VECTOR ( 'NONE', #11669, 1000.000000000000000 ) ;
#12078 = CARTESIAN_POINT ( 'NONE',  ( -2.150000000000025224, 1.257674520083185143E-14, 304.8000000000000114 ) ) ;
#12079 = AXIS2_PLACEMENT_3D ( 'NONE', #8209, #8353, #2179 ) ;
#12080 = DIRECTION ( 'NONE',  ( -1.000000000000000000, 0.000000000000000000, 0.000000000000000000 ) ) ;
#12081 = ORIENTED_EDGE ( 'NONE', *, *, #12182, .F. ) ;
#12082 = ORIENTED_EDGE ( 'NONE', *, *, #8340, .T. ) ;
#12083 = DIRECTION ( 'NONE',  ( -1.000000000000000000, 3.304235192336776498E-16, 0.000000000000000000 ) ) ;
#12084 = VECTOR ( 'NONE', #13030, 1000.000000000000000 ) ;
#12085 = DIRECTION ( 'NONE',  ( -2.924200878718996689E-15, -1.000000000000000000, 0.000000000000000000 ) ) ;
#12086 = VECTOR ( 'NONE', #10030, 1000.000000000000000 ) ;
#12087 = DIRECTION ( 'NONE',  ( -3.304235192336776498E-16, 1.000000000000000000, 0.000000000000000000 ) ) ;
#12088 = EDGE_LOOP ( 'NONE', ( #6858, #11813, #1103, #6589 ) ) ;
#12089 = DIRECTION ( 'NONE',  ( 1.000000000000000000, 4.873668131198272923E-16, 0.000000000000000000 ) ) ;
#12090 = ORIENTED_EDGE ( 'NONE', *, *, #10971, .F. ) ;
#12091 = ORIENTED_EDGE ( 'NONE', *, *, #3787, .T. ) ;
#12092 = AXIS2_PLACEMENT_3D ( 'NONE', #9715, #625, #957 ) ;
#12093 = VERTEX_POINT ( 'NONE', #6521 ) ;
#12094 = EDGE_LOOP ( 'NONE', ( #9247, #12286, #1787, #5200 ) ) ;
#12095 = CIRCLE ( 'NONE', #6614, 2.150000000000012790 ) ;
#12096 = DIRECTION ( 'NONE',  ( -1.000000000000000000, 0.000000000000000000, 0.000000000000000000 ) ) ;
#12097 = CIRCLE ( 'NONE', #9380, 0.4999999999999995559 ) ;
#12098 = CARTESIAN_POINT ( 'NONE',  ( -1.257674520083185143E-14, 1.257674520083185143E-14, 304.8000000000000114 ) ) ;
#12099 = FACE_OUTER_BOUND ( 'NONE', #5469, .T. ) ;
#12100 = ADVANCED_FACE ( 'NONE', ( #10572 ), #3525, .F. ) ;
#12101 = DIRECTION ( 'NONE',  ( -1.000000000000000000, 0.000000000000000000, 0.000000000000000000 ) ) ;
#12102 =( NAMED_UNIT ( * ) SI_UNIT ( $, .STERADIAN. ) SOLID_ANGLE_UNIT ( ) );
#12103 = VERTEX_POINT ( 'NONE', #6585 ) ;
#12104 = ORIENTED_EDGE ( 'NONE', *, *, #7756, .F. ) ;
#12105 = AXIS2_PLACEMENT_3D ( 'NONE', #1905, #4815, #5682 ) ;
#12106 = EDGE_CURVE ( 'NONE', #12464, #5020, #12601, .T. ) ;
#12107 = CARTESIAN_POINT ( 'NONE',  ( -0.8898448916085185401, -3.600000000000000533, 304.8000000000000114 ) ) ;
#12108 = CARTESIAN_POINT ( 'NONE',  ( -6.599999999999996092, 0.8898448916085081040, -104.7750000000000057 ) ) ;
#12109 = CARTESIAN_POINT ( 'NONE',  ( 8.424621202458750346, 2.500000000000000000, 304.8000000000000114 ) ) ;
#12110 = MANIFOLD_SOLID_BREP ( 'Cut-Extrude1', #11434 ) ;
#12112 = EDGE_CURVE ( 'NONE', #1587, #5929, #3164, .T. ) ;
#12111 = CARTESIAN_POINT ( 'NONE',  ( -3.000000000000000888, -9.500000000000000000, 304.8000000000000114 ) ) ;
#12113 = FACE_OUTER_BOUND ( 'NONE', #7669, .T. ) ;
#12114 = AXIS2_PLACEMENT_3D ( 'NONE', #9049, #11161, #2087 ) ;
#12116 = CIRCLE ( 'NONE', #9185, 2.999999999999999556 ) ;
#12115 = CARTESIAN_POINT ( 'NONE',  ( -10.00000000000000000, 3.000000000000001332, 198.8000000000000398 ) ) ;
#12117 = CARTESIAN_POINT ( 'NONE',  ( -10.00000000000000000, -3.000000000000001332, -24.77500000000004832 ) ) ;
#12118 = EDGE_CURVE ( 'NONE', #10236, #3865, #8393, .T. ) ;
#12119 = ORIENTED_EDGE ( 'NONE', *, *, #5734, .T. ) ;
#12120 = LINE ( 'NONE', #3044, #11971 ) ;
#12121 = EDGE_LOOP ( 'NONE', ( #10575, #1429, #1073, #9337 ) ) ;
#12122 = LINE ( 'NONE', #4050, #11422 ) ;
#12123 = VECTOR ( 'NONE', #7750, 1000.000000000000000 ) ;
#12124 = EDGE_CURVE ( 'NONE', #1813, #13005, #248, .T. ) ;
#12125 = DIRECTION ( 'NONE',  ( 0.000000000000000000, -0.000000000000000000, -1.000000000000000000 ) ) ;
#12126 = VERTEX_POINT ( 'NONE', #1487 ) ;
#12127 = CYLINDRICAL_SURFACE ( 'NONE', #6001, 0.5000000000000004441 ) ;
#12128 = DIRECTION ( 'NONE',  ( 1.000000000000000000, 8.065639195895846808E-16, -0.000000000000000000 ) ) ;
#12129 = CARTESIAN_POINT ( 'NONE',  ( -9.500000000000000000, -3.000000000000001332, 304.8000000000000114 ) ) ;
#12130 = DIRECTION ( 'NONE',  ( -1.000000000000000000, -3.304235192336776498E-16, 0.000000000000000000 ) ) ;
#12131 = EDGE_CURVE ( 'NONE', #8013, #12681, #12349, .T. ) ;
#12132 = ORIENTED_EDGE ( 'NONE', *, *, #4355, .F. ) ;
#12133 = AXIS2_PLACEMENT_3D ( 'NONE', #209, #9430, #4243 ) ;
#12134 = CARTESIAN_POINT ( 'NONE',  ( 3.000000000000000888, 9.500000000000000000, -104.7750000000000057 ) ) ;
#12135 = ORIENTED_EDGE ( 'NONE', *, *, #7510, .F. ) ;
#12136 = DIRECTION ( 'NONE',  ( 0.000000000000000000, -0.000000000000000000, -1.000000000000000000 ) ) ;
#12137 = CIRCLE ( 'NONE', #731, 0.5000000000000013323 ) ;
#12138 = ORIENTED_EDGE ( 'NONE', *, *, #8634, .T. ) ;
#12139 = VERTEX_POINT ( 'NONE', #6407 ) ;
#12140 = CARTESIAN_POINT ( 'NONE',  ( 3.599999999999997424, 0.8898448916085081040, 198.8000000000000398 ) ) ;
#12141 = ORIENTED_EDGE ( 'NONE', *, *, #2601, .F. ) ;
#12142 = ORIENTED_EDGE ( 'NONE', *, *, #7538, .T. ) ;
#12143 = CARTESIAN_POINT ( 'NONE',  ( -7.924621202458747682, -5.249999999999995559, 304.8000000000000114 ) ) ;
#12144 = CARTESIAN_POINT ( 'NONE',  ( 8.424621202458750346, -3.000000000000001332, 304.8000000000000114 ) ) ;
#12145 = VERTEX_POINT ( 'NONE', #1369 ) ;
#12146 = LINE ( 'NONE', #2287, #12718 ) ;
#12147 = ORIENTED_EDGE ( 'NONE', *, *, #3, .F. ) ;
#12148 = DIRECTION ( 'NONE',  ( 0.000000000000000000, 0.000000000000000000, -1.000000000000000000 ) ) ;
#12149 = CARTESIAN_POINT ( 'NONE',  ( -0.8898448916085185401, -3.600000000000000533, -24.77500000000004832 ) ) ;
#12150 = EDGE_CURVE ( 'NONE', #8247, #3190, #8456, .T. ) ;
#12151 = ORIENTED_EDGE ( 'NONE', *, *, #3562, .T. ) ;
#12152 = DIRECTION ( 'NONE',  ( -3.304235192336776498E-16, 1.000000000000000000, 0.000000000000000000 ) ) ;
#12153 = EDGE_CURVE ( 'NONE', #7642, #9132, #3401, .T. ) ;
#12154 = ORIENTED_EDGE ( 'NONE', *, *, #4605, .T. ) ;
#12155 = EDGE_LOOP ( 'NONE', ( #8071, #7264, #1651, #3398 ) ) ;
#12156 = EDGE_CURVE ( 'NONE', #8753, #5484, #6360, .T. ) ;
#12157 = CARTESIAN_POINT ( 'NONE',  ( -3.000000000000000888, -9.500000000000000000, 304.8000000000000114 ) ) ;
#12158 = LINE ( 'NONE', #10126, #10856 ) ;
#12159 = EDGE_CURVE ( 'NONE', #8403, #11721, #6974, .T. ) ;
#12160 = FACE_OUTER_BOUND ( 'NONE', #565, .T. ) ;
#12161 = ORIENTED_EDGE ( 'NONE', *, *, #5810, .T. ) ;
#12162 = DIRECTION ( 'NONE',  ( 1.000000000000000000, 0.000000000000000000, 0.000000000000000000 ) ) ;
#12163 = ORIENTED_EDGE ( 'NONE', *, *, #3207, .F. ) ;
#12164 = ORIENTED_EDGE ( 'NONE', *, *, #3708, .T. ) ;
#12165 = ORIENTED_EDGE ( 'NONE', *, *, #9638, .F. ) ;
#12166 = FACE_OUTER_BOUND ( 'NONE', #1439, .T. ) ;
#12167 = CARTESIAN_POINT ( 'NONE',  ( 3.011165235168160592, 4.478679656440357704, 304.8000000000000114 ) ) ;
#12168 = CARTESIAN_POINT ( 'NONE',  ( -7.071067811865473729, 5.603553390593270400, 304.8000000000000114 ) ) ;
#12169 = CARTESIAN_POINT ( 'NONE',  ( -7.071067811865473729, -5.603553390593270400, 304.8000000000000114 ) ) ;
#12170 = ORIENTED_EDGE ( 'NONE', *, *, #10739, .F. ) ;
#12171 = ORIENTED_EDGE ( 'NONE', *, *, #7432, .T. ) ;
#12172 = DIRECTION ( 'NONE',  ( 0.000000000000000000, 0.000000000000000000, 1.000000000000000000 ) ) ;
#12173 = AXIS2_PLACEMENT_3D ( 'NONE', #12245, #7293, #409 ) ;
#12174 = DIRECTION ( 'NONE',  ( 0.000000000000000000, -0.000000000000000000, -1.000000000000000000 ) ) ;
#12175 = DIRECTION ( 'NONE',  ( 1.000000000000000000, 0.000000000000000000, 0.000000000000000000 ) ) ;
#12176 = DIRECTION ( 'NONE',  ( 1.000000000000000000, 0.000000000000000000, 0.000000000000000000 ) ) ;
#12177 = DIRECTION ( 'NONE',  ( -1.000000000000000000, 0.000000000000000000, 0.000000000000000000 ) ) ;
#12178 = LINE ( 'NONE', #10084, #5839 ) ;
#12179 = CARTESIAN_POINT ( 'NONE',  ( -5.249999999999997335, -7.924621202458751235, 198.8000000000000398 ) ) ;
#12180 = VERTEX_POINT ( 'NONE', #8522 ) ;
#12181 =( LENGTH_UNIT ( ) NAMED_UNIT ( * ) SI_UNIT ( .MILLI., .METRE. ) );
#12182 = EDGE_CURVE ( 'NONE', #2249, #1306, #10588, .T. ) ;
#12183 = VERTEX_POINT ( 'NONE', #5849 ) ;
#12184 = PRESENTATION_LAYER_ASSIGNMENT (  '', '', ( #12819 ) ) ;
#12185 = ORIENTED_EDGE ( 'NONE', *, *, #5712, .F. ) ;
#12186 = EDGE_CURVE ( 'NONE', #5320, #6667, #3722, .T. ) ;
#12187 = LINE ( 'NONE', #11201, #12890 ) ;
#12188 = DIRECTION ( 'NONE',  ( 1.000000000000000000, 0.000000000000000000, 0.000000000000000000 ) ) ;
#12189 = ORIENTED_EDGE ( 'NONE', *, *, #5483, .T. ) ;
#12190 = FACE_OUTER_BOUND ( 'NONE', #128, .T. ) ;
#12191 = ADVANCED_FACE ( 'NONE', ( #7704 ), #11934, .F. ) ;
#12192 = DIRECTION ( 'NONE',  ( -0.000000000000000000, -0.000000000000000000, -1.000000000000000000 ) ) ;
#12193 = VECTOR ( 'NONE', #6012, 1000.000000000000000 ) ;
#12194 = CARTESIAN_POINT ( 'NONE',  ( 3.000000000000000888, 8.424621202458752123, 304.8000000000000114 ) ) ;
#12195 = CARTESIAN_POINT ( 'NONE',  ( -3.000000000000000888, -10.00000000000000000, -104.7750000000000057 ) ) ;
#12196 = VERTEX_POINT ( 'NONE', #11737 ) ;
#12197 = DIRECTION ( 'NONE',  ( -0.000000000000000000, 0.000000000000000000, -1.000000000000000000 ) ) ;
#12198 = ORIENTED_EDGE ( 'NONE', *, *, #4425, .T. ) ;
#12199 = CARTESIAN_POINT ( 'NONE',  ( 5.249999999999997335, -7.424621202458749458, 94.79999999999999716 ) ) ;
#12200 = EDGE_CURVE ( 'NONE', #2502, #5419, #1744, .T. ) ;
#12201 = ORIENTED_EDGE ( 'NONE', *, *, #11715, .T. ) ;
#12202 = ORIENTED_EDGE ( 'NONE', *, *, #6263, .F. ) ;
#12203 = DIRECTION ( 'NONE',  ( -1.000000000000000000, 3.304235192336776498E-16, 0.000000000000000000 ) ) ;
#12204 = ORIENTED_EDGE ( 'NONE', *, *, #3051, .F. ) ;
#12205 = VECTOR ( 'NONE', #10699, 1000.000000000000000 ) ;
#12206 = EDGE_LOOP ( 'NONE', ( #5011, #8381, #230, #3096 ) ) ;
#12207 = PLANE ( 'NONE',  #12294 ) ;
#12208 = CARTESIAN_POINT ( 'NONE',  ( -2.500000000000000444, -9.500000000000000000, 198.8000000000000398 ) ) ;
#12209 = EDGE_LOOP ( 'NONE', ( #6955, #12218, #1355, #10204 ) ) ;
#12210 = CYLINDRICAL_SURFACE ( 'NONE', #11882, 2.150000000000012790 ) ;
#12211 = EDGE_CURVE ( 'NONE', #8985, #999, #3856, .T. ) ;
#12212 = EDGE_LOOP ( 'NONE', ( #6084, #7079, #3120, #10310 ) ) ;
#12213 = LINE ( 'NONE', #1232, #7904 ) ;
#12214 = DIRECTION ( 'NONE',  ( -1.000000000000000000, 0.000000000000000000, 0.000000000000000000 ) ) ;
#12215 = VECTOR ( 'NONE', #4164, 1000.000000000000000 ) ;
#12216 = ADVANCED_FACE ( 'NONE', ( #2851 ), #3661, .F. ) ;
#12217 = DIRECTION ( 'NONE',  ( -1.000000000000000000, -3.304235192336776498E-16, 0.000000000000000000 ) ) ;
#12218 = ORIENTED_EDGE ( 'NONE', *, *, #11320, .F. ) ;
#12219 = ORIENTED_EDGE ( 'NONE', *, *, #8480, .F. ) ;
#12220 = CYLINDRICAL_SURFACE ( 'NONE', #6321, 0.5000000000000004441 ) ;
#12221 = CARTESIAN_POINT ( 'NONE',  ( 3.011165235168160592, -4.478679656440356815, 304.8000000000000114 ) ) ;
#12222 = DIRECTION ( 'NONE',  ( -0.000000000000000000, 0.000000000000000000, -1.000000000000000000 ) ) ;
#12223 = ORIENTED_EDGE ( 'NONE', *, *, #9224, .F. ) ;
#12224 = VECTOR ( 'NONE', #6668, 1000.000000000000000 ) ;
#12225 = CARTESIAN_POINT ( 'NONE',  ( 5.603553390593272177, -7.071067811865475505, 304.8000000000000114 ) ) ;
#12226 = VERTEX_POINT ( 'NONE', #2662 ) ;
#12227 = ORIENTED_EDGE ( 'NONE', *, *, #3733, .F. ) ;
#12228 = ADVANCED_FACE ( 'NONE', ( #6708 ), #12659, .F. ) ;
#12229 = FACE_OUTER_BOUND ( 'NONE', #2804, .T. ) ;
#12230 = CARTESIAN_POINT ( 'NONE',  ( -2.499999999999999556, -8.424621202458752123, 304.8000000000000114 ) ) ;
#12231 = VECTOR ( 'NONE', #10245, 1000.000000000000000 ) ;
#12232 = LINE ( 'NONE', #7141, #11584 ) ;
#12233 = CARTESIAN_POINT ( 'NONE',  ( 368.6441185303760335, 104.4108796227577187, 312.2976979552246348 ) ) ;
#12234 = ORIENTED_EDGE ( 'NONE', *, *, #10117, .F. ) ;
#12235 = ORIENTED_EDGE ( 'NONE', *, *, #4514, .T. ) ;
#12236 = EDGE_CURVE ( 'NONE', #10074, #11539, #12879, .T. ) ;
#12237 = CARTESIAN_POINT ( 'NONE',  ( -5.249999999999997335, 7.924621202458751235, 304.8000000000000114 ) ) ;
#12238 = ADVANCED_FACE ( 'NONE', ( #815 ), #8832, .F. ) ;
#12239 = CIRCLE ( 'NONE', #10155, 0.5000000000000004441 ) ;
#12240 = LINE ( 'NONE', #76, #7055 ) ;
#12241 = EDGE_CURVE ( 'NONE', #6713, #1220, #2526, .T. ) ;
#12242 = DIRECTION ( 'NONE',  ( -1.000000000000000000, 0.000000000000000000, 0.000000000000000000 ) ) ;
#12243 = CARTESIAN_POINT ( 'NONE',  ( 5.249999999999997335, 7.424621202458749458, 304.8000000000000114 ) ) ;
#12244 = DIRECTION ( 'NONE',  ( -0.000000000000000000, -0.000000000000000000, -1.000000000000000000 ) ) ;
#12245 = CARTESIAN_POINT ( 'NONE',  ( -0.8898448916085185401, -6.599999999999999645, 304.8000000000000114 ) ) ;
#12246 = CARTESIAN_POINT ( 'NONE',  ( -8.250000000000000000, 10.00000000000000178, 304.8000000000000114 ) ) ;
#12247 = CARTESIAN_POINT ( 'NONE',  ( 2.500000000000000444, -9.500000000000000000, 304.8000000000000114 ) ) ;
#12248 = VECTOR ( 'NONE', #7360, 1000.000000000000000 ) ;
#12249 = ORIENTED_EDGE ( 'NONE', *, *, #8127, .F. ) ;
#12250 = AXIS2_PLACEMENT_3D ( 'NONE', #8725, #10589, #1627 ) ;
#12251 = ORIENTED_EDGE ( 'NONE', *, *, #1684, .F. ) ;
#12252 = LINE ( 'NONE', #7497, #3383 ) ;
#12253 = CARTESIAN_POINT ( 'NONE',  ( -2.500000000000000444, 9.500000000000000000, 304.8000000000000114 ) ) ;
#12254 = DIRECTION ( 'NONE',  ( -1.000000000000000000, 0.000000000000000000, 0.000000000000000000 ) ) ;
#12255 = DIRECTION ( 'NONE',  ( 1.000000000000000000, 0.000000000000000000, 0.000000000000000000 ) ) ;
#12256 = VECTOR ( 'NONE', #3275, 1000.000000000000000 ) ;
#12257 = AXIS2_PLACEMENT_3D ( 'NONE', #359, #11596, #2585 ) ;
#12258 = DIRECTION ( 'NONE',  ( -1.000000000000000000, 0.000000000000000000, 0.000000000000000000 ) ) ;
#12259 = DIRECTION ( 'NONE',  ( 0.000000000000000000, 0.000000000000000000, 1.000000000000000000 ) ) ;
#12260 = VERTEX_POINT ( 'NONE', #6906 ) ;
#12261 = CARTESIAN_POINT ( 'NONE',  ( -10.00000000000000000, -3.000000000000001332, 304.8000000000000114 ) ) ;
#12262 = ORIENTED_EDGE ( 'NONE', *, *, #9415, .F. ) ;
#12263 = CARTESIAN_POINT ( 'NONE',  ( 2.499999999999999556, 8.424621202458752123, -104.7750000000000057 ) ) ;
#12264 = ORIENTED_EDGE ( 'NONE', *, *, #6155, .T. ) ;
#12265 = ORIENTED_EDGE ( 'NONE', *, *, #4198, .T. ) ;
#12266 = EDGE_CURVE ( 'NONE', #12196, #6925, #560, .T. ) ;
#12267 = CARTESIAN_POINT ( 'NONE',  ( -3.000000000000000888, 7.924621202458751235, 198.8000000000000398 ) ) ;
#12268 = ORIENTED_EDGE ( 'NONE', *, *, #10585, .T. ) ;
#12269 = CIRCLE ( 'NONE', #1700, 0.5000000000000013323 ) ;
#12270 = AXIS2_PLACEMENT_3D ( 'NONE', #8017, #15, #11133 ) ;
#12271 = ORIENTED_EDGE ( 'NONE', *, *, #11914, .F. ) ;
#12272 = AXIS2_PLACEMENT_3D ( 'NONE', #775, #10777, #9802 ) ;
#12273 = CARTESIAN_POINT ( 'NONE',  ( -10.00000000000000000, 3.000000000000001332, 304.8000000000000114 ) ) ;
#12274 = CARTESIAN_POINT ( 'NONE',  ( -3.599999999999997424, -0.8898448916085081040, 304.8000000000000114 ) ) ;
#12275 = CARTESIAN_POINT ( 'NONE',  ( -7.924621202458751235, -3.000000000000001332, 94.79999999999999716 ) ) ;
#12276 = VERTEX_POINT ( 'NONE', #1807 ) ;
#12277 = DIRECTION ( 'NONE',  ( 0.000000000000000000, -0.000000000000000000, -1.000000000000000000 ) ) ;
#12278 = ADVANCED_FACE ( 'NONE', ( #689 ), #6649, .F. ) ;
#12279 = CARTESIAN_POINT ( 'NONE',  ( -0.8898448916085185401, -6.599999999999999645, 198.8000000000000398 ) ) ;
#12280 = CIRCLE ( 'NONE', #12491, 0.5000000000000004441 ) ;
#12281 = EDGE_CURVE ( 'NONE', #1272, #3177, #7407, .T. ) ;
#12282 = PRODUCT ( 'NMRtray20v2', 'NMRtray20v2', '', ( #3548 ) ) ;
#12283 = DIRECTION ( 'NONE',  ( 1.000000000000000000, 0.000000000000000000, 0.000000000000000000 ) ) ;
#12284 = DIRECTION ( 'NONE',  ( -0.000000000000000000, -0.000000000000000000, -1.000000000000000000 ) ) ;
#12285 = ORIENTED_EDGE ( 'NONE', *, *, #8327, .F. ) ;
#12286 = ORIENTED_EDGE ( 'NONE', *, *, #5654, .F. ) ;
#12287 = EDGE_CURVE ( 'NONE', #6760, #2310, #4595, .T. ) ;
#12288 = LINE ( 'NONE', #9270, #397 ) ;
#12289 = DIRECTION ( 'NONE',  ( -0.000000000000000000, -0.000000000000000000, -1.000000000000000000 ) ) ;
#12290 = CARTESIAN_POINT ( 'NONE',  ( 3.000000000000000888, -7.924621202458751235, 304.8000000000000114 ) ) ;
#12291 = VECTOR ( 'NONE', #12071, 1000.000000000000000 ) ;
#12292 = FACE_OUTER_BOUND ( 'NONE', #2247, .T. ) ;
#12293 = VERTEX_POINT ( 'NONE', #2604 ) ;
#12294 = AXIS2_PLACEMENT_3D ( 'NONE', #10180, #9042, #13063 ) ;
#12295 = VERTEX_POINT ( 'NONE', #6772 ) ;
#12296 = EDGE_CURVE ( 'NONE', #10642, #8543, #1607, .T. ) ;
#12297 = CARTESIAN_POINT ( 'NONE',  ( -7.924621202458747682, 5.249999999999995559, 304.8000000000000114 ) ) ;
#12298 = LINE ( 'NONE', #3228, #13042 ) ;
#12299 = VECTOR ( 'NONE', #9916, 1000.000000000000000 ) ;
#12300 = VERTEX_POINT ( 'NONE', #12728 ) ;
#12301 = DIRECTION ( 'NONE',  ( 0.000000000000000000, 0.000000000000000000, -1.000000000000000000 ) ) ;
#12302 = DIRECTION ( 'NONE',  ( 0.000000000000000000, 0.000000000000000000, -1.000000000000000000 ) ) ;
#12303 = CARTESIAN_POINT ( 'NONE',  ( 53.84411853037606477, 334.4108796227575340, 17.49769795522465543 ) ) ;
#12304 = ORIENTED_EDGE ( 'NONE', *, *, #10715, .T. ) ;
#12305 = ORIENTED_EDGE ( 'NONE', *, *, #5905, .T. ) ;
#12306 = AXIS2_PLACEMENT_3D ( 'NONE', #269, #12367, #10282 ) ;
#12307 = VECTOR ( 'NONE', #4341, 1000.000000000000000 ) ;
#12308 = CARTESIAN_POINT ( 'NONE',  ( -10.00000000000000000, 3.000000000000001332, 94.79999999999999716 ) ) ;
#12309 = AXIS2_PLACEMENT_3D ( 'NONE', #12775, #5764, #7746 ) ;
#12310 = LINE ( 'NONE', #2111, #3245 ) ;
#12311 = CARTESIAN_POINT ( 'NONE',  ( 3.000000000000000888, -9.500000000000000000, 304.8000000000000114 ) ) ;
#12312 = CIRCLE ( 'NONE', #3224, 2.999999999999999112 ) ;
#12313 = CARTESIAN_POINT ( 'NONE',  ( 7.924621202458749458, 3.000000000000001332, -20.77500000000004476 ) ) ;
#12314 = LINE ( 'NONE', #7152, #2619 ) ;
#12315 = CARTESIAN_POINT ( 'NONE',  ( -3.000000000000000888, -7.924621202458751235, 304.8000000000000114 ) ) ;
#12316 = CARTESIAN_POINT ( 'NONE',  ( -2.499999999999999556, 8.424621202458752123, 304.8000000000000114 ) ) ;
#12317 = AXIS2_PLACEMENT_3D ( 'NONE', #4447, #8502, #9692 ) ;
#12318 = PLANE ( 'NONE',  #7118 ) ;
#12320 = EDGE_CURVE ( 'NONE', #8625, #233, #12921, .T. ) ;
#12319 = VECTOR ( 'NONE', #13008, 1000.000000000000000 ) ;
#12321 = ORIENTED_EDGE ( 'NONE', *, *, #7786, .T. ) ;
#12322 = EDGE_CURVE ( 'NONE', #5499, #1758, #12988, .T. ) ;
#12323 = ORIENTED_EDGE ( 'NONE', *, *, #11355, .F. ) ;
#12324 = DIRECTION ( 'NONE',  ( 0.000000000000000000, -0.000000000000000000, -1.000000000000000000 ) ) ;
#12325 = DIRECTION ( 'NONE',  ( 0.000000000000000000, 0.000000000000000000, -1.000000000000000000 ) ) ;
#12326 = CARTESIAN_POINT ( 'NONE',  ( -7.924621202458747682, -5.249999999999995559, 198.8000000000000398 ) ) ;
#12327 = CARTESIAN_POINT ( 'NONE',  ( 8.250000000000000000, 8.250000000000000000, 304.8000000000000114 ) ) ;
#12328 = CIRCLE ( 'NONE', #6837, 1.749999999999999778 ) ;
#12329 = CARTESIAN_POINT ( 'NONE',  ( 3.000000000000000888, -10.00000000000000000, 304.8000000000000114 ) ) ;
#12330 = FACE_OUTER_BOUND ( 'NONE', #10092, .T. ) ;
#12331 = ORIENTED_EDGE ( 'NONE', *, *, #9795, .T. ) ;
#12332 = DIRECTION ( 'NONE',  ( -0.000000000000000000, -0.000000000000000000, -1.000000000000000000 ) ) ;
#12333 = ORIENTED_EDGE ( 'NONE', *, *, #5159, .F. ) ;
#12334 = CARTESIAN_POINT ( 'NONE',  ( 3.000000000000000888, -10.00000000000000000, 198.8000000000000398 ) ) ;
#12335 = ORIENTED_EDGE ( 'NONE', *, *, #3127, .T. ) ;
#12336 = ORIENTED_EDGE ( 'NONE', *, *, #6211, .T. ) ;
#12337 = CARTESIAN_POINT ( 'NONE',  ( -5.249999999999997335, -7.924621202458751235, 304.8000000000000114 ) ) ;
#12338 = AXIS2_PLACEMENT_3D ( 'NONE', #334, #6422, #1442 ) ;
#12339 = ORIENTED_EDGE ( 'NONE', *, *, #5423, .F. ) ;
#12340 = CIRCLE ( 'NONE', #1771, 2.999999999999999556 ) ;
#12341 = ORIENTED_EDGE ( 'NONE', *, *, #2474, .T. ) ;
#12342 = LINE ( 'NONE', #5515, #11244 ) ;
#12343 = CARTESIAN_POINT ( 'NONE',  ( -3.000000000000000888, 10.00000000000000000, 304.8000000000000114 ) ) ;
#12344 = CYLINDRICAL_SURFACE ( 'NONE', #1106, 2.150000000000012790 ) ;
#12345 = DIRECTION ( 'NONE',  ( 0.000000000000000000, 0.000000000000000000, 1.000000000000000000 ) ) ;
#12346 = EDGE_CURVE ( 'NONE', #3673, #8379, #8030, .T. ) ;
#12347 = AXIS2_PLACEMENT_3D ( 'NONE', #10186, #2020, #12214 ) ;
#12348 = DIRECTION ( 'NONE',  ( 0.000000000000000000, 0.000000000000000000, 1.000000000000000000 ) ) ;
#12349 = LINE ( 'NONE', #4403, #12256 ) ;
#12350 = VERTEX_POINT ( 'NONE', #1944 ) ;
#12351 = FACE_OUTER_BOUND ( 'NONE', #9700, .T. ) ;
#12352 = VERTEX_POINT ( 'NONE', #3121 ) ;
#12353 = VERTEX_POINT ( 'NONE', #4918 ) ;
#12354 = FACE_OUTER_BOUND ( 'NONE', #3886, .T. ) ;
#12355 = ORIENTED_EDGE ( 'NONE', *, *, #108, .F. ) ;
#12356 = EDGE_CURVE ( 'NONE', #104, #12021, #10794, .T. ) ;
#12357 = DIRECTION ( 'NONE',  ( -1.000000000000000000, 0.000000000000000000, 0.000000000000000000 ) ) ;
#12358 = CARTESIAN_POINT ( 'NONE',  ( 8.424621202458750346, 3.000000000000001332, -20.77500000000004476 ) ) ;
#12359 = VERTEX_POINT ( 'NONE', #11012 ) ;
#12360 = EDGE_CURVE ( 'NONE', #12487, #8910, #3989, .T. ) ;
#12361 = ORIENTED_EDGE ( 'NONE', *, *, #11944, .T. ) ;
#12362 = EDGE_CURVE ( 'NONE', #2845, #6716, #6054, .T. ) ;
#12363 = DIRECTION ( 'NONE',  ( 0.000000000000000000, 0.000000000000000000, -1.000000000000000000 ) ) ;
#12364 = DIRECTION ( 'NONE',  ( -1.000000000000000000, 0.000000000000000000, 0.000000000000000000 ) ) ;
#12365 = CARTESIAN_POINT ( 'NONE',  ( -10.00000000000000000, 8.250000000000000000, 304.8000000000000114 ) ) ;
#12366 = CARTESIAN_POINT ( 'NONE',  ( -3.599999999999997424, -0.8898448916085081040, -104.7750000000000057 ) ) ;
#12367 = DIRECTION ( 'NONE',  ( -3.304235192336776498E-16, -1.000000000000000000, 0.000000000000000000 ) ) ;
#12368 = EDGE_CURVE ( 'NONE', #8355, #12300, #11085, .T. ) ;
#12369 = VERTEX_POINT ( 'NONE', #4195 ) ;
#12370 = ORIENTED_EDGE ( 'NONE', *, *, #4976, .F. ) ;
#12371 = CARTESIAN_POINT ( 'NONE',  ( -5.249999999999997335, 7.924621202458751235, -104.7750000000000057 ) ) ;
#12372 = DIRECTION ( 'NONE',  ( 0.000000000000000000, -0.000000000000000000, -1.000000000000000000 ) ) ;
#12373 = ADVANCED_FACE ( 'NONE', ( #10039 ), #9032, .F. ) ;
#12374 = FACE_BOUND ( 'NONE', #6325, .T. ) ;
#12375 = DIRECTION ( 'NONE',  ( -1.000000000000000000, 0.000000000000000000, 0.000000000000000000 ) ) ;
#12376 = DIRECTION ( 'NONE',  ( -0.7071067811865465735, 0.7071067811865484609, 0.000000000000000000 ) ) ;
#12377 = FACE_OUTER_BOUND ( 'NONE', #4857, .T. ) ;
#12378 = LINE ( 'NONE', #3308, #12248 ) ;
#12379 = CARTESIAN_POINT ( 'NONE',  ( -3.011165235168160592, -4.478679656440356815, 304.8000000000000114 ) ) ;
#12380 = EDGE_CURVE ( 'NONE', #9201, #2970, #8234, .T. ) ;
#12381 = ORIENTED_EDGE ( 'NONE', *, *, #1880, .T. ) ;
#12382 = ORIENTED_EDGE ( 'NONE', *, *, #12870, .F. ) ;
#12383 = VECTOR ( 'NONE', #4111, 1000.000000000000000 ) ;
#12384 = ORIENTED_EDGE ( 'NONE', *, *, #2752, .F. ) ;
#12385 = DIRECTION ( 'NONE',  ( 0.7071067811865465735, 0.7071067811865483499, 0.000000000000000000 ) ) ;
#12386 = DIRECTION ( 'NONE',  ( -1.000000000000000000, 0.000000000000000000, 0.000000000000000000 ) ) ;
#12387 = DIRECTION ( 'NONE',  ( 1.541976423090498986E-15, -1.000000000000000000, 0.000000000000000000 ) ) ;
#12388 = EDGE_CURVE ( 'NONE', #11035, #5675, #3391, .T. ) ;
#12389 = CARTESIAN_POINT ( 'NONE',  ( 7.924621202458749458, -3.000000000000001332, 304.8000000000000114 ) ) ;
#12390 = EDGE_CURVE ( 'NONE', #12353, #6173, #9099, .T. ) ;
#12391 = CARTESIAN_POINT ( 'NONE',  ( -5.603553390593272177, 7.071067811865475505, -20.77500000000004476 ) ) ;
#12393 = VECTOR ( 'NONE', #786, 1000.000000000000000 ) ;
#12392 = LINE ( 'NONE', #9310, #7807 ) ;
#12394 = EDGE_LOOP ( 'NONE', ( #5723, #551, #8319, #9191 ) ) ;
#12395 = FACE_OUTER_BOUND ( 'NONE', #12663, .T. ) ;
#12396 = VERTEX_POINT ( 'NONE', #11996 ) ;
#12397 = DIRECTION ( 'NONE',  ( 8.065639195895846808E-16, 1.000000000000000000, 0.000000000000000000 ) ) ;
#12398 = EDGE_LOOP ( 'NONE', ( #6234, #5690, #1566, #9475 ) ) ;
#12399 = ORIENTED_EDGE ( 'NONE', *, *, #2001, .T. ) ;
#12400 = ORIENTED_EDGE ( 'NONE', *, *, #7200, .F. ) ;
#12401 = ORIENTED_EDGE ( 'NONE', *, *, #10076, .F. ) ;
#12402 = CARTESIAN_POINT ( 'NONE',  ( -5.249999999999997335, 7.424621202458749458, -104.7750000000000057 ) ) ;
#12403 = FACE_OUTER_BOUND ( 'NONE', #3662, .T. ) ;
#12404 = VECTOR ( 'NONE', #12824, 1000.000000000000000 ) ;
#12405 = DIRECTION ( 'NONE',  ( -0.000000000000000000, -0.000000000000000000, -1.000000000000000000 ) ) ;
#12406 = VECTOR ( 'NONE', #939, 1000.000000000000000 ) ;
#12407 = EDGE_CURVE ( 'NONE', #3690, #7645, #2989, .T. ) ;
#12408 = DIRECTION ( 'NONE',  ( -0.000000000000000000, -0.000000000000000000, -1.000000000000000000 ) ) ;
#12409 = EDGE_CURVE ( 'NONE', #311, #12840, #12047, .T. ) ;
#12410 = DIRECTION ( 'NONE',  ( -1.000000000000000000, 0.000000000000000000, 0.000000000000000000 ) ) ;
#12411 = EDGE_LOOP ( 'NONE', ( #11929, #136, #8871, #10192 ) ) ;
#12412 = CARTESIAN_POINT ( 'NONE',  ( -8.424621202458750346, 2.500000000000000000, -24.77500000000004832 ) ) ;
#12413 = AXIS2_PLACEMENT_3D ( 'NONE', #9921, #4803, #12869 ) ;
#12414 = ORIENTED_EDGE ( 'NONE', *, *, #9708, .T. ) ;
#12415 = VERTEX_POINT ( 'NONE', #5118 ) ;
#12416 = CARTESIAN_POINT ( 'NONE',  ( 8.250000000000000000, 10.00000000000000178, 304.8000000000000114 ) ) ;
#12417 = VERTEX_POINT ( 'NONE', #1082 ) ;
#12418 = CARTESIAN_POINT ( 'NONE',  ( -1.257674520083185143E-14, 1.257674520083185143E-14, 198.8000000000000398 ) ) ;
#12419 = LINE ( 'NONE', #10397, #7629 ) ;
#12420 = EDGE_LOOP ( 'NONE', ( #11947, #5920, #3921, #1299 ) ) ;
#12421 = ORIENTED_EDGE ( 'NONE', *, *, #9830, .T. ) ;
#12422 = AXIS2_PLACEMENT_3D ( 'NONE', #9968, #6908, #12855 ) ;
#12423 = DIRECTION ( 'NONE',  ( -0.7071067811865465735, 0.7071067811865483499, 0.000000000000000000 ) ) ;
#12424 = ADVANCED_FACE ( 'NONE', ( #9177 ), #10102, .F. ) ;
#12425 = CARTESIAN_POINT ( 'NONE',  ( 8.250000000000000000, -10.00000000000000000, -20.77500000000004476 ) ) ;
#12426 = ORIENTED_EDGE ( 'NONE', *, *, #6080, .T. ) ;
#12427 = LINE ( 'NONE', #3354, #11557 ) ;
#12428 = ORIENTED_EDGE ( 'NONE', *, *, #6473, .F. ) ;
#12429 = EDGE_CURVE ( 'NONE', #2933, #7954, #3918, .T. ) ;
#12430 = CARTESIAN_POINT ( 'NONE',  ( -5.603553390593272177, -7.071067811865475505, 304.8000000000000114 ) ) ;
#12431 = DIRECTION ( 'NONE',  ( 1.000000000000000000, 3.304235192336776498E-16, -3.304235192336776498E-16 ) ) ;
#12432 = AXIS2_PLACEMENT_3D ( 'NONE', #9284, #5356, #6355 ) ;
#12433 = EDGE_CURVE ( 'NONE', #11732, #2276, #885, .T. ) ;
#12434 = FACE_OUTER_BOUND ( 'NONE', #6123, .T. ) ;
#12435 = DIRECTION ( 'NONE',  ( 0.000000000000000000, 0.000000000000000000, -1.000000000000000000 ) ) ;
#12436 = CARTESIAN_POINT ( 'NONE',  ( 7.924621202458747682, -5.249999999999995559, 304.8000000000000114 ) ) ;
#12437 = CARTESIAN_POINT ( 'NONE',  ( -3.000000000000000888, -8.424621202458752123, -24.77500000000004832 ) ) ;
#12438 = EDGE_CURVE ( 'NONE', #2035, #10086, #2954, .T. ) ;
#12439 = AXIS2_PLACEMENT_3D ( 'NONE', #52, #3009, #11954 ) ;
#12440 = DIRECTION ( 'NONE',  ( -1.000000000000000000, 0.000000000000000000, 0.000000000000000000 ) ) ;
#12441 = DIRECTION ( 'NONE',  ( -1.000000000000000000, 3.304235192336776498E-16, 0.000000000000000000 ) ) ;
#12442 = DIRECTION ( 'NONE',  ( -0.000000000000000000, -0.000000000000000000, -1.000000000000000000 ) ) ;
#12443 = DIRECTION ( 'NONE',  ( 1.000000000000000000, 4.873668131198272923E-16, 0.000000000000000000 ) ) ;
#12444 = EDGE_CURVE ( 'NONE', #3948, #8973, #3057, .T. ) ;
#12445 = LINE ( 'NONE', #3309, #9882 ) ;
#12446 = ORIENTED_EDGE ( 'NONE', *, *, #7256, .F. ) ;
#12447 = APPLICATION_CONTEXT ( 'automotive_design' ) ;
#12448 = EDGE_CURVE ( 'NONE', #7348, #3327, #10400, .T. ) ;
#12449 = ORIENTED_EDGE ( 'NONE', *, *, #12388, .F. ) ;
#12450 = VECTOR ( 'NONE', #6911, 1000.000000000000000 ) ;
#12451 = VERTEX_POINT ( 'NONE', #4265 ) ;
#12452 = ORIENTED_EDGE ( 'NONE', *, *, #7395, .F. ) ;
#12453 = DIRECTION ( 'NONE',  ( 1.000000000000000000, 0.000000000000000000, 0.000000000000000000 ) ) ;
#12454 = CARTESIAN_POINT ( 'NONE',  ( -0.8898448916085185401, -6.599999999999999645, -20.77500000000004476 ) ) ;
#12455 = DIRECTION ( 'NONE',  ( -0.000000000000000000, -0.000000000000000000, -1.000000000000000000 ) ) ;
#12456 = CARTESIAN_POINT ( 'NONE',  ( -2.500000000000000444, -9.500000000000000000, 304.8000000000000114 ) ) ;
#12457 = EDGE_CURVE ( 'NONE', #11285, #1043, #1070, .T. ) ;
#12458 = CARTESIAN_POINT ( 'NONE',  ( -1.257674520083185143E-14, 1.257674520083185143E-14, 304.8000000000000114 ) ) ;
#12459 = CIRCLE ( 'NONE', #6749, 0.5000000000000004441 ) ;
#12460 = CARTESIAN_POINT ( 'NONE',  ( 8.250000000000000000, -10.00000000000000000, 94.79999999999999716 ) ) ;
#12461 = ORIENTED_EDGE ( 'NONE', *, *, #2598, .F. ) ;
#12462 = DIRECTION ( 'NONE',  ( -0.000000000000000000, -0.000000000000000000, -1.000000000000000000 ) ) ;
#12463 = VERTEX_POINT ( 'NONE', #10374 ) ;
#12464 = VERTEX_POINT ( 'NONE', #12590 ) ;
#12465 = FACE_OUTER_BOUND ( 'NONE', #10779, .T. ) ;
#12466 = VECTOR ( 'NONE', #7547, 1000.000000000000114 ) ;
#12467 = CARTESIAN_POINT ( 'NONE',  ( 8.250000000000000000, 8.250000000000000000, 94.79999999999999716 ) ) ;
#12468 = CARTESIAN_POINT ( 'NONE',  ( 8.250000000000000000, 8.250000000000000000, 304.8000000000000114 ) ) ;
#12469 = CARTESIAN_POINT ( 'NONE',  ( 3.600000000000000089, 0.000000000000000000, 304.8000000000000114 ) ) ;
#12470 = EDGE_LOOP ( 'NONE', ( #11900, #9267, #11249, #2215 ) ) ;
#12471 = DIRECTION ( 'NONE',  ( -0.000000000000000000, -0.000000000000000000, -1.000000000000000000 ) ) ;
#12472 = DIRECTION ( 'NONE',  ( -1.000000000000000000, 0.000000000000000000, 0.000000000000000000 ) ) ;
#12473 = ORIENTED_EDGE ( 'NONE', *, *, #11586, .F. ) ;
#12474 = CARTESIAN_POINT ( 'NONE',  ( 3.000000000000000888, 10.00000000000000000, -104.7750000000000057 ) ) ;
#12475 = VECTOR ( 'NONE', #11211, 1000.000000000000000 ) ;
#12476 = CIRCLE ( 'NONE', #3173, 0.5000000000000004441 ) ;
#12477 = VERTEX_POINT ( 'NONE', #6318 ) ;
#12478 = ORIENTED_EDGE ( 'NONE', *, *, #8329, .T. ) ;
#12479 = CIRCLE ( 'NONE', #12043, 2.999999999999999556 ) ;
#12480 = DIRECTION ( 'NONE',  ( 0.000000000000000000, -0.000000000000000000, 1.000000000000000000 ) ) ;
#12481 = ORIENTED_EDGE ( 'NONE', *, *, #9660, .T. ) ;
#12482 = EDGE_CURVE ( 'NONE', #4826, #10489, #2464, .T. ) ;
#12483 = ADVANCED_FACE ( 'NONE', ( #8380 ), #10563, .F. ) ;
#12484 = EDGE_CURVE ( 'NONE', #12905, #11290, #9383, .T. ) ;
#12485 = DIRECTION ( 'NONE',  ( 0.000000000000000000, -0.000000000000000000, 1.000000000000000000 ) ) ;
#12486 = CARTESIAN_POINT ( 'NONE',  ( 3.000000000000000888, -9.500000000000000000, 304.8000000000000114 ) ) ;
#12487 = VERTEX_POINT ( 'NONE', #1284 ) ;
#12488 = LINE ( 'NONE', #3414, #2768 ) ;
#12489 = VERTEX_POINT ( 'NONE', #6457 ) ;
#12490 = AXIS2_PLACEMENT_3D ( 'NONE', #10881, #12906, #9699 ) ;
#12491 = AXIS2_PLACEMENT_3D ( 'NONE', #12739, #10706, #764 ) ;
#12492 = LINE ( 'NONE', #455, #9609 ) ;
#12493 = CARTESIAN_POINT ( 'NONE',  ( -3.011165235168160592, 4.478679656440356815, 94.79999999999999716 ) ) ;
#12494 = ORIENTED_EDGE ( 'NONE', *, *, #12153, .F. ) ;
#12495 = LINE ( 'NONE', #8472, #6491 ) ;
#12496 = ORIENTED_EDGE ( 'NONE', *, *, #5942, .T. ) ;
#12497 = LINE ( 'NONE', #12430, #12837 ) ;
#12498 = CARTESIAN_POINT ( 'NONE',  ( 403.4191185303758971, 419.2108796227577159, -77.27730204477533960 ) ) ;
#12499 = VECTOR ( 'NONE', #9508, 1000.000000000000000 ) ;
#12500 = VECTOR ( 'NONE', #1968, 1000.000000000000000 ) ;
#12501 = CARTESIAN_POINT ( 'NONE',  ( 9.500000000000000000, 2.500000000000000444, 304.8000000000000114 ) ) ;
#12502 = PRODUCT_DEFINITION_SHAPE ( 'NONE', 'NONE',  #13089 ) ;
#12503 = DIRECTION ( 'NONE',  ( -2.924200878718996689E-15, -1.000000000000000000, 0.000000000000000000 ) ) ;
#12504 = PLANE ( 'NONE',  #926 ) ;
#12505 = CIRCLE ( 'NONE', #9568, 1.749999999999999778 ) ;
#12506 = CARTESIAN_POINT ( 'NONE',  ( 3.000000000000000888, 7.924621202458751235, 304.8000000000000114 ) ) ;
#12507 = AXIS2_PLACEMENT_3D ( 'NONE', #12454, #7557, #2267 ) ;
#12509 = VECTOR ( 'NONE', #8180, 1000.000000000000000 ) ;
#12508 = LINE ( 'NONE', #9363, #10635 ) ;
#12510 = EDGE_CURVE ( 'NONE', #6591, #567, #12686, .T. ) ;
#12511 = LINE ( 'NONE', #3437, #10208 ) ;
#12512 = PLANE ( 'NONE',  #13016 ) ;
#12513 = DIRECTION ( 'NONE',  ( -0.000000000000000000, -0.000000000000000000, -1.000000000000000000 ) ) ;
#12514 = AXIS2_PLACEMENT_3D ( 'NONE', #5156, #9477, #9216 ) ;
#12515 = CARTESIAN_POINT ( 'NONE',  ( 7.924621202458747682, 5.249999999999995559, 304.8000000000000114 ) ) ;
#12516 = ORIENTED_EDGE ( 'NONE', *, *, #7027, .F. ) ;
#12517 = VERTEX_POINT ( 'NONE', #6389 ) ;
#12518 = CIRCLE ( 'NONE', #4279, 2.999999999999999556 ) ;
#12519 = EDGE_CURVE ( 'NONE', #9599, #4763, #5316, .T. ) ;
#12520 = AXIS2_PLACEMENT_3D ( 'NONE', #2893, #12172, #6945 ) ;
#12521 = DIRECTION ( 'NONE',  ( -3.304235192336776005E-16, 1.000000000000000000, 0.000000000000000000 ) ) ;
#12522 = DIRECTION ( 'NONE',  ( -0.000000000000000000, -0.000000000000000000, -1.000000000000000000 ) ) ;
#12523 = DIRECTION ( 'NONE',  ( 0.000000000000000000, 0.000000000000000000, -1.000000000000000000 ) ) ;
#12524 = EDGE_CURVE ( 'NONE', #10823, #11691, #2534, .T. ) ;
#12525 = EDGE_CURVE ( 'NONE', #252, #8530, #9553, .T. ) ;
#12526 = PLANE ( 'NONE',  #11207 ) ;
#12527 = EDGE_CURVE ( 'NONE', #12557, #10689, #645, .T. ) ;
#12529 = AXIS2_PLACEMENT_3D ( 'NONE', #1034, #5066, #1178 ) ;
#12528 = LINE ( 'NONE', #301, #3319 ) ;
#12530 = PLANE ( 'NONE',  #10570 ) ;
#12531 = VERTEX_POINT ( 'NONE', #7309 ) ;
#12532 = DIRECTION ( 'NONE',  ( 0.000000000000000000, -0.000000000000000000, -1.000000000000000000 ) ) ;
#12533 = VERTEX_POINT ( 'NONE', #9504 ) ;
#12534 = EDGE_CURVE ( 'NONE', #10251, #4179, #3388, .T. ) ;
#12535 = DIRECTION ( 'NONE',  ( 0.000000000000000000, 0.000000000000000000, -1.000000000000000000 ) ) ;
#12536 = AXIS2_PLACEMENT_3D ( 'NONE', #8667, #5427, #5366 ) ;
#12537 = VECTOR ( 'NONE', #3784, 1000.000000000000000 ) ;
#12538 = CARTESIAN_POINT ( 'NONE',  ( -7.924621202458747682, 5.249999999999995559, -20.77500000000004476 ) ) ;
#12539 = CARTESIAN_POINT ( 'NONE',  ( -5.249999999999997335, 7.924621202458751235, -24.77500000000004832 ) ) ;
#12540 = CARTESIAN_POINT ( 'NONE',  ( -4.478679656440354151, -3.011165235168150378, -104.7750000000000057 ) ) ;
#12541 = EDGE_CURVE ( 'NONE', #9024, #4354, #4391, .T. ) ;
#12542 = VERTEX_POINT ( 'NONE', #9312 ) ;
#12543 = ORIENTED_EDGE ( 'NONE', *, *, #9074, .F. ) ;
#12544 = VECTOR ( 'NONE', #10711, 1000.000000000000000 ) ;
#12545 = ORIENTED_EDGE ( 'NONE', *, *, #9946, .F. ) ;
#12546 = CARTESIAN_POINT ( 'NONE',  ( -2.499999999999999556, -8.424621202458752123, -20.77500000000004476 ) ) ;
#12547 = VECTOR ( 'NONE', #2203, 1000.000000000000000 ) ;
#12548 = ORIENTED_EDGE ( 'NONE', *, *, #788, .F. ) ;
#12549 = EDGE_LOOP ( 'NONE', ( #3867, #9086, #7911, #1752 ) ) ;
#12550 = DIRECTION ( 'NONE',  ( -1.000000000000000000, 3.304235192336776498E-16, 0.000000000000000000 ) ) ;
#12551 = ORIENTED_EDGE ( 'NONE', *, *, #12586, .T. ) ;
#12552 = CARTESIAN_POINT ( 'NONE',  ( -0.8898448916085185401, 3.600000000000000533, 304.8000000000000114 ) ) ;
#12553 = LINE ( 'NONE', #3478, #10804 ) ;
#12554 = VERTEX_POINT ( 'NONE', #11479 ) ;
#12555 = FACE_OUTER_BOUND ( 'NONE', #7108, .T. ) ;
#12556 = VECTOR ( 'NONE', #6755, 1000.000000000000000 ) ;
#12557 = VERTEX_POINT ( 'NONE', #425 ) ;
#12558 = VECTOR ( 'NONE', #12571, 1000.000000000000000 ) ;
#12559 = CARTESIAN_POINT ( 'NONE',  ( 5.249999999999997335, -7.424621202458749458, 304.8000000000000114 ) ) ;
#12560 = EDGE_CURVE ( 'NONE', #3156, #2649, #234, .T. ) ;
#12561 = EDGE_CURVE ( 'NONE', #10525, #3489, #6565, .T. ) ;
#12563 = ADVANCED_FACE ( 'NONE', ( #12395 ), #6254, .F. ) ;
#12562 = DIRECTION ( 'NONE',  ( -1.000000000000000000, -3.304235192336776498E-16, 0.000000000000000000 ) ) ;
#12564 = DIRECTION ( 'NONE',  ( -1.000000000000000000, 0.000000000000000000, 0.000000000000000000 ) ) ;
#12565 = ORIENTED_EDGE ( 'NONE', *, *, #11461, .F. ) ;
#12566 = DIRECTION ( 'NONE',  ( -1.000000000000000000, 9.035018104045872913E-16, 0.000000000000000000 ) ) ;
#12567 = CONTEXT_DEPENDENT_SHAPE_REPRESENTATION ( #3670, #10618 ) ;
#12568 = CARTESIAN_POINT ( 'NONE',  ( 8.424621202458750346, 3.000000000000001332, 304.8000000000000114 ) ) ;
#12569 = ORIENTED_EDGE ( 'NONE', *, *, #3716, .T. ) ;
#12570 = ORIENTED_EDGE ( 'NONE', *, *, #4441, .F. ) ;
#12571 = DIRECTION ( 'NONE',  ( 0.000000000000000000, 0.000000000000000000, -1.000000000000000000 ) ) ;
#12572 = DIRECTION ( 'NONE',  ( -0.000000000000000000, 0.000000000000000000, -1.000000000000000000 ) ) ;
#12573 = ADVANCED_FACE ( 'NONE', ( #7376 ), #10501, .F. ) ;
#12574 = DIRECTION ( 'NONE',  ( -1.000000000000000000, 0.000000000000000000, 0.000000000000000000 ) ) ;
#12575 = LINE ( 'NONE', #1643, #2362 ) ;
#12576 = DIRECTION ( 'NONE',  ( 0.000000000000000000, -1.000000000000000000, 0.000000000000000000 ) ) ;
#12577 = FACE_OUTER_BOUND ( 'NONE', #10764, .T. ) ;
#12578 = CARTESIAN_POINT ( 'NONE',  ( 2.149999999999999911, 1.284004426264853453E-14, 304.8000000000000114 ) ) ;
#12579 = ORIENTED_EDGE ( 'NONE', *, *, #8166, .F. ) ;
#12580 = VERTEX_POINT ( 'NONE', #9834 ) ;
#12581 = ORIENTED_EDGE ( 'NONE', *, *, #552, .T. ) ;
#12582 = ORIENTED_EDGE ( 'NONE', *, *, #10024, .T. ) ;
#12583 = CARTESIAN_POINT ( 'NONE',  ( 10.00000000000000000, 3.000000000000001332, 304.8000000000000114 ) ) ;
#12584 = CARTESIAN_POINT ( 'NONE',  ( 4.478679656440354151, 3.011165235168150822, -20.77500000000004476 ) ) ;
#12585 = DIRECTION ( 'NONE',  ( -1.000000000000000000, 0.000000000000000000, 0.000000000000000000 ) ) ;
#12586 = EDGE_CURVE ( 'NONE', #8336, #4062, #12845, .T. ) ;
#12587 = LINE ( 'NONE', #4330, #3098 ) ;
#12588 = CARTESIAN_POINT ( 'NONE',  ( -10.00000000000000000, 3.000000000000001332, 304.8000000000000114 ) ) ;
#12589 = ORIENTED_EDGE ( 'NONE', *, *, #9937, .F. ) ;
#12590 = CARTESIAN_POINT ( 'NONE',  ( -5.249999999999997335, -7.924621202458751235, 304.8000000000000114 ) ) ;
#12591 = ORIENTED_EDGE ( 'NONE', *, *, #5376, .F. ) ;
#12592 = AXIS2_PLACEMENT_3D ( 'NONE', #4261, #3508, #1281 ) ;
#12593 = EDGE_CURVE ( 'NONE', #7112, #11550, #7758, .T. ) ;
#12594 = CYLINDRICAL_SURFACE ( 'NONE', #4049, 0.5000000000000008882 ) ;
#12595 = EDGE_CURVE ( 'NONE', #8312, #12006, #8889, .T. ) ;
#12596 = LINE ( 'NONE', #12538, #12076 ) ;
#12597 = DIRECTION ( 'NONE',  ( -0.000000000000000000, -0.000000000000000000, -1.000000000000000000 ) ) ;
#12598 = DIRECTION ( 'NONE',  ( 0.000000000000000000, 0.000000000000000000, -1.000000000000000000 ) ) ;
#12599 = VECTOR ( 'NONE', #9366, 1000.000000000000000 ) ;
#12600 = EDGE_CURVE ( 'NONE', #1462, #11775, #12269, .T. ) ;
#12601 = LINE ( 'NONE', #2419, #2116 ) ;
#12602 = ORIENTED_EDGE ( 'NONE', *, *, #3733, .T. ) ;
#12603 = DIRECTION ( 'NONE',  ( 0.000000000000000000, 0.000000000000000000, 1.000000000000000000 ) ) ;
#12604 = ORIENTED_EDGE ( 'NONE', *, *, #8636, .T. ) ;
#12605 = ORIENTED_EDGE ( 'NONE', *, *, #6266, .T. ) ;
#12606 = PLANE ( 'NONE',  #5683 ) ;
#12607 = ORIENTED_EDGE ( 'NONE', *, *, #8282, .F. ) ;
#12608 = ORIENTED_EDGE ( 'NONE', *, *, #12800, .F. ) ;
#12609 = CIRCLE ( 'NONE', #10927, 2.999999999999999112 ) ;
#12610 = CIRCLE ( 'NONE', #10928, 0.5000000000000004441 ) ;
#12611 = DIRECTION ( 'NONE',  ( -0.000000000000000000, -0.000000000000000000, -1.000000000000000000 ) ) ;
#12612 = EDGE_CURVE ( 'NONE', #10573, #2090, #806, .T. ) ;
#12613 = PLANE ( 'NONE',  #12898 ) ;
#12614 = VERTEX_POINT ( 'NONE', #3778 ) ;
#12615 = DIRECTION ( 'NONE',  ( -1.000000000000000000, 0.000000000000000000, 0.000000000000000000 ) ) ;
#12616 = ORIENTED_EDGE ( 'NONE', *, *, #12612, .T. ) ;
#12617 = CARTESIAN_POINT ( 'NONE',  ( -5.249999999999997335, 7.924621202458751235, 304.8000000000000114 ) ) ;
#12618 = CIRCLE ( 'NONE', #11566, 2.999999999999999556 ) ;
#12619 = DIRECTION ( 'NONE',  ( 0.000000000000000000, -1.000000000000000000, -0.000000000000000000 ) ) ;
#12620 = CIRCLE ( 'NONE', #2850, 0.5000000000000008882 ) ;
#12621 = DIRECTION ( 'NONE',  ( 0.000000000000000000, -0.000000000000000000, -1.000000000000000000 ) ) ;
#12622 = ORIENTED_EDGE ( 'NONE', *, *, #6435, .F. ) ;
#12623 = LINE ( 'NONE', #11698, #3347 ) ;
#12624 = ITEM_DEFINED_TRANSFORMATION ( 'NONE', 'NONE', #2981,  #3417 ) ;
#12625 = CARTESIAN_POINT ( 'NONE',  ( -7.924621202458747682, -5.249999999999995559, 304.8000000000000114 ) ) ;
#12626 = EDGE_CURVE ( 'NONE', #6040, #8034, #10803, .T. ) ;
#12627 = AXIS2_PLACEMENT_3D ( 'NONE', #6845, #1946, #3790 ) ;
#12628 = ORIENTED_EDGE ( 'NONE', *, *, #8652, .T. ) ;
#12629 = EDGE_LOOP ( 'NONE', ( #3045, #12400, #4413, #1614 ) ) ;
#12630 = CARTESIAN_POINT ( 'NONE',  ( -10.00000000000000000, 3.000000000000001332, 304.8000000000000114 ) ) ;
#12631 = CARTESIAN_POINT ( 'NONE',  ( -2.499999999999999556, 8.424621202458752123, 198.8000000000000398 ) ) ;
#12632 = FACE_OUTER_BOUND ( 'NONE', #1065, .T. ) ;
#12633 = CYLINDRICAL_SURFACE ( 'NONE', #9205, 0.5000000000000004441 ) ;
#12634 = DIRECTION ( 'NONE',  ( 0.000000000000000000, -0.000000000000000000, -1.000000000000000000 ) ) ;
#12636 = CIRCLE ( 'NONE', #11785, 0.5000000000000013323 ) ;
#12635 = FACE_OUTER_BOUND ( 'NONE', #10796, .T. ) ;
#12637 = DIRECTION ( 'NONE',  ( -0.000000000000000000, -0.000000000000000000, -1.000000000000000000 ) ) ;
#12638 = ORIENTED_EDGE ( 'NONE', *, *, #11833, .T. ) ;
#12639 = ORIENTED_EDGE ( 'NONE', *, *, #12346, .F. ) ;
#12640 = ADVANCED_FACE ( 'NONE', ( #5581 ), #4840, .F. ) ;
#12641 = EDGE_CURVE ( 'NONE', #2414, #8336, #2747, .T. ) ;
#12642 = EDGE_CURVE ( 'NONE', #1555, #5836, #6642, .T. ) ;
#12643 = CARTESIAN_POINT ( 'NONE',  ( 5.603553390593272177, 7.071067811865475505, 304.8000000000000114 ) ) ;
#12644 = CARTESIAN_POINT ( 'NONE',  ( -8.424621202458750346, -3.000000000000001332, 304.8000000000000114 ) ) ;
#12645 = CARTESIAN_POINT ( 'NONE',  ( -10.00000000000000000, 8.250000000000000000, 304.8000000000000114 ) ) ;
#12646 = CARTESIAN_POINT ( 'NONE',  ( 5.603553390593272177, 7.071067811865475505, 304.8000000000000114 ) ) ;
#12647 = DIRECTION ( 'NONE',  ( -8.065639195895844836E-16, 1.000000000000000000, 0.000000000000000000 ) ) ;
#12648 = EDGE_LOOP ( 'NONE', ( #12081, #1466, #5013, #333 ) ) ;
#12649 = DIRECTION ( 'NONE',  ( 0.000000000000000000, 0.000000000000000000, -1.000000000000000000 ) ) ;
#12650 = CIRCLE ( 'NONE', #5040, 0.5000000000000008882 ) ;
#12651 = EDGE_LOOP ( 'NONE', ( #7380, #5289, #7263, #7197 ) ) ;
#12652 = ORIENTED_EDGE ( 'NONE', *, *, #5189, .T. ) ;
#12653 = CARTESIAN_POINT ( 'NONE',  ( -8.424621202458750346, -2.500000000000000000, 304.8000000000000114 ) ) ;
#12654 = CARTESIAN_POINT ( 'NONE',  ( 3.000000000000000888, -7.924621202458751235, 304.8000000000000114 ) ) ;
#12655 = CARTESIAN_POINT ( 'NONE',  ( 7.071067811865473729, 5.603553390593270400, 304.8000000000000114 ) ) ;
#12656 = PLANE ( 'NONE',  #5496 ) ;
#12657 = VECTOR ( 'NONE', #8028, 1000.000000000000000 ) ;
#12658 = EDGE_CURVE ( 'NONE', #9161, #9114, #11601, .T. ) ;
#12659 = PLANE ( 'NONE',  #7824 ) ;
#12660 = EDGE_LOOP ( 'NONE', ( #4130, #12494, #4685, #3794 ) ) ;
#12661 = CARTESIAN_POINT ( 'NONE',  ( -8.250000000000000000, 8.250000000000000000, 304.8000000000000114 ) ) ;
#12662 = VERTEX_POINT ( 'NONE', #3577 ) ;
#12663 = EDGE_LOOP ( 'NONE', ( #6785, #9650, #6193, #5129 ) ) ;
#12664 = LINE ( 'NONE', #3727, #7790 ) ;
#12665 = ORIENTED_EDGE ( 'NONE', *, *, #11080, .T. ) ;
#12666 = ORIENTED_EDGE ( 'NONE', *, *, #11483, .T. ) ;
#12667 = CIRCLE ( 'NONE', #5699, 0.5000000000000004441 ) ;
#12668 = DIRECTION ( 'NONE',  ( 1.000000000000000000, 8.065639195895846808E-16, -0.000000000000000000 ) ) ;
#12669 = EDGE_CURVE ( 'NONE', #9867, #8808, #2523, .T. ) ;
#12670 = DIRECTION ( 'NONE',  ( 0.000000000000000000, 0.000000000000000000, 1.000000000000000000 ) ) ;
#12671 = ORIENTED_EDGE ( 'NONE', *, *, #634, .F. ) ;
#12672 = DIRECTION ( 'NONE',  ( -1.541976423090499183E-15, 1.000000000000000000, -0.000000000000000000 ) ) ;
#12673 = ORIENTED_EDGE ( 'NONE', *, *, #361, .F. ) ;
#12674 = EDGE_CURVE ( 'NONE', #8649, #59, #12610, .T. ) ;
#12675 = DIRECTION ( 'NONE',  ( -0.000000000000000000, 0.000000000000000000, -1.000000000000000000 ) ) ;
#12676 = PRESENTATION_LAYER_ASSIGNMENT (  '', '', ( #220 ) ) ;
#12677 = CARTESIAN_POINT ( 'NONE',  ( 5.249999999999997335, 7.924621202458751235, 304.8000000000000114 ) ) ;
#12678 = AXIS2_PLACEMENT_3D ( 'NONE', #10303, #159, #12255 ) ;
#12679 = ADVANCED_FACE ( 'NONE', ( #7626 ), #11666, .F. ) ;
#12680 = FACE_OUTER_BOUND ( 'NONE', #3422, .T. ) ;
#12681 = VERTEX_POINT ( 'NONE', #679 ) ;
#12682 = CARTESIAN_POINT ( 'NONE',  ( 2.500000000000000000, -8.424621202458752123, 304.8000000000000114 ) ) ;
#12683 = SHAPE_DEFINITION_REPRESENTATION ( #4465, #4593 ) ;
#12684 = DIRECTION ( 'NONE',  ( 0.000000000000000000, 0.000000000000000000, 1.000000000000000000 ) ) ;
#12685 = ADVANCED_FACE ( 'NONE', ( #10690 ), #1597, .F. ) ;
#12686 = CIRCLE ( 'NONE', #5933, 0.5000000000000004441 ) ;
#12687 = VECTOR ( 'NONE', #9838, 1000.000000000000000 ) ;
#12688 = ORIENTED_EDGE ( 'NONE', *, *, #9510, .T. ) ;
#12689 = ORIENTED_EDGE ( 'NONE', *, *, #4378, .F. ) ;
#12690 = VERTEX_POINT ( 'NONE', #11731 ) ;
#12691 = FACE_OUTER_BOUND ( 'NONE', #12784, .T. ) ;
#12692 = DIRECTION ( 'NONE',  ( 1.000000000000000000, 2.924200878718996689E-15, 0.000000000000000000 ) ) ;
#12693 = LINE ( 'NONE', #727, #5765 ) ;
#12694 = LINE ( 'NONE', #10544, #10475 ) ;
#12695 = DIRECTION ( 'NONE',  ( 1.000000000000000000, 0.000000000000000000, 0.000000000000000000 ) ) ;
#12696 = AXIS2_PLACEMENT_3D ( 'NONE', #8341, #974, #4295 ) ;
#12697 = CARTESIAN_POINT ( 'NONE',  ( 8.424621202458750346, 3.000000000000001332, 304.8000000000000114 ) ) ;
#12698 = CIRCLE ( 'NONE', #4258, 0.5000000000000004441 ) ;
#12699 = CARTESIAN_POINT ( 'NONE',  ( 2.500000000000000444, -9.500000000000000000, 304.8000000000000114 ) ) ;
#12700 = DIRECTION ( 'NONE',  ( 0.000000000000000000, -0.000000000000000000, -1.000000000000000000 ) ) ;
#12701 = ORIENTED_EDGE ( 'NONE', *, *, #12118, .F. ) ;
#12702 = ORIENTED_EDGE ( 'NONE', *, *, #6580, .F. ) ;
#12703 = SHAPE_REPRESENTATION ( 'AL210_5537T104', ( #3417 ), #11459 ) ;
#12704 = VECTOR ( 'NONE', #3001, 1000.000000000000000 ) ;
#12705 = CARTESIAN_POINT ( 'NONE',  ( 8.424621202458750346, 2.500000000000000000, 304.8000000000000114 ) ) ;
#12706 = CIRCLE ( 'NONE', #6166, 0.5000000000000004441 ) ;
#12707 = DIRECTION ( 'NONE',  ( 0.7071067811865474617, -0.7071067811865476838, 0.000000000000000000 ) ) ;
#12708 = AXIS2_PLACEMENT_3D ( 'NONE', #4734, #4794, #8781 ) ;
#12709 = LINE ( 'NONE', #9499, #10590 ) ;
#12710 = LINE ( 'NONE', #10510, #7490 ) ;
#12711 = AXIS2_PLACEMENT_3D ( 'NONE', #11316, #2308, #7209 ) ;
#12712 = ADVANCED_FACE ( 'NONE', ( #6761 ), #2654, .F. ) ;
#12714 = EDGE_CURVE ( 'NONE', #794, #8018, #4717, .T. ) ;
#12713 = DIRECTION ( 'NONE',  ( -1.000000000000000000, 0.000000000000000000, 0.000000000000000000 ) ) ;
#12715 = DIRECTION ( 'NONE',  ( 0.000000000000000000, 0.000000000000000000, -1.000000000000000000 ) ) ;
#12716 = EDGE_CURVE ( 'NONE', #6003, #9599, #2671, .T. ) ;
#12717 = ORIENTED_EDGE ( 'NONE', *, *, #11327, .F. ) ;
#12718 = VECTOR ( 'NONE', #10258, 1000.000000000000000 ) ;
#12719 = CARTESIAN_POINT ( 'NONE',  ( -1.257674520083185143E-14, 1.257674520083185143E-14, 304.8000000000000114 ) ) ;
#12720 = VECTOR ( 'NONE', #9375, 1000.000000000000000 ) ;
#12721 = EDGE_LOOP ( 'NONE', ( #5985, #2797, #503, #4977 ) ) ;
#12722 = LINE ( 'NONE', #553, #9960 ) ;
#12723 = CARTESIAN_POINT ( 'NONE',  ( -3.599999999999997424, 0.8898448916085081040, 304.8000000000000114 ) ) ;
#12724 = CARTESIAN_POINT ( 'NONE',  ( 2.500000000000000444, -9.500000000000000000, 304.8000000000000114 ) ) ;
#12725 = DIRECTION ( 'NONE',  ( -0.000000000000000000, -0.000000000000000000, -1.000000000000000000 ) ) ;
#12726 = CYLINDRICAL_SURFACE ( 'NONE', #11919, 0.5000000000000004441 ) ;
#12727 = AXIS2_PLACEMENT_3D ( 'NONE', #1054, #1849, #5966 ) ;
#12728 = CARTESIAN_POINT ( 'NONE',  ( 3.599999999999997424, 0.8898448916085081040, -24.77500000000004832 ) ) ;
#12729 = ORIENTED_EDGE ( 'NONE', *, *, #9701, .T. ) ;
#12730 = DIRECTION ( 'NONE',  ( 1.000000000000000000, -1.541976423090498986E-15, 0.000000000000000000 ) ) ;
#12731 = VERTEX_POINT ( 'NONE', #10023 ) ;
#12732 = ORIENTED_EDGE ( 'NONE', *, *, #3299, .F. ) ;
#12733 = DIRECTION ( 'NONE',  ( 0.000000000000000000, -0.000000000000000000, -1.000000000000000000 ) ) ;
#12734 = VECTOR ( 'NONE', #5295, 1000.000000000000000 ) ;
#12735 = ORIENTED_EDGE ( 'NONE', *, *, #9261, .F. ) ;
#12736 = ORIENTED_EDGE ( 'NONE', *, *, #11042, .T. ) ;
#12737 = CIRCLE ( 'NONE', #8737, 2.999999999999999556 ) ;
#12738 = LINE ( 'NONE', #6659, #4271 ) ;
#12739 = CARTESIAN_POINT ( 'NONE',  ( -8.424621202458750346, -3.000000000000001332, 304.8000000000000114 ) ) ;
#12740 = ORIENTED_EDGE ( 'NONE', *, *, #4766, .F. ) ;
#12741 = CARTESIAN_POINT ( 'NONE',  ( -2.499999999999999556, -8.424621202458752123, 304.8000000000000114 ) ) ;
#12742 = ORIENTED_EDGE ( 'NONE', *, *, #918, .F. ) ;
#12743 = CARTESIAN_POINT ( 'NONE',  ( 3.000000000000000888, -7.924621202458751235, 94.79999999999999716 ) ) ;
#12744 = AXIS2_PLACEMENT_3D ( 'NONE', #7301, #3115, #7097 ) ;
#12745 = LINE ( 'NONE', #9530, #1892 ) ;
#12747 = EDGE_CURVE ( 'NONE', #7175, #6176, #9019, .T. ) ;
#12746 = LINE ( 'NONE', #8595, #10096 ) ;
#12748 = ORIENTED_EDGE ( 'NONE', *, *, #194, .F. ) ;
#12749 = DIRECTION ( 'NONE',  ( -0.000000000000000000, -0.000000000000000000, -1.000000000000000000 ) ) ;
#12750 = SHAPE_DEFINITION_REPRESENTATION ( #464, #3658 ) ;
#12751 = EDGE_CURVE ( 'NONE', #12226, #6667, #2971, .T. ) ;
#12752 = CARTESIAN_POINT ( 'NONE',  ( -9.500000000000000000, 3.000000000000001332, -20.77500000000004476 ) ) ;
#12753 = VECTOR ( 'NONE', #11492, 1000.000000000000000 ) ;
#12754 = VECTOR ( 'NONE', #1850, 1000.000000000000000 ) ;
#12755 = CYLINDRICAL_SURFACE ( 'NONE', #11849, 2.150000000000012790 ) ;
#12756 = ORIENTED_EDGE ( 'NONE', *, *, #3897, .T. ) ;
#12757 = EDGE_CURVE ( 'NONE', #5908, #744, #86, .T. ) ;
#12758 = ORIENTED_EDGE ( 'NONE', *, *, #6724, .T. ) ;
#12759 = ORIENTED_EDGE ( 'NONE', *, *, #641, .T. ) ;
#12760 = LINE ( 'NONE', #11830, #11298 ) ;
#12761 = DIRECTION ( 'NONE',  ( 1.000000000000000000, 0.000000000000000000, 0.000000000000000000 ) ) ;
#12762 = CARTESIAN_POINT ( 'NONE',  ( 3.011165235168161036, -4.478679656440357704, -20.77500000000004476 ) ) ;
#12763 = CARTESIAN_POINT ( 'NONE',  ( -5.249999999999997335, 7.424621202458749458, 304.8000000000000114 ) ) ;
#12764 = VECTOR ( 'NONE', #8082, 1000.000000000000000 ) ;
#12767 = EDGE_CURVE ( 'NONE', #12614, #10375, #12978, .T. ) ;
#12766 = AXIS2_PLACEMENT_3D ( 'NONE', #3205, #7255, #10451 ) ;
#12765 = DIRECTION ( 'NONE',  ( 1.000000000000000000, 4.873668131198272923E-16, 0.000000000000000000 ) ) ;
#12768 = DIRECTION ( 'NONE',  ( -1.000000000000000000, 0.000000000000000000, 0.000000000000000000 ) ) ;
#12769 = CARTESIAN_POINT ( 'NONE',  ( -8.424621202458750346, 3.000000000000001332, 304.8000000000000114 ) ) ;
#12770 = LINE ( 'NONE', #6557, #2263 ) ;
#12771 = ORIENTED_EDGE ( 'NONE', *, *, #9214, .F. ) ;
#12772 = EDGE_LOOP ( 'NONE', ( #8116, #2033 ) ) ;
#12773 = VERTEX_POINT ( 'NONE', #7090 ) ;
#12774 = EDGE_CURVE ( 'NONE', #8135, #3924, #4903, .T. ) ;
#12775 = CARTESIAN_POINT ( 'NONE',  ( -3.600000000000000089, 0.000000000000000000, 304.8000000000000114 ) ) ;
#12776 = DIRECTION ( 'NONE',  ( 1.000000000000000000, 0.000000000000000000, 0.000000000000000000 ) ) ;
#12777 = LINE ( 'NONE', #740, #4300 ) ;
#12778 = DIRECTION ( 'NONE',  ( 1.000000000000000000, 0.000000000000000000, -0.000000000000000000 ) ) ;
#12779 = PRODUCT_DEFINITION ( 'UNKNOWN', '', #5983, #12892 ) ;
#12780 = DIRECTION ( 'NONE',  ( -0.000000000000000000, -0.000000000000000000, -1.000000000000000000 ) ) ;
#12781 = LINE ( 'NONE', #2651, #8015 ) ;
#12782 = ORIENTED_EDGE ( 'NONE', *, *, #10750, .T. ) ;
#12783 = DIRECTION ( 'NONE',  ( 1.541976423090498986E-15, -1.000000000000000000, 0.000000000000000000 ) ) ;
#12784 = EDGE_LOOP ( 'NONE', ( #8036, #6247, #1563, #1223 ) ) ;
#12785 = LINE ( 'NONE', #4719, #2343 ) ;
#12786 = EDGE_CURVE ( 'NONE', #4354, #9657, #10940, .T. ) ;
#12787 = CARTESIAN_POINT ( 'NONE',  ( -7.924621202458749458, 3.000000000000001332, 304.8000000000000114 ) ) ;
#12788 = DIRECTION ( 'NONE',  ( -1.000000000000000000, 0.000000000000000000, 0.000000000000000000 ) ) ;
#12789 = DIRECTION ( 'NONE',  ( 0.000000000000000000, 0.000000000000000000, -1.000000000000000000 ) ) ;
#12790 = CARTESIAN_POINT ( 'NONE',  ( 10.00000000000000000, -3.000000000000001332, 304.8000000000000114 ) ) ;
#12791 = ORIENTED_EDGE ( 'NONE', *, *, #6700, .F. ) ;
#12792 = LINE ( 'NONE', #3991, #2478 ) ;
#12793 = ORIENTED_EDGE ( 'NONE', *, *, #3935, .F. ) ;
#12794 = ORIENTED_EDGE ( 'NONE', *, *, #10462, .T. ) ;
#12795 = LINE ( 'NONE', #9780, #610 ) ;
#12796 = ORIENTED_EDGE ( 'NONE', *, *, #7749, .F. ) ;
#12797 = VERTEX_POINT ( 'NONE', #9084 ) ;
#12798 = FACE_OUTER_BOUND ( 'NONE', #7163, .T. ) ;
#12799 = EDGE_CURVE ( 'NONE', #7950, #6773, #7128, .T. ) ;
#12800 = EDGE_CURVE ( 'NONE', #10190, #3416, #11356, .T. ) ;
#12801 = DIRECTION ( 'NONE',  ( -0.000000000000000000, -0.000000000000000000, -1.000000000000000000 ) ) ;
#12802 = ORIENTED_EDGE ( 'NONE', *, *, #8128, .T. ) ;
#12803 = DIRECTION ( 'NONE',  ( -0.000000000000000000, 0.000000000000000000, -1.000000000000000000 ) ) ;
#12804 = ORIENTED_EDGE ( 'NONE', *, *, #6316, .T. ) ;
#12805 = MANIFOLD_SOLID_BREP ( 'Cut-Extrude1', #237 ) ;
#12806 = CARTESIAN_POINT ( 'NONE',  ( 0.8898448916085185401, 3.600000000000000533, 94.79999999999999716 ) ) ;
#12807 = DIRECTION ( 'NONE',  ( -1.000000000000000000, 0.000000000000000000, 0.000000000000000000 ) ) ;
#12808 = CARTESIAN_POINT ( 'NONE',  ( 2.149999999999999911, 1.284004426264853453E-14, -104.7750000000000057 ) ) ;
#12809 = AXIS2_PLACEMENT_3D ( 'NONE', #8867, #10980, #3093 ) ;
#12810 = EDGE_LOOP ( 'NONE', ( #8764, #6525, #10891, #1004 ) ) ;
#12811 = CARTESIAN_POINT ( 'NONE',  ( -9.500000000000000000, 2.500000000000000444, 304.8000000000000114 ) ) ;
#12812 = CARTESIAN_POINT ( 'NONE',  ( -6.599999999999996092, 0.8898448916085081040, 304.8000000000000114 ) ) ;
#12813 = CARTESIAN_POINT ( 'NONE',  ( 5.603553390593272177, 7.071067811865475505, 304.8000000000000114 ) ) ;
#12814 = VERTEX_POINT ( 'NONE', #11197 ) ;
#12815 = ORIENTED_EDGE ( 'NONE', *, *, #13013, .T. ) ;
#12816 = ADVANCED_FACE ( 'NONE', ( #4045 ), #8087, .F. ) ;
#12817 = EDGE_LOOP ( 'NONE', ( #4263, #9582, #6081, #2480 ) ) ;
#12818 = CARTESIAN_POINT ( 'NONE',  ( -9.500000000000000000, -2.500000000000000444, 304.8000000000000114 ) ) ;
#12819 = STYLED_ITEM ( 'NONE', ( #8014 ), #12805 ) ;
#12820 = LINE ( 'NONE', #6673, #5349 ) ;
#12822 = EDGE_CURVE ( 'NONE', #4222, #11092, #12120, .T. ) ;
#12821 = CARTESIAN_POINT ( 'NONE',  ( 3.000000000000000888, -7.924621202458751235, 304.8000000000000114 ) ) ;
#12823 = CARTESIAN_POINT ( 'NONE',  ( -8.424621202458750346, 2.500000000000000000, 304.8000000000000114 ) ) ;
#12824 = DIRECTION ( 'NONE',  ( -0.000000000000000000, 0.000000000000000000, -1.000000000000000000 ) ) ;
#12825 = CARTESIAN_POINT ( 'NONE',  ( 5.603553390593272177, 7.071067811865475505, 304.8000000000000114 ) ) ;
#12826 = EDGE_CURVE ( 'NONE', #12963, #744, #2057, .T. ) ;
#12827 = FACE_OUTER_BOUND ( 'NONE', #958, .T. ) ;
#12828 = CARTESIAN_POINT ( 'NONE',  ( 5.249999999999997335, 7.924621202458751235, -24.77500000000004832 ) ) ;
#12829 = ORIENTED_EDGE ( 'NONE', *, *, #3366, .F. ) ;
#12830 = CIRCLE ( 'NONE', #3328, 0.5000000000000008882 ) ;
#12831 = VERTEX_POINT ( 'NONE', #5099 ) ;
#12832 = ORIENTED_EDGE ( 'NONE', *, *, #8558, .F. ) ;
#12833 = EDGE_CURVE ( 'NONE', #10681, #12415, #10726, .T. ) ;
#12834 = DIRECTION ( 'NONE',  ( 0.7071067811865474617, -0.7071067811865476838, 0.000000000000000000 ) ) ;
#12835 = CARTESIAN_POINT ( 'NONE',  ( 3.000000000000000888, -7.924621202458751235, 198.8000000000000398 ) ) ;
#12836 = CARTESIAN_POINT ( 'NONE',  ( 7.424621202458747682, -5.249999999999995559, 198.8000000000000398 ) ) ;
#12837 = VECTOR ( 'NONE', #8351, 1000.000000000000000 ) ;
#12838 = EDGE_CURVE ( 'NONE', #5704, #5714, #7947, .T. ) ;
#12839 = LINE ( 'NONE', #1854, #7900 ) ;
#12840 = VERTEX_POINT ( 'NONE', #11460 ) ;
#12841 = CARTESIAN_POINT ( 'NONE',  ( 3.011165235168160592, -4.478679656440356815, 304.8000000000000114 ) ) ;
#12842 = DIRECTION ( 'NONE',  ( 0.7071067811865474617, 0.7071067811865476838, 0.000000000000000000 ) ) ;
#12843 = ADVANCED_FACE ( 'NONE', ( #6445 ), #12318, .F. ) ;
#12844 = ORIENTED_EDGE ( 'NONE', *, *, #12868, .T. ) ;
#12845 = LINE ( 'NONE', #10810, #4027 ) ;
#12846 = ORIENTED_EDGE ( 'NONE', *, *, #3046, .T. ) ;
#12847 = DIRECTION ( 'NONE',  ( 1.000000000000000000, 0.000000000000000000, 0.000000000000000000 ) ) ;
#12848 = EDGE_CURVE ( 'NONE', #9286, #4824, #1340, .T. ) ;
#12849 = CARTESIAN_POINT ( 'NONE',  ( -10.00000000000000000, -8.250000000000000000, 304.8000000000000114 ) ) ;
#12850 = CARTESIAN_POINT ( 'NONE',  ( -7.924621202458747682, -5.249999999999995559, 304.8000000000000114 ) ) ;
#12851 = CARTESIAN_POINT ( 'NONE',  ( 3.000000000000000888, -8.424621202458752123, 304.8000000000000114 ) ) ;
#12852 = CIRCLE ( 'NONE', #3138, 0.5000000000000008882 ) ;
#12853 = DIRECTION ( 'NONE',  ( -1.000000000000000000, 0.000000000000000000, 0.000000000000000000 ) ) ;
#12854 = ORIENTED_EDGE ( 'NONE', *, *, #12380, .F. ) ;
#12855 = DIRECTION ( 'NONE',  ( 1.000000000000000000, 0.000000000000000000, 0.000000000000000000 ) ) ;
#12856 = ORIENTED_EDGE ( 'NONE', *, *, #8900, .F. ) ;
#12857 = ORIENTED_EDGE ( 'NONE', *, *, #8322, .T. ) ;
#12858 = DIRECTION ( 'NONE',  ( 0.000000000000000000, 0.000000000000000000, 1.000000000000000000 ) ) ;
#12859 = ORIENTED_EDGE ( 'NONE', *, *, #7728, .T. ) ;
#12860 = ORIENTED_EDGE ( 'NONE', *, *, #13001, .T. ) ;
#12861 = VERTEX_POINT ( 'NONE', #10488 ) ;
#12862 = CARTESIAN_POINT ( 'NONE',  ( 7.071067811865473729, 5.603553390593270400, 304.8000000000000114 ) ) ;
#12863 = CARTESIAN_POINT ( 'NONE',  ( 2.499999999999999556, -8.424621202458752123, 304.8000000000000114 ) ) ;
#12864 = EDGE_LOOP ( 'NONE', ( #1064, #132, #9449, #1372 ) ) ;
#12865 = LINE ( 'NONE', #6857, #9980 ) ;
#12866 = ORIENTED_EDGE ( 'NONE', *, *, #5571, .T. ) ;
#12867 = CARTESIAN_POINT ( 'NONE',  ( -3.011165235168160592, 4.478679656440357704, 304.8000000000000114 ) ) ;
#12868 = EDGE_CURVE ( 'NONE', #2930, #7112, #1413, .T. ) ;
#12869 = DIRECTION ( 'NONE',  ( -1.000000000000000000, 0.000000000000000000, 0.000000000000000000 ) ) ;
#12870 = EDGE_CURVE ( 'NONE', #3682, #5679, #569, .T. ) ;
#12871 = AXIS2_PLACEMENT_3D ( 'NONE', #10981, #2887, #4820 ) ;
#12872 = EDGE_LOOP ( 'NONE', ( #2074, #3762, #5451, #8628 ) ) ;
#12873 = EDGE_CURVE ( 'NONE', #6486, #11615, #1397, .T. ) ;
#12874 = FACE_OUTER_BOUND ( 'NONE', #12411, .T. ) ;
#12875 = CONTEXT_DEPENDENT_SHAPE_REPRESENTATION ( #8249, #247 ) ;
#12876 = CARTESIAN_POINT ( 'NONE',  ( 9.500000000000000000, -3.000000000000001332, 304.8000000000000114 ) ) ;
#12877 = LINE ( 'NONE', #10778, #11639 ) ;
#12878 = ORIENTED_EDGE ( 'NONE', *, *, #1559, .F. ) ;
#12879 = CIRCLE ( 'NONE', #9106, 0.5000000000000004441 ) ;
#12880 = EDGE_LOOP ( 'NONE', ( #4716, #5760, #5594, #8837 ) ) ;
#12881 = FACE_OUTER_BOUND ( 'NONE', #1042, .T. ) ;
#12882 = CIRCLE ( 'NONE', #12678, 1.749999999999999778 ) ;
#12883 = DIRECTION ( 'NONE',  ( 1.000000000000000000, 0.000000000000000000, 0.000000000000000000 ) ) ;
#12884 = DIRECTION ( 'NONE',  ( 3.304235192336776498E-16, -1.000000000000000000, 0.000000000000000000 ) ) ;
#12885 = FACE_OUTER_BOUND ( 'NONE', #3426, .T. ) ;
#12886 = CARTESIAN_POINT ( 'NONE',  ( 10.00000000000000000, -3.000000000000001332, 304.8000000000000114 ) ) ;
#12887 = LINE ( 'NONE', #922, #8676 ) ;
#12888 = CARTESIAN_POINT ( 'NONE',  ( -6.599999999999996092, 0.8898448916085081040, 304.8000000000000114 ) ) ;
#12889 = AXIS2_PLACEMENT_3D ( 'NONE', #7456, #2475, #4344 ) ;
#12890 = VECTOR ( 'NONE', #10090, 1000.000000000000000 ) ;
#12891 = ORIENTED_EDGE ( 'NONE', *, *, #3445, .F. ) ;
#12892 = PRODUCT_DEFINITION_CONTEXT ( 'detailed design', #5285, 'design' ) ;
#12893 = ORIENTED_EDGE ( 'NONE', *, *, #4960, .T. ) ;
#12894 = CARTESIAN_POINT ( 'NONE',  ( -2.150000000000025224, 1.257674520083185143E-14, 304.8000000000000114 ) ) ;
#12895 = CARTESIAN_POINT ( 'NONE',  ( 7.924621202458747682, 5.249999999999995559, 304.8000000000000114 ) ) ;
#12896 = EDGE_CURVE ( 'NONE', #10958, #10573, #3248, .T. ) ;
#12897 = DIRECTION ( 'NONE',  ( 0.000000000000000000, -0.000000000000000000, -1.000000000000000000 ) ) ;
#12898 = AXIS2_PLACEMENT_3D ( 'NONE', #11504, #7584, #5468 ) ;
#12900 = CIRCLE ( 'NONE', #4464, 0.5000000000000004441 ) ;
#12899 = DIRECTION ( 'NONE',  ( -1.000000000000000000, 0.000000000000000000, 0.000000000000000000 ) ) ;
#12901 = LINE ( 'NONE', #2707, #12556 ) ;
#12902 = CARTESIAN_POINT ( 'NONE',  ( 10.00000000000000000, -3.000000000000001332, 304.8000000000000114 ) ) ;
#12903 = CARTESIAN_POINT ( 'NONE',  ( 3.000000000000000888, -9.500000000000000000, 304.8000000000000114 ) ) ;
#12904 = ORIENTED_EDGE ( 'NONE', *, *, #4526, .T. ) ;
#12905 = VERTEX_POINT ( 'NONE', #1267 ) ;
#12906 = DIRECTION ( 'NONE',  ( 1.000000000000000000, 3.304235192336776498E-16, 0.000000000000000000 ) ) ;
#12907 = EDGE_CURVE ( 'NONE', #1306, #7973, #6498, .T. ) ;
#12908 = VERTEX_POINT ( 'NONE', #5302 ) ;
#12909 = VECTOR ( 'NONE', #4797, 1000.000000000000000 ) ;
#12911 = EDGE_CURVE ( 'NONE', #1222, #12003, #5218, .T. ) ;
#12910 = VECTOR ( 'NONE', #11541, 1000.000000000000000 ) ;
#12912 = CYLINDRICAL_SURFACE ( 'NONE', #1913, 2.999999999999999112 ) ;
#12913 = FACE_OUTER_BOUND ( 'NONE', #1688, .T. ) ;
#12914 = ORIENTED_EDGE ( 'NONE', *, *, #1305, .T. ) ;
#12915 = LINE ( 'NONE', #8830, #12537 ) ;
#12916 = EDGE_CURVE ( 'NONE', #185, #4934, #12445, .T. ) ;
#12917 = DIRECTION ( 'NONE',  ( -1.000000000000000000, 0.000000000000000000, 0.000000000000000000 ) ) ;
#12918 = AXIS2_PLACEMENT_3D ( 'NONE', #11456, #8609, #473 ) ;
#12919 = AXIS2_PLACEMENT_3D ( 'NONE', #1737, #613, #5707 ) ;
#12920 = CARTESIAN_POINT ( 'NONE',  ( -0.8898448916085185401, -3.600000000000000533, 94.79999999999999716 ) ) ;
#12921 = LINE ( 'NONE', #100, #1479 ) ;
#12922 = ORIENTED_EDGE ( 'NONE', *, *, #10242, .T. ) ;
#12923 = DIRECTION ( 'NONE',  ( -1.000000000000000000, 0.000000000000000000, 0.000000000000000000 ) ) ;
#12924 = ADVANCED_FACE ( 'NONE', ( #5432 ), #9368, .T. ) ;
#12925 = EDGE_LOOP ( 'NONE', ( #12264, #7453 ) ) ;
#12926 = VERTEX_POINT ( 'NONE', #9489 ) ;
#12927 = CARTESIAN_POINT ( 'NONE',  ( 7.424621202458747682, -5.249999999999995559, -24.77500000000004832 ) ) ;
#12928 = PRODUCT_DEFINITION_FORMATION_WITH_SPECIFIED_SOURCE ( 'ANY', '', #9237, .NOT_KNOWN. ) ;
#12929 = ORIENTED_EDGE ( 'NONE', *, *, #4142, .F. ) ;
#12930 = EDGE_LOOP ( 'NONE', ( #5183, #1676, #4202, #3537 ) ) ;
#12931 = ORIENTED_EDGE ( 'NONE', *, *, #13001, .F. ) ;
#12932 = CYLINDRICAL_SURFACE ( 'NONE', #11231, 1.749999999999999778 ) ;
#12933 = AXIS2_PLACEMENT_3D ( 'NONE', #6981, #3931, #8914 ) ;
#12934 = AXIS2_PLACEMENT_3D ( 'NONE', #8419, #12435, #3362 ) ;
#12935 = DIRECTION ( 'NONE',  ( 0.000000000000000000, -0.000000000000000000, 1.000000000000000000 ) ) ;
#12936 = CYLINDRICAL_SURFACE ( 'NONE', #8716, 0.5000000000000004441 ) ;
#12937 = EDGE_CURVE ( 'NONE', #4270, #4584, #10548, .T. ) ;
#12938 = EDGE_LOOP ( 'NONE', ( #4183, #5763, #6118, #8559 ) ) ;
#12939 = DIRECTION ( 'NONE',  ( 0.000000000000000000, -0.000000000000000000, -1.000000000000000000 ) ) ;
#12940 = CYLINDRICAL_SURFACE ( 'NONE', #9183, 1.749999999999999778 ) ;
#12941 = AXIS2_PLACEMENT_3D ( 'NONE', #6239, #6099, #10288 ) ;
#12942 = PRODUCT_RELATED_PRODUCT_CATEGORY ( 'part', '', ( #12282 ) ) ;
#12943 = CARTESIAN_POINT ( 'NONE',  ( 2.500000000000000000, -8.424621202458752123, 304.8000000000000114 ) ) ;
#12944 = AXIS2_PLACEMENT_3D ( 'NONE', #11382, #6362, #204 ) ;
#12945 = ORIENTED_EDGE ( 'NONE', *, *, #11277, .F. ) ;
#12946 = CARTESIAN_POINT ( 'NONE',  ( 8.424621202458750346, -2.500000000000000000, 304.8000000000000114 ) ) ;
#12947 = CARTESIAN_POINT ( 'NONE',  ( -10.00000000000000000, 3.000000000000001332, -20.77500000000004476 ) ) ;
#12948 = DIRECTION ( 'NONE',  ( 0.000000000000000000, -0.000000000000000000, -1.000000000000000000 ) ) ;
#12949 = ORIENTED_EDGE ( 'NONE', *, *, #10739, .T. ) ;
#12950 = AXIS2_PLACEMENT_3D ( 'NONE', #12024, #4157, #2238 ) ;
#12951 = ADVANCED_FACE ( 'NONE', ( #2260 ), #7422, .F. ) ;
#12953 = ADVANCED_FACE ( 'NONE', ( #212 ), #4250, .T. ) ;
#12952 = AXIS2_PLACEMENT_3D ( 'NONE', #8438, #12455, #11533 ) ;
#12954 = VERTEX_POINT ( 'NONE', #11391 ) ;
#12955 = EDGE_CURVE ( 'NONE', #7009, #3580, #4437, .T. ) ;
#12956 = FACE_OUTER_BOUND ( 'NONE', #325, .T. ) ;
#12957 = CARTESIAN_POINT ( 'NONE',  ( 9.500000000000000000, 3.000000000000001332, 304.8000000000000114 ) ) ;
#12958 = CARTESIAN_POINT ( 'NONE',  ( 8.424621202458750346, 2.500000000000000000, 94.79999999999999716 ) ) ;
#12959 = DIRECTION ( 'NONE',  ( 0.000000000000000000, 0.000000000000000000, 1.000000000000000000 ) ) ;
#12960 = FACE_OUTER_BOUND ( 'NONE', #7298, .T. ) ;
#12961 = VECTOR ( 'NONE', #9259, 1000.000000000000000 ) ;
#12962 = VECTOR ( 'NONE', #7940, 1000.000000000000000 ) ;
#12963 = VERTEX_POINT ( 'NONE', #149 ) ;
#12964 = ORIENTED_EDGE ( 'NONE', *, *, #11540, .T. ) ;
#12965 = EDGE_CURVE ( 'NONE', #9114, #8442, #3941, .T. ) ;
#12966 =( REPRESENTATION_RELATIONSHIP ('NONE','NONE', #11367, #7647 ) REPRESENTATION_RELATIONSHIP_WITH_TRANSFORMATION ( #5065 )SHAPE_REPRESENTATION_RELATIONSHIP( ) );
#12967 = DIRECTION ( 'NONE',  ( -1.000000000000000000, 0.000000000000000000, 0.000000000000000000 ) ) ;
#12968 = EDGE_CURVE ( 'NONE', #5803, #4912, #6372, .T. ) ;
#12969 = DIRECTION ( 'NONE',  ( -1.000000000000000000, -8.065639195895846808E-16, 0.000000000000000000 ) ) ;
#12970 = VECTOR ( 'NONE', #3773, 1000.000000000000000 ) ;
#12971 = DIRECTION ( 'NONE',  ( 1.000000000000000000, 0.000000000000000000, 0.000000000000000000 ) ) ;
#12972 = CIRCLE ( 'NONE', #9423, 0.5000000000000004441 ) ;
#12973 = DIRECTION ( 'NONE',  ( -1.000000000000000000, 0.000000000000000000, 0.000000000000000000 ) ) ;
#12974 = CARTESIAN_POINT ( 'NONE',  ( 8.424621202458750346, 2.500000000000000000, 94.79999999999999716 ) ) ;
#12975 = DIRECTION ( 'NONE',  ( -0.000000000000000000, -0.000000000000000000, -1.000000000000000000 ) ) ;
#12976 = DIRECTION ( 'NONE',  ( 1.000000000000000000, 0.000000000000000000, 0.000000000000000000 ) ) ;
#12977 = VERTEX_POINT ( 'NONE', #11329 ) ;
#12978 = LINE ( 'NONE', #5977, #11767 ) ;
#12979 = ORIENTED_EDGE ( 'NONE', *, *, #2341, .T. ) ;
#12980 = CARTESIAN_POINT ( 'NONE',  ( 7.924621202458747682, 5.249999999999995559, 304.8000000000000114 ) ) ;
#12981 = DIRECTION ( 'NONE',  ( -1.000000000000000000, 0.000000000000000000, 0.000000000000000000 ) ) ;
#12982 = ORIENTED_EDGE ( 'NONE', *, *, #3927, .T. ) ;
#12983 = DIRECTION ( 'NONE',  ( -1.000000000000000000, 0.000000000000000000, 0.000000000000000000 ) ) ;
#12984 = DIRECTION ( 'NONE',  ( -8.065639195895846808E-16, -1.000000000000000000, 0.000000000000000000 ) ) ;
#12985 = EDGE_CURVE ( 'NONE', #5770, #8355, #12770, .T. ) ;
#12986 = DIRECTION ( 'NONE',  ( -1.000000000000000000, 0.000000000000000000, 0.000000000000000000 ) ) ;
#12987 = ADVANCED_FACE ( 'NONE', ( #10866 ), #3700, .F. ) ;
#12988 = LINE ( 'NONE', #7171, #11630 ) ;
#12989 = VERTEX_POINT ( 'NONE', #6746 ) ;
#12990 = PLANE ( 'NONE',  #6711 ) ;
#12991 = ORIENTED_EDGE ( 'NONE', *, *, #10634, .F. ) ;
#12992 = ORIENTED_EDGE ( 'NONE', *, *, #7136, .T. ) ;
#12993 = ADVANCED_FACE ( 'NONE', ( #9744 ), #8557, .T. ) ;
#12994 = DIRECTION ( 'NONE',  ( 0.000000000000000000, -0.000000000000000000, -1.000000000000000000 ) ) ;
#12995 = ORIENTED_EDGE ( 'NONE', *, *, #7302, .F. ) ;
#12996 = ORIENTED_EDGE ( 'NONE', *, *, #11862, .F. ) ;
#12997 = DIRECTION ( 'NONE',  ( 1.000000000000000000, -3.304235192336776498E-16, 0.000000000000000000 ) ) ;
#12998 = CARTESIAN_POINT ( 'NONE',  ( 3.011165235168160592, 4.478679656440356815, -20.77500000000004476 ) ) ;
#12999 = CARTESIAN_POINT ( 'NONE',  ( 9.500000000000000000, -2.500000000000000444, 304.8000000000000114 ) ) ;
#13000 = ORIENTED_EDGE ( 'NONE', *, *, #10666, .F. ) ;
#13001 = EDGE_CURVE ( 'NONE', #7874, #6175, #2510, .T. ) ;
#13002 = DIRECTION ( 'NONE',  ( -1.000000000000000000, 1.734723475976807292E-15, 0.000000000000000000 ) ) ;
#13003 = FACE_OUTER_BOUND ( 'NONE', #6480, .T. ) ;
#13004 = EDGE_LOOP ( 'NONE', ( #9135, #7174, #1981, #11302 ) ) ;
#13005 = VERTEX_POINT ( 'NONE', #4698 ) ;
#13006 = ADVANCED_FACE ( 'NONE', ( #11717 ), #9623, .F. ) ;
#13007 = PLANE ( 'NONE',  #4411 ) ;
#13008 = DIRECTION ( 'NONE',  ( 0.000000000000000000, -0.000000000000000000, -1.000000000000000000 ) ) ;
#13009 = CIRCLE ( 'NONE', #4591, 2.999999999999999556 ) ;
#13010 = LINE ( 'NONE', #3945, #7630 ) ;
#13011 = FACE_OUTER_BOUND ( 'NONE', #2281, .T. ) ;
#13012 = EDGE_LOOP ( 'NONE', ( #13048, #2802, #2689, #11057 ) ) ;
#13013 = EDGE_CURVE ( 'NONE', #10823, #2139, #536, .T. ) ;
#13014 = ORIENTED_EDGE ( 'NONE', *, *, #8750, .T. ) ;
#13015 = DIRECTION ( 'NONE',  ( 0.7071067811865484609, 0.7071067811865466846, -0.000000000000000000 ) ) ;
#13016 = AXIS2_PLACEMENT_3D ( 'NONE', #5430, #6496, #285 ) ;
#13017 = CARTESIAN_POINT ( 'NONE',  ( -3.000000000000000888, 10.00000000000000000, 304.8000000000000114 ) ) ;
#13018 = FACE_OUTER_BOUND ( 'NONE', #8073, .T. ) ;
#13019 = DIRECTION ( 'NONE',  ( 0.000000000000000000, 0.000000000000000000, -1.000000000000000000 ) ) ;
#13020 = DIRECTION ( 'NONE',  ( 0.000000000000000000, -0.000000000000000000, -1.000000000000000000 ) ) ;
#13021 =( NAMED_UNIT ( * ) PLANE_ANGLE_UNIT ( ) SI_UNIT ( $, .RADIAN. ) );
#13022 = ORIENTED_EDGE ( 'NONE', *, *, #5408, .F. ) ;
#13023 = PRODUCT_DEFINITION_CONTEXT ( 'detailed design', #1476, 'design' ) ;
#13024 = ORIENTED_EDGE ( 'NONE', *, *, #11420, .F. ) ;
#13025 = AXIS2_PLACEMENT_3D ( 'NONE', #1252, #6227, #338 ) ;
#13026 = AXIS2_PLACEMENT_3D ( 'NONE', #12719, #3648, #7695 ) ;
#13027 = CARTESIAN_POINT ( 'NONE',  ( -7.424621202458747682, 5.249999999999995559, 304.8000000000000114 ) ) ;
#13028 = DIRECTION ( 'NONE',  ( -1.000000000000000000, 0.000000000000000000, 0.000000000000000000 ) ) ;
#13029 = CARTESIAN_POINT ( 'NONE',  ( -5.249999999999997335, 7.424621202458749458, 304.8000000000000114 ) ) ;
#13030 = DIRECTION ( 'NONE',  ( -2.924200878718997083E-15, 1.000000000000000000, 0.000000000000000000 ) ) ;
#13031 = DIRECTION ( 'NONE',  ( -0.7071067811865484609, 0.7071067811865466846, 0.000000000000000000 ) ) ;
#13032 = CYLINDRICAL_SURFACE ( 'NONE', #9021, 0.5000000000000004441 ) ;
#13034 = AXIS2_PLACEMENT_3D ( 'NONE', #12661, #4533, #11614 ) ;
#13033 = LINE ( 'NONE', #4112, #1053 ) ;
#13035 = AXIS2_PLACEMENT_3D ( 'NONE', #11081, #9029, #6965 ) ;
#13036 = ORIENTED_EDGE ( 'NONE', *, *, #9546, .F. ) ;
#13037 = ORIENTED_EDGE ( 'NONE', *, *, #10786, .T. ) ;
#13038 = SURFACE_SIDE_STYLE ('',( #9230 ) ) ;
#13039 = EDGE_CURVE ( 'NONE', #8728, #3643, #1100, .T. ) ;
#13040 = EDGE_CURVE ( 'NONE', #12226, #11112, #9781, .T. ) ;
#13041 = ORIENTED_EDGE ( 'NONE', *, *, #3445, .T. ) ;
#13042 = VECTOR ( 'NONE', #3288, 1000.000000000000000 ) ;
#13043 = EDGE_CURVE ( 'NONE', #9262, #11605, #3630, .T. ) ;
#13044 = DIRECTION ( 'NONE',  ( 1.000000000000000000, 3.304235192336776498E-16, 0.000000000000000000 ) ) ;
#13045 = ORIENTED_EDGE ( 'NONE', *, *, #1765, .F. ) ;
#13046 = DIRECTION ( 'NONE',  ( -8.065639195895846808E-16, -1.000000000000000000, 0.000000000000000000 ) ) ;
#13047 = VECTOR ( 'NONE', #2213, 1000.000000000000000 ) ;
#13048 = ORIENTED_EDGE ( 'NONE', *, *, #4908, .F. ) ;
#13049 = DIRECTION ( 'NONE',  ( -8.065639195895846808E-16, 1.000000000000000000, 0.000000000000000000 ) ) ;
#13050 = DIRECTION ( 'NONE',  ( -3.304235192336776498E-16, -1.000000000000000000, 0.000000000000000000 ) ) ;
#13051 = DIRECTION ( 'NONE',  ( 1.000000000000000000, 0.000000000000000000, 0.000000000000000000 ) ) ;
#13052 = LINE ( 'NONE', #11011, #12231 ) ;
#13053 = EDGE_LOOP ( 'NONE', ( #12608, #12589, #3974, #98 ) ) ;
#13054 = DIRECTION ( 'NONE',  ( -1.000000000000000000, 0.000000000000000000, 0.000000000000000000 ) ) ;
#13055 = ORIENTED_EDGE ( 'NONE', *, *, #7510, .T. ) ;
#13056 = CARTESIAN_POINT ( 'NONE',  ( 3.000000000000000888, -8.424621202458752123, -104.7750000000000057 ) ) ;
#13057 = AXIS2_PLACEMENT_3D ( 'NONE', #10983, #5083, #10006 ) ;
#13058 = ORIENTED_EDGE ( 'NONE', *, *, #2206, .T. ) ;
#13059 = ORIENTED_EDGE ( 'NONE', *, *, #5177, .F. ) ;
#13060 = DIRECTION ( 'NONE',  ( -2.924200878718997083E-15, 1.000000000000000000, 0.000000000000000000 ) ) ;
#13061 = EDGE_LOOP ( 'NONE', ( #12014, #11812, #9782, #4338 ) ) ;
#13062 = ORIENTED_EDGE ( 'NONE', *, *, #2840, .T. ) ;
#13063 = DIRECTION ( 'NONE',  ( 0.000000000000000000, -0.000000000000000000, -1.000000000000000000 ) ) ;
#13064 = DIRECTION ( 'NONE',  ( -1.000000000000000000, 0.000000000000000000, 0.000000000000000000 ) ) ;
#13065 = LINE ( 'NONE', #4000, #8285 ) ;
#13066 = VERTEX_POINT ( 'NONE', #5623 ) ;
#13067 = VECTOR ( 'NONE', #1631, 1000.000000000000000 ) ;
#13068 = EDGE_CURVE ( 'NONE', #2293, #8738, #1648, .T. ) ;
#13069 = LINE ( 'NONE', #6135, #12961 ) ;
#13070 = DIRECTION ( 'NONE',  ( -0.000000000000000000, -0.000000000000000000, -1.000000000000000000 ) ) ;
#13071 = VERTEX_POINT ( 'NONE', #5689 ) ;
#13072 = ORIENTED_EDGE ( 'NONE', *, *, #8322, .F. ) ;
#13073 = AXIS2_PLACEMENT_3D ( 'NONE', #804, #10150, #8957 ) ;
#13074 = NEXT_ASSEMBLY_USAGE_OCCURRENCE ( 'NAUO1', ' ', ' ', #8268, #5910, $ ) ;
#13075 = NEXT_ASSEMBLY_USAGE_OCCURRENCE ( 'NAUO2', ' ', ' ', #8268, #12779, $ ) ;
#13076 = NEXT_ASSEMBLY_USAGE_OCCURRENCE ( 'NAUO3', ' ', ' ', #8268, #5910, $ ) ;
#13077 = NEXT_ASSEMBLY_USAGE_OCCURRENCE ( 'NAUO4', ' ', ' ', #8268, #12779, $ ) ;
#13078 = NEXT_ASSEMBLY_USAGE_OCCURRENCE ( 'NAUO5', ' ', ' ', #8268, #497, $ ) ;
#13079 = NEXT_ASSEMBLY_USAGE_OCCURRENCE ( 'NAUO6', ' ', ' ', #8268, #497, $ ) ;
#13080 = NEXT_ASSEMBLY_USAGE_OCCURRENCE ( 'NAUO7', ' ', ' ', #8268, #497, $ ) ;
#13081 = NEXT_ASSEMBLY_USAGE_OCCURRENCE ( 'NAUO8', ' ', ' ', #8268, #497, $ ) ;
#13082 = NEXT_ASSEMBLY_USAGE_OCCURRENCE ( 'NAUO9', ' ', ' ', #8268, #12779, $ ) ;
#13083 = NEXT_ASSEMBLY_USAGE_OCCURRENCE ( 'NAUO10', ' ', ' ', #8268, #5910, $ ) ;
#13084 = NEXT_ASSEMBLY_USAGE_OCCURRENCE ( 'NAUO11', ' ', ' ', #8268, #12779, $ ) ;
#13085 = NEXT_ASSEMBLY_USAGE_OCCURRENCE ( 'NAUO12', ' ', ' ', #8268, #5910, $ ) ;
#13086 = NEXT_ASSEMBLY_USAGE_OCCURRENCE ( 'NAUO13', ' ', ' ', #8268, #10620, $ ) ;
#13087 = NEXT_ASSEMBLY_USAGE_OCCURRENCE ( 'NAUO14', ' ', ' ', #8268, #11808, $ ) ;
#13088 = NEXT_ASSEMBLY_USAGE_OCCURRENCE ( 'NAUO15', ' ', ' ', #8268, #10620, $ ) ;
#13089 = NEXT_ASSEMBLY_USAGE_OCCURRENCE ( 'NAUO16', ' ', ' ', #8268, #10620, $ ) ;
#13090 = NEXT_ASSEMBLY_USAGE_OCCURRENCE ( 'NAUO17', ' ', ' ', #8268, #10620, $ ) ;
#13091 = NEXT_ASSEMBLY_USAGE_OCCURRENCE ( 'NAUO18', ' ', ' ', #8268, #11808, $ ) ;
#13092 = NEXT_ASSEMBLY_USAGE_OCCURRENCE ( 'NAUO19', ' ', ' ', #8268, #12779, $ ) ;
#13093 = NEXT_ASSEMBLY_USAGE_OCCURRENCE ( 'NAUO20', ' ', ' ', #8268, #12779, $ ) ;
#13094 = NEXT_ASSEMBLY_USAGE_OCCURRENCE ( 'NAUO21', ' ', ' ', #8268, #12779, $ ) ;
ENDSEC;
END-ISO-10303-21;
