ISO-10303-21;
HEADER;
FILE_DESCRIPTION((''),'2;1');
FILE_NAME('GARDEN_CART_BLK','2025-09-26T14:38:24',('small'),(''),
'CREO PARAMETRIC BY PTC INC, 2025123','CREO PARAMETRIC BY PTC INC, 2025123','');
FILE_SCHEMA(('CONFIG_CONTROL_DESIGN'));
ENDSEC;
DATA;
#1=DIRECTION('',(0.E0,1.E0,0.E0));
#2=VECTOR('',#1,2.E1);
#3=CARTESIAN_POINT('',(3.565831205742E2,-4.45E2,-3.5E1));
#4=LINE('',#3,#2);
#5=DIRECTION('',(0.E0,1.E0,0.E0));
#6=VECTOR('',#5,2.E1);
#7=CARTESIAN_POINT('',(3.565831205742E2,4.25E2,-3.5E1));
#8=LINE('',#7,#6);
#9=DIRECTION('',(0.E0,0.E0,1.E0));
#10=VECTOR('',#9,3.6E2);
#11=CARTESIAN_POINT('',(-8.1E2,-4.45E2,-1.8E2));
#12=LINE('',#11,#10);
#13=DIRECTION('',(0.E0,0.E0,-1.E0));
#14=VECTOR('',#13,1.1E2);
#15=CARTESIAN_POINT('',(-7.75E2,-4.45E2,1.45E2));
#16=LINE('',#15,#14);
#17=DIRECTION('',(1.E0,0.E0,0.E0));
#18=VECTOR('',#17,3.6E2);
#19=CARTESIAN_POINT('',(-7.75E2,-4.45E2,3.5E1));
#20=LINE('',#19,#18);
#21=DIRECTION('',(0.E0,0.E0,1.E0));
#22=VECTOR('',#21,1.1E2);
#23=CARTESIAN_POINT('',(-4.15E2,-4.45E2,3.5E1));
#24=LINE('',#23,#22);
#25=DIRECTION('',(-1.E0,0.E0,0.E0));
#26=VECTOR('',#25,3.6E2);
#27=CARTESIAN_POINT('',(-4.15E2,-4.45E2,1.45E2));
#28=LINE('',#27,#26);
#29=DIRECTION('',(0.E0,0.E0,-1.E0));
#30=VECTOR('',#29,1.1E2);
#31=CARTESIAN_POINT('',(-2.15E2,-4.45E2,1.45E2));
#32=LINE('',#31,#30);
#33=DIRECTION('',(1.E0,0.E0,0.E0));
#34=VECTOR('',#33,3.6E2);
#35=CARTESIAN_POINT('',(-2.15E2,-4.45E2,3.5E1));
#36=LINE('',#35,#34);
#37=DIRECTION('',(0.E0,0.E0,1.E0));
#38=VECTOR('',#37,1.1E2);
#39=CARTESIAN_POINT('',(1.45E2,-4.45E2,3.5E1));
#40=LINE('',#39,#38);
#41=DIRECTION('',(-1.E0,0.E0,0.E0));
#42=VECTOR('',#41,3.6E2);
#43=CARTESIAN_POINT('',(1.45E2,-4.45E2,1.45E2));
#44=LINE('',#43,#42);
#45=DIRECTION('',(0.E0,0.E0,-1.E0));
#46=VECTOR('',#45,1.1E2);
#47=CARTESIAN_POINT('',(3.565831205742E2,-4.45E2,1.45E2));
#48=LINE('',#47,#46);
#49=DIRECTION('',(1.E0,0.E0,0.E0));
#50=VECTOR('',#49,3.6E2);
#51=CARTESIAN_POINT('',(3.565831205742E2,-4.45E2,3.5E1));
#52=LINE('',#51,#50);
#53=DIRECTION('',(0.E0,0.E0,1.E0));
#54=VECTOR('',#53,1.1E2);
#55=CARTESIAN_POINT('',(7.165831205742E2,-4.45E2,3.5E1));
#56=LINE('',#55,#54);
#57=DIRECTION('',(-1.E0,0.E0,0.E0));
#58=VECTOR('',#57,3.6E2);
#59=CARTESIAN_POINT('',(7.165831205742E2,-4.45E2,1.45E2));
#60=LINE('',#59,#58);
#61=DIRECTION('',(1.E0,0.E0,0.E0));
#62=VECTOR('',#61,3.6E2);
#63=CARTESIAN_POINT('',(-7.75E2,-4.45E2,-1.45E2));
#64=LINE('',#63,#62);
#65=DIRECTION('',(0.E0,0.E0,1.E0));
#66=VECTOR('',#65,1.1E2);
#67=CARTESIAN_POINT('',(-4.15E2,-4.45E2,-1.45E2));
#68=LINE('',#67,#66);
#69=DIRECTION('',(-1.E0,0.E0,0.E0));
#70=VECTOR('',#69,3.6E2);
#71=CARTESIAN_POINT('',(-4.15E2,-4.45E2,-3.5E1));
#72=LINE('',#71,#70);
#73=DIRECTION('',(0.E0,0.E0,-1.E0));
#74=VECTOR('',#73,1.1E2);
#75=CARTESIAN_POINT('',(-7.75E2,-4.45E2,-3.5E1));
#76=LINE('',#75,#74);
#77=DIRECTION('',(1.E0,0.E0,0.E0));
#78=VECTOR('',#77,3.6E2);
#79=CARTESIAN_POINT('',(-2.15E2,-4.45E2,-1.45E2));
#80=LINE('',#79,#78);
#81=DIRECTION('',(0.E0,0.E0,1.E0));
#82=VECTOR('',#81,1.1E2);
#83=CARTESIAN_POINT('',(1.45E2,-4.45E2,-1.45E2));
#84=LINE('',#83,#82);
#85=DIRECTION('',(-1.E0,0.E0,0.E0));
#86=VECTOR('',#85,3.6E2);
#87=CARTESIAN_POINT('',(1.45E2,-4.45E2,-3.5E1));
#88=LINE('',#87,#86);
#89=DIRECTION('',(0.E0,0.E0,-1.E0));
#90=VECTOR('',#89,1.1E2);
#91=CARTESIAN_POINT('',(-2.15E2,-4.45E2,-3.5E1));
#92=LINE('',#91,#90);
#93=DIRECTION('',(1.E0,0.E0,0.E0));
#94=VECTOR('',#93,3.6E2);
#95=CARTESIAN_POINT('',(3.565831205742E2,-4.45E2,-1.45E2));
#96=LINE('',#95,#94);
#97=DIRECTION('',(0.E0,0.E0,1.E0));
#98=VECTOR('',#97,1.1E2);
#99=CARTESIAN_POINT('',(7.165831205742E2,-4.45E2,-1.45E2));
#100=LINE('',#99,#98);
#101=DIRECTION('',(-1.E0,0.E0,0.E0));
#102=VECTOR('',#101,3.6E2);
#103=CARTESIAN_POINT('',(7.165831205742E2,-4.45E2,-3.5E1));
#104=LINE('',#103,#102);
#105=DIRECTION('',(0.E0,0.E0,-1.E0));
#106=VECTOR('',#105,1.1E2);
#107=CARTESIAN_POINT('',(3.565831205742E2,-4.45E2,-3.5E1));
#108=LINE('',#107,#106);
#109=DIRECTION('',(0.E0,0.E0,-1.E0));
#110=VECTOR('',#109,1.084997109271E2);
#111=CARTESIAN_POINT('',(-3.8E2,-4.45E2,1.434997109271E2));
#112=LINE('',#111,#110);
#113=DIRECTION('',(1.E0,0.E0,0.E0));
#114=VECTOR('',#113,1.3E2);
#115=CARTESIAN_POINT('',(-3.8E2,-4.45E2,3.5E1));
#116=LINE('',#115,#114);
#117=DIRECTION('',(0.E0,0.E0,1.E0));
#118=VECTOR('',#117,1.084997109271E2);
#119=CARTESIAN_POINT('',(-2.5E2,-4.45E2,3.5E1));
#120=LINE('',#119,#118);
#121=DIRECTION('',(-1.E0,0.E0,0.E0));
#122=VECTOR('',#121,1.3E2);
#123=CARTESIAN_POINT('',(-2.5E2,-4.45E2,1.434997109271E2));
#124=LINE('',#123,#122);
#125=DIRECTION('',(0.E0,0.E0,-1.E0));
#126=VECTOR('',#125,1.114348069947E2);
#127=CARTESIAN_POINT('',(1.871255182071E2,-4.45E2,1.464348069947E2));
#128=LINE('',#127,#126);
#129=DIRECTION('',(1.E0,0.E0,0.E0));
#130=VECTOR('',#129,1.3E2);
#131=CARTESIAN_POINT('',(1.871255182071E2,-4.45E2,3.5E1));
#132=LINE('',#131,#130);
#133=DIRECTION('',(0.E0,0.E0,1.E0));
#134=VECTOR('',#133,1.114348069947E2);
#135=CARTESIAN_POINT('',(3.171255182071E2,-4.45E2,3.5E1));
#136=LINE('',#135,#134);
#137=DIRECTION('',(-1.E0,0.E0,0.E0));
#138=VECTOR('',#137,1.3E2);
#139=CARTESIAN_POINT('',(3.171255182071E2,-4.45E2,1.464348069947E2));
#140=LINE('',#139,#138);
#141=DIRECTION('',(1.E0,0.E0,0.E0));
#142=VECTOR('',#141,1.3E2);
#143=CARTESIAN_POINT('',(-3.8E2,-4.45E2,-1.434997109271E2));
#144=LINE('',#143,#142);
#145=DIRECTION('',(0.E0,0.E0,1.E0));
#146=VECTOR('',#145,1.084997109271E2);
#147=CARTESIAN_POINT('',(-2.5E2,-4.45E2,-1.434997109271E2));
#148=LINE('',#147,#146);
#149=DIRECTION('',(-1.E0,0.E0,0.E0));
#150=VECTOR('',#149,1.3E2);
#151=CARTESIAN_POINT('',(-2.5E2,-4.45E2,-3.5E1));
#152=LINE('',#151,#150);
#153=DIRECTION('',(0.E0,0.E0,-1.E0));
#154=VECTOR('',#153,1.084997109271E2);
#155=CARTESIAN_POINT('',(-3.8E2,-4.45E2,-3.5E1));
#156=LINE('',#155,#154);
#157=DIRECTION('',(1.E0,0.E0,0.E0));
#158=VECTOR('',#157,1.3E2);
#159=CARTESIAN_POINT('',(1.871255182071E2,-4.45E2,-1.464348069947E2));
#160=LINE('',#159,#158);
#161=DIRECTION('',(0.E0,0.E0,1.E0));
#162=VECTOR('',#161,1.114348069947E2);
#163=CARTESIAN_POINT('',(3.171255182071E2,-4.45E2,-1.464348069947E2));
#164=LINE('',#163,#162);
#165=DIRECTION('',(-1.E0,0.E0,0.E0));
#166=VECTOR('',#165,1.3E2);
#167=CARTESIAN_POINT('',(3.171255182071E2,-4.45E2,-3.5E1));
#168=LINE('',#167,#166);
#169=DIRECTION('',(0.E0,0.E0,-1.E0));
#170=VECTOR('',#169,1.114348069947E2);
#171=CARTESIAN_POINT('',(1.871255182071E2,-4.45E2,-3.5E1));
#172=LINE('',#171,#170);
#173=DIRECTION('',(-1.E0,0.E0,0.E0));
#174=VECTOR('',#173,1.209323622254E2);
#175=CARTESIAN_POINT('',(7.9E2,-4.25E2,-1.8E2));
#176=LINE('',#175,#174);
#177=DIRECTION('',(0.E0,1.E0,0.E0));
#178=VECTOR('',#177,8.5E2);
#179=CARTESIAN_POINT('',(6.690676377746E2,-4.25E2,-1.8E2));
#180=LINE('',#179,#178);
#181=DIRECTION('',(1.E0,0.E0,0.E0));
#182=VECTOR('',#181,1.209323622254E2);
#183=CARTESIAN_POINT('',(6.690676377746E2,4.25E2,-1.8E2));
#184=LINE('',#183,#182);
#185=DIRECTION('',(0.E0,-1.E0,0.E0));
#186=VECTOR('',#185,8.5E2);
#187=CARTESIAN_POINT('',(7.9E2,4.25E2,-1.8E2));
#188=LINE('',#187,#186);
#189=DIRECTION('',(1.E0,0.E0,0.E0));
#190=VECTOR('',#189,3.109323622254E2);
#191=CARTESIAN_POINT('',(2.740676377746E2,4.25E2,-1.8E2));
#192=LINE('',#191,#190);
#193=DIRECTION('',(0.E0,-1.E0,0.E0));
#194=VECTOR('',#193,8.5E2);
#195=CARTESIAN_POINT('',(5.85E2,4.25E2,-1.8E2));
#196=LINE('',#195,#194);
#197=DIRECTION('',(-1.E0,0.E0,0.E0));
#198=VECTOR('',#197,3.109323622254E2);
#199=CARTESIAN_POINT('',(5.85E2,-4.25E2,-1.8E2));
#200=LINE('',#199,#198);
#201=DIRECTION('',(0.E0,1.E0,0.E0));
#202=VECTOR('',#201,8.5E2);
#203=CARTESIAN_POINT('',(2.740676377746E2,-4.25E2,-1.8E2));
#204=LINE('',#203,#202);
#205=DIRECTION('',(1.E0,0.E0,0.E0));
#206=VECTOR('',#205,3.8E2);
#207=CARTESIAN_POINT('',(-1.9E2,4.25E2,-1.8E2));
#208=LINE('',#207,#206);
#209=DIRECTION('',(0.E0,-1.E0,0.E0));
#210=VECTOR('',#209,8.5E2);
#211=CARTESIAN_POINT('',(1.9E2,4.25E2,-1.8E2));
#212=LINE('',#211,#210);
#213=DIRECTION('',(-1.E0,0.E0,0.E0));
#214=VECTOR('',#213,3.8E2);
#215=CARTESIAN_POINT('',(1.9E2,-4.25E2,-1.8E2));
#216=LINE('',#215,#214);
#217=DIRECTION('',(0.E0,1.E0,0.E0));
#218=VECTOR('',#217,8.5E2);
#219=CARTESIAN_POINT('',(-1.9E2,-4.25E2,-1.8E2));
#220=LINE('',#219,#218);
#221=DIRECTION('',(1.E0,0.E0,0.E0));
#222=VECTOR('',#221,3.109323622254E2);
#223=CARTESIAN_POINT('',(-5.85E2,4.25E2,-1.8E2));
#224=LINE('',#223,#222);
#225=DIRECTION('',(0.E0,-1.E0,0.E0));
#226=VECTOR('',#225,8.5E2);
#227=CARTESIAN_POINT('',(-2.740676377746E2,4.25E2,-1.8E2));
#228=LINE('',#227,#226);
#229=DIRECTION('',(-1.E0,0.E0,0.E0));
#230=VECTOR('',#229,3.109323622254E2);
#231=CARTESIAN_POINT('',(-2.740676377746E2,-4.25E2,-1.8E2));
#232=LINE('',#231,#230);
#233=DIRECTION('',(0.E0,1.E0,0.E0));
#234=VECTOR('',#233,8.5E2);
#235=CARTESIAN_POINT('',(-5.85E2,-4.25E2,-1.8E2));
#236=LINE('',#235,#234);
#237=DIRECTION('',(0.E0,-1.E0,0.E0));
#238=VECTOR('',#237,8.9E2);
#239=CARTESIAN_POINT('',(-8.1E2,4.45E2,-1.8E2));
#240=LINE('',#239,#238);
#241=DIRECTION('',(1.E0,0.E0,0.E0));
#242=VECTOR('',#241,1.62E3);
#243=CARTESIAN_POINT('',(-8.1E2,-4.45E2,-1.8E2));
#244=LINE('',#243,#242);
#245=DIRECTION('',(0.E0,1.E0,0.E0));
#246=VECTOR('',#245,8.9E2);
#247=CARTESIAN_POINT('',(8.1E2,-4.45E2,-1.8E2));
#248=LINE('',#247,#246);
#249=DIRECTION('',(-1.E0,0.E0,0.E0));
#250=VECTOR('',#249,1.62E3);
#251=CARTESIAN_POINT('',(8.1E2,4.45E2,-1.8E2));
#252=LINE('',#251,#250);
#253=DIRECTION('',(1.E0,0.E0,0.E0));
#254=VECTOR('',#253,1.209323622254E2);
#255=CARTESIAN_POINT('',(-7.9E2,4.25E2,-1.8E2));
#256=LINE('',#255,#254);
#257=DIRECTION('',(0.E0,-1.E0,0.E0));
#258=VECTOR('',#257,8.5E2);
#259=CARTESIAN_POINT('',(-6.690676377746E2,4.25E2,-1.8E2));
#260=LINE('',#259,#258);
#261=DIRECTION('',(-1.E0,0.E0,0.E0));
#262=VECTOR('',#261,1.209323622254E2);
#263=CARTESIAN_POINT('',(-6.690676377746E2,-4.25E2,-1.8E2));
#264=LINE('',#263,#262);
#265=DIRECTION('',(0.E0,1.E0,0.E0));
#266=VECTOR('',#265,8.5E2);
#267=CARTESIAN_POINT('',(-7.9E2,-4.25E2,-1.8E2));
#268=LINE('',#267,#266);
#269=DIRECTION('',(1.E0,0.E0,0.E0));
#270=VECTOR('',#269,3.5E1);
#271=CARTESIAN_POINT('',(-6.445E2,4.25E2,-1.8E2));
#272=LINE('',#271,#270);
#273=DIRECTION('',(0.E0,-1.E0,0.E0));
#274=VECTOR('',#273,8.5E2);
#275=CARTESIAN_POINT('',(-6.095E2,4.25E2,-1.8E2));
#276=LINE('',#275,#274);
#277=DIRECTION('',(-1.E0,0.E0,0.E0));
#278=VECTOR('',#277,3.5E1);
#279=CARTESIAN_POINT('',(-6.095E2,-4.25E2,-1.8E2));
#280=LINE('',#279,#278);
#281=DIRECTION('',(0.E0,1.E0,0.E0));
#282=VECTOR('',#281,8.5E2);
#283=CARTESIAN_POINT('',(-6.445E2,-4.25E2,-1.8E2));
#284=LINE('',#283,#282);
#285=DIRECTION('',(0.E0,-1.E0,0.E0));
#286=VECTOR('',#285,8.5E2);
#287=CARTESIAN_POINT('',(6.445E2,4.25E2,-1.8E2));
#288=LINE('',#287,#286);
#289=DIRECTION('',(-1.E0,0.E0,0.E0));
#290=VECTOR('',#289,3.5E1);
#291=CARTESIAN_POINT('',(6.445E2,-4.25E2,-1.8E2));
#292=LINE('',#291,#290);
#293=DIRECTION('',(0.E0,1.E0,0.E0));
#294=VECTOR('',#293,8.5E2);
#295=CARTESIAN_POINT('',(6.095E2,-4.25E2,-1.8E2));
#296=LINE('',#295,#294);
#297=DIRECTION('',(1.E0,0.E0,0.E0));
#298=VECTOR('',#297,3.5E1);
#299=CARTESIAN_POINT('',(6.095E2,4.25E2,-1.8E2));
#300=LINE('',#299,#298);
#301=DIRECTION('',(0.E0,0.E0,-1.E0));
#302=VECTOR('',#301,1.1E2);
#303=CARTESIAN_POINT('',(-7.75E2,-4.25E2,1.45E2));
#304=LINE('',#303,#302);
#305=DIRECTION('',(-1.E0,0.E0,0.E0));
#306=VECTOR('',#305,3.6E2);
#307=CARTESIAN_POINT('',(-4.15E2,-4.25E2,1.45E2));
#308=LINE('',#307,#306);
#309=DIRECTION('',(0.E0,0.E0,1.E0));
#310=VECTOR('',#309,1.1E2);
#311=CARTESIAN_POINT('',(-4.15E2,-4.25E2,3.5E1));
#312=LINE('',#311,#310);
#313=DIRECTION('',(1.E0,0.E0,0.E0));
#314=VECTOR('',#313,3.6E2);
#315=CARTESIAN_POINT('',(-7.75E2,-4.25E2,3.5E1));
#316=LINE('',#315,#314);
#317=DIRECTION('',(0.E0,0.E0,-1.E0));
#318=VECTOR('',#317,1.1E2);
#319=CARTESIAN_POINT('',(-2.15E2,-4.25E2,1.45E2));
#320=LINE('',#319,#318);
#321=DIRECTION('',(-1.E0,0.E0,0.E0));
#322=VECTOR('',#321,3.6E2);
#323=CARTESIAN_POINT('',(1.45E2,-4.25E2,1.45E2));
#324=LINE('',#323,#322);
#325=DIRECTION('',(0.E0,0.E0,1.E0));
#326=VECTOR('',#325,1.1E2);
#327=CARTESIAN_POINT('',(1.45E2,-4.25E2,3.5E1));
#328=LINE('',#327,#326);
#329=DIRECTION('',(1.E0,0.E0,0.E0));
#330=VECTOR('',#329,3.6E2);
#331=CARTESIAN_POINT('',(-2.15E2,-4.25E2,3.5E1));
#332=LINE('',#331,#330);
#333=DIRECTION('',(0.E0,0.E0,-1.E0));
#334=VECTOR('',#333,1.1E2);
#335=CARTESIAN_POINT('',(3.565831205742E2,-4.25E2,1.45E2));
#336=LINE('',#335,#334);
#337=DIRECTION('',(-1.E0,0.E0,0.E0));
#338=VECTOR('',#337,3.6E2);
#339=CARTESIAN_POINT('',(7.165831205742E2,-4.25E2,1.45E2));
#340=LINE('',#339,#338);
#341=DIRECTION('',(0.E0,0.E0,1.E0));
#342=VECTOR('',#341,1.1E2);
#343=CARTESIAN_POINT('',(7.165831205742E2,-4.25E2,3.5E1));
#344=LINE('',#343,#342);
#345=DIRECTION('',(1.E0,0.E0,0.E0));
#346=VECTOR('',#345,3.6E2);
#347=CARTESIAN_POINT('',(3.565831205742E2,-4.25E2,3.5E1));
#348=LINE('',#347,#346);
#349=DIRECTION('',(1.E0,0.E0,0.E0));
#350=VECTOR('',#349,3.6E2);
#351=CARTESIAN_POINT('',(-7.75E2,-4.25E2,-1.45E2));
#352=LINE('',#351,#350);
#353=DIRECTION('',(0.E0,0.E0,-1.E0));
#354=VECTOR('',#353,1.1E2);
#355=CARTESIAN_POINT('',(-7.75E2,-4.25E2,-3.5E1));
#356=LINE('',#355,#354);
#357=DIRECTION('',(-1.E0,0.E0,0.E0));
#358=VECTOR('',#357,3.6E2);
#359=CARTESIAN_POINT('',(-4.15E2,-4.25E2,-3.5E1));
#360=LINE('',#359,#358);
#361=DIRECTION('',(0.E0,0.E0,1.E0));
#362=VECTOR('',#361,1.1E2);
#363=CARTESIAN_POINT('',(-4.15E2,-4.25E2,-1.45E2));
#364=LINE('',#363,#362);
#365=DIRECTION('',(1.E0,0.E0,0.E0));
#366=VECTOR('',#365,3.6E2);
#367=CARTESIAN_POINT('',(-2.15E2,-4.25E2,-1.45E2));
#368=LINE('',#367,#366);
#369=DIRECTION('',(0.E0,0.E0,-1.E0));
#370=VECTOR('',#369,1.1E2);
#371=CARTESIAN_POINT('',(-2.15E2,-4.25E2,-3.5E1));
#372=LINE('',#371,#370);
#373=DIRECTION('',(-1.E0,0.E0,0.E0));
#374=VECTOR('',#373,3.6E2);
#375=CARTESIAN_POINT('',(1.45E2,-4.25E2,-3.5E1));
#376=LINE('',#375,#374);
#377=DIRECTION('',(0.E0,0.E0,1.E0));
#378=VECTOR('',#377,1.1E2);
#379=CARTESIAN_POINT('',(1.45E2,-4.25E2,-1.45E2));
#380=LINE('',#379,#378);
#381=DIRECTION('',(1.E0,0.E0,0.E0));
#382=VECTOR('',#381,3.6E2);
#383=CARTESIAN_POINT('',(3.565831205742E2,-4.25E2,-1.45E2));
#384=LINE('',#383,#382);
#385=DIRECTION('',(0.E0,0.E0,-1.E0));
#386=VECTOR('',#385,1.1E2);
#387=CARTESIAN_POINT('',(3.565831205742E2,-4.25E2,-3.5E1));
#388=LINE('',#387,#386);
#389=DIRECTION('',(-1.E0,0.E0,0.E0));
#390=VECTOR('',#389,3.6E2);
#391=CARTESIAN_POINT('',(7.165831205742E2,-4.25E2,-3.5E1));
#392=LINE('',#391,#390);
#393=DIRECTION('',(0.E0,0.E0,1.E0));
#394=VECTOR('',#393,1.1E2);
#395=CARTESIAN_POINT('',(7.165831205742E2,-4.25E2,-1.45E2));
#396=LINE('',#395,#394);
#397=DIRECTION('',(0.E0,0.E0,-1.E0));
#398=VECTOR('',#397,1.084997109271E2);
#399=CARTESIAN_POINT('',(-3.8E2,-4.25E2,1.434997109271E2));
#400=LINE('',#399,#398);
#401=DIRECTION('',(-1.E0,0.E0,0.E0));
#402=VECTOR('',#401,1.3E2);
#403=CARTESIAN_POINT('',(-2.5E2,-4.25E2,1.434997109271E2));
#404=LINE('',#403,#402);
#405=DIRECTION('',(0.E0,0.E0,1.E0));
#406=VECTOR('',#405,1.084997109271E2);
#407=CARTESIAN_POINT('',(-2.5E2,-4.25E2,3.5E1));
#408=LINE('',#407,#406);
#409=DIRECTION('',(1.E0,0.E0,0.E0));
#410=VECTOR('',#409,1.3E2);
#411=CARTESIAN_POINT('',(-3.8E2,-4.25E2,3.5E1));
#412=LINE('',#411,#410);
#413=DIRECTION('',(0.E0,0.E0,-1.E0));
#414=VECTOR('',#413,1.114348069947E2);
#415=CARTESIAN_POINT('',(1.871255182071E2,-4.25E2,1.464348069947E2));
#416=LINE('',#415,#414);
#417=DIRECTION('',(-1.E0,0.E0,0.E0));
#418=VECTOR('',#417,1.3E2);
#419=CARTESIAN_POINT('',(3.171255182071E2,-4.25E2,1.464348069947E2));
#420=LINE('',#419,#418);
#421=DIRECTION('',(0.E0,0.E0,1.E0));
#422=VECTOR('',#421,1.114348069947E2);
#423=CARTESIAN_POINT('',(3.171255182071E2,-4.25E2,3.5E1));
#424=LINE('',#423,#422);
#425=DIRECTION('',(1.E0,0.E0,0.E0));
#426=VECTOR('',#425,1.3E2);
#427=CARTESIAN_POINT('',(1.871255182071E2,-4.25E2,3.5E1));
#428=LINE('',#427,#426);
#429=DIRECTION('',(1.E0,0.E0,0.E0));
#430=VECTOR('',#429,1.3E2);
#431=CARTESIAN_POINT('',(-3.8E2,-4.25E2,-1.434997109271E2));
#432=LINE('',#431,#430);
#433=DIRECTION('',(0.E0,0.E0,-1.E0));
#434=VECTOR('',#433,1.084997109271E2);
#435=CARTESIAN_POINT('',(-3.8E2,-4.25E2,-3.5E1));
#436=LINE('',#435,#434);
#437=DIRECTION('',(-1.E0,0.E0,0.E0));
#438=VECTOR('',#437,1.3E2);
#439=CARTESIAN_POINT('',(-2.5E2,-4.25E2,-3.5E1));
#440=LINE('',#439,#438);
#441=DIRECTION('',(0.E0,0.E0,1.E0));
#442=VECTOR('',#441,1.084997109271E2);
#443=CARTESIAN_POINT('',(-2.5E2,-4.25E2,-1.434997109271E2));
#444=LINE('',#443,#442);
#445=DIRECTION('',(1.E0,0.E0,0.E0));
#446=VECTOR('',#445,1.3E2);
#447=CARTESIAN_POINT('',(1.871255182071E2,-4.25E2,-1.464348069947E2));
#448=LINE('',#447,#446);
#449=DIRECTION('',(0.E0,0.E0,-1.E0));
#450=VECTOR('',#449,1.114348069947E2);
#451=CARTESIAN_POINT('',(1.871255182071E2,-4.25E2,-3.5E1));
#452=LINE('',#451,#450);
#453=DIRECTION('',(-1.E0,0.E0,0.E0));
#454=VECTOR('',#453,1.3E2);
#455=CARTESIAN_POINT('',(3.171255182071E2,-4.25E2,-3.5E1));
#456=LINE('',#455,#454);
#457=DIRECTION('',(0.E0,0.E0,1.E0));
#458=VECTOR('',#457,1.114348069947E2);
#459=CARTESIAN_POINT('',(3.171255182071E2,-4.25E2,-1.464348069947E2));
#460=LINE('',#459,#458);
#461=DIRECTION('',(-1.E0,0.E0,0.E0));
#462=VECTOR('',#461,1.209323622254E2);
#463=CARTESIAN_POINT('',(7.9E2,-4.25E2,-1.6E2));
#464=LINE('',#463,#462);
#465=DIRECTION('',(0.E0,0.E0,1.E0));
#466=VECTOR('',#465,2.E1);
#467=CARTESIAN_POINT('',(6.690676377746E2,-4.25E2,-1.8E2));
#468=LINE('',#467,#466);
#469=DIRECTION('',(0.E0,0.E0,1.E0));
#470=VECTOR('',#469,2.E1);
#471=CARTESIAN_POINT('',(7.9E2,-4.25E2,-1.8E2));
#472=LINE('',#471,#470);
#473=DIRECTION('',(-1.E0,0.E0,0.E0));
#474=VECTOR('',#473,3.109323622254E2);
#475=CARTESIAN_POINT('',(5.85E2,-4.25E2,-1.6E2));
#476=LINE('',#475,#474);
#477=DIRECTION('',(0.E0,0.E0,1.E0));
#478=VECTOR('',#477,2.E1);
#479=CARTESIAN_POINT('',(2.740676377746E2,-4.25E2,-1.8E2));
#480=LINE('',#479,#478);
#481=DIRECTION('',(0.E0,0.E0,1.E0));
#482=VECTOR('',#481,2.E1);
#483=CARTESIAN_POINT('',(5.85E2,-4.25E2,-1.8E2));
#484=LINE('',#483,#482);
#485=DIRECTION('',(-1.E0,0.E0,0.E0));
#486=VECTOR('',#485,3.8E2);
#487=CARTESIAN_POINT('',(1.9E2,-4.25E2,-1.6E2));
#488=LINE('',#487,#486);
#489=DIRECTION('',(0.E0,0.E0,1.E0));
#490=VECTOR('',#489,2.E1);
#491=CARTESIAN_POINT('',(-1.9E2,-4.25E2,-1.8E2));
#492=LINE('',#491,#490);
#493=DIRECTION('',(0.E0,0.E0,1.E0));
#494=VECTOR('',#493,2.E1);
#495=CARTESIAN_POINT('',(1.9E2,-4.25E2,-1.8E2));
#496=LINE('',#495,#494);
#497=DIRECTION('',(-1.E0,0.E0,0.E0));
#498=VECTOR('',#497,3.109323622254E2);
#499=CARTESIAN_POINT('',(-2.740676377746E2,-4.25E2,-1.6E2));
#500=LINE('',#499,#498);
#501=DIRECTION('',(0.E0,0.E0,1.E0));
#502=VECTOR('',#501,2.E1);
#503=CARTESIAN_POINT('',(-5.85E2,-4.25E2,-1.8E2));
#504=LINE('',#503,#502);
#505=DIRECTION('',(0.E0,0.E0,1.E0));
#506=VECTOR('',#505,2.E1);
#507=CARTESIAN_POINT('',(-2.740676377746E2,-4.25E2,-1.8E2));
#508=LINE('',#507,#506);
#509=DIRECTION('',(-1.E0,0.E0,0.E0));
#510=VECTOR('',#509,1.209323622254E2);
#511=CARTESIAN_POINT('',(-6.690676377746E2,-4.25E2,-1.6E2));
#512=LINE('',#511,#510);
#513=DIRECTION('',(0.E0,0.E0,1.E0));
#514=VECTOR('',#513,2.E1);
#515=CARTESIAN_POINT('',(-6.690676377746E2,-4.25E2,-1.8E2));
#516=LINE('',#515,#514);
#517=DIRECTION('',(-1.E0,0.E0,0.E0));
#518=VECTOR('',#517,1.58E3);
#519=CARTESIAN_POINT('',(7.9E2,-4.25E2,-1.56E2));
#520=LINE('',#519,#518);
#521=DIRECTION('',(0.E0,0.E0,1.E0));
#522=VECTOR('',#521,1.E0);
#523=CARTESIAN_POINT('',(7.9E2,-4.25E2,-1.56E2));
#524=LINE('',#523,#522);
#525=DIRECTION('',(1.E0,0.E0,0.E0));
#526=VECTOR('',#525,2.E1);
#527=CARTESIAN_POINT('',(7.9E2,-4.25E2,-1.55E2));
#528=LINE('',#527,#526);
#529=DIRECTION('',(0.E0,0.E0,1.E0));
#530=VECTOR('',#529,6.134099318592E1);
#531=CARTESIAN_POINT('',(7.9E2,-4.25E2,-3.067049659296E1));
#532=LINE('',#531,#530);
#533=DIRECTION('',(1.E0,0.E0,0.E0));
#534=VECTOR('',#533,2.E1);
#535=CARTESIAN_POINT('',(7.9E2,-4.25E2,3.067049659296E1));
#536=LINE('',#535,#534);
#537=DIRECTION('',(0.E0,0.E0,1.E0));
#538=VECTOR('',#537,2.5E1);
#539=CARTESIAN_POINT('',(7.9E2,-4.25E2,1.55E2));
#540=LINE('',#539,#538);
#541=DIRECTION('',(1.E0,0.E0,0.E0));
#542=VECTOR('',#541,2.E1);
#543=CARTESIAN_POINT('',(-8.1E2,-4.25E2,3.067049659296E1));
#544=LINE('',#543,#542);
#545=DIRECTION('',(1.E0,0.E0,0.E0));
#546=VECTOR('',#545,2.E1);
#547=CARTESIAN_POINT('',(-8.1E2,-4.25E2,-1.55E2));
#548=LINE('',#547,#546);
#549=DIRECTION('',(0.E0,1.E0,0.E0));
#550=VECTOR('',#549,2.E1);
#551=CARTESIAN_POINT('',(-7.75E2,-4.45E2,1.45E2));
#552=LINE('',#551,#550);
#553=DIRECTION('',(0.E0,1.E0,0.E0));
#554=VECTOR('',#553,2.E1);
#555=CARTESIAN_POINT('',(-7.75E2,4.25E2,1.45E2));
#556=LINE('',#555,#554);
#557=DIRECTION('',(0.E0,1.E0,0.E0));
#558=VECTOR('',#557,2.E1);
#559=CARTESIAN_POINT('',(-4.15E2,-4.45E2,1.45E2));
#560=LINE('',#559,#558);
#561=DIRECTION('',(0.E0,1.E0,0.E0));
#562=VECTOR('',#561,2.E1);
#563=CARTESIAN_POINT('',(-4.15E2,4.25E2,1.45E2));
#564=LINE('',#563,#562);
#565=DIRECTION('',(0.E0,1.E0,0.E0));
#566=VECTOR('',#565,2.E1);
#567=CARTESIAN_POINT('',(-4.15E2,-4.45E2,3.5E1));
#568=LINE('',#567,#566);
#569=DIRECTION('',(0.E0,1.E0,0.E0));
#570=VECTOR('',#569,2.E1);
#571=CARTESIAN_POINT('',(-4.15E2,4.25E2,3.5E1));
#572=LINE('',#571,#570);
#573=DIRECTION('',(0.E0,1.E0,0.E0));
#574=VECTOR('',#573,2.E1);
#575=CARTESIAN_POINT('',(-7.75E2,-4.45E2,3.5E1));
#576=LINE('',#575,#574);
#577=DIRECTION('',(0.E0,1.E0,0.E0));
#578=VECTOR('',#577,2.E1);
#579=CARTESIAN_POINT('',(-7.75E2,4.25E2,3.5E1));
#580=LINE('',#579,#578);
#581=DIRECTION('',(0.E0,0.E0,1.E0));
#582=VECTOR('',#581,3.6E2);
#583=CARTESIAN_POINT('',(8.1E2,4.45E2,-1.8E2));
#584=LINE('',#583,#582);
#585=DIRECTION('',(0.E0,0.E0,-1.E0));
#586=VECTOR('',#585,1.1E2);
#587=CARTESIAN_POINT('',(-7.75E2,4.45E2,1.45E2));
#588=LINE('',#587,#586);
#589=DIRECTION('',(-1.E0,0.E0,0.E0));
#590=VECTOR('',#589,3.6E2);
#591=CARTESIAN_POINT('',(-4.15E2,4.45E2,1.45E2));
#592=LINE('',#591,#590);
#593=DIRECTION('',(0.E0,0.E0,1.E0));
#594=VECTOR('',#593,1.1E2);
#595=CARTESIAN_POINT('',(-4.15E2,4.45E2,3.5E1));
#596=LINE('',#595,#594);
#597=DIRECTION('',(1.E0,0.E0,0.E0));
#598=VECTOR('',#597,3.6E2);
#599=CARTESIAN_POINT('',(-7.75E2,4.45E2,3.5E1));
#600=LINE('',#599,#598);
#601=DIRECTION('',(0.E0,0.E0,-1.E0));
#602=VECTOR('',#601,1.1E2);
#603=CARTESIAN_POINT('',(-2.15E2,4.45E2,1.45E2));
#604=LINE('',#603,#602);
#605=DIRECTION('',(-1.E0,0.E0,0.E0));
#606=VECTOR('',#605,3.6E2);
#607=CARTESIAN_POINT('',(1.45E2,4.45E2,1.45E2));
#608=LINE('',#607,#606);
#609=DIRECTION('',(0.E0,0.E0,1.E0));
#610=VECTOR('',#609,1.1E2);
#611=CARTESIAN_POINT('',(1.45E2,4.45E2,3.5E1));
#612=LINE('',#611,#610);
#613=DIRECTION('',(1.E0,0.E0,0.E0));
#614=VECTOR('',#613,3.6E2);
#615=CARTESIAN_POINT('',(-2.15E2,4.45E2,3.5E1));
#616=LINE('',#615,#614);
#617=DIRECTION('',(0.E0,0.E0,-1.E0));
#618=VECTOR('',#617,1.1E2);
#619=CARTESIAN_POINT('',(3.565831205742E2,4.45E2,1.45E2));
#620=LINE('',#619,#618);
#621=DIRECTION('',(-1.E0,0.E0,0.E0));
#622=VECTOR('',#621,3.6E2);
#623=CARTESIAN_POINT('',(7.165831205742E2,4.45E2,1.45E2));
#624=LINE('',#623,#622);
#625=DIRECTION('',(0.E0,0.E0,1.E0));
#626=VECTOR('',#625,1.1E2);
#627=CARTESIAN_POINT('',(7.165831205742E2,4.45E2,3.5E1));
#628=LINE('',#627,#626);
#629=DIRECTION('',(1.E0,0.E0,0.E0));
#630=VECTOR('',#629,3.6E2);
#631=CARTESIAN_POINT('',(3.565831205742E2,4.45E2,3.5E1));
#632=LINE('',#631,#630);
#633=DIRECTION('',(1.E0,0.E0,0.E0));
#634=VECTOR('',#633,3.6E2);
#635=CARTESIAN_POINT('',(-7.75E2,4.45E2,-1.45E2));
#636=LINE('',#635,#634);
#637=DIRECTION('',(0.E0,0.E0,-1.E0));
#638=VECTOR('',#637,1.1E2);
#639=CARTESIAN_POINT('',(-7.75E2,4.45E2,-3.5E1));
#640=LINE('',#639,#638);
#641=DIRECTION('',(-1.E0,0.E0,0.E0));
#642=VECTOR('',#641,3.6E2);
#643=CARTESIAN_POINT('',(-4.15E2,4.45E2,-3.5E1));
#644=LINE('',#643,#642);
#645=DIRECTION('',(0.E0,0.E0,1.E0));
#646=VECTOR('',#645,1.1E2);
#647=CARTESIAN_POINT('',(-4.15E2,4.45E2,-1.45E2));
#648=LINE('',#647,#646);
#649=DIRECTION('',(1.E0,0.E0,0.E0));
#650=VECTOR('',#649,3.6E2);
#651=CARTESIAN_POINT('',(-2.15E2,4.45E2,-1.45E2));
#652=LINE('',#651,#650);
#653=DIRECTION('',(0.E0,0.E0,-1.E0));
#654=VECTOR('',#653,1.1E2);
#655=CARTESIAN_POINT('',(-2.15E2,4.45E2,-3.5E1));
#656=LINE('',#655,#654);
#657=DIRECTION('',(-1.E0,0.E0,0.E0));
#658=VECTOR('',#657,3.6E2);
#659=CARTESIAN_POINT('',(1.45E2,4.45E2,-3.5E1));
#660=LINE('',#659,#658);
#661=DIRECTION('',(0.E0,0.E0,1.E0));
#662=VECTOR('',#661,1.1E2);
#663=CARTESIAN_POINT('',(1.45E2,4.45E2,-1.45E2));
#664=LINE('',#663,#662);
#665=DIRECTION('',(1.E0,0.E0,0.E0));
#666=VECTOR('',#665,3.6E2);
#667=CARTESIAN_POINT('',(3.565831205742E2,4.45E2,-1.45E2));
#668=LINE('',#667,#666);
#669=DIRECTION('',(0.E0,0.E0,-1.E0));
#670=VECTOR('',#669,1.1E2);
#671=CARTESIAN_POINT('',(3.565831205742E2,4.45E2,-3.5E1));
#672=LINE('',#671,#670);
#673=DIRECTION('',(-1.E0,0.E0,0.E0));
#674=VECTOR('',#673,3.6E2);
#675=CARTESIAN_POINT('',(7.165831205742E2,4.45E2,-3.5E1));
#676=LINE('',#675,#674);
#677=DIRECTION('',(0.E0,0.E0,1.E0));
#678=VECTOR('',#677,1.1E2);
#679=CARTESIAN_POINT('',(7.165831205742E2,4.45E2,-1.45E2));
#680=LINE('',#679,#678);
#681=DIRECTION('',(0.E0,0.E0,-1.E0));
#682=VECTOR('',#681,1.084997109271E2);
#683=CARTESIAN_POINT('',(-3.8E2,4.45E2,1.434997109271E2));
#684=LINE('',#683,#682);
#685=DIRECTION('',(-1.E0,0.E0,0.E0));
#686=VECTOR('',#685,1.3E2);
#687=CARTESIAN_POINT('',(-2.5E2,4.45E2,1.434997109271E2));
#688=LINE('',#687,#686);
#689=DIRECTION('',(0.E0,0.E0,1.E0));
#690=VECTOR('',#689,1.084997109271E2);
#691=CARTESIAN_POINT('',(-2.5E2,4.45E2,3.5E1));
#692=LINE('',#691,#690);
#693=DIRECTION('',(1.E0,0.E0,0.E0));
#694=VECTOR('',#693,1.3E2);
#695=CARTESIAN_POINT('',(-3.8E2,4.45E2,3.5E1));
#696=LINE('',#695,#694);
#697=DIRECTION('',(0.E0,0.E0,-1.E0));
#698=VECTOR('',#697,1.114348069947E2);
#699=CARTESIAN_POINT('',(1.871255182071E2,4.45E2,1.464348069947E2));
#700=LINE('',#699,#698);
#701=DIRECTION('',(-1.E0,0.E0,0.E0));
#702=VECTOR('',#701,1.3E2);
#703=CARTESIAN_POINT('',(3.171255182071E2,4.45E2,1.464348069947E2));
#704=LINE('',#703,#702);
#705=DIRECTION('',(0.E0,0.E0,1.E0));
#706=VECTOR('',#705,1.114348069947E2);
#707=CARTESIAN_POINT('',(3.171255182071E2,4.45E2,3.5E1));
#708=LINE('',#707,#706);
#709=DIRECTION('',(1.E0,0.E0,0.E0));
#710=VECTOR('',#709,1.3E2);
#711=CARTESIAN_POINT('',(1.871255182071E2,4.45E2,3.5E1));
#712=LINE('',#711,#710);
#713=DIRECTION('',(1.E0,0.E0,0.E0));
#714=VECTOR('',#713,1.3E2);
#715=CARTESIAN_POINT('',(-3.8E2,4.45E2,-1.434997109271E2));
#716=LINE('',#715,#714);
#717=DIRECTION('',(0.E0,0.E0,-1.E0));
#718=VECTOR('',#717,1.084997109271E2);
#719=CARTESIAN_POINT('',(-3.8E2,4.45E2,-3.5E1));
#720=LINE('',#719,#718);
#721=DIRECTION('',(-1.E0,0.E0,0.E0));
#722=VECTOR('',#721,1.3E2);
#723=CARTESIAN_POINT('',(-2.5E2,4.45E2,-3.5E1));
#724=LINE('',#723,#722);
#725=DIRECTION('',(0.E0,0.E0,1.E0));
#726=VECTOR('',#725,1.084997109271E2);
#727=CARTESIAN_POINT('',(-2.5E2,4.45E2,-1.434997109271E2));
#728=LINE('',#727,#726);
#729=DIRECTION('',(1.E0,0.E0,0.E0));
#730=VECTOR('',#729,1.3E2);
#731=CARTESIAN_POINT('',(1.871255182071E2,4.45E2,-1.464348069947E2));
#732=LINE('',#731,#730);
#733=DIRECTION('',(0.E0,0.E0,-1.E0));
#734=VECTOR('',#733,1.114348069947E2);
#735=CARTESIAN_POINT('',(1.871255182071E2,4.45E2,-3.5E1));
#736=LINE('',#735,#734);
#737=DIRECTION('',(-1.E0,0.E0,0.E0));
#738=VECTOR('',#737,1.3E2);
#739=CARTESIAN_POINT('',(3.171255182071E2,4.45E2,-3.5E1));
#740=LINE('',#739,#738);
#741=DIRECTION('',(0.E0,0.E0,1.E0));
#742=VECTOR('',#741,1.114348069947E2);
#743=CARTESIAN_POINT('',(3.171255182071E2,4.45E2,-1.464348069947E2));
#744=LINE('',#743,#742);
#745=DIRECTION('',(0.E0,0.E0,1.E0));
#746=VECTOR('',#745,3.6E2);
#747=CARTESIAN_POINT('',(8.1E2,-4.45E2,-1.8E2));
#748=LINE('',#747,#746);
#749=DIRECTION('',(0.E0,0.E0,-1.E0));
#750=VECTOR('',#749,1.243295034070E2);
#751=CARTESIAN_POINT('',(8.1E2,4.25E2,1.55E2));
#752=LINE('',#751,#750);
#753=DIRECTION('',(0.E0,1.E0,0.E0));
#754=VECTOR('',#753,4.05E2);
#755=CARTESIAN_POINT('',(8.1E2,2.E1,1.55E2));
#756=LINE('',#755,#754);
#757=DIRECTION('',(0.E0,0.E0,1.E0));
#758=VECTOR('',#757,1.243295034070E2);
#759=CARTESIAN_POINT('',(8.1E2,2.E1,3.067049659296E1));
#760=LINE('',#759,#758);
#761=DIRECTION('',(0.E0,-1.E0,0.E0));
#762=VECTOR('',#761,4.05E2);
#763=CARTESIAN_POINT('',(8.1E2,4.25E2,3.067049659296E1));
#764=LINE('',#763,#762);
#765=DIRECTION('',(0.E0,1.E0,0.E0));
#766=VECTOR('',#765,4.05E2);
#767=CARTESIAN_POINT('',(8.1E2,-4.25E2,1.55E2));
#768=LINE('',#767,#766);
#769=DIRECTION('',(0.E0,0.E0,1.E0));
#770=VECTOR('',#769,1.243295034070E2);
#771=CARTESIAN_POINT('',(8.1E2,-4.25E2,3.067049659296E1));
#772=LINE('',#771,#770);
#773=DIRECTION('',(0.E0,-1.E0,0.E0));
#774=VECTOR('',#773,4.05E2);
#775=CARTESIAN_POINT('',(8.1E2,-2.E1,3.067049659296E1));
#776=LINE('',#775,#774);
#777=DIRECTION('',(0.E0,0.E0,-1.E0));
#778=VECTOR('',#777,1.243295034070E2);
#779=CARTESIAN_POINT('',(8.1E2,-2.E1,1.55E2));
#780=LINE('',#779,#778);
#781=DIRECTION('',(0.E0,-1.E0,0.E0));
#782=VECTOR('',#781,4.05E2);
#783=CARTESIAN_POINT('',(8.1E2,4.25E2,-1.55E2));
#784=LINE('',#783,#782);
#785=DIRECTION('',(0.E0,0.E0,-1.E0));
#786=VECTOR('',#785,1.243295034070E2);
#787=CARTESIAN_POINT('',(8.1E2,4.25E2,-3.067049659296E1));
#788=LINE('',#787,#786);
#789=DIRECTION('',(0.E0,1.E0,0.E0));
#790=VECTOR('',#789,4.05E2);
#791=CARTESIAN_POINT('',(8.1E2,2.E1,-3.067049659296E1));
#792=LINE('',#791,#790);
#793=DIRECTION('',(0.E0,0.E0,1.E0));
#794=VECTOR('',#793,1.243295034070E2);
#795=CARTESIAN_POINT('',(8.1E2,2.E1,-1.55E2));
#796=LINE('',#795,#794);
#797=DIRECTION('',(0.E0,0.E0,1.E0));
#798=VECTOR('',#797,1.243295034070E2);
#799=CARTESIAN_POINT('',(8.1E2,-4.25E2,-1.55E2));
#800=LINE('',#799,#798);
#801=DIRECTION('',(0.E0,-1.E0,0.E0));
#802=VECTOR('',#801,4.05E2);
#803=CARTESIAN_POINT('',(8.1E2,-2.E1,-1.55E2));
#804=LINE('',#803,#802);
#805=DIRECTION('',(0.E0,0.E0,-1.E0));
#806=VECTOR('',#805,1.243295034070E2);
#807=CARTESIAN_POINT('',(8.1E2,-2.E1,-3.067049659296E1));
#808=LINE('',#807,#806);
#809=DIRECTION('',(0.E0,1.E0,0.E0));
#810=VECTOR('',#809,4.05E2);
#811=CARTESIAN_POINT('',(8.1E2,-4.25E2,-3.067049659296E1));
#812=LINE('',#811,#810);
#813=DIRECTION('',(0.E0,-1.E0,0.E0));
#814=VECTOR('',#813,8.9E2);
#815=CARTESIAN_POINT('',(-8.1E2,4.45E2,1.8E2));
#816=LINE('',#815,#814);
#817=DIRECTION('',(-1.E0,0.E0,0.E0));
#818=VECTOR('',#817,1.62E3);
#819=CARTESIAN_POINT('',(8.1E2,4.45E2,1.8E2));
#820=LINE('',#819,#818);
#821=DIRECTION('',(0.E0,1.E0,0.E0));
#822=VECTOR('',#821,8.9E2);
#823=CARTESIAN_POINT('',(8.1E2,-4.45E2,1.8E2));
#824=LINE('',#823,#822);
#825=DIRECTION('',(1.E0,0.E0,0.E0));
#826=VECTOR('',#825,1.62E3);
#827=CARTESIAN_POINT('',(-8.1E2,-4.45E2,1.8E2));
#828=LINE('',#827,#826);
#829=DIRECTION('',(1.E0,0.E0,0.E0));
#830=VECTOR('',#829,1.58E3);
#831=CARTESIAN_POINT('',(-7.9E2,4.25E2,1.8E2));
#832=LINE('',#831,#830);
#833=DIRECTION('',(0.E0,1.E0,0.E0));
#834=VECTOR('',#833,8.5E2);
#835=CARTESIAN_POINT('',(-7.9E2,-4.25E2,1.8E2));
#836=LINE('',#835,#834);
#837=DIRECTION('',(-1.E0,0.E0,0.E0));
#838=VECTOR('',#837,1.58E3);
#839=CARTESIAN_POINT('',(7.9E2,-4.25E2,1.8E2));
#840=LINE('',#839,#838);
#841=DIRECTION('',(0.E0,-1.E0,0.E0));
#842=VECTOR('',#841,8.5E2);
#843=CARTESIAN_POINT('',(7.9E2,4.25E2,1.8E2));
#844=LINE('',#843,#842);
#845=DIRECTION('',(0.E0,0.E0,1.E0));
#846=VECTOR('',#845,3.6E2);
#847=CARTESIAN_POINT('',(-8.1E2,4.45E2,-1.8E2));
#848=LINE('',#847,#846);
#849=DIRECTION('',(0.E0,0.E0,-1.E0));
#850=VECTOR('',#849,1.243295034070E2);
#851=CARTESIAN_POINT('',(-8.1E2,4.25E2,1.55E2));
#852=LINE('',#851,#850);
#853=DIRECTION('',(0.E0,-1.E0,0.E0));
#854=VECTOR('',#853,4.05E2);
#855=CARTESIAN_POINT('',(-8.1E2,4.25E2,3.067049659296E1));
#856=LINE('',#855,#854);
#857=DIRECTION('',(0.E0,0.E0,1.E0));
#858=VECTOR('',#857,1.243295034070E2);
#859=CARTESIAN_POINT('',(-8.1E2,2.E1,3.067049659296E1));
#860=LINE('',#859,#858);
#861=DIRECTION('',(0.E0,1.E0,0.E0));
#862=VECTOR('',#861,4.05E2);
#863=CARTESIAN_POINT('',(-8.1E2,2.E1,1.55E2));
#864=LINE('',#863,#862);
#865=DIRECTION('',(0.E0,1.E0,0.E0));
#866=VECTOR('',#865,4.05E2);
#867=CARTESIAN_POINT('',(-8.1E2,-4.25E2,1.55E2));
#868=LINE('',#867,#866);
#869=DIRECTION('',(0.E0,0.E0,-1.E0));
#870=VECTOR('',#869,1.243295034070E2);
#871=CARTESIAN_POINT('',(-8.1E2,-2.E1,1.55E2));
#872=LINE('',#871,#870);
#873=DIRECTION('',(0.E0,-1.E0,0.E0));
#874=VECTOR('',#873,4.05E2);
#875=CARTESIAN_POINT('',(-8.1E2,-2.E1,3.067049659296E1));
#876=LINE('',#875,#874);
#877=DIRECTION('',(0.E0,0.E0,1.E0));
#878=VECTOR('',#877,1.243295034070E2);
#879=CARTESIAN_POINT('',(-8.1E2,-4.25E2,3.067049659296E1));
#880=LINE('',#879,#878);
#881=DIRECTION('',(0.E0,-1.E0,0.E0));
#882=VECTOR('',#881,4.05E2);
#883=CARTESIAN_POINT('',(-8.1E2,4.25E2,-1.55E2));
#884=LINE('',#883,#882);
#885=DIRECTION('',(0.E0,0.E0,1.E0));
#886=VECTOR('',#885,1.243295034070E2);
#887=CARTESIAN_POINT('',(-8.1E2,2.E1,-1.55E2));
#888=LINE('',#887,#886);
#889=DIRECTION('',(0.E0,1.E0,0.E0));
#890=VECTOR('',#889,4.05E2);
#891=CARTESIAN_POINT('',(-8.1E2,2.E1,-3.067049659296E1));
#892=LINE('',#891,#890);
#893=DIRECTION('',(0.E0,0.E0,-1.E0));
#894=VECTOR('',#893,1.243295034070E2);
#895=CARTESIAN_POINT('',(-8.1E2,4.25E2,-3.067049659296E1));
#896=LINE('',#895,#894);
#897=DIRECTION('',(0.E0,0.E0,1.E0));
#898=VECTOR('',#897,1.243295034070E2);
#899=CARTESIAN_POINT('',(-8.1E2,-4.25E2,-1.55E2));
#900=LINE('',#899,#898);
#901=DIRECTION('',(0.E0,1.E0,0.E0));
#902=VECTOR('',#901,4.05E2);
#903=CARTESIAN_POINT('',(-8.1E2,-4.25E2,-3.067049659296E1));
#904=LINE('',#903,#902);
#905=DIRECTION('',(0.E0,0.E0,-1.E0));
#906=VECTOR('',#905,1.243295034070E2);
#907=CARTESIAN_POINT('',(-8.1E2,-2.E1,-3.067049659296E1));
#908=LINE('',#907,#906);
#909=DIRECTION('',(0.E0,-1.E0,0.E0));
#910=VECTOR('',#909,4.05E2);
#911=CARTESIAN_POINT('',(-8.1E2,-2.E1,-1.55E2));
#912=LINE('',#911,#910);
#913=DIRECTION('',(0.E0,0.E0,-1.E0));
#914=VECTOR('',#913,1.1E2);
#915=CARTESIAN_POINT('',(-7.75E2,4.25E2,1.45E2));
#916=LINE('',#915,#914);
#917=DIRECTION('',(1.E0,0.E0,0.E0));
#918=VECTOR('',#917,3.6E2);
#919=CARTESIAN_POINT('',(-7.75E2,4.25E2,3.5E1));
#920=LINE('',#919,#918);
#921=DIRECTION('',(0.E0,0.E0,1.E0));
#922=VECTOR('',#921,1.1E2);
#923=CARTESIAN_POINT('',(-4.15E2,4.25E2,3.5E1));
#924=LINE('',#923,#922);
#925=DIRECTION('',(-1.E0,0.E0,0.E0));
#926=VECTOR('',#925,3.6E2);
#927=CARTESIAN_POINT('',(-4.15E2,4.25E2,1.45E2));
#928=LINE('',#927,#926);
#929=DIRECTION('',(0.E0,0.E0,-1.E0));
#930=VECTOR('',#929,1.1E2);
#931=CARTESIAN_POINT('',(-2.15E2,4.25E2,1.45E2));
#932=LINE('',#931,#930);
#933=DIRECTION('',(1.E0,0.E0,0.E0));
#934=VECTOR('',#933,3.6E2);
#935=CARTESIAN_POINT('',(-2.15E2,4.25E2,3.5E1));
#936=LINE('',#935,#934);
#937=DIRECTION('',(0.E0,0.E0,1.E0));
#938=VECTOR('',#937,1.1E2);
#939=CARTESIAN_POINT('',(1.45E2,4.25E2,3.5E1));
#940=LINE('',#939,#938);
#941=DIRECTION('',(-1.E0,0.E0,0.E0));
#942=VECTOR('',#941,3.6E2);
#943=CARTESIAN_POINT('',(1.45E2,4.25E2,1.45E2));
#944=LINE('',#943,#942);
#945=DIRECTION('',(0.E0,0.E0,-1.E0));
#946=VECTOR('',#945,1.1E2);
#947=CARTESIAN_POINT('',(3.565831205742E2,4.25E2,1.45E2));
#948=LINE('',#947,#946);
#949=DIRECTION('',(1.E0,0.E0,0.E0));
#950=VECTOR('',#949,3.6E2);
#951=CARTESIAN_POINT('',(3.565831205742E2,4.25E2,3.5E1));
#952=LINE('',#951,#950);
#953=DIRECTION('',(0.E0,0.E0,1.E0));
#954=VECTOR('',#953,1.1E2);
#955=CARTESIAN_POINT('',(7.165831205742E2,4.25E2,3.5E1));
#956=LINE('',#955,#954);
#957=DIRECTION('',(-1.E0,0.E0,0.E0));
#958=VECTOR('',#957,3.6E2);
#959=CARTESIAN_POINT('',(7.165831205742E2,4.25E2,1.45E2));
#960=LINE('',#959,#958);
#961=DIRECTION('',(1.E0,0.E0,0.E0));
#962=VECTOR('',#961,3.6E2);
#963=CARTESIAN_POINT('',(-7.75E2,4.25E2,-1.45E2));
#964=LINE('',#963,#962);
#965=DIRECTION('',(0.E0,0.E0,1.E0));
#966=VECTOR('',#965,1.1E2);
#967=CARTESIAN_POINT('',(-4.15E2,4.25E2,-1.45E2));
#968=LINE('',#967,#966);
#969=DIRECTION('',(-1.E0,0.E0,0.E0));
#970=VECTOR('',#969,3.6E2);
#971=CARTESIAN_POINT('',(-4.15E2,4.25E2,-3.5E1));
#972=LINE('',#971,#970);
#973=DIRECTION('',(0.E0,0.E0,-1.E0));
#974=VECTOR('',#973,1.1E2);
#975=CARTESIAN_POINT('',(-7.75E2,4.25E2,-3.5E1));
#976=LINE('',#975,#974);
#977=DIRECTION('',(1.E0,0.E0,0.E0));
#978=VECTOR('',#977,3.6E2);
#979=CARTESIAN_POINT('',(-2.15E2,4.25E2,-1.45E2));
#980=LINE('',#979,#978);
#981=DIRECTION('',(0.E0,0.E0,1.E0));
#982=VECTOR('',#981,1.1E2);
#983=CARTESIAN_POINT('',(1.45E2,4.25E2,-1.45E2));
#984=LINE('',#983,#982);
#985=DIRECTION('',(-1.E0,0.E0,0.E0));
#986=VECTOR('',#985,3.6E2);
#987=CARTESIAN_POINT('',(1.45E2,4.25E2,-3.5E1));
#988=LINE('',#987,#986);
#989=DIRECTION('',(0.E0,0.E0,-1.E0));
#990=VECTOR('',#989,1.1E2);
#991=CARTESIAN_POINT('',(-2.15E2,4.25E2,-3.5E1));
#992=LINE('',#991,#990);
#993=DIRECTION('',(1.E0,0.E0,0.E0));
#994=VECTOR('',#993,3.6E2);
#995=CARTESIAN_POINT('',(3.565831205742E2,4.25E2,-1.45E2));
#996=LINE('',#995,#994);
#997=DIRECTION('',(0.E0,0.E0,1.E0));
#998=VECTOR('',#997,1.1E2);
#999=CARTESIAN_POINT('',(7.165831205742E2,4.25E2,-1.45E2));
#1000=LINE('',#999,#998);
#1001=DIRECTION('',(-1.E0,0.E0,0.E0));
#1002=VECTOR('',#1001,3.6E2);
#1003=CARTESIAN_POINT('',(7.165831205742E2,4.25E2,-3.5E1));
#1004=LINE('',#1003,#1002);
#1005=DIRECTION('',(0.E0,0.E0,-1.E0));
#1006=VECTOR('',#1005,1.1E2);
#1007=CARTESIAN_POINT('',(3.565831205742E2,4.25E2,-3.5E1));
#1008=LINE('',#1007,#1006);
#1009=DIRECTION('',(0.E0,0.E0,-1.E0));
#1010=VECTOR('',#1009,1.084997109271E2);
#1011=CARTESIAN_POINT('',(-3.8E2,4.25E2,1.434997109271E2));
#1012=LINE('',#1011,#1010);
#1013=DIRECTION('',(1.E0,0.E0,0.E0));
#1014=VECTOR('',#1013,1.3E2);
#1015=CARTESIAN_POINT('',(-3.8E2,4.25E2,3.5E1));
#1016=LINE('',#1015,#1014);
#1017=DIRECTION('',(0.E0,0.E0,1.E0));
#1018=VECTOR('',#1017,1.084997109271E2);
#1019=CARTESIAN_POINT('',(-2.5E2,4.25E2,3.5E1));
#1020=LINE('',#1019,#1018);
#1021=DIRECTION('',(-1.E0,0.E0,0.E0));
#1022=VECTOR('',#1021,1.3E2);
#1023=CARTESIAN_POINT('',(-2.5E2,4.25E2,1.434997109271E2));
#1024=LINE('',#1023,#1022);
#1025=DIRECTION('',(0.E0,0.E0,-1.E0));
#1026=VECTOR('',#1025,1.114348069947E2);
#1027=CARTESIAN_POINT('',(1.871255182071E2,4.25E2,1.464348069947E2));
#1028=LINE('',#1027,#1026);
#1029=DIRECTION('',(1.E0,0.E0,0.E0));
#1030=VECTOR('',#1029,1.3E2);
#1031=CARTESIAN_POINT('',(1.871255182071E2,4.25E2,3.5E1));
#1032=LINE('',#1031,#1030);
#1033=DIRECTION('',(0.E0,0.E0,1.E0));
#1034=VECTOR('',#1033,1.114348069947E2);
#1035=CARTESIAN_POINT('',(3.171255182071E2,4.25E2,3.5E1));
#1036=LINE('',#1035,#1034);
#1037=DIRECTION('',(-1.E0,0.E0,0.E0));
#1038=VECTOR('',#1037,1.3E2);
#1039=CARTESIAN_POINT('',(3.171255182071E2,4.25E2,1.464348069947E2));
#1040=LINE('',#1039,#1038);
#1041=DIRECTION('',(1.E0,0.E0,0.E0));
#1042=VECTOR('',#1041,1.3E2);
#1043=CARTESIAN_POINT('',(-3.8E2,4.25E2,-1.434997109271E2));
#1044=LINE('',#1043,#1042);
#1045=DIRECTION('',(0.E0,0.E0,1.E0));
#1046=VECTOR('',#1045,1.084997109271E2);
#1047=CARTESIAN_POINT('',(-2.5E2,4.25E2,-1.434997109271E2));
#1048=LINE('',#1047,#1046);
#1049=DIRECTION('',(-1.E0,0.E0,0.E0));
#1050=VECTOR('',#1049,1.3E2);
#1051=CARTESIAN_POINT('',(-2.5E2,4.25E2,-3.5E1));
#1052=LINE('',#1051,#1050);
#1053=DIRECTION('',(0.E0,0.E0,-1.E0));
#1054=VECTOR('',#1053,1.084997109271E2);
#1055=CARTESIAN_POINT('',(-3.8E2,4.25E2,-3.5E1));
#1056=LINE('',#1055,#1054);
#1057=DIRECTION('',(1.E0,0.E0,0.E0));
#1058=VECTOR('',#1057,1.3E2);
#1059=CARTESIAN_POINT('',(1.871255182071E2,4.25E2,-1.464348069947E2));
#1060=LINE('',#1059,#1058);
#1061=DIRECTION('',(0.E0,0.E0,1.E0));
#1062=VECTOR('',#1061,1.114348069947E2);
#1063=CARTESIAN_POINT('',(3.171255182071E2,4.25E2,-1.464348069947E2));
#1064=LINE('',#1063,#1062);
#1065=DIRECTION('',(-1.E0,0.E0,0.E0));
#1066=VECTOR('',#1065,1.3E2);
#1067=CARTESIAN_POINT('',(3.171255182071E2,4.25E2,-3.5E1));
#1068=LINE('',#1067,#1066);
#1069=DIRECTION('',(0.E0,0.E0,-1.E0));
#1070=VECTOR('',#1069,1.114348069947E2);
#1071=CARTESIAN_POINT('',(1.871255182071E2,4.25E2,-3.5E1));
#1072=LINE('',#1071,#1070);
#1073=DIRECTION('',(-1.E0,0.E0,0.E0));
#1074=VECTOR('',#1073,1.209323622254E2);
#1075=CARTESIAN_POINT('',(7.9E2,4.25E2,-1.6E2));
#1076=LINE('',#1075,#1074);
#1077=DIRECTION('',(0.E0,0.E0,1.E0));
#1078=VECTOR('',#1077,2.E1);
#1079=CARTESIAN_POINT('',(6.690676377746E2,4.25E2,-1.8E2));
#1080=LINE('',#1079,#1078);
#1081=DIRECTION('',(-1.E0,0.E0,0.E0));
#1082=VECTOR('',#1081,3.109323622254E2);
#1083=CARTESIAN_POINT('',(5.85E2,4.25E2,-1.6E2));
#1084=LINE('',#1083,#1082);
#1085=DIRECTION('',(0.E0,0.E0,1.E0));
#1086=VECTOR('',#1085,2.E1);
#1087=CARTESIAN_POINT('',(5.85E2,4.25E2,-1.8E2));
#1088=LINE('',#1087,#1086);
#1089=DIRECTION('',(0.E0,0.E0,1.E0));
#1090=VECTOR('',#1089,2.E1);
#1091=CARTESIAN_POINT('',(2.740676377746E2,4.25E2,-1.8E2));
#1092=LINE('',#1091,#1090);
#1093=DIRECTION('',(-1.E0,0.E0,0.E0));
#1094=VECTOR('',#1093,3.8E2);
#1095=CARTESIAN_POINT('',(1.9E2,4.25E2,-1.6E2));
#1096=LINE('',#1095,#1094);
#1097=DIRECTION('',(0.E0,0.E0,1.E0));
#1098=VECTOR('',#1097,2.E1);
#1099=CARTESIAN_POINT('',(1.9E2,4.25E2,-1.8E2));
#1100=LINE('',#1099,#1098);
#1101=DIRECTION('',(0.E0,0.E0,1.E0));
#1102=VECTOR('',#1101,2.E1);
#1103=CARTESIAN_POINT('',(-1.9E2,4.25E2,-1.8E2));
#1104=LINE('',#1103,#1102);
#1105=DIRECTION('',(-1.E0,0.E0,0.E0));
#1106=VECTOR('',#1105,3.109323622254E2);
#1107=CARTESIAN_POINT('',(-2.740676377746E2,4.25E2,-1.6E2));
#1108=LINE('',#1107,#1106);
#1109=DIRECTION('',(0.E0,0.E0,1.E0));
#1110=VECTOR('',#1109,2.E1);
#1111=CARTESIAN_POINT('',(-2.740676377746E2,4.25E2,-1.8E2));
#1112=LINE('',#1111,#1110);
#1113=DIRECTION('',(0.E0,0.E0,1.E0));
#1114=VECTOR('',#1113,2.E1);
#1115=CARTESIAN_POINT('',(-5.85E2,4.25E2,-1.8E2));
#1116=LINE('',#1115,#1114);
#1117=DIRECTION('',(-1.E0,0.E0,0.E0));
#1118=VECTOR('',#1117,1.209323622254E2);
#1119=CARTESIAN_POINT('',(-6.690676377746E2,4.25E2,-1.6E2));
#1120=LINE('',#1119,#1118);
#1121=DIRECTION('',(0.E0,0.E0,1.E0));
#1122=VECTOR('',#1121,2.E1);
#1123=CARTESIAN_POINT('',(-6.690676377746E2,4.25E2,-1.8E2));
#1124=LINE('',#1123,#1122);
#1125=DIRECTION('',(0.E0,0.E0,1.E0));
#1126=VECTOR('',#1125,2.E1);
#1127=CARTESIAN_POINT('',(-7.9E2,4.25E2,-1.8E2));
#1128=LINE('',#1127,#1126);
#1129=DIRECTION('',(-1.E0,0.E0,0.E0));
#1130=VECTOR('',#1129,1.58E3);
#1131=CARTESIAN_POINT('',(7.9E2,4.25E2,-1.56E2));
#1132=LINE('',#1131,#1130);
#1133=DIRECTION('',(0.E0,0.E0,1.E0));
#1134=VECTOR('',#1133,1.E0);
#1135=CARTESIAN_POINT('',(-7.9E2,4.25E2,-1.56E2));
#1136=LINE('',#1135,#1134);
#1137=DIRECTION('',(1.E0,0.E0,0.E0));
#1138=VECTOR('',#1137,2.E1);
#1139=CARTESIAN_POINT('',(-8.1E2,4.25E2,-3.067049659296E1));
#1140=LINE('',#1139,#1138);
#1141=DIRECTION('',(0.E0,0.E0,1.E0));
#1142=VECTOR('',#1141,6.134099318592E1);
#1143=CARTESIAN_POINT('',(-7.9E2,4.25E2,-3.067049659296E1));
#1144=LINE('',#1143,#1142);
#1145=DIRECTION('',(1.E0,0.E0,0.E0));
#1146=VECTOR('',#1145,2.E1);
#1147=CARTESIAN_POINT('',(-8.1E2,4.25E2,1.55E2));
#1148=LINE('',#1147,#1146);
#1149=DIRECTION('',(0.E0,0.E0,1.E0));
#1150=VECTOR('',#1149,2.5E1);
#1151=CARTESIAN_POINT('',(-7.9E2,4.25E2,1.55E2));
#1152=LINE('',#1151,#1150);
#1153=DIRECTION('',(1.E0,0.E0,0.E0));
#1154=VECTOR('',#1153,2.E1);
#1155=CARTESIAN_POINT('',(7.9E2,4.25E2,1.55E2));
#1156=LINE('',#1155,#1154);
#1157=DIRECTION('',(1.E0,0.E0,0.E0));
#1158=VECTOR('',#1157,2.E1);
#1159=CARTESIAN_POINT('',(7.9E2,4.25E2,-3.067049659296E1));
#1160=LINE('',#1159,#1158);
#1161=DIRECTION('',(0.E0,1.E0,0.E0));
#1162=VECTOR('',#1161,2.E1);
#1163=CARTESIAN_POINT('',(-2.15E2,-4.45E2,1.45E2));
#1164=LINE('',#1163,#1162);
#1165=DIRECTION('',(0.E0,1.E0,0.E0));
#1166=VECTOR('',#1165,2.E1);
#1167=CARTESIAN_POINT('',(-2.15E2,4.25E2,1.45E2));
#1168=LINE('',#1167,#1166);
#1169=DIRECTION('',(0.E0,1.E0,0.E0));
#1170=VECTOR('',#1169,2.E1);
#1171=CARTESIAN_POINT('',(1.45E2,-4.45E2,1.45E2));
#1172=LINE('',#1171,#1170);
#1173=DIRECTION('',(0.E0,1.E0,0.E0));
#1174=VECTOR('',#1173,2.E1);
#1175=CARTESIAN_POINT('',(1.45E2,4.25E2,1.45E2));
#1176=LINE('',#1175,#1174);
#1177=DIRECTION('',(0.E0,1.E0,0.E0));
#1178=VECTOR('',#1177,2.E1);
#1179=CARTESIAN_POINT('',(1.45E2,-4.45E2,3.5E1));
#1180=LINE('',#1179,#1178);
#1181=DIRECTION('',(0.E0,1.E0,0.E0));
#1182=VECTOR('',#1181,2.E1);
#1183=CARTESIAN_POINT('',(1.45E2,4.25E2,3.5E1));
#1184=LINE('',#1183,#1182);
#1185=DIRECTION('',(0.E0,1.E0,0.E0));
#1186=VECTOR('',#1185,2.E1);
#1187=CARTESIAN_POINT('',(-2.15E2,-4.45E2,3.5E1));
#1188=LINE('',#1187,#1186);
#1189=DIRECTION('',(0.E0,1.E0,0.E0));
#1190=VECTOR('',#1189,2.E1);
#1191=CARTESIAN_POINT('',(-2.15E2,4.25E2,3.5E1));
#1192=LINE('',#1191,#1190);
#1193=DIRECTION('',(0.E0,1.E0,0.E0));
#1194=VECTOR('',#1193,2.E1);
#1195=CARTESIAN_POINT('',(3.565831205742E2,-4.45E2,1.45E2));
#1196=LINE('',#1195,#1194);
#1197=DIRECTION('',(0.E0,1.E0,0.E0));
#1198=VECTOR('',#1197,2.E1);
#1199=CARTESIAN_POINT('',(3.565831205742E2,4.25E2,1.45E2));
#1200=LINE('',#1199,#1198);
#1201=DIRECTION('',(0.E0,1.E0,0.E0));
#1202=VECTOR('',#1201,2.E1);
#1203=CARTESIAN_POINT('',(7.165831205742E2,-4.45E2,1.45E2));
#1204=LINE('',#1203,#1202);
#1205=DIRECTION('',(0.E0,1.E0,0.E0));
#1206=VECTOR('',#1205,2.E1);
#1207=CARTESIAN_POINT('',(7.165831205742E2,4.25E2,1.45E2));
#1208=LINE('',#1207,#1206);
#1209=DIRECTION('',(0.E0,1.E0,0.E0));
#1210=VECTOR('',#1209,2.E1);
#1211=CARTESIAN_POINT('',(7.165831205742E2,-4.45E2,3.5E1));
#1212=LINE('',#1211,#1210);
#1213=DIRECTION('',(0.E0,1.E0,0.E0));
#1214=VECTOR('',#1213,2.E1);
#1215=CARTESIAN_POINT('',(7.165831205742E2,4.25E2,3.5E1));
#1216=LINE('',#1215,#1214);
#1217=DIRECTION('',(0.E0,1.E0,0.E0));
#1218=VECTOR('',#1217,2.E1);
#1219=CARTESIAN_POINT('',(3.565831205742E2,-4.45E2,3.5E1));
#1220=LINE('',#1219,#1218);
#1221=DIRECTION('',(0.E0,1.E0,0.E0));
#1222=VECTOR('',#1221,2.E1);
#1223=CARTESIAN_POINT('',(3.565831205742E2,4.25E2,3.5E1));
#1224=LINE('',#1223,#1222);
#1225=DIRECTION('',(0.E0,1.E0,0.E0));
#1226=VECTOR('',#1225,2.E1);
#1227=CARTESIAN_POINT('',(-7.75E2,-4.45E2,-1.45E2));
#1228=LINE('',#1227,#1226);
#1229=DIRECTION('',(0.E0,1.E0,0.E0));
#1230=VECTOR('',#1229,2.E1);
#1231=CARTESIAN_POINT('',(-7.75E2,4.25E2,-1.45E2));
#1232=LINE('',#1231,#1230);
#1233=DIRECTION('',(0.E0,1.E0,0.E0));
#1234=VECTOR('',#1233,2.E1);
#1235=CARTESIAN_POINT('',(-7.75E2,-4.45E2,-3.5E1));
#1236=LINE('',#1235,#1234);
#1237=DIRECTION('',(0.E0,1.E0,0.E0));
#1238=VECTOR('',#1237,2.E1);
#1239=CARTESIAN_POINT('',(-7.75E2,4.25E2,-3.5E1));
#1240=LINE('',#1239,#1238);
#1241=DIRECTION('',(0.E0,1.E0,0.E0));
#1242=VECTOR('',#1241,2.E1);
#1243=CARTESIAN_POINT('',(-4.15E2,-4.45E2,-3.5E1));
#1244=LINE('',#1243,#1242);
#1245=DIRECTION('',(0.E0,1.E0,0.E0));
#1246=VECTOR('',#1245,2.E1);
#1247=CARTESIAN_POINT('',(-4.15E2,4.25E2,-3.5E1));
#1248=LINE('',#1247,#1246);
#1249=DIRECTION('',(0.E0,1.E0,0.E0));
#1250=VECTOR('',#1249,2.E1);
#1251=CARTESIAN_POINT('',(-4.15E2,-4.45E2,-1.45E2));
#1252=LINE('',#1251,#1250);
#1253=DIRECTION('',(0.E0,1.E0,0.E0));
#1254=VECTOR('',#1253,2.E1);
#1255=CARTESIAN_POINT('',(-4.15E2,4.25E2,-1.45E2));
#1256=LINE('',#1255,#1254);
#1257=DIRECTION('',(0.E0,1.E0,0.E0));
#1258=VECTOR('',#1257,2.E1);
#1259=CARTESIAN_POINT('',(-2.15E2,-4.45E2,-1.45E2));
#1260=LINE('',#1259,#1258);
#1261=DIRECTION('',(0.E0,1.E0,0.E0));
#1262=VECTOR('',#1261,2.E1);
#1263=CARTESIAN_POINT('',(-2.15E2,4.25E2,-1.45E2));
#1264=LINE('',#1263,#1262);
#1265=DIRECTION('',(0.E0,1.E0,0.E0));
#1266=VECTOR('',#1265,2.E1);
#1267=CARTESIAN_POINT('',(-2.15E2,-4.45E2,-3.5E1));
#1268=LINE('',#1267,#1266);
#1269=DIRECTION('',(0.E0,1.E0,0.E0));
#1270=VECTOR('',#1269,2.E1);
#1271=CARTESIAN_POINT('',(-2.15E2,4.25E2,-3.5E1));
#1272=LINE('',#1271,#1270);
#1273=DIRECTION('',(0.E0,1.E0,0.E0));
#1274=VECTOR('',#1273,2.E1);
#1275=CARTESIAN_POINT('',(1.45E2,-4.45E2,-3.5E1));
#1276=LINE('',#1275,#1274);
#1277=DIRECTION('',(0.E0,1.E0,0.E0));
#1278=VECTOR('',#1277,2.E1);
#1279=CARTESIAN_POINT('',(1.45E2,4.25E2,-3.5E1));
#1280=LINE('',#1279,#1278);
#1281=DIRECTION('',(0.E0,1.E0,0.E0));
#1282=VECTOR('',#1281,2.E1);
#1283=CARTESIAN_POINT('',(1.45E2,-4.45E2,-1.45E2));
#1284=LINE('',#1283,#1282);
#1285=DIRECTION('',(0.E0,1.E0,0.E0));
#1286=VECTOR('',#1285,2.E1);
#1287=CARTESIAN_POINT('',(1.45E2,4.25E2,-1.45E2));
#1288=LINE('',#1287,#1286);
#1289=DIRECTION('',(0.E0,1.E0,0.E0));
#1290=VECTOR('',#1289,2.E1);
#1291=CARTESIAN_POINT('',(3.565831205742E2,-4.45E2,-1.45E2));
#1292=LINE('',#1291,#1290);
#1293=DIRECTION('',(0.E0,1.E0,0.E0));
#1294=VECTOR('',#1293,2.E1);
#1295=CARTESIAN_POINT('',(3.565831205742E2,4.25E2,-1.45E2));
#1296=LINE('',#1295,#1294);
#1297=DIRECTION('',(0.E0,1.E0,0.E0));
#1298=VECTOR('',#1297,2.E1);
#1299=CARTESIAN_POINT('',(7.165831205742E2,-4.45E2,-1.45E2));
#1300=LINE('',#1299,#1298);
#1301=DIRECTION('',(0.E0,1.E0,0.E0));
#1302=VECTOR('',#1301,2.E1);
#1303=CARTESIAN_POINT('',(7.165831205742E2,4.25E2,-1.45E2));
#1304=LINE('',#1303,#1302);
#1305=DIRECTION('',(0.E0,1.E0,0.E0));
#1306=VECTOR('',#1305,2.E1);
#1307=CARTESIAN_POINT('',(7.165831205742E2,-4.45E2,-3.5E1));
#1308=LINE('',#1307,#1306);
#1309=DIRECTION('',(0.E0,1.E0,0.E0));
#1310=VECTOR('',#1309,2.E1);
#1311=CARTESIAN_POINT('',(7.165831205742E2,4.25E2,-3.5E1));
#1312=LINE('',#1311,#1310);
#1313=DIRECTION('',(0.E0,1.E0,0.E0));
#1314=VECTOR('',#1313,2.E1);
#1315=CARTESIAN_POINT('',(-3.8E2,-4.45E2,1.434997109271E2));
#1316=LINE('',#1315,#1314);
#1317=DIRECTION('',(0.E0,1.E0,0.E0));
#1318=VECTOR('',#1317,2.E1);
#1319=CARTESIAN_POINT('',(-3.8E2,4.25E2,1.434997109271E2));
#1320=LINE('',#1319,#1318);
#1321=DIRECTION('',(0.E0,1.E0,0.E0));
#1322=VECTOR('',#1321,2.E1);
#1323=CARTESIAN_POINT('',(-2.5E2,-4.45E2,1.434997109271E2));
#1324=LINE('',#1323,#1322);
#1325=DIRECTION('',(0.E0,1.E0,0.E0));
#1326=VECTOR('',#1325,2.E1);
#1327=CARTESIAN_POINT('',(-2.5E2,4.25E2,1.434997109271E2));
#1328=LINE('',#1327,#1326);
#1329=DIRECTION('',(0.E0,1.E0,0.E0));
#1330=VECTOR('',#1329,2.E1);
#1331=CARTESIAN_POINT('',(-2.5E2,-4.45E2,3.5E1));
#1332=LINE('',#1331,#1330);
#1333=DIRECTION('',(0.E0,1.E0,0.E0));
#1334=VECTOR('',#1333,2.E1);
#1335=CARTESIAN_POINT('',(-2.5E2,4.25E2,3.5E1));
#1336=LINE('',#1335,#1334);
#1337=DIRECTION('',(0.E0,1.E0,0.E0));
#1338=VECTOR('',#1337,2.E1);
#1339=CARTESIAN_POINT('',(-3.8E2,-4.45E2,3.5E1));
#1340=LINE('',#1339,#1338);
#1341=DIRECTION('',(0.E0,1.E0,0.E0));
#1342=VECTOR('',#1341,2.E1);
#1343=CARTESIAN_POINT('',(-3.8E2,4.25E2,3.5E1));
#1344=LINE('',#1343,#1342);
#1345=DIRECTION('',(0.E0,1.E0,0.E0));
#1346=VECTOR('',#1345,2.E1);
#1347=CARTESIAN_POINT('',(1.871255182071E2,-4.45E2,1.464348069947E2));
#1348=LINE('',#1347,#1346);
#1349=DIRECTION('',(0.E0,1.E0,0.E0));
#1350=VECTOR('',#1349,2.E1);
#1351=CARTESIAN_POINT('',(1.871255182071E2,4.25E2,1.464348069947E2));
#1352=LINE('',#1351,#1350);
#1353=DIRECTION('',(0.E0,1.E0,0.E0));
#1354=VECTOR('',#1353,2.E1);
#1355=CARTESIAN_POINT('',(3.171255182071E2,-4.45E2,1.464348069947E2));
#1356=LINE('',#1355,#1354);
#1357=DIRECTION('',(0.E0,1.E0,0.E0));
#1358=VECTOR('',#1357,2.E1);
#1359=CARTESIAN_POINT('',(3.171255182071E2,4.25E2,1.464348069947E2));
#1360=LINE('',#1359,#1358);
#1361=DIRECTION('',(0.E0,1.E0,0.E0));
#1362=VECTOR('',#1361,2.E1);
#1363=CARTESIAN_POINT('',(3.171255182071E2,-4.45E2,3.5E1));
#1364=LINE('',#1363,#1362);
#1365=DIRECTION('',(0.E0,1.E0,0.E0));
#1366=VECTOR('',#1365,2.E1);
#1367=CARTESIAN_POINT('',(3.171255182071E2,4.25E2,3.5E1));
#1368=LINE('',#1367,#1366);
#1369=DIRECTION('',(0.E0,1.E0,0.E0));
#1370=VECTOR('',#1369,2.E1);
#1371=CARTESIAN_POINT('',(1.871255182071E2,-4.45E2,3.5E1));
#1372=LINE('',#1371,#1370);
#1373=DIRECTION('',(0.E0,1.E0,0.E0));
#1374=VECTOR('',#1373,2.E1);
#1375=CARTESIAN_POINT('',(1.871255182071E2,4.25E2,3.5E1));
#1376=LINE('',#1375,#1374);
#1377=DIRECTION('',(0.E0,1.E0,0.E0));
#1378=VECTOR('',#1377,2.E1);
#1379=CARTESIAN_POINT('',(-3.8E2,-4.45E2,-1.434997109271E2));
#1380=LINE('',#1379,#1378);
#1381=DIRECTION('',(0.E0,1.E0,0.E0));
#1382=VECTOR('',#1381,2.E1);
#1383=CARTESIAN_POINT('',(-3.8E2,4.25E2,-1.434997109271E2));
#1384=LINE('',#1383,#1382);
#1385=DIRECTION('',(0.E0,1.E0,0.E0));
#1386=VECTOR('',#1385,2.E1);
#1387=CARTESIAN_POINT('',(-3.8E2,-4.45E2,-3.5E1));
#1388=LINE('',#1387,#1386);
#1389=DIRECTION('',(0.E0,1.E0,0.E0));
#1390=VECTOR('',#1389,2.E1);
#1391=CARTESIAN_POINT('',(-3.8E2,4.25E2,-3.5E1));
#1392=LINE('',#1391,#1390);
#1393=DIRECTION('',(0.E0,1.E0,0.E0));
#1394=VECTOR('',#1393,2.E1);
#1395=CARTESIAN_POINT('',(-2.5E2,-4.45E2,-3.5E1));
#1396=LINE('',#1395,#1394);
#1397=DIRECTION('',(0.E0,1.E0,0.E0));
#1398=VECTOR('',#1397,2.E1);
#1399=CARTESIAN_POINT('',(-2.5E2,4.25E2,-3.5E1));
#1400=LINE('',#1399,#1398);
#1401=DIRECTION('',(0.E0,1.E0,0.E0));
#1402=VECTOR('',#1401,2.E1);
#1403=CARTESIAN_POINT('',(-2.5E2,-4.45E2,-1.434997109271E2));
#1404=LINE('',#1403,#1402);
#1405=DIRECTION('',(0.E0,1.E0,0.E0));
#1406=VECTOR('',#1405,2.E1);
#1407=CARTESIAN_POINT('',(-2.5E2,4.25E2,-1.434997109271E2));
#1408=LINE('',#1407,#1406);
#1409=DIRECTION('',(0.E0,1.E0,0.E0));
#1410=VECTOR('',#1409,2.E1);
#1411=CARTESIAN_POINT('',(1.871255182071E2,-4.45E2,-1.464348069947E2));
#1412=LINE('',#1411,#1410);
#1413=DIRECTION('',(0.E0,1.E0,0.E0));
#1414=VECTOR('',#1413,2.E1);
#1415=CARTESIAN_POINT('',(1.871255182071E2,4.25E2,-1.464348069947E2));
#1416=LINE('',#1415,#1414);
#1417=DIRECTION('',(0.E0,1.E0,0.E0));
#1418=VECTOR('',#1417,2.E1);
#1419=CARTESIAN_POINT('',(1.871255182071E2,-4.45E2,-3.5E1));
#1420=LINE('',#1419,#1418);
#1421=DIRECTION('',(0.E0,1.E0,0.E0));
#1422=VECTOR('',#1421,2.E1);
#1423=CARTESIAN_POINT('',(1.871255182071E2,4.25E2,-3.5E1));
#1424=LINE('',#1423,#1422);
#1425=DIRECTION('',(0.E0,1.E0,0.E0));
#1426=VECTOR('',#1425,2.E1);
#1427=CARTESIAN_POINT('',(3.171255182071E2,-4.45E2,-3.5E1));
#1428=LINE('',#1427,#1426);
#1429=DIRECTION('',(0.E0,1.E0,0.E0));
#1430=VECTOR('',#1429,2.E1);
#1431=CARTESIAN_POINT('',(3.171255182071E2,4.25E2,-3.5E1));
#1432=LINE('',#1431,#1430);
#1433=DIRECTION('',(0.E0,1.E0,0.E0));
#1434=VECTOR('',#1433,2.E1);
#1435=CARTESIAN_POINT('',(3.171255182071E2,-4.45E2,-1.464348069947E2));
#1436=LINE('',#1435,#1434);
#1437=DIRECTION('',(0.E0,1.E0,0.E0));
#1438=VECTOR('',#1437,2.E1);
#1439=CARTESIAN_POINT('',(3.171255182071E2,4.25E2,-1.464348069947E2));
#1440=LINE('',#1439,#1438);
#1441=DIRECTION('',(0.E0,1.E0,0.E0));
#1442=VECTOR('',#1441,8.5E2);
#1443=CARTESIAN_POINT('',(6.690676377746E2,-4.25E2,-1.6E2));
#1444=LINE('',#1443,#1442);
#1445=DIRECTION('',(0.E0,-1.E0,0.E0));
#1446=VECTOR('',#1445,8.5E2);
#1447=CARTESIAN_POINT('',(7.9E2,4.25E2,-1.6E2));
#1448=LINE('',#1447,#1446);
#1449=DIRECTION('',(0.E0,0.E0,1.E0));
#1450=VECTOR('',#1449,2.E1);
#1451=CARTESIAN_POINT('',(7.9E2,4.25E2,-1.8E2));
#1452=LINE('',#1451,#1450);
#1453=DIRECTION('',(0.E0,-1.E0,0.E0));
#1454=VECTOR('',#1453,8.5E2);
#1455=CARTESIAN_POINT('',(7.9E2,4.25E2,-1.56E2));
#1456=LINE('',#1455,#1454);
#1457=DIRECTION('',(0.E0,0.E0,1.E0));
#1458=VECTOR('',#1457,1.E0);
#1459=CARTESIAN_POINT('',(7.9E2,4.25E2,-1.56E2));
#1460=LINE('',#1459,#1458);
#1461=DIRECTION('',(0.E0,-1.E0,0.E0));
#1462=VECTOR('',#1461,4.05E2);
#1463=CARTESIAN_POINT('',(7.9E2,4.25E2,-1.55E2));
#1464=LINE('',#1463,#1462);
#1465=DIRECTION('',(0.E0,0.E0,1.E0));
#1466=VECTOR('',#1465,1.243295034070E2);
#1467=CARTESIAN_POINT('',(7.9E2,2.E1,-1.55E2));
#1468=LINE('',#1467,#1466);
#1469=DIRECTION('',(0.E0,-1.E0,0.E0));
#1470=VECTOR('',#1469,4.05E2);
#1471=CARTESIAN_POINT('',(7.9E2,4.25E2,-3.067049659296E1));
#1472=LINE('',#1471,#1470);
#1473=DIRECTION('',(0.E0,0.E0,1.E0));
#1474=VECTOR('',#1473,6.134099318592E1);
#1475=CARTESIAN_POINT('',(7.9E2,4.25E2,-3.067049659296E1));
#1476=LINE('',#1475,#1474);
#1477=DIRECTION('',(0.E0,-1.E0,0.E0));
#1478=VECTOR('',#1477,4.05E2);
#1479=CARTESIAN_POINT('',(7.9E2,4.25E2,3.067049659296E1));
#1480=LINE('',#1479,#1478);
#1481=DIRECTION('',(0.E0,0.E0,1.E0));
#1482=VECTOR('',#1481,1.243295034070E2);
#1483=CARTESIAN_POINT('',(7.9E2,2.E1,3.067049659296E1));
#1484=LINE('',#1483,#1482);
#1485=DIRECTION('',(0.E0,-1.E0,0.E0));
#1486=VECTOR('',#1485,4.05E2);
#1487=CARTESIAN_POINT('',(7.9E2,4.25E2,1.55E2));
#1488=LINE('',#1487,#1486);
#1489=DIRECTION('',(0.E0,0.E0,1.E0));
#1490=VECTOR('',#1489,2.5E1);
#1491=CARTESIAN_POINT('',(7.9E2,4.25E2,1.55E2));
#1492=LINE('',#1491,#1490);
#1493=DIRECTION('',(0.E0,1.E0,0.E0));
#1494=VECTOR('',#1493,4.05E2);
#1495=CARTESIAN_POINT('',(7.9E2,-4.25E2,1.55E2));
#1496=LINE('',#1495,#1494);
#1497=DIRECTION('',(0.E0,0.E0,-1.E0));
#1498=VECTOR('',#1497,1.243295034070E2);
#1499=CARTESIAN_POINT('',(7.9E2,-2.E1,1.55E2));
#1500=LINE('',#1499,#1498);
#1501=DIRECTION('',(0.E0,1.E0,0.E0));
#1502=VECTOR('',#1501,4.05E2);
#1503=CARTESIAN_POINT('',(7.9E2,-4.25E2,3.067049659296E1));
#1504=LINE('',#1503,#1502);
#1505=DIRECTION('',(0.E0,1.E0,0.E0));
#1506=VECTOR('',#1505,4.05E2);
#1507=CARTESIAN_POINT('',(7.9E2,-4.25E2,-3.067049659296E1));
#1508=LINE('',#1507,#1506);
#1509=DIRECTION('',(0.E0,0.E0,-1.E0));
#1510=VECTOR('',#1509,1.243295034070E2);
#1511=CARTESIAN_POINT('',(7.9E2,-2.E1,-3.067049659296E1));
#1512=LINE('',#1511,#1510);
#1513=DIRECTION('',(0.E0,1.E0,0.E0));
#1514=VECTOR('',#1513,4.05E2);
#1515=CARTESIAN_POINT('',(7.9E2,-4.25E2,-1.55E2));
#1516=LINE('',#1515,#1514);
#1517=DIRECTION('',(0.E0,1.E0,0.E0));
#1518=VECTOR('',#1517,8.5E2);
#1519=CARTESIAN_POINT('',(-7.9E2,-4.25E2,-1.6E2));
#1520=LINE('',#1519,#1518);
#1521=DIRECTION('',(0.E0,0.E0,1.E0));
#1522=VECTOR('',#1521,2.E1);
#1523=CARTESIAN_POINT('',(-7.9E2,-4.25E2,-1.8E2));
#1524=LINE('',#1523,#1522);
#1525=DIRECTION('',(0.E0,1.E0,0.E0));
#1526=VECTOR('',#1525,8.5E2);
#1527=CARTESIAN_POINT('',(-7.9E2,-4.25E2,-1.56E2));
#1528=LINE('',#1527,#1526);
#1529=DIRECTION('',(0.E0,0.E0,1.E0));
#1530=VECTOR('',#1529,1.E0);
#1531=CARTESIAN_POINT('',(-7.9E2,-4.25E2,-1.56E2));
#1532=LINE('',#1531,#1530);
#1533=DIRECTION('',(0.E0,1.E0,0.E0));
#1534=VECTOR('',#1533,4.05E2);
#1535=CARTESIAN_POINT('',(-7.9E2,-4.25E2,-1.55E2));
#1536=LINE('',#1535,#1534);
#1537=DIRECTION('',(0.E0,0.E0,-1.E0));
#1538=VECTOR('',#1537,1.243295034070E2);
#1539=CARTESIAN_POINT('',(-7.9E2,-2.E1,-3.067049659296E1));
#1540=LINE('',#1539,#1538);
#1541=DIRECTION('',(0.E0,1.E0,0.E0));
#1542=VECTOR('',#1541,4.05E2);
#1543=CARTESIAN_POINT('',(-7.9E2,-4.25E2,-3.067049659296E1));
#1544=LINE('',#1543,#1542);
#1545=DIRECTION('',(0.E0,0.E0,1.E0));
#1546=VECTOR('',#1545,6.134099318592E1);
#1547=CARTESIAN_POINT('',(-7.9E2,-4.25E2,-3.067049659296E1));
#1548=LINE('',#1547,#1546);
#1549=DIRECTION('',(0.E0,1.E0,0.E0));
#1550=VECTOR('',#1549,4.05E2);
#1551=CARTESIAN_POINT('',(-7.9E2,-4.25E2,3.067049659296E1));
#1552=LINE('',#1551,#1550);
#1553=DIRECTION('',(0.E0,0.E0,-1.E0));
#1554=VECTOR('',#1553,1.243295034070E2);
#1555=CARTESIAN_POINT('',(-7.9E2,-2.E1,1.55E2));
#1556=LINE('',#1555,#1554);
#1557=DIRECTION('',(0.E0,1.E0,0.E0));
#1558=VECTOR('',#1557,4.05E2);
#1559=CARTESIAN_POINT('',(-7.9E2,-4.25E2,1.55E2));
#1560=LINE('',#1559,#1558);
#1561=DIRECTION('',(0.E0,0.E0,1.E0));
#1562=VECTOR('',#1561,2.5E1);
#1563=CARTESIAN_POINT('',(-7.9E2,-4.25E2,1.55E2));
#1564=LINE('',#1563,#1562);
#1565=DIRECTION('',(0.E0,-1.E0,0.E0));
#1566=VECTOR('',#1565,4.05E2);
#1567=CARTESIAN_POINT('',(-7.9E2,4.25E2,1.55E2));
#1568=LINE('',#1567,#1566);
#1569=DIRECTION('',(0.E0,0.E0,1.E0));
#1570=VECTOR('',#1569,1.243295034070E2);
#1571=CARTESIAN_POINT('',(-7.9E2,2.E1,3.067049659296E1));
#1572=LINE('',#1571,#1570);
#1573=DIRECTION('',(0.E0,-1.E0,0.E0));
#1574=VECTOR('',#1573,4.05E2);
#1575=CARTESIAN_POINT('',(-7.9E2,4.25E2,3.067049659296E1));
#1576=LINE('',#1575,#1574);
#1577=DIRECTION('',(0.E0,-1.E0,0.E0));
#1578=VECTOR('',#1577,4.05E2);
#1579=CARTESIAN_POINT('',(-7.9E2,4.25E2,-3.067049659296E1));
#1580=LINE('',#1579,#1578);
#1581=DIRECTION('',(0.E0,0.E0,1.E0));
#1582=VECTOR('',#1581,1.243295034070E2);
#1583=CARTESIAN_POINT('',(-7.9E2,2.E1,-1.55E2));
#1584=LINE('',#1583,#1582);
#1585=DIRECTION('',(0.E0,-1.E0,0.E0));
#1586=VECTOR('',#1585,4.05E2);
#1587=CARTESIAN_POINT('',(-7.9E2,4.25E2,-1.55E2));
#1588=LINE('',#1587,#1586);
#1589=DIRECTION('',(1.E0,0.E0,0.E0));
#1590=VECTOR('',#1589,2.E1);
#1591=CARTESIAN_POINT('',(-8.1E2,-2.E1,-1.55E2));
#1592=LINE('',#1591,#1590);
#1593=DIRECTION('',(1.E0,0.E0,0.E0));
#1594=VECTOR('',#1593,2.E1);
#1595=CARTESIAN_POINT('',(7.9E2,-2.E1,-1.55E2));
#1596=LINE('',#1595,#1594);
#1597=DIRECTION('',(1.E0,0.E0,0.E0));
#1598=VECTOR('',#1597,2.E1);
#1599=CARTESIAN_POINT('',(-8.1E2,-2.E1,-3.067049659296E1));
#1600=LINE('',#1599,#1598);
#1601=DIRECTION('',(1.E0,0.E0,0.E0));
#1602=VECTOR('',#1601,2.E1);
#1603=CARTESIAN_POINT('',(7.9E2,-2.E1,-3.067049659296E1));
#1604=LINE('',#1603,#1602);
#1605=DIRECTION('',(1.E0,0.E0,0.E0));
#1606=VECTOR('',#1605,2.E1);
#1607=CARTESIAN_POINT('',(-8.1E2,-4.25E2,-3.067049659296E1));
#1608=LINE('',#1607,#1606);
#1609=DIRECTION('',(1.E0,0.E0,0.E0));
#1610=VECTOR('',#1609,2.E1);
#1611=CARTESIAN_POINT('',(7.9E2,-4.25E2,-3.067049659296E1));
#1612=LINE('',#1611,#1610);
#1613=DIRECTION('',(1.E0,0.E0,0.E0));
#1614=VECTOR('',#1613,2.E1);
#1615=CARTESIAN_POINT('',(-8.1E2,-2.E1,3.067049659296E1));
#1616=LINE('',#1615,#1614);
#1617=DIRECTION('',(1.E0,0.E0,0.E0));
#1618=VECTOR('',#1617,2.E1);
#1619=CARTESIAN_POINT('',(7.9E2,-2.E1,3.067049659296E1));
#1620=LINE('',#1619,#1618);
#1621=DIRECTION('',(1.E0,0.E0,0.E0));
#1622=VECTOR('',#1621,2.E1);
#1623=CARTESIAN_POINT('',(-8.1E2,-2.E1,1.55E2));
#1624=LINE('',#1623,#1622);
#1625=DIRECTION('',(1.E0,0.E0,0.E0));
#1626=VECTOR('',#1625,2.E1);
#1627=CARTESIAN_POINT('',(7.9E2,-2.E1,1.55E2));
#1628=LINE('',#1627,#1626);
#1629=DIRECTION('',(1.E0,0.E0,0.E0));
#1630=VECTOR('',#1629,2.E1);
#1631=CARTESIAN_POINT('',(-8.1E2,-4.25E2,1.55E2));
#1632=LINE('',#1631,#1630);
#1633=DIRECTION('',(1.E0,0.E0,0.E0));
#1634=VECTOR('',#1633,2.E1);
#1635=CARTESIAN_POINT('',(7.9E2,-4.25E2,1.55E2));
#1636=LINE('',#1635,#1634);
#1637=DIRECTION('',(1.E0,0.E0,0.E0));
#1638=VECTOR('',#1637,2.E1);
#1639=CARTESIAN_POINT('',(-8.1E2,2.E1,1.55E2));
#1640=LINE('',#1639,#1638);
#1641=DIRECTION('',(1.E0,0.E0,0.E0));
#1642=VECTOR('',#1641,2.E1);
#1643=CARTESIAN_POINT('',(7.9E2,2.E1,1.55E2));
#1644=LINE('',#1643,#1642);
#1645=DIRECTION('',(1.E0,0.E0,0.E0));
#1646=VECTOR('',#1645,2.E1);
#1647=CARTESIAN_POINT('',(-8.1E2,2.E1,3.067049659296E1));
#1648=LINE('',#1647,#1646);
#1649=DIRECTION('',(1.E0,0.E0,0.E0));
#1650=VECTOR('',#1649,2.E1);
#1651=CARTESIAN_POINT('',(7.9E2,2.E1,3.067049659296E1));
#1652=LINE('',#1651,#1650);
#1653=DIRECTION('',(1.E0,0.E0,0.E0));
#1654=VECTOR('',#1653,2.E1);
#1655=CARTESIAN_POINT('',(-8.1E2,4.25E2,3.067049659296E1));
#1656=LINE('',#1655,#1654);
#1657=DIRECTION('',(1.E0,0.E0,0.E0));
#1658=VECTOR('',#1657,2.E1);
#1659=CARTESIAN_POINT('',(7.9E2,4.25E2,3.067049659296E1));
#1660=LINE('',#1659,#1658);
#1661=DIRECTION('',(1.E0,0.E0,0.E0));
#1662=VECTOR('',#1661,2.E1);
#1663=CARTESIAN_POINT('',(-8.1E2,2.E1,-3.067049659296E1));
#1664=LINE('',#1663,#1662);
#1665=DIRECTION('',(1.E0,0.E0,0.E0));
#1666=VECTOR('',#1665,2.E1);
#1667=CARTESIAN_POINT('',(7.9E2,2.E1,-3.067049659296E1));
#1668=LINE('',#1667,#1666);
#1669=DIRECTION('',(1.E0,0.E0,0.E0));
#1670=VECTOR('',#1669,2.E1);
#1671=CARTESIAN_POINT('',(-8.1E2,2.E1,-1.55E2));
#1672=LINE('',#1671,#1670);
#1673=DIRECTION('',(1.E0,0.E0,0.E0));
#1674=VECTOR('',#1673,2.E1);
#1675=CARTESIAN_POINT('',(7.9E2,2.E1,-1.55E2));
#1676=LINE('',#1675,#1674);
#1677=DIRECTION('',(1.E0,0.E0,0.E0));
#1678=VECTOR('',#1677,2.E1);
#1679=CARTESIAN_POINT('',(-8.1E2,4.25E2,-1.55E2));
#1680=LINE('',#1679,#1678);
#1681=DIRECTION('',(1.E0,0.E0,0.E0));
#1682=VECTOR('',#1681,2.E1);
#1683=CARTESIAN_POINT('',(7.9E2,4.25E2,-1.55E2));
#1684=LINE('',#1683,#1682);
#1685=DIRECTION('',(0.E0,1.E0,0.E0));
#1686=VECTOR('',#1685,8.5E2);
#1687=CARTESIAN_POINT('',(2.740676377746E2,-4.25E2,-1.6E2));
#1688=LINE('',#1687,#1686);
#1689=DIRECTION('',(0.E0,-1.E0,0.E0));
#1690=VECTOR('',#1689,8.5E2);
#1691=CARTESIAN_POINT('',(5.85E2,4.25E2,-1.6E2));
#1692=LINE('',#1691,#1690);
#1693=DIRECTION('',(0.E0,1.E0,0.E0));
#1694=VECTOR('',#1693,8.5E2);
#1695=CARTESIAN_POINT('',(-1.9E2,-4.25E2,-1.6E2));
#1696=LINE('',#1695,#1694);
#1697=DIRECTION('',(0.E0,-1.E0,0.E0));
#1698=VECTOR('',#1697,8.5E2);
#1699=CARTESIAN_POINT('',(1.9E2,4.25E2,-1.6E2));
#1700=LINE('',#1699,#1698);
#1701=DIRECTION('',(0.E0,1.E0,0.E0));
#1702=VECTOR('',#1701,8.5E2);
#1703=CARTESIAN_POINT('',(-5.85E2,-4.25E2,-1.6E2));
#1704=LINE('',#1703,#1702);
#1705=DIRECTION('',(0.E0,-1.E0,0.E0));
#1706=VECTOR('',#1705,8.5E2);
#1707=CARTESIAN_POINT('',(-2.740676377746E2,4.25E2,-1.6E2));
#1708=LINE('',#1707,#1706);
#1709=DIRECTION('',(0.E0,-1.E0,0.E0));
#1710=VECTOR('',#1709,8.5E2);
#1711=CARTESIAN_POINT('',(-6.690676377746E2,4.25E2,-1.6E2));
#1712=LINE('',#1711,#1710);
#1713=DIRECTION('',(1.E0,0.E0,0.E0));
#1714=VECTOR('',#1713,3.5E1);
#1715=CARTESIAN_POINT('',(-6.445E2,4.25E2,-1.925E2));
#1716=LINE('',#1715,#1714);
#1717=DIRECTION('',(0.E0,0.E0,-1.E0));
#1718=VECTOR('',#1717,1.25E1);
#1719=CARTESIAN_POINT('',(-6.445E2,4.25E2,-1.8E2));
#1720=LINE('',#1719,#1718);
#1721=CARTESIAN_POINT('',(-6.095E2,4.025E2,-1.925E2));
#1722=DIRECTION('',(1.E0,0.E0,0.E0));
#1723=DIRECTION('',(0.E0,1.010549668637E-14,-1.E0));
#1724=AXIS2_PLACEMENT_3D('',#1721,#1722,#1723);
#1726=CARTESIAN_POINT('',(-6.095E2,-4.025E2,-1.925E2));
#1727=DIRECTION('',(1.E0,0.E0,0.E0));
#1728=DIRECTION('',(0.E0,-1.E0,0.E0));
#1729=AXIS2_PLACEMENT_3D('',#1726,#1727,#1728);
#1731=DIRECTION('',(0.E0,0.E0,-1.E0));
#1732=VECTOR('',#1731,1.25E1);
#1733=CARTESIAN_POINT('',(-6.095E2,4.25E2,-1.8E2));
#1734=LINE('',#1733,#1732);
#1735=DIRECTION('',(1.E0,0.E0,0.E0));
#1736=VECTOR('',#1735,3.5E1);
#1737=CARTESIAN_POINT('',(-6.445E2,4.025E2,-2.15E2));
#1738=LINE('',#1737,#1736);
#1739=DIRECTION('',(0.E0,1.E0,0.E0));
#1740=VECTOR('',#1739,8.05E2);
#1741=CARTESIAN_POINT('',(-6.445E2,-4.025E2,-2.15E2));
#1742=LINE('',#1741,#1740);
#1743=DIRECTION('',(-1.E0,0.E0,0.E0));
#1744=VECTOR('',#1743,3.5E1);
#1745=CARTESIAN_POINT('',(-6.095E2,-4.025E2,-2.15E2));
#1746=LINE('',#1745,#1744);
#1747=DIRECTION('',(0.E0,-1.E0,0.E0));
#1748=VECTOR('',#1747,8.05E2);
#1749=CARTESIAN_POINT('',(-6.095E2,4.025E2,-2.15E2));
#1750=LINE('',#1749,#1748);
#1751=DIRECTION('',(-1.E0,0.E0,0.E0));
#1752=VECTOR('',#1751,3.5E1);
#1753=CARTESIAN_POINT('',(6.445E2,-4.025E2,-2.15E2));
#1754=LINE('',#1753,#1752);
#1755=DIRECTION('',(0.E0,-1.E0,0.E0));
#1756=VECTOR('',#1755,8.05E2);
#1757=CARTESIAN_POINT('',(6.445E2,4.025E2,-2.15E2));
#1758=LINE('',#1757,#1756);
#1759=DIRECTION('',(1.E0,0.E0,0.E0));
#1760=VECTOR('',#1759,3.5E1);
#1761=CARTESIAN_POINT('',(6.095E2,4.025E2,-2.15E2));
#1762=LINE('',#1761,#1760);
#1763=DIRECTION('',(0.E0,1.E0,0.E0));
#1764=VECTOR('',#1763,8.05E2);
#1765=CARTESIAN_POINT('',(6.095E2,-4.025E2,-2.15E2));
#1766=LINE('',#1765,#1764);
#1767=CARTESIAN_POINT('',(-6.445E2,4.025E2,-1.925E2));
#1768=DIRECTION('',(-1.E0,0.E0,0.E0));
#1769=DIRECTION('',(0.E0,1.E0,0.E0));
#1770=AXIS2_PLACEMENT_3D('',#1767,#1768,#1769);
#1772=DIRECTION('',(0.E0,0.E0,-1.E0));
#1773=VECTOR('',#1772,1.25E1);
#1774=CARTESIAN_POINT('',(-6.445E2,-4.25E2,-1.8E2));
#1775=LINE('',#1774,#1773);
#1776=CARTESIAN_POINT('',(-6.445E2,-4.025E2,-1.925E2));
#1777=DIRECTION('',(-1.E0,0.E0,0.E0));
#1778=DIRECTION('',(0.E0,-1.010549668637E-14,-1.E0));
#1779=AXIS2_PLACEMENT_3D('',#1776,#1777,#1778);
#1781=DIRECTION('',(-1.E0,0.E0,0.E0));
#1782=VECTOR('',#1781,3.5E1);
#1783=CARTESIAN_POINT('',(-6.095E2,-4.25E2,-1.925E2));
#1784=LINE('',#1783,#1782);
#1785=DIRECTION('',(0.E0,0.E0,-1.E0));
#1786=VECTOR('',#1785,1.25E1);
#1787=CARTESIAN_POINT('',(-6.095E2,-4.25E2,-1.8E2));
#1788=LINE('',#1787,#1786);
#1789=CARTESIAN_POINT('',(6.095E2,-4.025E2,-1.925E2));
#1790=DIRECTION('',(-1.E0,0.E0,0.E0));
#1791=DIRECTION('',(0.E0,-1.010549668637E-14,-1.E0));
#1792=AXIS2_PLACEMENT_3D('',#1789,#1790,#1791);
#1794=CARTESIAN_POINT('',(6.095E2,4.025E2,-1.925E2));
#1795=DIRECTION('',(-1.E0,0.E0,0.E0));
#1796=DIRECTION('',(0.E0,1.E0,0.E0));
#1797=AXIS2_PLACEMENT_3D('',#1794,#1795,#1796);
#1799=DIRECTION('',(0.E0,0.E0,-1.E0));
#1800=VECTOR('',#1799,1.25E1);
#1801=CARTESIAN_POINT('',(6.095E2,-4.25E2,-1.8E2));
#1802=LINE('',#1801,#1800);
#1803=CARTESIAN_POINT('',(6.445E2,-4.025E2,-1.925E2));
#1804=DIRECTION('',(1.E0,0.E0,0.E0));
#1805=DIRECTION('',(0.E0,-1.E0,0.E0));
#1806=AXIS2_PLACEMENT_3D('',#1803,#1804,#1805);
#1808=DIRECTION('',(0.E0,0.E0,-1.E0));
#1809=VECTOR('',#1808,1.25E1);
#1810=CARTESIAN_POINT('',(6.445E2,4.25E2,-1.8E2));
#1811=LINE('',#1810,#1809);
#1812=CARTESIAN_POINT('',(6.445E2,4.025E2,-1.925E2));
#1813=DIRECTION('',(1.E0,0.E0,0.E0));
#1814=DIRECTION('',(0.E0,1.010549668637E-14,-1.E0));
#1815=AXIS2_PLACEMENT_3D('',#1812,#1813,#1814);
#1817=DIRECTION('',(-1.E0,0.E0,0.E0));
#1818=VECTOR('',#1817,3.5E1);
#1819=CARTESIAN_POINT('',(6.445E2,-4.25E2,-1.925E2));
#1820=LINE('',#1819,#1818);
#1821=DIRECTION('',(0.E0,0.E0,-1.E0));
#1822=VECTOR('',#1821,1.25E1);
#1823=CARTESIAN_POINT('',(6.445E2,-4.25E2,-1.8E2));
#1824=LINE('',#1823,#1822);
#1825=DIRECTION('',(1.E0,0.E0,0.E0));
#1826=VECTOR('',#1825,3.5E1);
#1827=CARTESIAN_POINT('',(6.095E2,4.25E2,-1.925E2));
#1828=LINE('',#1827,#1826);
#1829=DIRECTION('',(0.E0,0.E0,-1.E0));
#1830=VECTOR('',#1829,1.25E1);
#1831=CARTESIAN_POINT('',(6.095E2,4.25E2,-1.8E2));
#1832=LINE('',#1831,#1830);
#1833=CARTESIAN_POINT('',(-8.1E2,4.45E2,-1.8E2));
#1834=CARTESIAN_POINT('',(-8.1E2,-4.45E2,-1.8E2));
#1835=VERTEX_POINT('',#1833);
#1836=VERTEX_POINT('',#1834);
#1837=CARTESIAN_POINT('',(8.1E2,-4.45E2,-1.8E2));
#1838=VERTEX_POINT('',#1837);
#1839=CARTESIAN_POINT('',(8.1E2,4.45E2,-1.8E2));
#1840=VERTEX_POINT('',#1839);
#1841=CARTESIAN_POINT('',(7.9E2,4.25E2,-1.8E2));
#1842=CARTESIAN_POINT('',(7.9E2,-4.25E2,-1.8E2));
#1843=VERTEX_POINT('',#1841);
#1844=VERTEX_POINT('',#1842);
#1845=CARTESIAN_POINT('',(-7.9E2,-4.25E2,-1.8E2));
#1846=CARTESIAN_POINT('',(-7.9E2,4.25E2,-1.8E2));
#1847=VERTEX_POINT('',#1845);
#1848=VERTEX_POINT('',#1846);
#1849=CARTESIAN_POINT('',(-8.1E2,4.45E2,1.8E2));
#1850=CARTESIAN_POINT('',(-8.1E2,-4.45E2,1.8E2));
#1851=VERTEX_POINT('',#1849);
#1852=VERTEX_POINT('',#1850);
#1853=CARTESIAN_POINT('',(8.1E2,-4.45E2,1.8E2));
#1854=VERTEX_POINT('',#1853);
#1855=CARTESIAN_POINT('',(8.1E2,4.45E2,1.8E2));
#1856=VERTEX_POINT('',#1855);
#1857=CARTESIAN_POINT('',(-7.9E2,4.25E2,1.8E2));
#1858=CARTESIAN_POINT('',(7.9E2,4.25E2,1.8E2));
#1859=VERTEX_POINT('',#1857);
#1860=VERTEX_POINT('',#1858);
#1861=CARTESIAN_POINT('',(7.9E2,-4.25E2,1.8E2));
#1862=VERTEX_POINT('',#1861);
#1863=CARTESIAN_POINT('',(-7.9E2,-4.25E2,1.8E2));
#1864=VERTEX_POINT('',#1863);
#1865=CARTESIAN_POINT('',(-6.690676377746E2,4.25E2,-1.8E2));
#1866=VERTEX_POINT('',#1865);
#1867=CARTESIAN_POINT('',(-5.85E2,4.25E2,-1.8E2));
#1868=CARTESIAN_POINT('',(-2.740676377746E2,4.25E2,-1.8E2));
#1869=VERTEX_POINT('',#1867);
#1870=VERTEX_POINT('',#1868);
#1871=CARTESIAN_POINT('',(6.690676377746E2,-4.25E2,-1.8E2));
#1872=VERTEX_POINT('',#1871);
#1873=CARTESIAN_POINT('',(5.85E2,-4.25E2,-1.8E2));
#1874=CARTESIAN_POINT('',(2.740676377746E2,-4.25E2,-1.8E2));
#1875=VERTEX_POINT('',#1873);
#1876=VERTEX_POINT('',#1874);
#1877=CARTESIAN_POINT('',(-1.9E2,4.25E2,-1.8E2));
#1878=CARTESIAN_POINT('',(1.9E2,4.25E2,-1.8E2));
#1879=VERTEX_POINT('',#1877);
#1880=VERTEX_POINT('',#1878);
#1881=CARTESIAN_POINT('',(2.740676377746E2,4.25E2,-1.8E2));
#1882=CARTESIAN_POINT('',(5.85E2,4.25E2,-1.8E2));
#1883=VERTEX_POINT('',#1881);
#1884=VERTEX_POINT('',#1882);
#1885=CARTESIAN_POINT('',(6.690676377746E2,4.25E2,-1.8E2));
#1886=VERTEX_POINT('',#1885);
#1887=CARTESIAN_POINT('',(1.9E2,-4.25E2,-1.8E2));
#1888=CARTESIAN_POINT('',(-1.9E2,-4.25E2,-1.8E2));
#1889=VERTEX_POINT('',#1887);
#1890=VERTEX_POINT('',#1888);
#1891=CARTESIAN_POINT('',(-2.740676377746E2,-4.25E2,-1.8E2));
#1892=CARTESIAN_POINT('',(-5.85E2,-4.25E2,-1.8E2));
#1893=VERTEX_POINT('',#1891);
#1894=VERTEX_POINT('',#1892);
#1895=CARTESIAN_POINT('',(-6.690676377746E2,-4.25E2,-1.8E2));
#1896=VERTEX_POINT('',#1895);
#1897=CARTESIAN_POINT('',(-6.445E2,4.25E2,-1.8E2));
#1898=CARTESIAN_POINT('',(-6.095E2,4.25E2,-1.8E2));
#1899=VERTEX_POINT('',#1897);
#1900=VERTEX_POINT('',#1898);
#1901=CARTESIAN_POINT('',(-6.095E2,-4.25E2,-1.8E2));
#1902=VERTEX_POINT('',#1901);
#1903=CARTESIAN_POINT('',(-6.445E2,-4.25E2,-1.8E2));
#1904=VERTEX_POINT('',#1903);
#1905=CARTESIAN_POINT('',(6.445E2,4.25E2,-1.8E2));
#1906=CARTESIAN_POINT('',(6.445E2,-4.25E2,-1.8E2));
#1907=VERTEX_POINT('',#1905);
#1908=VERTEX_POINT('',#1906);
#1909=CARTESIAN_POINT('',(6.095E2,-4.25E2,-1.8E2));
#1910=VERTEX_POINT('',#1909);
#1911=CARTESIAN_POINT('',(6.095E2,4.25E2,-1.8E2));
#1912=VERTEX_POINT('',#1911);
#1913=CARTESIAN_POINT('',(-6.095E2,4.025E2,-2.15E2));
#1914=CARTESIAN_POINT('',(-6.095E2,4.25E2,-1.925E2));
#1915=VERTEX_POINT('',#1913);
#1916=VERTEX_POINT('',#1914);
#1917=CARTESIAN_POINT('',(-6.445E2,4.25E2,-1.925E2));
#1918=VERTEX_POINT('',#1917);
#1919=CARTESIAN_POINT('',(-6.445E2,4.025E2,-2.15E2));
#1920=VERTEX_POINT('',#1919);
#1921=CARTESIAN_POINT('',(-6.445E2,-4.025E2,-2.15E2));
#1922=CARTESIAN_POINT('',(-6.445E2,-4.25E2,-1.925E2));
#1923=VERTEX_POINT('',#1921);
#1924=VERTEX_POINT('',#1922);
#1925=CARTESIAN_POINT('',(-6.095E2,-4.25E2,-1.925E2));
#1926=VERTEX_POINT('',#1925);
#1927=CARTESIAN_POINT('',(-6.095E2,-4.025E2,-2.15E2));
#1928=VERTEX_POINT('',#1927);
#1929=CARTESIAN_POINT('',(6.095E2,-4.025E2,-2.15E2));
#1930=CARTESIAN_POINT('',(6.095E2,-4.25E2,-1.925E2));
#1931=VERTEX_POINT('',#1929);
#1932=VERTEX_POINT('',#1930);
#1933=CARTESIAN_POINT('',(6.445E2,-4.25E2,-1.925E2));
#1934=VERTEX_POINT('',#1933);
#1935=CARTESIAN_POINT('',(6.445E2,-4.025E2,-2.15E2));
#1936=VERTEX_POINT('',#1935);
#1937=CARTESIAN_POINT('',(6.445E2,4.025E2,-2.15E2));
#1938=CARTESIAN_POINT('',(6.445E2,4.25E2,-1.925E2));
#1939=VERTEX_POINT('',#1937);
#1940=VERTEX_POINT('',#1938);
#1941=CARTESIAN_POINT('',(6.095E2,4.25E2,-1.925E2));
#1942=VERTEX_POINT('',#1941);
#1943=CARTESIAN_POINT('',(6.095E2,4.025E2,-2.15E2));
#1944=VERTEX_POINT('',#1943);
#1945=CARTESIAN_POINT('',(-7.75E2,-4.45E2,1.45E2));
#1946=CARTESIAN_POINT('',(-7.75E2,-4.45E2,3.5E1));
#1947=VERTEX_POINT('',#1945);
#1948=VERTEX_POINT('',#1946);
#1949=CARTESIAN_POINT('',(-4.15E2,-4.45E2,3.5E1));
#1950=VERTEX_POINT('',#1949);
#1951=CARTESIAN_POINT('',(-4.15E2,-4.45E2,1.45E2));
#1952=VERTEX_POINT('',#1951);
#1953=CARTESIAN_POINT('',(-2.15E2,-4.45E2,1.45E2));
#1954=CARTESIAN_POINT('',(-2.15E2,-4.45E2,3.5E1));
#1955=VERTEX_POINT('',#1953);
#1956=VERTEX_POINT('',#1954);
#1957=CARTESIAN_POINT('',(1.45E2,-4.45E2,3.5E1));
#1958=VERTEX_POINT('',#1957);
#1959=CARTESIAN_POINT('',(1.45E2,-4.45E2,1.45E2));
#1960=VERTEX_POINT('',#1959);
#1961=CARTESIAN_POINT('',(3.565831205742E2,-4.45E2,1.45E2));
#1962=CARTESIAN_POINT('',(3.565831205742E2,-4.45E2,3.5E1));
#1963=VERTEX_POINT('',#1961);
#1964=VERTEX_POINT('',#1962);
#1965=CARTESIAN_POINT('',(7.165831205742E2,-4.45E2,3.5E1));
#1966=VERTEX_POINT('',#1965);
#1967=CARTESIAN_POINT('',(7.165831205742E2,-4.45E2,1.45E2));
#1968=VERTEX_POINT('',#1967);
#1969=CARTESIAN_POINT('',(-7.75E2,-4.45E2,-1.45E2));
#1970=CARTESIAN_POINT('',(-4.15E2,-4.45E2,-1.45E2));
#1971=VERTEX_POINT('',#1969);
#1972=VERTEX_POINT('',#1970);
#1973=CARTESIAN_POINT('',(-4.15E2,-4.45E2,-3.5E1));
#1974=VERTEX_POINT('',#1973);
#1975=CARTESIAN_POINT('',(-7.75E2,-4.45E2,-3.5E1));
#1976=VERTEX_POINT('',#1975);
#1977=CARTESIAN_POINT('',(-2.15E2,-4.45E2,-1.45E2));
#1978=CARTESIAN_POINT('',(1.45E2,-4.45E2,-1.45E2));
#1979=VERTEX_POINT('',#1977);
#1980=VERTEX_POINT('',#1978);
#1981=CARTESIAN_POINT('',(1.45E2,-4.45E2,-3.5E1));
#1982=VERTEX_POINT('',#1981);
#1983=CARTESIAN_POINT('',(-2.15E2,-4.45E2,-3.5E1));
#1984=VERTEX_POINT('',#1983);
#1985=CARTESIAN_POINT('',(3.565831205742E2,-4.45E2,-1.45E2));
#1986=CARTESIAN_POINT('',(7.165831205742E2,-4.45E2,-1.45E2));
#1987=VERTEX_POINT('',#1985);
#1988=VERTEX_POINT('',#1986);
#1989=CARTESIAN_POINT('',(7.165831205742E2,-4.45E2,-3.5E1));
#1990=VERTEX_POINT('',#1989);
#1991=CARTESIAN_POINT('',(3.565831205742E2,-4.45E2,-3.5E1));
#1992=VERTEX_POINT('',#1991);
#1993=CARTESIAN_POINT('',(-3.8E2,-4.45E2,1.434997109271E2));
#1994=CARTESIAN_POINT('',(-3.8E2,-4.45E2,3.5E1));
#1995=VERTEX_POINT('',#1993);
#1996=VERTEX_POINT('',#1994);
#1997=CARTESIAN_POINT('',(-2.5E2,-4.45E2,3.5E1));
#1998=VERTEX_POINT('',#1997);
#1999=CARTESIAN_POINT('',(-2.5E2,-4.45E2,1.434997109271E2));
#2000=VERTEX_POINT('',#1999);
#2001=CARTESIAN_POINT('',(1.871255182071E2,-4.45E2,1.464348069947E2));
#2002=CARTESIAN_POINT('',(1.871255182071E2,-4.45E2,3.5E1));
#2003=VERTEX_POINT('',#2001);
#2004=VERTEX_POINT('',#2002);
#2005=CARTESIAN_POINT('',(3.171255182071E2,-4.45E2,3.5E1));
#2006=VERTEX_POINT('',#2005);
#2007=CARTESIAN_POINT('',(3.171255182071E2,-4.45E2,1.464348069947E2));
#2008=VERTEX_POINT('',#2007);
#2009=CARTESIAN_POINT('',(-3.8E2,-4.45E2,-1.434997109271E2));
#2010=CARTESIAN_POINT('',(-2.5E2,-4.45E2,-1.434997109271E2));
#2011=VERTEX_POINT('',#2009);
#2012=VERTEX_POINT('',#2010);
#2013=CARTESIAN_POINT('',(-2.5E2,-4.45E2,-3.5E1));
#2014=VERTEX_POINT('',#2013);
#2015=CARTESIAN_POINT('',(-3.8E2,-4.45E2,-3.5E1));
#2016=VERTEX_POINT('',#2015);
#2017=CARTESIAN_POINT('',(1.871255182071E2,-4.45E2,-1.464348069947E2));
#2018=CARTESIAN_POINT('',(3.171255182071E2,-4.45E2,-1.464348069947E2));
#2019=VERTEX_POINT('',#2017);
#2020=VERTEX_POINT('',#2018);
#2021=CARTESIAN_POINT('',(3.171255182071E2,-4.45E2,-3.5E1));
#2022=VERTEX_POINT('',#2021);
#2023=CARTESIAN_POINT('',(1.871255182071E2,-4.45E2,-3.5E1));
#2024=VERTEX_POINT('',#2023);
#2025=CARTESIAN_POINT('',(-7.75E2,4.45E2,1.45E2));
#2026=CARTESIAN_POINT('',(-7.75E2,4.45E2,3.5E1));
#2027=VERTEX_POINT('',#2025);
#2028=VERTEX_POINT('',#2026);
#2029=CARTESIAN_POINT('',(-4.15E2,4.45E2,3.5E1));
#2030=VERTEX_POINT('',#2029);
#2031=CARTESIAN_POINT('',(-4.15E2,4.45E2,1.45E2));
#2032=VERTEX_POINT('',#2031);
#2033=CARTESIAN_POINT('',(-2.15E2,4.45E2,1.45E2));
#2034=CARTESIAN_POINT('',(-2.15E2,4.45E2,3.5E1));
#2035=VERTEX_POINT('',#2033);
#2036=VERTEX_POINT('',#2034);
#2037=CARTESIAN_POINT('',(1.45E2,4.45E2,3.5E1));
#2038=VERTEX_POINT('',#2037);
#2039=CARTESIAN_POINT('',(1.45E2,4.45E2,1.45E2));
#2040=VERTEX_POINT('',#2039);
#2041=CARTESIAN_POINT('',(3.565831205742E2,4.45E2,1.45E2));
#2042=CARTESIAN_POINT('',(3.565831205742E2,4.45E2,3.5E1));
#2043=VERTEX_POINT('',#2041);
#2044=VERTEX_POINT('',#2042);
#2045=CARTESIAN_POINT('',(7.165831205742E2,4.45E2,3.5E1));
#2046=VERTEX_POINT('',#2045);
#2047=CARTESIAN_POINT('',(7.165831205742E2,4.45E2,1.45E2));
#2048=VERTEX_POINT('',#2047);
#2049=CARTESIAN_POINT('',(-7.75E2,4.45E2,-1.45E2));
#2050=CARTESIAN_POINT('',(-4.15E2,4.45E2,-1.45E2));
#2051=VERTEX_POINT('',#2049);
#2052=VERTEX_POINT('',#2050);
#2053=CARTESIAN_POINT('',(-4.15E2,4.45E2,-3.5E1));
#2054=VERTEX_POINT('',#2053);
#2055=CARTESIAN_POINT('',(-7.75E2,4.45E2,-3.5E1));
#2056=VERTEX_POINT('',#2055);
#2057=CARTESIAN_POINT('',(-2.15E2,4.45E2,-1.45E2));
#2058=CARTESIAN_POINT('',(1.45E2,4.45E2,-1.45E2));
#2059=VERTEX_POINT('',#2057);
#2060=VERTEX_POINT('',#2058);
#2061=CARTESIAN_POINT('',(1.45E2,4.45E2,-3.5E1));
#2062=VERTEX_POINT('',#2061);
#2063=CARTESIAN_POINT('',(-2.15E2,4.45E2,-3.5E1));
#2064=VERTEX_POINT('',#2063);
#2065=CARTESIAN_POINT('',(3.565831205742E2,4.45E2,-1.45E2));
#2066=CARTESIAN_POINT('',(7.165831205742E2,4.45E2,-1.45E2));
#2067=VERTEX_POINT('',#2065);
#2068=VERTEX_POINT('',#2066);
#2069=CARTESIAN_POINT('',(7.165831205742E2,4.45E2,-3.5E1));
#2070=VERTEX_POINT('',#2069);
#2071=CARTESIAN_POINT('',(3.565831205742E2,4.45E2,-3.5E1));
#2072=VERTEX_POINT('',#2071);
#2073=CARTESIAN_POINT('',(-3.8E2,4.45E2,1.434997109271E2));
#2074=CARTESIAN_POINT('',(-3.8E2,4.45E2,3.5E1));
#2075=VERTEX_POINT('',#2073);
#2076=VERTEX_POINT('',#2074);
#2077=CARTESIAN_POINT('',(-2.5E2,4.45E2,3.5E1));
#2078=VERTEX_POINT('',#2077);
#2079=CARTESIAN_POINT('',(-2.5E2,4.45E2,1.434997109271E2));
#2080=VERTEX_POINT('',#2079);
#2081=CARTESIAN_POINT('',(1.871255182071E2,4.45E2,1.464348069947E2));
#2082=CARTESIAN_POINT('',(1.871255182071E2,4.45E2,3.5E1));
#2083=VERTEX_POINT('',#2081);
#2084=VERTEX_POINT('',#2082);
#2085=CARTESIAN_POINT('',(3.171255182071E2,4.45E2,3.5E1));
#2086=VERTEX_POINT('',#2085);
#2087=CARTESIAN_POINT('',(3.171255182071E2,4.45E2,1.464348069947E2));
#2088=VERTEX_POINT('',#2087);
#2089=CARTESIAN_POINT('',(-3.8E2,4.45E2,-1.434997109271E2));
#2090=CARTESIAN_POINT('',(-2.5E2,4.45E2,-1.434997109271E2));
#2091=VERTEX_POINT('',#2089);
#2092=VERTEX_POINT('',#2090);
#2093=CARTESIAN_POINT('',(-2.5E2,4.45E2,-3.5E1));
#2094=VERTEX_POINT('',#2093);
#2095=CARTESIAN_POINT('',(-3.8E2,4.45E2,-3.5E1));
#2096=VERTEX_POINT('',#2095);
#2097=CARTESIAN_POINT('',(1.871255182071E2,4.45E2,-1.464348069947E2));
#2098=CARTESIAN_POINT('',(3.171255182071E2,4.45E2,-1.464348069947E2));
#2099=VERTEX_POINT('',#2097);
#2100=VERTEX_POINT('',#2098);
#2101=CARTESIAN_POINT('',(3.171255182071E2,4.45E2,-3.5E1));
#2102=VERTEX_POINT('',#2101);
#2103=CARTESIAN_POINT('',(1.871255182071E2,4.45E2,-3.5E1));
#2104=VERTEX_POINT('',#2103);
#2105=CARTESIAN_POINT('',(-7.75E2,4.25E2,1.45E2));
#2106=CARTESIAN_POINT('',(-7.75E2,4.25E2,3.5E1));
#2107=VERTEX_POINT('',#2105);
#2108=VERTEX_POINT('',#2106);
#2109=CARTESIAN_POINT('',(-4.15E2,4.25E2,3.5E1));
#2110=VERTEX_POINT('',#2109);
#2111=CARTESIAN_POINT('',(-4.15E2,4.25E2,1.45E2));
#2112=VERTEX_POINT('',#2111);
#2113=CARTESIAN_POINT('',(-2.15E2,4.25E2,1.45E2));
#2114=CARTESIAN_POINT('',(-2.15E2,4.25E2,3.5E1));
#2115=VERTEX_POINT('',#2113);
#2116=VERTEX_POINT('',#2114);
#2117=CARTESIAN_POINT('',(1.45E2,4.25E2,3.5E1));
#2118=VERTEX_POINT('',#2117);
#2119=CARTESIAN_POINT('',(1.45E2,4.25E2,1.45E2));
#2120=VERTEX_POINT('',#2119);
#2121=CARTESIAN_POINT('',(3.565831205742E2,4.25E2,1.45E2));
#2122=CARTESIAN_POINT('',(3.565831205742E2,4.25E2,3.5E1));
#2123=VERTEX_POINT('',#2121);
#2124=VERTEX_POINT('',#2122);
#2125=CARTESIAN_POINT('',(7.165831205742E2,4.25E2,3.5E1));
#2126=VERTEX_POINT('',#2125);
#2127=CARTESIAN_POINT('',(7.165831205742E2,4.25E2,1.45E2));
#2128=VERTEX_POINT('',#2127);
#2129=CARTESIAN_POINT('',(-7.75E2,4.25E2,-1.45E2));
#2130=CARTESIAN_POINT('',(-4.15E2,4.25E2,-1.45E2));
#2131=VERTEX_POINT('',#2129);
#2132=VERTEX_POINT('',#2130);
#2133=CARTESIAN_POINT('',(-4.15E2,4.25E2,-3.5E1));
#2134=VERTEX_POINT('',#2133);
#2135=CARTESIAN_POINT('',(-7.75E2,4.25E2,-3.5E1));
#2136=VERTEX_POINT('',#2135);
#2137=CARTESIAN_POINT('',(-2.15E2,4.25E2,-1.45E2));
#2138=CARTESIAN_POINT('',(1.45E2,4.25E2,-1.45E2));
#2139=VERTEX_POINT('',#2137);
#2140=VERTEX_POINT('',#2138);
#2141=CARTESIAN_POINT('',(1.45E2,4.25E2,-3.5E1));
#2142=VERTEX_POINT('',#2141);
#2143=CARTESIAN_POINT('',(-2.15E2,4.25E2,-3.5E1));
#2144=VERTEX_POINT('',#2143);
#2145=CARTESIAN_POINT('',(3.565831205742E2,4.25E2,-1.45E2));
#2146=CARTESIAN_POINT('',(7.165831205742E2,4.25E2,-1.45E2));
#2147=VERTEX_POINT('',#2145);
#2148=VERTEX_POINT('',#2146);
#2149=CARTESIAN_POINT('',(7.165831205742E2,4.25E2,-3.5E1));
#2150=VERTEX_POINT('',#2149);
#2151=CARTESIAN_POINT('',(3.565831205742E2,4.25E2,-3.5E1));
#2152=VERTEX_POINT('',#2151);
#2153=CARTESIAN_POINT('',(-3.8E2,4.25E2,1.434997109271E2));
#2154=CARTESIAN_POINT('',(-3.8E2,4.25E2,3.5E1));
#2155=VERTEX_POINT('',#2153);
#2156=VERTEX_POINT('',#2154);
#2157=CARTESIAN_POINT('',(-2.5E2,4.25E2,3.5E1));
#2158=VERTEX_POINT('',#2157);
#2159=CARTESIAN_POINT('',(-2.5E2,4.25E2,1.434997109271E2));
#2160=VERTEX_POINT('',#2159);
#2161=CARTESIAN_POINT('',(1.871255182071E2,4.25E2,1.464348069947E2));
#2162=CARTESIAN_POINT('',(1.871255182071E2,4.25E2,3.5E1));
#2163=VERTEX_POINT('',#2161);
#2164=VERTEX_POINT('',#2162);
#2165=CARTESIAN_POINT('',(3.171255182071E2,4.25E2,3.5E1));
#2166=VERTEX_POINT('',#2165);
#2167=CARTESIAN_POINT('',(3.171255182071E2,4.25E2,1.464348069947E2));
#2168=VERTEX_POINT('',#2167);
#2169=CARTESIAN_POINT('',(-3.8E2,4.25E2,-1.434997109271E2));
#2170=CARTESIAN_POINT('',(-2.5E2,4.25E2,-1.434997109271E2));
#2171=VERTEX_POINT('',#2169);
#2172=VERTEX_POINT('',#2170);
#2173=CARTESIAN_POINT('',(-2.5E2,4.25E2,-3.5E1));
#2174=VERTEX_POINT('',#2173);
#2175=CARTESIAN_POINT('',(-3.8E2,4.25E2,-3.5E1));
#2176=VERTEX_POINT('',#2175);
#2177=CARTESIAN_POINT('',(1.871255182071E2,4.25E2,-1.464348069947E2));
#2178=CARTESIAN_POINT('',(3.171255182071E2,4.25E2,-1.464348069947E2));
#2179=VERTEX_POINT('',#2177);
#2180=VERTEX_POINT('',#2178);
#2181=CARTESIAN_POINT('',(3.171255182071E2,4.25E2,-3.5E1));
#2182=VERTEX_POINT('',#2181);
#2183=CARTESIAN_POINT('',(1.871255182071E2,4.25E2,-3.5E1));
#2184=VERTEX_POINT('',#2183);
#2185=CARTESIAN_POINT('',(-7.75E2,-4.25E2,1.45E2));
#2186=CARTESIAN_POINT('',(-7.75E2,-4.25E2,3.5E1));
#2187=VERTEX_POINT('',#2185);
#2188=VERTEX_POINT('',#2186);
#2189=CARTESIAN_POINT('',(-4.15E2,-4.25E2,3.5E1));
#2190=VERTEX_POINT('',#2189);
#2191=CARTESIAN_POINT('',(-4.15E2,-4.25E2,1.45E2));
#2192=VERTEX_POINT('',#2191);
#2193=CARTESIAN_POINT('',(-2.15E2,-4.25E2,1.45E2));
#2194=CARTESIAN_POINT('',(-2.15E2,-4.25E2,3.5E1));
#2195=VERTEX_POINT('',#2193);
#2196=VERTEX_POINT('',#2194);
#2197=CARTESIAN_POINT('',(1.45E2,-4.25E2,3.5E1));
#2198=VERTEX_POINT('',#2197);
#2199=CARTESIAN_POINT('',(1.45E2,-4.25E2,1.45E2));
#2200=VERTEX_POINT('',#2199);
#2201=CARTESIAN_POINT('',(3.565831205742E2,-4.25E2,1.45E2));
#2202=CARTESIAN_POINT('',(3.565831205742E2,-4.25E2,3.5E1));
#2203=VERTEX_POINT('',#2201);
#2204=VERTEX_POINT('',#2202);
#2205=CARTESIAN_POINT('',(7.165831205742E2,-4.25E2,3.5E1));
#2206=VERTEX_POINT('',#2205);
#2207=CARTESIAN_POINT('',(7.165831205742E2,-4.25E2,1.45E2));
#2208=VERTEX_POINT('',#2207);
#2209=CARTESIAN_POINT('',(-7.75E2,-4.25E2,-1.45E2));
#2210=CARTESIAN_POINT('',(-4.15E2,-4.25E2,-1.45E2));
#2211=VERTEX_POINT('',#2209);
#2212=VERTEX_POINT('',#2210);
#2213=CARTESIAN_POINT('',(-4.15E2,-4.25E2,-3.5E1));
#2214=VERTEX_POINT('',#2213);
#2215=CARTESIAN_POINT('',(-7.75E2,-4.25E2,-3.5E1));
#2216=VERTEX_POINT('',#2215);
#2217=CARTESIAN_POINT('',(-2.15E2,-4.25E2,-1.45E2));
#2218=CARTESIAN_POINT('',(1.45E2,-4.25E2,-1.45E2));
#2219=VERTEX_POINT('',#2217);
#2220=VERTEX_POINT('',#2218);
#2221=CARTESIAN_POINT('',(1.45E2,-4.25E2,-3.5E1));
#2222=VERTEX_POINT('',#2221);
#2223=CARTESIAN_POINT('',(-2.15E2,-4.25E2,-3.5E1));
#2224=VERTEX_POINT('',#2223);
#2225=CARTESIAN_POINT('',(3.565831205742E2,-4.25E2,-1.45E2));
#2226=CARTESIAN_POINT('',(7.165831205742E2,-4.25E2,-1.45E2));
#2227=VERTEX_POINT('',#2225);
#2228=VERTEX_POINT('',#2226);
#2229=CARTESIAN_POINT('',(7.165831205742E2,-4.25E2,-3.5E1));
#2230=VERTEX_POINT('',#2229);
#2231=CARTESIAN_POINT('',(3.565831205742E2,-4.25E2,-3.5E1));
#2232=VERTEX_POINT('',#2231);
#2233=CARTESIAN_POINT('',(-3.8E2,-4.25E2,1.434997109271E2));
#2234=CARTESIAN_POINT('',(-3.8E2,-4.25E2,3.5E1));
#2235=VERTEX_POINT('',#2233);
#2236=VERTEX_POINT('',#2234);
#2237=CARTESIAN_POINT('',(-2.5E2,-4.25E2,3.5E1));
#2238=VERTEX_POINT('',#2237);
#2239=CARTESIAN_POINT('',(-2.5E2,-4.25E2,1.434997109271E2));
#2240=VERTEX_POINT('',#2239);
#2241=CARTESIAN_POINT('',(1.871255182071E2,-4.25E2,1.464348069947E2));
#2242=CARTESIAN_POINT('',(1.871255182071E2,-4.25E2,3.5E1));
#2243=VERTEX_POINT('',#2241);
#2244=VERTEX_POINT('',#2242);
#2245=CARTESIAN_POINT('',(3.171255182071E2,-4.25E2,3.5E1));
#2246=VERTEX_POINT('',#2245);
#2247=CARTESIAN_POINT('',(3.171255182071E2,-4.25E2,1.464348069947E2));
#2248=VERTEX_POINT('',#2247);
#2249=CARTESIAN_POINT('',(-3.8E2,-4.25E2,-1.434997109271E2));
#2250=CARTESIAN_POINT('',(-2.5E2,-4.25E2,-1.434997109271E2));
#2251=VERTEX_POINT('',#2249);
#2252=VERTEX_POINT('',#2250);
#2253=CARTESIAN_POINT('',(-2.5E2,-4.25E2,-3.5E1));
#2254=VERTEX_POINT('',#2253);
#2255=CARTESIAN_POINT('',(-3.8E2,-4.25E2,-3.5E1));
#2256=VERTEX_POINT('',#2255);
#2257=CARTESIAN_POINT('',(1.871255182071E2,-4.25E2,-1.464348069947E2));
#2258=CARTESIAN_POINT('',(3.171255182071E2,-4.25E2,-1.464348069947E2));
#2259=VERTEX_POINT('',#2257);
#2260=VERTEX_POINT('',#2258);
#2261=CARTESIAN_POINT('',(3.171255182071E2,-4.25E2,-3.5E1));
#2262=VERTEX_POINT('',#2261);
#2263=CARTESIAN_POINT('',(1.871255182071E2,-4.25E2,-3.5E1));
#2264=VERTEX_POINT('',#2263);
#2265=CARTESIAN_POINT('',(-8.1E2,4.25E2,1.55E2));
#2266=CARTESIAN_POINT('',(-8.1E2,4.25E2,3.067049659296E1));
#2267=VERTEX_POINT('',#2265);
#2268=VERTEX_POINT('',#2266);
#2269=CARTESIAN_POINT('',(-8.1E2,2.E1,3.067049659296E1));
#2270=VERTEX_POINT('',#2269);
#2271=CARTESIAN_POINT('',(-8.1E2,2.E1,1.55E2));
#2272=VERTEX_POINT('',#2271);
#2273=CARTESIAN_POINT('',(-8.1E2,-4.25E2,1.55E2));
#2274=CARTESIAN_POINT('',(-8.1E2,-2.E1,1.55E2));
#2275=VERTEX_POINT('',#2273);
#2276=VERTEX_POINT('',#2274);
#2277=CARTESIAN_POINT('',(-8.1E2,-2.E1,3.067049659296E1));
#2278=VERTEX_POINT('',#2277);
#2279=CARTESIAN_POINT('',(-8.1E2,-4.25E2,3.067049659296E1));
#2280=VERTEX_POINT('',#2279);
#2281=CARTESIAN_POINT('',(-8.1E2,4.25E2,-1.55E2));
#2282=CARTESIAN_POINT('',(-8.1E2,2.E1,-1.55E2));
#2283=VERTEX_POINT('',#2281);
#2284=VERTEX_POINT('',#2282);
#2285=CARTESIAN_POINT('',(-8.1E2,2.E1,-3.067049659296E1));
#2286=VERTEX_POINT('',#2285);
#2287=CARTESIAN_POINT('',(-8.1E2,4.25E2,-3.067049659296E1));
#2288=VERTEX_POINT('',#2287);
#2289=CARTESIAN_POINT('',(-8.1E2,-4.25E2,-1.55E2));
#2290=CARTESIAN_POINT('',(-8.1E2,-4.25E2,-3.067049659296E1));
#2291=VERTEX_POINT('',#2289);
#2292=VERTEX_POINT('',#2290);
#2293=CARTESIAN_POINT('',(-8.1E2,-2.E1,-3.067049659296E1));
#2294=VERTEX_POINT('',#2293);
#2295=CARTESIAN_POINT('',(-8.1E2,-2.E1,-1.55E2));
#2296=VERTEX_POINT('',#2295);
#2297=CARTESIAN_POINT('',(8.1E2,4.25E2,1.55E2));
#2298=CARTESIAN_POINT('',(8.1E2,4.25E2,3.067049659296E1));
#2299=VERTEX_POINT('',#2297);
#2300=VERTEX_POINT('',#2298);
#2301=CARTESIAN_POINT('',(8.1E2,2.E1,3.067049659296E1));
#2302=VERTEX_POINT('',#2301);
#2303=CARTESIAN_POINT('',(8.1E2,2.E1,1.55E2));
#2304=VERTEX_POINT('',#2303);
#2305=CARTESIAN_POINT('',(8.1E2,-4.25E2,1.55E2));
#2306=CARTESIAN_POINT('',(8.1E2,-2.E1,1.55E2));
#2307=VERTEX_POINT('',#2305);
#2308=VERTEX_POINT('',#2306);
#2309=CARTESIAN_POINT('',(8.1E2,-2.E1,3.067049659296E1));
#2310=VERTEX_POINT('',#2309);
#2311=CARTESIAN_POINT('',(8.1E2,-4.25E2,3.067049659296E1));
#2312=VERTEX_POINT('',#2311);
#2313=CARTESIAN_POINT('',(8.1E2,4.25E2,-1.55E2));
#2314=CARTESIAN_POINT('',(8.1E2,2.E1,-1.55E2));
#2315=VERTEX_POINT('',#2313);
#2316=VERTEX_POINT('',#2314);
#2317=CARTESIAN_POINT('',(8.1E2,2.E1,-3.067049659296E1));
#2318=VERTEX_POINT('',#2317);
#2319=CARTESIAN_POINT('',(8.1E2,4.25E2,-3.067049659296E1));
#2320=VERTEX_POINT('',#2319);
#2321=CARTESIAN_POINT('',(8.1E2,-4.25E2,-1.55E2));
#2322=CARTESIAN_POINT('',(8.1E2,-4.25E2,-3.067049659296E1));
#2323=VERTEX_POINT('',#2321);
#2324=VERTEX_POINT('',#2322);
#2325=CARTESIAN_POINT('',(8.1E2,-2.E1,-3.067049659296E1));
#2326=VERTEX_POINT('',#2325);
#2327=CARTESIAN_POINT('',(8.1E2,-2.E1,-1.55E2));
#2328=VERTEX_POINT('',#2327);
#2329=CARTESIAN_POINT('',(7.9E2,4.25E2,3.067049659296E1));
#2330=CARTESIAN_POINT('',(7.9E2,2.E1,3.067049659296E1));
#2331=VERTEX_POINT('',#2329);
#2332=VERTEX_POINT('',#2330);
#2333=CARTESIAN_POINT('',(7.9E2,2.E1,1.55E2));
#2334=VERTEX_POINT('',#2333);
#2335=CARTESIAN_POINT('',(7.9E2,4.25E2,1.55E2));
#2336=VERTEX_POINT('',#2335);
#2337=CARTESIAN_POINT('',(7.9E2,-4.25E2,1.55E2));
#2338=CARTESIAN_POINT('',(7.9E2,-2.E1,1.55E2));
#2339=VERTEX_POINT('',#2337);
#2340=VERTEX_POINT('',#2338);
#2341=CARTESIAN_POINT('',(7.9E2,-2.E1,3.067049659296E1));
#2342=VERTEX_POINT('',#2341);
#2343=CARTESIAN_POINT('',(7.9E2,-4.25E2,3.067049659296E1));
#2344=VERTEX_POINT('',#2343);
#2345=CARTESIAN_POINT('',(7.9E2,4.25E2,-1.55E2));
#2346=CARTESIAN_POINT('',(7.9E2,2.E1,-1.55E2));
#2347=VERTEX_POINT('',#2345);
#2348=VERTEX_POINT('',#2346);
#2349=CARTESIAN_POINT('',(7.9E2,2.E1,-3.067049659296E1));
#2350=VERTEX_POINT('',#2349);
#2351=CARTESIAN_POINT('',(7.9E2,4.25E2,-3.067049659296E1));
#2352=VERTEX_POINT('',#2351);
#2353=CARTESIAN_POINT('',(7.9E2,-4.25E2,-3.067049659296E1));
#2354=CARTESIAN_POINT('',(7.9E2,-2.E1,-3.067049659296E1));
#2355=VERTEX_POINT('',#2353);
#2356=VERTEX_POINT('',#2354);
#2357=CARTESIAN_POINT('',(7.9E2,-2.E1,-1.55E2));
#2358=VERTEX_POINT('',#2357);
#2359=CARTESIAN_POINT('',(7.9E2,-4.25E2,-1.55E2));
#2360=VERTEX_POINT('',#2359);
#2361=CARTESIAN_POINT('',(-7.9E2,4.25E2,3.067049659296E1));
#2362=CARTESIAN_POINT('',(-7.9E2,2.E1,3.067049659296E1));
#2363=VERTEX_POINT('',#2361);
#2364=VERTEX_POINT('',#2362);
#2365=CARTESIAN_POINT('',(-7.9E2,2.E1,1.55E2));
#2366=VERTEX_POINT('',#2365);
#2367=CARTESIAN_POINT('',(-7.9E2,4.25E2,1.55E2));
#2368=VERTEX_POINT('',#2367);
#2369=CARTESIAN_POINT('',(-7.9E2,-4.25E2,1.55E2));
#2370=CARTESIAN_POINT('',(-7.9E2,-2.E1,1.55E2));
#2371=VERTEX_POINT('',#2369);
#2372=VERTEX_POINT('',#2370);
#2373=CARTESIAN_POINT('',(-7.9E2,-2.E1,3.067049659296E1));
#2374=VERTEX_POINT('',#2373);
#2375=CARTESIAN_POINT('',(-7.9E2,-4.25E2,3.067049659296E1));
#2376=VERTEX_POINT('',#2375);
#2377=CARTESIAN_POINT('',(-7.9E2,4.25E2,-1.55E2));
#2378=CARTESIAN_POINT('',(-7.9E2,2.E1,-1.55E2));
#2379=VERTEX_POINT('',#2377);
#2380=VERTEX_POINT('',#2378);
#2381=CARTESIAN_POINT('',(-7.9E2,2.E1,-3.067049659296E1));
#2382=VERTEX_POINT('',#2381);
#2383=CARTESIAN_POINT('',(-7.9E2,4.25E2,-3.067049659296E1));
#2384=VERTEX_POINT('',#2383);
#2385=CARTESIAN_POINT('',(-7.9E2,-4.25E2,-3.067049659296E1));
#2386=CARTESIAN_POINT('',(-7.9E2,-2.E1,-3.067049659296E1));
#2387=VERTEX_POINT('',#2385);
#2388=VERTEX_POINT('',#2386);
#2389=CARTESIAN_POINT('',(-7.9E2,-2.E1,-1.55E2));
#2390=VERTEX_POINT('',#2389);
#2391=CARTESIAN_POINT('',(-7.9E2,-4.25E2,-1.55E2));
#2392=VERTEX_POINT('',#2391);
#2393=CARTESIAN_POINT('',(7.9E2,4.25E2,-1.6E2));
#2394=CARTESIAN_POINT('',(6.690676377746E2,4.25E2,-1.6E2));
#2395=VERTEX_POINT('',#2393);
#2396=VERTEX_POINT('',#2394);
#2397=CARTESIAN_POINT('',(5.85E2,4.25E2,-1.6E2));
#2398=CARTESIAN_POINT('',(2.740676377746E2,4.25E2,-1.6E2));
#2399=VERTEX_POINT('',#2397);
#2400=VERTEX_POINT('',#2398);
#2401=CARTESIAN_POINT('',(1.9E2,4.25E2,-1.6E2));
#2402=CARTESIAN_POINT('',(-1.9E2,4.25E2,-1.6E2));
#2403=VERTEX_POINT('',#2401);
#2404=VERTEX_POINT('',#2402);
#2405=CARTESIAN_POINT('',(-2.740676377746E2,4.25E2,-1.6E2));
#2406=CARTESIAN_POINT('',(-5.85E2,4.25E2,-1.6E2));
#2407=VERTEX_POINT('',#2405);
#2408=VERTEX_POINT('',#2406);
#2409=CARTESIAN_POINT('',(-6.690676377746E2,4.25E2,-1.6E2));
#2410=CARTESIAN_POINT('',(-7.9E2,4.25E2,-1.6E2));
#2411=VERTEX_POINT('',#2409);
#2412=VERTEX_POINT('',#2410);
#2413=CARTESIAN_POINT('',(7.9E2,4.25E2,-1.56E2));
#2414=CARTESIAN_POINT('',(-7.9E2,4.25E2,-1.56E2));
#2415=VERTEX_POINT('',#2413);
#2416=VERTEX_POINT('',#2414);
#2417=CARTESIAN_POINT('',(7.9E2,-4.25E2,-1.6E2));
#2418=VERTEX_POINT('',#2417);
#2419=CARTESIAN_POINT('',(7.9E2,-4.25E2,-1.56E2));
#2420=VERTEX_POINT('',#2419);
#2421=CARTESIAN_POINT('',(6.690676377746E2,-4.25E2,-1.6E2));
#2422=VERTEX_POINT('',#2421);
#2423=CARTESIAN_POINT('',(5.85E2,-4.25E2,-1.6E2));
#2424=CARTESIAN_POINT('',(2.740676377746E2,-4.25E2,-1.6E2));
#2425=VERTEX_POINT('',#2423);
#2426=VERTEX_POINT('',#2424);
#2427=CARTESIAN_POINT('',(1.9E2,-4.25E2,-1.6E2));
#2428=CARTESIAN_POINT('',(-1.9E2,-4.25E2,-1.6E2));
#2429=VERTEX_POINT('',#2427);
#2430=VERTEX_POINT('',#2428);
#2431=CARTESIAN_POINT('',(-2.740676377746E2,-4.25E2,-1.6E2));
#2432=CARTESIAN_POINT('',(-5.85E2,-4.25E2,-1.6E2));
#2433=VERTEX_POINT('',#2431);
#2434=VERTEX_POINT('',#2432);
#2435=CARTESIAN_POINT('',(-6.690676377746E2,-4.25E2,-1.6E2));
#2436=CARTESIAN_POINT('',(-7.9E2,-4.25E2,-1.6E2));
#2437=VERTEX_POINT('',#2435);
#2438=VERTEX_POINT('',#2436);
#2439=CARTESIAN_POINT('',(-7.9E2,-4.25E2,-1.56E2));
#2440=VERTEX_POINT('',#2439);
#2441=CARTESIAN_POINT('',(3.565831205742E2,-4.45E2,-3.5E1));
#2442=DIRECTION('',(-1.E0,0.E0,0.E0));
#2443=DIRECTION('',(0.E0,0.E0,-1.E0));
#2444=AXIS2_PLACEMENT_3D('',#2441,#2442,#2443);
#2445=PLANE('',#2444);
#2447=ORIENTED_EDGE('',*,*,#2446,.F.);
#2449=ORIENTED_EDGE('',*,*,#2448,.T.);
#2451=ORIENTED_EDGE('',*,*,#2450,.T.);
#2453=ORIENTED_EDGE('',*,*,#2452,.F.);
#2454=EDGE_LOOP('',(#2447,#2449,#2451,#2453));
#2455=FACE_OUTER_BOUND('',#2454,.F.);
#2456=ADVANCED_FACE('',(#2455),#2445,.F.);
#2457=CARTESIAN_POINT('',(3.565831205742E2,-4.45E2,-3.5E1));
#2458=DIRECTION('',(-1.E0,0.E0,0.E0));
#2459=DIRECTION('',(0.E0,0.E0,-1.E0));
#2460=AXIS2_PLACEMENT_3D('',#2457,#2458,#2459);
#2461=PLANE('',#2460);
#2463=ORIENTED_EDGE('',*,*,#2462,.T.);
#2465=ORIENTED_EDGE('',*,*,#2464,.F.);
#2467=ORIENTED_EDGE('',*,*,#2466,.F.);
#2469=ORIENTED_EDGE('',*,*,#2468,.T.);
#2470=EDGE_LOOP('',(#2463,#2465,#2467,#2469));
#2471=FACE_OUTER_BOUND('',#2470,.F.);
#2472=ADVANCED_FACE('',(#2471),#2461,.F.);
#2473=CARTESIAN_POINT('',(-8.1E2,-4.45E2,-1.8E2));
#2474=DIRECTION('',(0.E0,-1.E0,0.E0));
#2475=DIRECTION('',(1.E0,0.E0,0.E0));
#2476=AXIS2_PLACEMENT_3D('',#2473,#2474,#2475);
#2477=PLANE('',#2476);
#2479=ORIENTED_EDGE('',*,*,#2478,.F.);
#2481=ORIENTED_EDGE('',*,*,#2480,.T.);
#2483=ORIENTED_EDGE('',*,*,#2482,.T.);
#2485=ORIENTED_EDGE('',*,*,#2484,.F.);
#2486=EDGE_LOOP('',(#2479,#2481,#2483,#2485));
#2487=FACE_OUTER_BOUND('',#2486,.F.);
#2489=ORIENTED_EDGE('',*,*,#2488,.T.);
#2491=ORIENTED_EDGE('',*,*,#2490,.T.);
#2493=ORIENTED_EDGE('',*,*,#2492,.T.);
#2495=ORIENTED_EDGE('',*,*,#2494,.T.);
#2496=EDGE_LOOP('',(#2489,#2491,#2493,#2495));
#2497=FACE_BOUND('',#2496,.F.);
#2499=ORIENTED_EDGE('',*,*,#2498,.T.);
#2501=ORIENTED_EDGE('',*,*,#2500,.T.);
#2503=ORIENTED_EDGE('',*,*,#2502,.T.);
#2505=ORIENTED_EDGE('',*,*,#2504,.T.);
#2506=EDGE_LOOP('',(#2499,#2501,#2503,#2505));
#2507=FACE_BOUND('',#2506,.F.);
#2509=ORIENTED_EDGE('',*,*,#2508,.T.);
#2511=ORIENTED_EDGE('',*,*,#2510,.T.);
#2513=ORIENTED_EDGE('',*,*,#2512,.T.);
#2515=ORIENTED_EDGE('',*,*,#2514,.T.);
#2516=EDGE_LOOP('',(#2509,#2511,#2513,#2515));
#2517=FACE_BOUND('',#2516,.F.);
#2519=ORIENTED_EDGE('',*,*,#2518,.T.);
#2521=ORIENTED_EDGE('',*,*,#2520,.T.);
#2523=ORIENTED_EDGE('',*,*,#2522,.T.);
#2525=ORIENTED_EDGE('',*,*,#2524,.T.);
#2526=EDGE_LOOP('',(#2519,#2521,#2523,#2525));
#2527=FACE_BOUND('',#2526,.F.);
#2529=ORIENTED_EDGE('',*,*,#2528,.T.);
#2531=ORIENTED_EDGE('',*,*,#2530,.T.);
#2533=ORIENTED_EDGE('',*,*,#2532,.T.);
#2535=ORIENTED_EDGE('',*,*,#2534,.T.);
#2536=EDGE_LOOP('',(#2529,#2531,#2533,#2535));
#2537=FACE_BOUND('',#2536,.F.);
#2539=ORIENTED_EDGE('',*,*,#2538,.T.);
#2541=ORIENTED_EDGE('',*,*,#2540,.T.);
#2543=ORIENTED_EDGE('',*,*,#2542,.T.);
#2544=ORIENTED_EDGE('',*,*,#2446,.T.);
#2545=EDGE_LOOP('',(#2539,#2541,#2543,#2544));
#2546=FACE_BOUND('',#2545,.F.);
#2548=ORIENTED_EDGE('',*,*,#2547,.T.);
#2550=ORIENTED_EDGE('',*,*,#2549,.T.);
#2552=ORIENTED_EDGE('',*,*,#2551,.T.);
#2554=ORIENTED_EDGE('',*,*,#2553,.T.);
#2555=EDGE_LOOP('',(#2548,#2550,#2552,#2554));
#2556=FACE_BOUND('',#2555,.F.);
#2558=ORIENTED_EDGE('',*,*,#2557,.T.);
#2560=ORIENTED_EDGE('',*,*,#2559,.T.);
#2562=ORIENTED_EDGE('',*,*,#2561,.T.);
#2564=ORIENTED_EDGE('',*,*,#2563,.T.);
#2565=EDGE_LOOP('',(#2558,#2560,#2562,#2564));
#2566=FACE_BOUND('',#2565,.F.);
#2568=ORIENTED_EDGE('',*,*,#2567,.T.);
#2570=ORIENTED_EDGE('',*,*,#2569,.T.);
#2572=ORIENTED_EDGE('',*,*,#2571,.T.);
#2574=ORIENTED_EDGE('',*,*,#2573,.T.);
#2575=EDGE_LOOP('',(#2568,#2570,#2572,#2574));
#2576=FACE_BOUND('',#2575,.F.);
#2578=ORIENTED_EDGE('',*,*,#2577,.T.);
#2580=ORIENTED_EDGE('',*,*,#2579,.T.);
#2582=ORIENTED_EDGE('',*,*,#2581,.T.);
#2584=ORIENTED_EDGE('',*,*,#2583,.T.);
#2585=EDGE_LOOP('',(#2578,#2580,#2582,#2584));
#2586=FACE_BOUND('',#2585,.F.);
#2587=ADVANCED_FACE('',(#2487,#2497,#2507,#2517,#2527,#2537,#2546,#2556,#2566,
#2576,#2586),#2477,.T.);
#2588=CARTESIAN_POINT('',(0.E0,0.E0,-1.8E2));
#2589=DIRECTION('',(0.E0,0.E0,1.E0));
#2590=DIRECTION('',(1.E0,0.E0,0.E0));
#2591=AXIS2_PLACEMENT_3D('',#2588,#2589,#2590);
#2592=PLANE('',#2591);
#2594=ORIENTED_EDGE('',*,*,#2593,.T.);
#2595=ORIENTED_EDGE('',*,*,#2478,.T.);
#2597=ORIENTED_EDGE('',*,*,#2596,.T.);
#2599=ORIENTED_EDGE('',*,*,#2598,.T.);
#2600=EDGE_LOOP('',(#2594,#2595,#2597,#2599));
#2601=FACE_OUTER_BOUND('',#2600,.F.);
#2603=ORIENTED_EDGE('',*,*,#2602,.T.);
#2605=ORIENTED_EDGE('',*,*,#2604,.T.);
#2607=ORIENTED_EDGE('',*,*,#2606,.T.);
#2609=ORIENTED_EDGE('',*,*,#2608,.T.);
#2610=EDGE_LOOP('',(#2603,#2605,#2607,#2609));
#2611=FACE_BOUND('',#2610,.F.);
#2613=ORIENTED_EDGE('',*,*,#2612,.T.);
#2615=ORIENTED_EDGE('',*,*,#2614,.T.);
#2617=ORIENTED_EDGE('',*,*,#2616,.T.);
#2619=ORIENTED_EDGE('',*,*,#2618,.T.);
#2620=EDGE_LOOP('',(#2613,#2615,#2617,#2619));
#2621=FACE_BOUND('',#2620,.F.);
#2623=ORIENTED_EDGE('',*,*,#2622,.T.);
#2625=ORIENTED_EDGE('',*,*,#2624,.T.);
#2627=ORIENTED_EDGE('',*,*,#2626,.T.);
#2629=ORIENTED_EDGE('',*,*,#2628,.T.);
#2630=EDGE_LOOP('',(#2623,#2625,#2627,#2629));
#2631=FACE_BOUND('',#2630,.F.);
#2633=ORIENTED_EDGE('',*,*,#2632,.T.);
#2635=ORIENTED_EDGE('',*,*,#2634,.T.);
#2637=ORIENTED_EDGE('',*,*,#2636,.T.);
#2639=ORIENTED_EDGE('',*,*,#2638,.T.);
#2640=EDGE_LOOP('',(#2633,#2635,#2637,#2639));
#2641=FACE_BOUND('',#2640,.F.);
#2643=ORIENTED_EDGE('',*,*,#2642,.T.);
#2645=ORIENTED_EDGE('',*,*,#2644,.T.);
#2647=ORIENTED_EDGE('',*,*,#2646,.T.);
#2649=ORIENTED_EDGE('',*,*,#2648,.T.);
#2650=EDGE_LOOP('',(#2643,#2645,#2647,#2649));
#2651=FACE_BOUND('',#2650,.F.);
#2653=ORIENTED_EDGE('',*,*,#2652,.T.);
#2655=ORIENTED_EDGE('',*,*,#2654,.T.);
#2657=ORIENTED_EDGE('',*,*,#2656,.T.);
#2659=ORIENTED_EDGE('',*,*,#2658,.T.);
#2660=EDGE_LOOP('',(#2653,#2655,#2657,#2659));
#2661=FACE_BOUND('',#2660,.F.);
#2663=ORIENTED_EDGE('',*,*,#2662,.T.);
#2665=ORIENTED_EDGE('',*,*,#2664,.T.);
#2667=ORIENTED_EDGE('',*,*,#2666,.T.);
#2669=ORIENTED_EDGE('',*,*,#2668,.T.);
#2670=EDGE_LOOP('',(#2663,#2665,#2667,#2669));
#2671=FACE_BOUND('',#2670,.F.);
#2672=ADVANCED_FACE('',(#2601,#2611,#2621,#2631,#2641,#2651,#2661,#2671),#2592,
.F.);
#2673=CARTESIAN_POINT('',(7.9E2,-4.25E2,-1.8E2));
#2674=DIRECTION('',(0.E0,1.E0,0.E0));
#2675=DIRECTION('',(-1.E0,0.E0,0.E0));
#2676=AXIS2_PLACEMENT_3D('',#2673,#2674,#2675);
#2677=PLANE('',#2676);
#2679=ORIENTED_EDGE('',*,*,#2678,.T.);
#2681=ORIENTED_EDGE('',*,*,#2680,.F.);
#2682=ORIENTED_EDGE('',*,*,#2632,.F.);
#2684=ORIENTED_EDGE('',*,*,#2683,.T.);
#2685=EDGE_LOOP('',(#2679,#2681,#2682,#2684));
#2686=FACE_OUTER_BOUND('',#2685,.F.);
#2687=ADVANCED_FACE('',(#2686),#2677,.T.);
#2688=CARTESIAN_POINT('',(7.9E2,-4.25E2,-1.8E2));
#2689=DIRECTION('',(0.E0,1.E0,0.E0));
#2690=DIRECTION('',(-1.E0,0.E0,0.E0));
#2691=AXIS2_PLACEMENT_3D('',#2688,#2689,#2690);
#2692=PLANE('',#2691);
#2694=ORIENTED_EDGE('',*,*,#2693,.T.);
#2696=ORIENTED_EDGE('',*,*,#2695,.F.);
#2697=ORIENTED_EDGE('',*,*,#2606,.F.);
#2699=ORIENTED_EDGE('',*,*,#2698,.T.);
#2700=EDGE_LOOP('',(#2694,#2696,#2697,#2699));
#2701=FACE_OUTER_BOUND('',#2700,.F.);
#2702=ADVANCED_FACE('',(#2701),#2692,.T.);
#2703=CARTESIAN_POINT('',(7.9E2,-4.25E2,-1.8E2));
#2704=DIRECTION('',(0.E0,1.E0,0.E0));
#2705=DIRECTION('',(-1.E0,0.E0,0.E0));
#2706=AXIS2_PLACEMENT_3D('',#2703,#2704,#2705);
#2707=PLANE('',#2706);
#2709=ORIENTED_EDGE('',*,*,#2708,.T.);
#2711=ORIENTED_EDGE('',*,*,#2710,.F.);
#2712=ORIENTED_EDGE('',*,*,#2616,.F.);
#2714=ORIENTED_EDGE('',*,*,#2713,.T.);
#2715=EDGE_LOOP('',(#2709,#2711,#2712,#2714));
#2716=FACE_OUTER_BOUND('',#2715,.F.);
#2717=ADVANCED_FACE('',(#2716),#2707,.T.);
#2718=CARTESIAN_POINT('',(7.9E2,-4.25E2,-1.8E2));
#2719=DIRECTION('',(0.E0,1.E0,0.E0));
#2720=DIRECTION('',(-1.E0,0.E0,0.E0));
#2721=AXIS2_PLACEMENT_3D('',#2718,#2719,#2720);
#2722=PLANE('',#2721);
#2724=ORIENTED_EDGE('',*,*,#2723,.T.);
#2726=ORIENTED_EDGE('',*,*,#2725,.F.);
#2727=ORIENTED_EDGE('',*,*,#2626,.F.);
#2729=ORIENTED_EDGE('',*,*,#2728,.T.);
#2730=EDGE_LOOP('',(#2724,#2726,#2727,#2729));
#2731=FACE_OUTER_BOUND('',#2730,.F.);
#2732=ADVANCED_FACE('',(#2731),#2722,.T.);
#2733=CARTESIAN_POINT('',(7.9E2,-4.25E2,-1.8E2));
#2734=DIRECTION('',(0.E0,1.E0,0.E0));
#2735=DIRECTION('',(-1.E0,0.E0,0.E0));
#2736=AXIS2_PLACEMENT_3D('',#2733,#2734,#2735);
#2737=PLANE('',#2736);
#2739=ORIENTED_EDGE('',*,*,#2738,.T.);
#2741=ORIENTED_EDGE('',*,*,#2740,.F.);
#2742=ORIENTED_EDGE('',*,*,#2646,.F.);
#2744=ORIENTED_EDGE('',*,*,#2743,.T.);
#2745=EDGE_LOOP('',(#2739,#2741,#2742,#2744));
#2746=FACE_OUTER_BOUND('',#2745,.F.);
#2747=ADVANCED_FACE('',(#2746),#2737,.T.);
#2748=CARTESIAN_POINT('',(7.9E2,-4.25E2,-1.8E2));
#2749=DIRECTION('',(0.E0,1.E0,0.E0));
#2750=DIRECTION('',(-1.E0,0.E0,0.E0));
#2751=AXIS2_PLACEMENT_3D('',#2748,#2749,#2750);
#2752=PLANE('',#2751);
#2754=ORIENTED_EDGE('',*,*,#2753,.F.);
#2756=ORIENTED_EDGE('',*,*,#2755,.T.);
#2758=ORIENTED_EDGE('',*,*,#2757,.T.);
#2760=ORIENTED_EDGE('',*,*,#2759,.T.);
#2762=ORIENTED_EDGE('',*,*,#2761,.F.);
#2764=ORIENTED_EDGE('',*,*,#2763,.T.);
#2766=ORIENTED_EDGE('',*,*,#2765,.T.);
#2768=ORIENTED_EDGE('',*,*,#2767,.T.);
#2770=ORIENTED_EDGE('',*,*,#2769,.F.);
#2772=ORIENTED_EDGE('',*,*,#2771,.T.);
#2774=ORIENTED_EDGE('',*,*,#2773,.T.);
#2776=ORIENTED_EDGE('',*,*,#2775,.F.);
#2778=ORIENTED_EDGE('',*,*,#2777,.F.);
#2780=ORIENTED_EDGE('',*,*,#2779,.F.);
#2782=ORIENTED_EDGE('',*,*,#2781,.T.);
#2784=ORIENTED_EDGE('',*,*,#2783,.F.);
#2786=ORIENTED_EDGE('',*,*,#2785,.F.);
#2788=ORIENTED_EDGE('',*,*,#2787,.F.);
#2790=ORIENTED_EDGE('',*,*,#2789,.T.);
#2792=ORIENTED_EDGE('',*,*,#2791,.F.);
#2793=EDGE_LOOP('',(#2754,#2756,#2758,#2760,#2762,#2764,#2766,#2768,#2770,#2772,
#2774,#2776,#2778,#2780,#2782,#2784,#2786,#2788,#2790,#2792));
#2794=FACE_OUTER_BOUND('',#2793,.F.);
#2796=ORIENTED_EDGE('',*,*,#2795,.F.);
#2798=ORIENTED_EDGE('',*,*,#2797,.F.);
#2800=ORIENTED_EDGE('',*,*,#2799,.F.);
#2802=ORIENTED_EDGE('',*,*,#2801,.F.);
#2803=EDGE_LOOP('',(#2796,#2798,#2800,#2802));
#2804=FACE_BOUND('',#2803,.F.);
#2806=ORIENTED_EDGE('',*,*,#2805,.F.);
#2808=ORIENTED_EDGE('',*,*,#2807,.F.);
#2810=ORIENTED_EDGE('',*,*,#2809,.F.);
#2812=ORIENTED_EDGE('',*,*,#2811,.F.);
#2813=EDGE_LOOP('',(#2806,#2808,#2810,#2812));
#2814=FACE_BOUND('',#2813,.F.);
#2816=ORIENTED_EDGE('',*,*,#2815,.F.);
#2818=ORIENTED_EDGE('',*,*,#2817,.F.);
#2820=ORIENTED_EDGE('',*,*,#2819,.F.);
#2822=ORIENTED_EDGE('',*,*,#2821,.F.);
#2823=EDGE_LOOP('',(#2816,#2818,#2820,#2822));
#2824=FACE_BOUND('',#2823,.F.);
#2826=ORIENTED_EDGE('',*,*,#2825,.F.);
#2828=ORIENTED_EDGE('',*,*,#2827,.F.);
#2830=ORIENTED_EDGE('',*,*,#2829,.F.);
#2832=ORIENTED_EDGE('',*,*,#2831,.F.);
#2833=EDGE_LOOP('',(#2826,#2828,#2830,#2832));
#2834=FACE_BOUND('',#2833,.F.);
#2836=ORIENTED_EDGE('',*,*,#2835,.F.);
#2838=ORIENTED_EDGE('',*,*,#2837,.F.);
#2840=ORIENTED_EDGE('',*,*,#2839,.F.);
#2842=ORIENTED_EDGE('',*,*,#2841,.F.);
#2843=EDGE_LOOP('',(#2836,#2838,#2840,#2842));
#2844=FACE_BOUND('',#2843,.F.);
#2846=ORIENTED_EDGE('',*,*,#2845,.F.);
#2847=ORIENTED_EDGE('',*,*,#2450,.F.);
#2849=ORIENTED_EDGE('',*,*,#2848,.F.);
#2851=ORIENTED_EDGE('',*,*,#2850,.F.);
#2852=EDGE_LOOP('',(#2846,#2847,#2849,#2851));
#2853=FACE_BOUND('',#2852,.F.);
#2855=ORIENTED_EDGE('',*,*,#2854,.F.);
#2857=ORIENTED_EDGE('',*,*,#2856,.F.);
#2859=ORIENTED_EDGE('',*,*,#2858,.F.);
#2861=ORIENTED_EDGE('',*,*,#2860,.F.);
#2862=EDGE_LOOP('',(#2855,#2857,#2859,#2861));
#2863=FACE_BOUND('',#2862,.F.);
#2865=ORIENTED_EDGE('',*,*,#2864,.F.);
#2867=ORIENTED_EDGE('',*,*,#2866,.F.);
#2869=ORIENTED_EDGE('',*,*,#2868,.F.);
#2871=ORIENTED_EDGE('',*,*,#2870,.F.);
#2872=EDGE_LOOP('',(#2865,#2867,#2869,#2871));
#2873=FACE_BOUND('',#2872,.F.);
#2875=ORIENTED_EDGE('',*,*,#2874,.F.);
#2877=ORIENTED_EDGE('',*,*,#2876,.F.);
#2879=ORIENTED_EDGE('',*,*,#2878,.F.);
#2881=ORIENTED_EDGE('',*,*,#2880,.F.);
#2882=EDGE_LOOP('',(#2875,#2877,#2879,#2881));
#2883=FACE_BOUND('',#2882,.F.);
#2885=ORIENTED_EDGE('',*,*,#2884,.F.);
#2887=ORIENTED_EDGE('',*,*,#2886,.F.);
#2889=ORIENTED_EDGE('',*,*,#2888,.F.);
#2891=ORIENTED_EDGE('',*,*,#2890,.F.);
#2892=EDGE_LOOP('',(#2885,#2887,#2889,#2891));
#2893=FACE_BOUND('',#2892,.F.);
#2894=ADVANCED_FACE('',(#2794,#2804,#2814,#2824,#2834,#2844,#2853,#2863,#2873,
#2883,#2893),#2752,.T.);
#2895=CARTESIAN_POINT('',(-7.75E2,-4.45E2,1.45E2));
#2896=DIRECTION('',(-1.E0,0.E0,0.E0));
#2897=DIRECTION('',(0.E0,0.E0,-1.E0));
#2898=AXIS2_PLACEMENT_3D('',#2895,#2896,#2897);
#2899=PLANE('',#2898);
#2900=ORIENTED_EDGE('',*,*,#2488,.F.);
#2902=ORIENTED_EDGE('',*,*,#2901,.T.);
#2903=ORIENTED_EDGE('',*,*,#2795,.T.);
#2905=ORIENTED_EDGE('',*,*,#2904,.F.);
#2906=EDGE_LOOP('',(#2900,#2902,#2903,#2905));
#2907=FACE_OUTER_BOUND('',#2906,.F.);
#2908=ADVANCED_FACE('',(#2907),#2899,.F.);
#2909=CARTESIAN_POINT('',(-7.75E2,-4.45E2,1.45E2));
#2910=DIRECTION('',(-1.E0,0.E0,0.E0));
#2911=DIRECTION('',(0.E0,0.E0,-1.E0));
#2912=AXIS2_PLACEMENT_3D('',#2909,#2910,#2911);
#2913=PLANE('',#2912);
#2915=ORIENTED_EDGE('',*,*,#2914,.T.);
#2917=ORIENTED_EDGE('',*,*,#2916,.F.);
#2919=ORIENTED_EDGE('',*,*,#2918,.F.);
#2921=ORIENTED_EDGE('',*,*,#2920,.T.);
#2922=EDGE_LOOP('',(#2915,#2917,#2919,#2921));
#2923=FACE_OUTER_BOUND('',#2922,.F.);
#2924=ADVANCED_FACE('',(#2923),#2913,.F.);
#2925=CARTESIAN_POINT('',(-4.15E2,-4.45E2,1.45E2));
#2926=DIRECTION('',(0.E0,0.E0,1.E0));
#2927=DIRECTION('',(-1.E0,0.E0,0.E0));
#2928=AXIS2_PLACEMENT_3D('',#2925,#2926,#2927);
#2929=PLANE('',#2928);
#2930=ORIENTED_EDGE('',*,*,#2494,.F.);
#2932=ORIENTED_EDGE('',*,*,#2931,.T.);
#2933=ORIENTED_EDGE('',*,*,#2797,.T.);
#2934=ORIENTED_EDGE('',*,*,#2901,.F.);
#2935=EDGE_LOOP('',(#2930,#2932,#2933,#2934));
#2936=FACE_OUTER_BOUND('',#2935,.F.);
#2937=ADVANCED_FACE('',(#2936),#2929,.F.);
#2938=CARTESIAN_POINT('',(-4.15E2,-4.45E2,1.45E2));
#2939=DIRECTION('',(0.E0,0.E0,1.E0));
#2940=DIRECTION('',(-1.E0,0.E0,0.E0));
#2941=AXIS2_PLACEMENT_3D('',#2938,#2939,#2940);
#2942=PLANE('',#2941);
#2944=ORIENTED_EDGE('',*,*,#2943,.T.);
#2945=ORIENTED_EDGE('',*,*,#2920,.F.);
#2947=ORIENTED_EDGE('',*,*,#2946,.F.);
#2949=ORIENTED_EDGE('',*,*,#2948,.T.);
#2950=EDGE_LOOP('',(#2944,#2945,#2947,#2949));
#2951=FACE_OUTER_BOUND('',#2950,.F.);
#2952=ADVANCED_FACE('',(#2951),#2942,.F.);
#2953=CARTESIAN_POINT('',(-4.15E2,-4.45E2,3.5E1));
#2954=DIRECTION('',(1.E0,0.E0,0.E0));
#2955=DIRECTION('',(0.E0,0.E0,1.E0));
#2956=AXIS2_PLACEMENT_3D('',#2953,#2954,#2955);
#2957=PLANE('',#2956);
#2958=ORIENTED_EDGE('',*,*,#2492,.F.);
#2960=ORIENTED_EDGE('',*,*,#2959,.T.);
#2961=ORIENTED_EDGE('',*,*,#2799,.T.);
#2962=ORIENTED_EDGE('',*,*,#2931,.F.);
#2963=EDGE_LOOP('',(#2958,#2960,#2961,#2962));
#2964=FACE_OUTER_BOUND('',#2963,.F.);
#2965=ADVANCED_FACE('',(#2964),#2957,.F.);
#2966=CARTESIAN_POINT('',(-4.15E2,-4.45E2,3.5E1));
#2967=DIRECTION('',(1.E0,0.E0,0.E0));
#2968=DIRECTION('',(0.E0,0.E0,1.E0));
#2969=AXIS2_PLACEMENT_3D('',#2966,#2967,#2968);
#2970=PLANE('',#2969);
#2972=ORIENTED_EDGE('',*,*,#2971,.T.);
#2973=ORIENTED_EDGE('',*,*,#2948,.F.);
#2975=ORIENTED_EDGE('',*,*,#2974,.F.);
#2977=ORIENTED_EDGE('',*,*,#2976,.T.);
#2978=EDGE_LOOP('',(#2972,#2973,#2975,#2977));
#2979=FACE_OUTER_BOUND('',#2978,.F.);
#2980=ADVANCED_FACE('',(#2979),#2970,.F.);
#2981=CARTESIAN_POINT('',(-7.75E2,-4.45E2,3.5E1));
#2982=DIRECTION('',(0.E0,0.E0,-1.E0));
#2983=DIRECTION('',(1.E0,0.E0,0.E0));
#2984=AXIS2_PLACEMENT_3D('',#2981,#2982,#2983);
#2985=PLANE('',#2984);
#2986=ORIENTED_EDGE('',*,*,#2490,.F.);
#2987=ORIENTED_EDGE('',*,*,#2904,.T.);
#2988=ORIENTED_EDGE('',*,*,#2801,.T.);
#2989=ORIENTED_EDGE('',*,*,#2959,.F.);
#2990=EDGE_LOOP('',(#2986,#2987,#2988,#2989));
#2991=FACE_OUTER_BOUND('',#2990,.F.);
#2992=ADVANCED_FACE('',(#2991),#2985,.F.);
#2993=CARTESIAN_POINT('',(-7.75E2,-4.45E2,3.5E1));
#2994=DIRECTION('',(0.E0,0.E0,-1.E0));
#2995=DIRECTION('',(1.E0,0.E0,0.E0));
#2996=AXIS2_PLACEMENT_3D('',#2993,#2994,#2995);
#2997=PLANE('',#2996);
#2999=ORIENTED_EDGE('',*,*,#2998,.T.);
#3000=ORIENTED_EDGE('',*,*,#2976,.F.);
#3002=ORIENTED_EDGE('',*,*,#3001,.F.);
#3003=ORIENTED_EDGE('',*,*,#2916,.T.);
#3004=EDGE_LOOP('',(#2999,#3000,#3002,#3003));
#3005=FACE_OUTER_BOUND('',#3004,.F.);
#3006=ADVANCED_FACE('',(#3005),#2997,.F.);
#3007=CARTESIAN_POINT('',(8.1E2,4.45E2,-1.8E2));
#3008=DIRECTION('',(0.E0,1.E0,0.E0));
#3009=DIRECTION('',(-1.E0,0.E0,0.E0));
#3010=AXIS2_PLACEMENT_3D('',#3007,#3008,#3009);
#3011=PLANE('',#3010);
#3012=ORIENTED_EDGE('',*,*,#2598,.F.);
#3014=ORIENTED_EDGE('',*,*,#3013,.T.);
#3016=ORIENTED_EDGE('',*,*,#3015,.T.);
#3018=ORIENTED_EDGE('',*,*,#3017,.F.);
#3019=EDGE_LOOP('',(#3012,#3014,#3016,#3018));
#3020=FACE_OUTER_BOUND('',#3019,.F.);
#3021=ORIENTED_EDGE('',*,*,#2914,.F.);
#3022=ORIENTED_EDGE('',*,*,#2943,.F.);
#3023=ORIENTED_EDGE('',*,*,#2971,.F.);
#3024=ORIENTED_EDGE('',*,*,#2998,.F.);
#3025=EDGE_LOOP('',(#3021,#3022,#3023,#3024));
#3026=FACE_BOUND('',#3025,.F.);
#3028=ORIENTED_EDGE('',*,*,#3027,.F.);
#3030=ORIENTED_EDGE('',*,*,#3029,.F.);
#3032=ORIENTED_EDGE('',*,*,#3031,.F.);
#3034=ORIENTED_EDGE('',*,*,#3033,.F.);
#3035=EDGE_LOOP('',(#3028,#3030,#3032,#3034));
#3036=FACE_BOUND('',#3035,.F.);
#3038=ORIENTED_EDGE('',*,*,#3037,.F.);
#3040=ORIENTED_EDGE('',*,*,#3039,.F.);
#3042=ORIENTED_EDGE('',*,*,#3041,.F.);
#3044=ORIENTED_EDGE('',*,*,#3043,.F.);
#3045=EDGE_LOOP('',(#3038,#3040,#3042,#3044));
#3046=FACE_BOUND('',#3045,.F.);
#3048=ORIENTED_EDGE('',*,*,#3047,.F.);
#3050=ORIENTED_EDGE('',*,*,#3049,.F.);
#3052=ORIENTED_EDGE('',*,*,#3051,.F.);
#3054=ORIENTED_EDGE('',*,*,#3053,.F.);
#3055=EDGE_LOOP('',(#3048,#3050,#3052,#3054));
#3056=FACE_BOUND('',#3055,.F.);
#3058=ORIENTED_EDGE('',*,*,#3057,.F.);
#3060=ORIENTED_EDGE('',*,*,#3059,.F.);
#3062=ORIENTED_EDGE('',*,*,#3061,.F.);
#3064=ORIENTED_EDGE('',*,*,#3063,.F.);
#3065=EDGE_LOOP('',(#3058,#3060,#3062,#3064));
#3066=FACE_BOUND('',#3065,.F.);
#3068=ORIENTED_EDGE('',*,*,#3067,.F.);
#3069=ORIENTED_EDGE('',*,*,#2462,.F.);
#3071=ORIENTED_EDGE('',*,*,#3070,.F.);
#3073=ORIENTED_EDGE('',*,*,#3072,.F.);
#3074=EDGE_LOOP('',(#3068,#3069,#3071,#3073));
#3075=FACE_BOUND('',#3074,.F.);
#3077=ORIENTED_EDGE('',*,*,#3076,.F.);
#3079=ORIENTED_EDGE('',*,*,#3078,.F.);
#3081=ORIENTED_EDGE('',*,*,#3080,.F.);
#3083=ORIENTED_EDGE('',*,*,#3082,.F.);
#3084=EDGE_LOOP('',(#3077,#3079,#3081,#3083));
#3085=FACE_BOUND('',#3084,.F.);
#3087=ORIENTED_EDGE('',*,*,#3086,.F.);
#3089=ORIENTED_EDGE('',*,*,#3088,.F.);
#3091=ORIENTED_EDGE('',*,*,#3090,.F.);
#3093=ORIENTED_EDGE('',*,*,#3092,.F.);
#3094=EDGE_LOOP('',(#3087,#3089,#3091,#3093));
#3095=FACE_BOUND('',#3094,.F.);
#3097=ORIENTED_EDGE('',*,*,#3096,.F.);
#3099=ORIENTED_EDGE('',*,*,#3098,.F.);
#3101=ORIENTED_EDGE('',*,*,#3100,.F.);
#3103=ORIENTED_EDGE('',*,*,#3102,.F.);
#3104=EDGE_LOOP('',(#3097,#3099,#3101,#3103));
#3105=FACE_BOUND('',#3104,.F.);
#3107=ORIENTED_EDGE('',*,*,#3106,.F.);
#3109=ORIENTED_EDGE('',*,*,#3108,.F.);
#3111=ORIENTED_EDGE('',*,*,#3110,.F.);
#3113=ORIENTED_EDGE('',*,*,#3112,.F.);
#3114=EDGE_LOOP('',(#3107,#3109,#3111,#3113));
#3115=FACE_BOUND('',#3114,.F.);
#3116=ADVANCED_FACE('',(#3020,#3026,#3036,#3046,#3056,#3066,#3075,#3085,#3095,
#3105,#3115),#3011,.T.);
#3117=CARTESIAN_POINT('',(8.1E2,-4.45E2,-1.8E2));
#3118=DIRECTION('',(1.E0,0.E0,0.E0));
#3119=DIRECTION('',(0.E0,1.E0,0.E0));
#3120=AXIS2_PLACEMENT_3D('',#3117,#3118,#3119);
#3121=PLANE('',#3120);
#3122=ORIENTED_EDGE('',*,*,#2596,.F.);
#3123=ORIENTED_EDGE('',*,*,#2484,.T.);
#3125=ORIENTED_EDGE('',*,*,#3124,.T.);
#3126=ORIENTED_EDGE('',*,*,#3013,.F.);
#3127=EDGE_LOOP('',(#3122,#3123,#3125,#3126));
#3128=FACE_OUTER_BOUND('',#3127,.F.);
#3130=ORIENTED_EDGE('',*,*,#3129,.F.);
#3132=ORIENTED_EDGE('',*,*,#3131,.F.);
#3134=ORIENTED_EDGE('',*,*,#3133,.F.);
#3136=ORIENTED_EDGE('',*,*,#3135,.F.);
#3137=EDGE_LOOP('',(#3130,#3132,#3134,#3136));
#3138=FACE_BOUND('',#3137,.F.);
#3140=ORIENTED_EDGE('',*,*,#3139,.F.);
#3141=ORIENTED_EDGE('',*,*,#2767,.F.);
#3143=ORIENTED_EDGE('',*,*,#3142,.F.);
#3145=ORIENTED_EDGE('',*,*,#3144,.F.);
#3146=EDGE_LOOP('',(#3140,#3141,#3143,#3145));
#3147=FACE_BOUND('',#3146,.F.);
#3149=ORIENTED_EDGE('',*,*,#3148,.F.);
#3151=ORIENTED_EDGE('',*,*,#3150,.F.);
#3153=ORIENTED_EDGE('',*,*,#3152,.F.);
#3155=ORIENTED_EDGE('',*,*,#3154,.F.);
#3156=EDGE_LOOP('',(#3149,#3151,#3153,#3155));
#3157=FACE_BOUND('',#3156,.F.);
#3158=ORIENTED_EDGE('',*,*,#2759,.F.);
#3160=ORIENTED_EDGE('',*,*,#3159,.F.);
#3162=ORIENTED_EDGE('',*,*,#3161,.F.);
#3164=ORIENTED_EDGE('',*,*,#3163,.F.);
#3165=EDGE_LOOP('',(#3158,#3160,#3162,#3164));
#3166=FACE_BOUND('',#3165,.F.);
#3167=ADVANCED_FACE('',(#3128,#3138,#3147,#3157,#3166),#3121,.T.);
#3168=CARTESIAN_POINT('',(0.E0,0.E0,1.8E2));
#3169=DIRECTION('',(0.E0,0.E0,1.E0));
#3170=DIRECTION('',(1.E0,0.E0,0.E0));
#3171=AXIS2_PLACEMENT_3D('',#3168,#3169,#3170);
#3172=PLANE('',#3171);
#3174=ORIENTED_EDGE('',*,*,#3173,.F.);
#3175=ORIENTED_EDGE('',*,*,#3015,.F.);
#3176=ORIENTED_EDGE('',*,*,#3124,.F.);
#3177=ORIENTED_EDGE('',*,*,#2482,.F.);
#3178=EDGE_LOOP('',(#3174,#3175,#3176,#3177));
#3179=FACE_OUTER_BOUND('',#3178,.F.);
#3181=ORIENTED_EDGE('',*,*,#3180,.F.);
#3183=ORIENTED_EDGE('',*,*,#3182,.F.);
#3184=ORIENTED_EDGE('',*,*,#2773,.F.);
#3186=ORIENTED_EDGE('',*,*,#3185,.F.);
#3187=EDGE_LOOP('',(#3181,#3183,#3184,#3186));
#3188=FACE_BOUND('',#3187,.F.);
#3189=ADVANCED_FACE('',(#3179,#3188),#3172,.T.);
#3190=CARTESIAN_POINT('',(-8.1E2,4.45E2,-1.8E2));
#3191=DIRECTION('',(-1.E0,0.E0,0.E0));
#3192=DIRECTION('',(0.E0,-1.E0,0.E0));
#3193=AXIS2_PLACEMENT_3D('',#3190,#3191,#3192);
#3194=PLANE('',#3193);
#3195=ORIENTED_EDGE('',*,*,#2593,.F.);
#3196=ORIENTED_EDGE('',*,*,#3017,.T.);
#3197=ORIENTED_EDGE('',*,*,#3173,.T.);
#3198=ORIENTED_EDGE('',*,*,#2480,.F.);
#3199=EDGE_LOOP('',(#3195,#3196,#3197,#3198));
#3200=FACE_OUTER_BOUND('',#3199,.F.);
#3202=ORIENTED_EDGE('',*,*,#3201,.T.);
#3204=ORIENTED_EDGE('',*,*,#3203,.T.);
#3206=ORIENTED_EDGE('',*,*,#3205,.T.);
#3208=ORIENTED_EDGE('',*,*,#3207,.T.);
#3209=EDGE_LOOP('',(#3202,#3204,#3206,#3208));
#3210=FACE_BOUND('',#3209,.F.);
#3212=ORIENTED_EDGE('',*,*,#3211,.T.);
#3214=ORIENTED_EDGE('',*,*,#3213,.T.);
#3216=ORIENTED_EDGE('',*,*,#3215,.T.);
#3217=ORIENTED_EDGE('',*,*,#2779,.T.);
#3218=EDGE_LOOP('',(#3212,#3214,#3216,#3217));
#3219=FACE_BOUND('',#3218,.F.);
#3221=ORIENTED_EDGE('',*,*,#3220,.T.);
#3223=ORIENTED_EDGE('',*,*,#3222,.T.);
#3225=ORIENTED_EDGE('',*,*,#3224,.T.);
#3227=ORIENTED_EDGE('',*,*,#3226,.T.);
#3228=EDGE_LOOP('',(#3221,#3223,#3225,#3227));
#3229=FACE_BOUND('',#3228,.F.);
#3230=ORIENTED_EDGE('',*,*,#2787,.T.);
#3232=ORIENTED_EDGE('',*,*,#3231,.T.);
#3234=ORIENTED_EDGE('',*,*,#3233,.T.);
#3236=ORIENTED_EDGE('',*,*,#3235,.T.);
#3237=EDGE_LOOP('',(#3230,#3232,#3234,#3236));
#3238=FACE_BOUND('',#3237,.F.);
#3239=ADVANCED_FACE('',(#3200,#3210,#3219,#3229,#3238),#3194,.T.);
#3240=CARTESIAN_POINT('',(-7.9E2,4.25E2,-1.8E2));
#3241=DIRECTION('',(0.E0,-1.E0,0.E0));
#3242=DIRECTION('',(1.E0,0.E0,0.E0));
#3243=AXIS2_PLACEMENT_3D('',#3240,#3241,#3242);
#3244=PLANE('',#3243);
#3246=ORIENTED_EDGE('',*,*,#3245,.F.);
#3248=ORIENTED_EDGE('',*,*,#3247,.F.);
#3249=ORIENTED_EDGE('',*,*,#2636,.F.);
#3251=ORIENTED_EDGE('',*,*,#3250,.T.);
#3252=EDGE_LOOP('',(#3246,#3248,#3249,#3251));
#3253=FACE_OUTER_BOUND('',#3252,.F.);
#3254=ADVANCED_FACE('',(#3253),#3244,.T.);
#3255=CARTESIAN_POINT('',(-7.9E2,4.25E2,-1.8E2));
#3256=DIRECTION('',(0.E0,-1.E0,0.E0));
#3257=DIRECTION('',(1.E0,0.E0,0.E0));
#3258=AXIS2_PLACEMENT_3D('',#3255,#3256,#3257);
#3259=PLANE('',#3258);
#3261=ORIENTED_EDGE('',*,*,#3260,.F.);
#3263=ORIENTED_EDGE('',*,*,#3262,.F.);
#3264=ORIENTED_EDGE('',*,*,#2602,.F.);
#3266=ORIENTED_EDGE('',*,*,#3265,.T.);
#3267=EDGE_LOOP('',(#3261,#3263,#3264,#3266));
#3268=FACE_OUTER_BOUND('',#3267,.F.);
#3269=ADVANCED_FACE('',(#3268),#3259,.T.);
#3270=CARTESIAN_POINT('',(-7.9E2,4.25E2,-1.8E2));
#3271=DIRECTION('',(0.E0,-1.E0,0.E0));
#3272=DIRECTION('',(1.E0,0.E0,0.E0));
#3273=AXIS2_PLACEMENT_3D('',#3270,#3271,#3272);
#3274=PLANE('',#3273);
#3276=ORIENTED_EDGE('',*,*,#3275,.F.);
#3278=ORIENTED_EDGE('',*,*,#3277,.F.);
#3279=ORIENTED_EDGE('',*,*,#2612,.F.);
#3281=ORIENTED_EDGE('',*,*,#3280,.T.);
#3282=EDGE_LOOP('',(#3276,#3278,#3279,#3281));
#3283=FACE_OUTER_BOUND('',#3282,.F.);
#3284=ADVANCED_FACE('',(#3283),#3274,.T.);
#3285=CARTESIAN_POINT('',(-7.9E2,4.25E2,-1.8E2));
#3286=DIRECTION('',(0.E0,-1.E0,0.E0));
#3287=DIRECTION('',(1.E0,0.E0,0.E0));
#3288=AXIS2_PLACEMENT_3D('',#3285,#3286,#3287);
#3289=PLANE('',#3288);
#3291=ORIENTED_EDGE('',*,*,#3290,.F.);
#3293=ORIENTED_EDGE('',*,*,#3292,.F.);
#3294=ORIENTED_EDGE('',*,*,#2622,.F.);
#3296=ORIENTED_EDGE('',*,*,#3295,.T.);
#3297=EDGE_LOOP('',(#3291,#3293,#3294,#3296));
#3298=FACE_OUTER_BOUND('',#3297,.F.);
#3299=ADVANCED_FACE('',(#3298),#3289,.T.);
#3300=CARTESIAN_POINT('',(-7.9E2,4.25E2,-1.8E2));
#3301=DIRECTION('',(0.E0,-1.E0,0.E0));
#3302=DIRECTION('',(1.E0,0.E0,0.E0));
#3303=AXIS2_PLACEMENT_3D('',#3300,#3301,#3302);
#3304=PLANE('',#3303);
#3306=ORIENTED_EDGE('',*,*,#3305,.F.);
#3308=ORIENTED_EDGE('',*,*,#3307,.F.);
#3309=ORIENTED_EDGE('',*,*,#2642,.F.);
#3311=ORIENTED_EDGE('',*,*,#3310,.T.);
#3312=EDGE_LOOP('',(#3306,#3308,#3309,#3311));
#3313=FACE_OUTER_BOUND('',#3312,.F.);
#3314=ADVANCED_FACE('',(#3313),#3304,.T.);
#3315=CARTESIAN_POINT('',(-7.9E2,4.25E2,-1.8E2));
#3316=DIRECTION('',(0.E0,-1.E0,0.E0));
#3317=DIRECTION('',(1.E0,0.E0,0.E0));
#3318=AXIS2_PLACEMENT_3D('',#3315,#3316,#3317);
#3319=PLANE('',#3318);
#3321=ORIENTED_EDGE('',*,*,#3320,.T.);
#3323=ORIENTED_EDGE('',*,*,#3322,.T.);
#3325=ORIENTED_EDGE('',*,*,#3324,.F.);
#3326=ORIENTED_EDGE('',*,*,#3226,.F.);
#3328=ORIENTED_EDGE('',*,*,#3327,.T.);
#3330=ORIENTED_EDGE('',*,*,#3329,.T.);
#3332=ORIENTED_EDGE('',*,*,#3331,.F.);
#3333=ORIENTED_EDGE('',*,*,#3201,.F.);
#3335=ORIENTED_EDGE('',*,*,#3334,.T.);
#3337=ORIENTED_EDGE('',*,*,#3336,.T.);
#3338=ORIENTED_EDGE('',*,*,#3180,.T.);
#3340=ORIENTED_EDGE('',*,*,#3339,.F.);
#3342=ORIENTED_EDGE('',*,*,#3341,.T.);
#3343=ORIENTED_EDGE('',*,*,#3129,.T.);
#3345=ORIENTED_EDGE('',*,*,#3344,.F.);
#3347=ORIENTED_EDGE('',*,*,#3346,.F.);
#3349=ORIENTED_EDGE('',*,*,#3348,.T.);
#3350=ORIENTED_EDGE('',*,*,#3150,.T.);
#3352=ORIENTED_EDGE('',*,*,#3351,.F.);
#3354=ORIENTED_EDGE('',*,*,#3353,.F.);
#3355=EDGE_LOOP('',(#3321,#3323,#3325,#3326,#3328,#3330,#3332,#3333,#3335,#3337,
#3338,#3340,#3342,#3343,#3345,#3347,#3349,#3350,#3352,#3354));
#3356=FACE_OUTER_BOUND('',#3355,.F.);
#3357=ORIENTED_EDGE('',*,*,#2918,.T.);
#3358=ORIENTED_EDGE('',*,*,#3001,.T.);
#3359=ORIENTED_EDGE('',*,*,#2974,.T.);
#3360=ORIENTED_EDGE('',*,*,#2946,.T.);
#3361=EDGE_LOOP('',(#3357,#3358,#3359,#3360));
#3362=FACE_BOUND('',#3361,.F.);
#3364=ORIENTED_EDGE('',*,*,#3363,.T.);
#3366=ORIENTED_EDGE('',*,*,#3365,.T.);
#3368=ORIENTED_EDGE('',*,*,#3367,.T.);
#3370=ORIENTED_EDGE('',*,*,#3369,.T.);
#3371=EDGE_LOOP('',(#3364,#3366,#3368,#3370));
#3372=FACE_BOUND('',#3371,.F.);
#3374=ORIENTED_EDGE('',*,*,#3373,.T.);
#3376=ORIENTED_EDGE('',*,*,#3375,.T.);
#3378=ORIENTED_EDGE('',*,*,#3377,.T.);
#3380=ORIENTED_EDGE('',*,*,#3379,.T.);
#3381=EDGE_LOOP('',(#3374,#3376,#3378,#3380));
#3382=FACE_BOUND('',#3381,.F.);
#3384=ORIENTED_EDGE('',*,*,#3383,.T.);
#3386=ORIENTED_EDGE('',*,*,#3385,.T.);
#3388=ORIENTED_EDGE('',*,*,#3387,.T.);
#3390=ORIENTED_EDGE('',*,*,#3389,.T.);
#3391=EDGE_LOOP('',(#3384,#3386,#3388,#3390));
#3392=FACE_BOUND('',#3391,.F.);
#3394=ORIENTED_EDGE('',*,*,#3393,.T.);
#3396=ORIENTED_EDGE('',*,*,#3395,.T.);
#3398=ORIENTED_EDGE('',*,*,#3397,.T.);
#3400=ORIENTED_EDGE('',*,*,#3399,.T.);
#3401=EDGE_LOOP('',(#3394,#3396,#3398,#3400));
#3402=FACE_BOUND('',#3401,.F.);
#3404=ORIENTED_EDGE('',*,*,#3403,.T.);
#3406=ORIENTED_EDGE('',*,*,#3405,.T.);
#3408=ORIENTED_EDGE('',*,*,#3407,.T.);
#3409=ORIENTED_EDGE('',*,*,#2466,.T.);
#3410=EDGE_LOOP('',(#3404,#3406,#3408,#3409));
#3411=FACE_BOUND('',#3410,.F.);
#3413=ORIENTED_EDGE('',*,*,#3412,.T.);
#3415=ORIENTED_EDGE('',*,*,#3414,.T.);
#3417=ORIENTED_EDGE('',*,*,#3416,.T.);
#3419=ORIENTED_EDGE('',*,*,#3418,.T.);
#3420=EDGE_LOOP('',(#3413,#3415,#3417,#3419));
#3421=FACE_BOUND('',#3420,.F.);
#3423=ORIENTED_EDGE('',*,*,#3422,.T.);
#3425=ORIENTED_EDGE('',*,*,#3424,.T.);
#3427=ORIENTED_EDGE('',*,*,#3426,.T.);
#3429=ORIENTED_EDGE('',*,*,#3428,.T.);
#3430=EDGE_LOOP('',(#3423,#3425,#3427,#3429));
#3431=FACE_BOUND('',#3430,.F.);
#3433=ORIENTED_EDGE('',*,*,#3432,.T.);
#3435=ORIENTED_EDGE('',*,*,#3434,.T.);
#3437=ORIENTED_EDGE('',*,*,#3436,.T.);
#3439=ORIENTED_EDGE('',*,*,#3438,.T.);
#3440=EDGE_LOOP('',(#3433,#3435,#3437,#3439));
#3441=FACE_BOUND('',#3440,.F.);
#3443=ORIENTED_EDGE('',*,*,#3442,.T.);
#3445=ORIENTED_EDGE('',*,*,#3444,.T.);
#3447=ORIENTED_EDGE('',*,*,#3446,.T.);
#3449=ORIENTED_EDGE('',*,*,#3448,.T.);
#3450=EDGE_LOOP('',(#3443,#3445,#3447,#3449));
#3451=FACE_BOUND('',#3450,.F.);
#3452=ADVANCED_FACE('',(#3356,#3362,#3372,#3382,#3392,#3402,#3411,#3421,#3431,
#3441,#3451),#3319,.T.);
#3453=CARTESIAN_POINT('',(-2.15E2,-4.45E2,1.45E2));
#3454=DIRECTION('',(-1.E0,0.E0,0.E0));
#3455=DIRECTION('',(0.E0,0.E0,-1.E0));
#3456=AXIS2_PLACEMENT_3D('',#3453,#3454,#3455);
#3457=PLANE('',#3456);
#3458=ORIENTED_EDGE('',*,*,#2498,.F.);
#3460=ORIENTED_EDGE('',*,*,#3459,.T.);
#3461=ORIENTED_EDGE('',*,*,#2805,.T.);
#3463=ORIENTED_EDGE('',*,*,#3462,.F.);
#3464=EDGE_LOOP('',(#3458,#3460,#3461,#3463));
#3465=FACE_OUTER_BOUND('',#3464,.F.);
#3466=ADVANCED_FACE('',(#3465),#3457,.F.);
#3467=CARTESIAN_POINT('',(-2.15E2,-4.45E2,1.45E2));
#3468=DIRECTION('',(-1.E0,0.E0,0.E0));
#3469=DIRECTION('',(0.E0,0.E0,-1.E0));
#3470=AXIS2_PLACEMENT_3D('',#3467,#3468,#3469);
#3471=PLANE('',#3470);
#3472=ORIENTED_EDGE('',*,*,#3027,.T.);
#3474=ORIENTED_EDGE('',*,*,#3473,.F.);
#3475=ORIENTED_EDGE('',*,*,#3363,.F.);
#3477=ORIENTED_EDGE('',*,*,#3476,.T.);
#3478=EDGE_LOOP('',(#3472,#3474,#3475,#3477));
#3479=FACE_OUTER_BOUND('',#3478,.F.);
#3480=ADVANCED_FACE('',(#3479),#3471,.F.);
#3481=CARTESIAN_POINT('',(1.45E2,-4.45E2,1.45E2));
#3482=DIRECTION('',(0.E0,0.E0,1.E0));
#3483=DIRECTION('',(-1.E0,0.E0,0.E0));
#3484=AXIS2_PLACEMENT_3D('',#3481,#3482,#3483);
#3485=PLANE('',#3484);
#3486=ORIENTED_EDGE('',*,*,#2504,.F.);
#3488=ORIENTED_EDGE('',*,*,#3487,.T.);
#3489=ORIENTED_EDGE('',*,*,#2807,.T.);
#3490=ORIENTED_EDGE('',*,*,#3459,.F.);
#3491=EDGE_LOOP('',(#3486,#3488,#3489,#3490));
#3492=FACE_OUTER_BOUND('',#3491,.F.);
#3493=ADVANCED_FACE('',(#3492),#3485,.F.);
#3494=CARTESIAN_POINT('',(1.45E2,-4.45E2,1.45E2));
#3495=DIRECTION('',(0.E0,0.E0,1.E0));
#3496=DIRECTION('',(-1.E0,0.E0,0.E0));
#3497=AXIS2_PLACEMENT_3D('',#3494,#3495,#3496);
#3498=PLANE('',#3497);
#3499=ORIENTED_EDGE('',*,*,#3029,.T.);
#3500=ORIENTED_EDGE('',*,*,#3476,.F.);
#3501=ORIENTED_EDGE('',*,*,#3369,.F.);
#3503=ORIENTED_EDGE('',*,*,#3502,.T.);
#3504=EDGE_LOOP('',(#3499,#3500,#3501,#3503));
#3505=FACE_OUTER_BOUND('',#3504,.F.);
#3506=ADVANCED_FACE('',(#3505),#3498,.F.);
#3507=CARTESIAN_POINT('',(1.45E2,-4.45E2,3.5E1));
#3508=DIRECTION('',(1.E0,0.E0,0.E0));
#3509=DIRECTION('',(0.E0,0.E0,1.E0));
#3510=AXIS2_PLACEMENT_3D('',#3507,#3508,#3509);
#3511=PLANE('',#3510);
#3512=ORIENTED_EDGE('',*,*,#2502,.F.);
#3514=ORIENTED_EDGE('',*,*,#3513,.T.);
#3515=ORIENTED_EDGE('',*,*,#2809,.T.);
#3516=ORIENTED_EDGE('',*,*,#3487,.F.);
#3517=EDGE_LOOP('',(#3512,#3514,#3515,#3516));
#3518=FACE_OUTER_BOUND('',#3517,.F.);
#3519=ADVANCED_FACE('',(#3518),#3511,.F.);
#3520=CARTESIAN_POINT('',(1.45E2,-4.45E2,3.5E1));
#3521=DIRECTION('',(1.E0,0.E0,0.E0));
#3522=DIRECTION('',(0.E0,0.E0,1.E0));
#3523=AXIS2_PLACEMENT_3D('',#3520,#3521,#3522);
#3524=PLANE('',#3523);
#3525=ORIENTED_EDGE('',*,*,#3031,.T.);
#3526=ORIENTED_EDGE('',*,*,#3502,.F.);
#3527=ORIENTED_EDGE('',*,*,#3367,.F.);
#3529=ORIENTED_EDGE('',*,*,#3528,.T.);
#3530=EDGE_LOOP('',(#3525,#3526,#3527,#3529));
#3531=FACE_OUTER_BOUND('',#3530,.F.);
#3532=ADVANCED_FACE('',(#3531),#3524,.F.);
#3533=CARTESIAN_POINT('',(-2.15E2,-4.45E2,3.5E1));
#3534=DIRECTION('',(0.E0,0.E0,-1.E0));
#3535=DIRECTION('',(1.E0,0.E0,0.E0));
#3536=AXIS2_PLACEMENT_3D('',#3533,#3534,#3535);
#3537=PLANE('',#3536);
#3538=ORIENTED_EDGE('',*,*,#2500,.F.);
#3539=ORIENTED_EDGE('',*,*,#3462,.T.);
#3540=ORIENTED_EDGE('',*,*,#2811,.T.);
#3541=ORIENTED_EDGE('',*,*,#3513,.F.);
#3542=EDGE_LOOP('',(#3538,#3539,#3540,#3541));
#3543=FACE_OUTER_BOUND('',#3542,.F.);
#3544=ADVANCED_FACE('',(#3543),#3537,.F.);
#3545=CARTESIAN_POINT('',(-2.15E2,-4.45E2,3.5E1));
#3546=DIRECTION('',(0.E0,0.E0,-1.E0));
#3547=DIRECTION('',(1.E0,0.E0,0.E0));
#3548=AXIS2_PLACEMENT_3D('',#3545,#3546,#3547);
#3549=PLANE('',#3548);
#3550=ORIENTED_EDGE('',*,*,#3033,.T.);
#3551=ORIENTED_EDGE('',*,*,#3528,.F.);
#3552=ORIENTED_EDGE('',*,*,#3365,.F.);
#3553=ORIENTED_EDGE('',*,*,#3473,.T.);
#3554=EDGE_LOOP('',(#3550,#3551,#3552,#3553));
#3555=FACE_OUTER_BOUND('',#3554,.F.);
#3556=ADVANCED_FACE('',(#3555),#3549,.F.);
#3557=CARTESIAN_POINT('',(3.565831205742E2,-4.45E2,1.45E2));
#3558=DIRECTION('',(-1.E0,0.E0,0.E0));
#3559=DIRECTION('',(0.E0,0.E0,-1.E0));
#3560=AXIS2_PLACEMENT_3D('',#3557,#3558,#3559);
#3561=PLANE('',#3560);
#3562=ORIENTED_EDGE('',*,*,#2508,.F.);
#3564=ORIENTED_EDGE('',*,*,#3563,.T.);
#3565=ORIENTED_EDGE('',*,*,#2815,.T.);
#3567=ORIENTED_EDGE('',*,*,#3566,.F.);
#3568=EDGE_LOOP('',(#3562,#3564,#3565,#3567));
#3569=FACE_OUTER_BOUND('',#3568,.F.);
#3570=ADVANCED_FACE('',(#3569),#3561,.F.);
#3571=CARTESIAN_POINT('',(3.565831205742E2,-4.45E2,1.45E2));
#3572=DIRECTION('',(-1.E0,0.E0,0.E0));
#3573=DIRECTION('',(0.E0,0.E0,-1.E0));
#3574=AXIS2_PLACEMENT_3D('',#3571,#3572,#3573);
#3575=PLANE('',#3574);
#3576=ORIENTED_EDGE('',*,*,#3037,.T.);
#3578=ORIENTED_EDGE('',*,*,#3577,.F.);
#3579=ORIENTED_EDGE('',*,*,#3373,.F.);
#3581=ORIENTED_EDGE('',*,*,#3580,.T.);
#3582=EDGE_LOOP('',(#3576,#3578,#3579,#3581));
#3583=FACE_OUTER_BOUND('',#3582,.F.);
#3584=ADVANCED_FACE('',(#3583),#3575,.F.);
#3585=CARTESIAN_POINT('',(7.165831205742E2,-4.45E2,1.45E2));
#3586=DIRECTION('',(0.E0,0.E0,1.E0));
#3587=DIRECTION('',(-1.E0,0.E0,0.E0));
#3588=AXIS2_PLACEMENT_3D('',#3585,#3586,#3587);
#3589=PLANE('',#3588);
#3590=ORIENTED_EDGE('',*,*,#2514,.F.);
#3592=ORIENTED_EDGE('',*,*,#3591,.T.);
#3593=ORIENTED_EDGE('',*,*,#2817,.T.);
#3594=ORIENTED_EDGE('',*,*,#3563,.F.);
#3595=EDGE_LOOP('',(#3590,#3592,#3593,#3594));
#3596=FACE_OUTER_BOUND('',#3595,.F.);
#3597=ADVANCED_FACE('',(#3596),#3589,.F.);
#3598=CARTESIAN_POINT('',(7.165831205742E2,-4.45E2,1.45E2));
#3599=DIRECTION('',(0.E0,0.E0,1.E0));
#3600=DIRECTION('',(-1.E0,0.E0,0.E0));
#3601=AXIS2_PLACEMENT_3D('',#3598,#3599,#3600);
#3602=PLANE('',#3601);
#3603=ORIENTED_EDGE('',*,*,#3039,.T.);
#3604=ORIENTED_EDGE('',*,*,#3580,.F.);
#3605=ORIENTED_EDGE('',*,*,#3379,.F.);
#3607=ORIENTED_EDGE('',*,*,#3606,.T.);
#3608=EDGE_LOOP('',(#3603,#3604,#3605,#3607));
#3609=FACE_OUTER_BOUND('',#3608,.F.);
#3610=ADVANCED_FACE('',(#3609),#3602,.F.);
#3611=CARTESIAN_POINT('',(7.165831205742E2,-4.45E2,3.5E1));
#3612=DIRECTION('',(1.E0,0.E0,0.E0));
#3613=DIRECTION('',(0.E0,0.E0,1.E0));
#3614=AXIS2_PLACEMENT_3D('',#3611,#3612,#3613);
#3615=PLANE('',#3614);
#3616=ORIENTED_EDGE('',*,*,#2512,.F.);
#3618=ORIENTED_EDGE('',*,*,#3617,.T.);
#3619=ORIENTED_EDGE('',*,*,#2819,.T.);
#3620=ORIENTED_EDGE('',*,*,#3591,.F.);
#3621=EDGE_LOOP('',(#3616,#3618,#3619,#3620));
#3622=FACE_OUTER_BOUND('',#3621,.F.);
#3623=ADVANCED_FACE('',(#3622),#3615,.F.);
#3624=CARTESIAN_POINT('',(7.165831205742E2,-4.45E2,3.5E1));
#3625=DIRECTION('',(1.E0,0.E0,0.E0));
#3626=DIRECTION('',(0.E0,0.E0,1.E0));
#3627=AXIS2_PLACEMENT_3D('',#3624,#3625,#3626);
#3628=PLANE('',#3627);
#3629=ORIENTED_EDGE('',*,*,#3041,.T.);
#3630=ORIENTED_EDGE('',*,*,#3606,.F.);
#3631=ORIENTED_EDGE('',*,*,#3377,.F.);
#3633=ORIENTED_EDGE('',*,*,#3632,.T.);
#3634=EDGE_LOOP('',(#3629,#3630,#3631,#3633));
#3635=FACE_OUTER_BOUND('',#3634,.F.);
#3636=ADVANCED_FACE('',(#3635),#3628,.F.);
#3637=CARTESIAN_POINT('',(3.565831205742E2,-4.45E2,3.5E1));
#3638=DIRECTION('',(0.E0,0.E0,-1.E0));
#3639=DIRECTION('',(1.E0,0.E0,0.E0));
#3640=AXIS2_PLACEMENT_3D('',#3637,#3638,#3639);
#3641=PLANE('',#3640);
#3642=ORIENTED_EDGE('',*,*,#2510,.F.);
#3643=ORIENTED_EDGE('',*,*,#3566,.T.);
#3644=ORIENTED_EDGE('',*,*,#2821,.T.);
#3645=ORIENTED_EDGE('',*,*,#3617,.F.);
#3646=EDGE_LOOP('',(#3642,#3643,#3644,#3645));
#3647=FACE_OUTER_BOUND('',#3646,.F.);
#3648=ADVANCED_FACE('',(#3647),#3641,.F.);
#3649=CARTESIAN_POINT('',(3.565831205742E2,-4.45E2,3.5E1));
#3650=DIRECTION('',(0.E0,0.E0,-1.E0));
#3651=DIRECTION('',(1.E0,0.E0,0.E0));
#3652=AXIS2_PLACEMENT_3D('',#3649,#3650,#3651);
#3653=PLANE('',#3652);
#3654=ORIENTED_EDGE('',*,*,#3043,.T.);
#3655=ORIENTED_EDGE('',*,*,#3632,.F.);
#3656=ORIENTED_EDGE('',*,*,#3375,.F.);
#3657=ORIENTED_EDGE('',*,*,#3577,.T.);
#3658=EDGE_LOOP('',(#3654,#3655,#3656,#3657));
#3659=FACE_OUTER_BOUND('',#3658,.F.);
#3660=ADVANCED_FACE('',(#3659),#3653,.F.);
#3661=CARTESIAN_POINT('',(-7.75E2,-4.45E2,-1.45E2));
#3662=DIRECTION('',(0.E0,0.E0,-1.E0));
#3663=DIRECTION('',(1.E0,0.E0,0.E0));
#3664=AXIS2_PLACEMENT_3D('',#3661,#3662,#3663);
#3665=PLANE('',#3664);
#3666=ORIENTED_EDGE('',*,*,#2518,.F.);
#3668=ORIENTED_EDGE('',*,*,#3667,.T.);
#3669=ORIENTED_EDGE('',*,*,#2825,.T.);
#3671=ORIENTED_EDGE('',*,*,#3670,.F.);
#3672=EDGE_LOOP('',(#3666,#3668,#3669,#3671));
#3673=FACE_OUTER_BOUND('',#3672,.F.);
#3674=ADVANCED_FACE('',(#3673),#3665,.F.);
#3675=CARTESIAN_POINT('',(-7.75E2,-4.45E2,-1.45E2));
#3676=DIRECTION('',(0.E0,0.E0,-1.E0));
#3677=DIRECTION('',(1.E0,0.E0,0.E0));
#3678=AXIS2_PLACEMENT_3D('',#3675,#3676,#3677);
#3679=PLANE('',#3678);
#3680=ORIENTED_EDGE('',*,*,#3047,.T.);
#3682=ORIENTED_EDGE('',*,*,#3681,.F.);
#3683=ORIENTED_EDGE('',*,*,#3383,.F.);
#3685=ORIENTED_EDGE('',*,*,#3684,.T.);
#3686=EDGE_LOOP('',(#3680,#3682,#3683,#3685));
#3687=FACE_OUTER_BOUND('',#3686,.F.);
#3688=ADVANCED_FACE('',(#3687),#3679,.F.);
#3689=CARTESIAN_POINT('',(-7.75E2,-4.45E2,-3.5E1));
#3690=DIRECTION('',(-1.E0,0.E0,0.E0));
#3691=DIRECTION('',(0.E0,0.E0,-1.E0));
#3692=AXIS2_PLACEMENT_3D('',#3689,#3690,#3691);
#3693=PLANE('',#3692);
#3694=ORIENTED_EDGE('',*,*,#2524,.F.);
#3696=ORIENTED_EDGE('',*,*,#3695,.T.);
#3697=ORIENTED_EDGE('',*,*,#2827,.T.);
#3698=ORIENTED_EDGE('',*,*,#3667,.F.);
#3699=EDGE_LOOP('',(#3694,#3696,#3697,#3698));
#3700=FACE_OUTER_BOUND('',#3699,.F.);
#3701=ADVANCED_FACE('',(#3700),#3693,.F.);
#3702=CARTESIAN_POINT('',(-7.75E2,-4.45E2,-3.5E1));
#3703=DIRECTION('',(-1.E0,0.E0,0.E0));
#3704=DIRECTION('',(0.E0,0.E0,-1.E0));
#3705=AXIS2_PLACEMENT_3D('',#3702,#3703,#3704);
#3706=PLANE('',#3705);
#3707=ORIENTED_EDGE('',*,*,#3049,.T.);
#3708=ORIENTED_EDGE('',*,*,#3684,.F.);
#3709=ORIENTED_EDGE('',*,*,#3389,.F.);
#3711=ORIENTED_EDGE('',*,*,#3710,.T.);
#3712=EDGE_LOOP('',(#3707,#3708,#3709,#3711));
#3713=FACE_OUTER_BOUND('',#3712,.F.);
#3714=ADVANCED_FACE('',(#3713),#3706,.F.);
#3715=CARTESIAN_POINT('',(-4.15E2,-4.45E2,-3.5E1));
#3716=DIRECTION('',(0.E0,0.E0,1.E0));
#3717=DIRECTION('',(-1.E0,0.E0,0.E0));
#3718=AXIS2_PLACEMENT_3D('',#3715,#3716,#3717);
#3719=PLANE('',#3718);
#3720=ORIENTED_EDGE('',*,*,#2522,.F.);
#3722=ORIENTED_EDGE('',*,*,#3721,.T.);
#3723=ORIENTED_EDGE('',*,*,#2829,.T.);
#3724=ORIENTED_EDGE('',*,*,#3695,.F.);
#3725=EDGE_LOOP('',(#3720,#3722,#3723,#3724));
#3726=FACE_OUTER_BOUND('',#3725,.F.);
#3727=ADVANCED_FACE('',(#3726),#3719,.F.);
#3728=CARTESIAN_POINT('',(-4.15E2,-4.45E2,-3.5E1));
#3729=DIRECTION('',(0.E0,0.E0,1.E0));
#3730=DIRECTION('',(-1.E0,0.E0,0.E0));
#3731=AXIS2_PLACEMENT_3D('',#3728,#3729,#3730);
#3732=PLANE('',#3731);
#3733=ORIENTED_EDGE('',*,*,#3051,.T.);
#3734=ORIENTED_EDGE('',*,*,#3710,.F.);
#3735=ORIENTED_EDGE('',*,*,#3387,.F.);
#3737=ORIENTED_EDGE('',*,*,#3736,.T.);
#3738=EDGE_LOOP('',(#3733,#3734,#3735,#3737));
#3739=FACE_OUTER_BOUND('',#3738,.F.);
#3740=ADVANCED_FACE('',(#3739),#3732,.F.);
#3741=CARTESIAN_POINT('',(-4.15E2,-4.45E2,-1.45E2));
#3742=DIRECTION('',(1.E0,0.E0,0.E0));
#3743=DIRECTION('',(0.E0,0.E0,1.E0));
#3744=AXIS2_PLACEMENT_3D('',#3741,#3742,#3743);
#3745=PLANE('',#3744);
#3746=ORIENTED_EDGE('',*,*,#2520,.F.);
#3747=ORIENTED_EDGE('',*,*,#3670,.T.);
#3748=ORIENTED_EDGE('',*,*,#2831,.T.);
#3749=ORIENTED_EDGE('',*,*,#3721,.F.);
#3750=EDGE_LOOP('',(#3746,#3747,#3748,#3749));
#3751=FACE_OUTER_BOUND('',#3750,.F.);
#3752=ADVANCED_FACE('',(#3751),#3745,.F.);
#3753=CARTESIAN_POINT('',(-4.15E2,-4.45E2,-1.45E2));
#3754=DIRECTION('',(1.E0,0.E0,0.E0));
#3755=DIRECTION('',(0.E0,0.E0,1.E0));
#3756=AXIS2_PLACEMENT_3D('',#3753,#3754,#3755);
#3757=PLANE('',#3756);
#3758=ORIENTED_EDGE('',*,*,#3053,.T.);
#3759=ORIENTED_EDGE('',*,*,#3736,.F.);
#3760=ORIENTED_EDGE('',*,*,#3385,.F.);
#3761=ORIENTED_EDGE('',*,*,#3681,.T.);
#3762=EDGE_LOOP('',(#3758,#3759,#3760,#3761));
#3763=FACE_OUTER_BOUND('',#3762,.F.);
#3764=ADVANCED_FACE('',(#3763),#3757,.F.);
#3765=CARTESIAN_POINT('',(-2.15E2,-4.45E2,-1.45E2));
#3766=DIRECTION('',(0.E0,0.E0,-1.E0));
#3767=DIRECTION('',(1.E0,0.E0,0.E0));
#3768=AXIS2_PLACEMENT_3D('',#3765,#3766,#3767);
#3769=PLANE('',#3768);
#3770=ORIENTED_EDGE('',*,*,#2528,.F.);
#3772=ORIENTED_EDGE('',*,*,#3771,.T.);
#3773=ORIENTED_EDGE('',*,*,#2835,.T.);
#3775=ORIENTED_EDGE('',*,*,#3774,.F.);
#3776=EDGE_LOOP('',(#3770,#3772,#3773,#3775));
#3777=FACE_OUTER_BOUND('',#3776,.F.);
#3778=ADVANCED_FACE('',(#3777),#3769,.F.);
#3779=CARTESIAN_POINT('',(-2.15E2,-4.45E2,-1.45E2));
#3780=DIRECTION('',(0.E0,0.E0,-1.E0));
#3781=DIRECTION('',(1.E0,0.E0,0.E0));
#3782=AXIS2_PLACEMENT_3D('',#3779,#3780,#3781);
#3783=PLANE('',#3782);
#3784=ORIENTED_EDGE('',*,*,#3057,.T.);
#3786=ORIENTED_EDGE('',*,*,#3785,.F.);
#3787=ORIENTED_EDGE('',*,*,#3393,.F.);
#3789=ORIENTED_EDGE('',*,*,#3788,.T.);
#3790=EDGE_LOOP('',(#3784,#3786,#3787,#3789));
#3791=FACE_OUTER_BOUND('',#3790,.F.);
#3792=ADVANCED_FACE('',(#3791),#3783,.F.);
#3793=CARTESIAN_POINT('',(-2.15E2,-4.45E2,-3.5E1));
#3794=DIRECTION('',(-1.E0,0.E0,0.E0));
#3795=DIRECTION('',(0.E0,0.E0,-1.E0));
#3796=AXIS2_PLACEMENT_3D('',#3793,#3794,#3795);
#3797=PLANE('',#3796);
#3798=ORIENTED_EDGE('',*,*,#2534,.F.);
#3800=ORIENTED_EDGE('',*,*,#3799,.T.);
#3801=ORIENTED_EDGE('',*,*,#2837,.T.);
#3802=ORIENTED_EDGE('',*,*,#3771,.F.);
#3803=EDGE_LOOP('',(#3798,#3800,#3801,#3802));
#3804=FACE_OUTER_BOUND('',#3803,.F.);
#3805=ADVANCED_FACE('',(#3804),#3797,.F.);
#3806=CARTESIAN_POINT('',(-2.15E2,-4.45E2,-3.5E1));
#3807=DIRECTION('',(-1.E0,0.E0,0.E0));
#3808=DIRECTION('',(0.E0,0.E0,-1.E0));
#3809=AXIS2_PLACEMENT_3D('',#3806,#3807,#3808);
#3810=PLANE('',#3809);
#3811=ORIENTED_EDGE('',*,*,#3059,.T.);
#3812=ORIENTED_EDGE('',*,*,#3788,.F.);
#3813=ORIENTED_EDGE('',*,*,#3399,.F.);
#3815=ORIENTED_EDGE('',*,*,#3814,.T.);
#3816=EDGE_LOOP('',(#3811,#3812,#3813,#3815));
#3817=FACE_OUTER_BOUND('',#3816,.F.);
#3818=ADVANCED_FACE('',(#3817),#3810,.F.);
#3819=CARTESIAN_POINT('',(1.45E2,-4.45E2,-3.5E1));
#3820=DIRECTION('',(0.E0,0.E0,1.E0));
#3821=DIRECTION('',(-1.E0,0.E0,0.E0));
#3822=AXIS2_PLACEMENT_3D('',#3819,#3820,#3821);
#3823=PLANE('',#3822);
#3824=ORIENTED_EDGE('',*,*,#2532,.F.);
#3826=ORIENTED_EDGE('',*,*,#3825,.T.);
#3827=ORIENTED_EDGE('',*,*,#2839,.T.);
#3828=ORIENTED_EDGE('',*,*,#3799,.F.);
#3829=EDGE_LOOP('',(#3824,#3826,#3827,#3828));
#3830=FACE_OUTER_BOUND('',#3829,.F.);
#3831=ADVANCED_FACE('',(#3830),#3823,.F.);
#3832=CARTESIAN_POINT('',(1.45E2,-4.45E2,-3.5E1));
#3833=DIRECTION('',(0.E0,0.E0,1.E0));
#3834=DIRECTION('',(-1.E0,0.E0,0.E0));
#3835=AXIS2_PLACEMENT_3D('',#3832,#3833,#3834);
#3836=PLANE('',#3835);
#3837=ORIENTED_EDGE('',*,*,#3061,.T.);
#3838=ORIENTED_EDGE('',*,*,#3814,.F.);
#3839=ORIENTED_EDGE('',*,*,#3397,.F.);
#3841=ORIENTED_EDGE('',*,*,#3840,.T.);
#3842=EDGE_LOOP('',(#3837,#3838,#3839,#3841));
#3843=FACE_OUTER_BOUND('',#3842,.F.);
#3844=ADVANCED_FACE('',(#3843),#3836,.F.);
#3845=CARTESIAN_POINT('',(1.45E2,-4.45E2,-1.45E2));
#3846=DIRECTION('',(1.E0,0.E0,0.E0));
#3847=DIRECTION('',(0.E0,0.E0,1.E0));
#3848=AXIS2_PLACEMENT_3D('',#3845,#3846,#3847);
#3849=PLANE('',#3848);
#3850=ORIENTED_EDGE('',*,*,#2530,.F.);
#3851=ORIENTED_EDGE('',*,*,#3774,.T.);
#3852=ORIENTED_EDGE('',*,*,#2841,.T.);
#3853=ORIENTED_EDGE('',*,*,#3825,.F.);
#3854=EDGE_LOOP('',(#3850,#3851,#3852,#3853));
#3855=FACE_OUTER_BOUND('',#3854,.F.);
#3856=ADVANCED_FACE('',(#3855),#3849,.F.);
#3857=CARTESIAN_POINT('',(1.45E2,-4.45E2,-1.45E2));
#3858=DIRECTION('',(1.E0,0.E0,0.E0));
#3859=DIRECTION('',(0.E0,0.E0,1.E0));
#3860=AXIS2_PLACEMENT_3D('',#3857,#3858,#3859);
#3861=PLANE('',#3860);
#3862=ORIENTED_EDGE('',*,*,#3063,.T.);
#3863=ORIENTED_EDGE('',*,*,#3840,.F.);
#3864=ORIENTED_EDGE('',*,*,#3395,.F.);
#3865=ORIENTED_EDGE('',*,*,#3785,.T.);
#3866=EDGE_LOOP('',(#3862,#3863,#3864,#3865));
#3867=FACE_OUTER_BOUND('',#3866,.F.);
#3868=ADVANCED_FACE('',(#3867),#3861,.F.);
#3869=CARTESIAN_POINT('',(3.565831205742E2,-4.45E2,-1.45E2));
#3870=DIRECTION('',(0.E0,0.E0,-1.E0));
#3871=DIRECTION('',(1.E0,0.E0,0.E0));
#3872=AXIS2_PLACEMENT_3D('',#3869,#3870,#3871);
#3873=PLANE('',#3872);
#3874=ORIENTED_EDGE('',*,*,#2538,.F.);
#3875=ORIENTED_EDGE('',*,*,#2452,.T.);
#3876=ORIENTED_EDGE('',*,*,#2845,.T.);
#3878=ORIENTED_EDGE('',*,*,#3877,.F.);
#3879=EDGE_LOOP('',(#3874,#3875,#3876,#3878));
#3880=FACE_OUTER_BOUND('',#3879,.F.);
#3881=ADVANCED_FACE('',(#3880),#3873,.F.);
#3882=CARTESIAN_POINT('',(3.565831205742E2,-4.45E2,-1.45E2));
#3883=DIRECTION('',(0.E0,0.E0,-1.E0));
#3884=DIRECTION('',(1.E0,0.E0,0.E0));
#3885=AXIS2_PLACEMENT_3D('',#3882,#3883,#3884);
#3886=PLANE('',#3885);
#3887=ORIENTED_EDGE('',*,*,#3067,.T.);
#3889=ORIENTED_EDGE('',*,*,#3888,.F.);
#3890=ORIENTED_EDGE('',*,*,#3403,.F.);
#3891=ORIENTED_EDGE('',*,*,#2464,.T.);
#3892=EDGE_LOOP('',(#3887,#3889,#3890,#3891));
#3893=FACE_OUTER_BOUND('',#3892,.F.);
#3894=ADVANCED_FACE('',(#3893),#3886,.F.);
#3895=CARTESIAN_POINT('',(7.165831205742E2,-4.45E2,-1.45E2));
#3896=DIRECTION('',(1.E0,0.E0,0.E0));
#3897=DIRECTION('',(0.E0,0.E0,1.E0));
#3898=AXIS2_PLACEMENT_3D('',#3895,#3896,#3897);
#3899=PLANE('',#3898);
#3900=ORIENTED_EDGE('',*,*,#2540,.F.);
#3901=ORIENTED_EDGE('',*,*,#3877,.T.);
#3902=ORIENTED_EDGE('',*,*,#2850,.T.);
#3904=ORIENTED_EDGE('',*,*,#3903,.F.);
#3905=EDGE_LOOP('',(#3900,#3901,#3902,#3904));
#3906=FACE_OUTER_BOUND('',#3905,.F.);
#3907=ADVANCED_FACE('',(#3906),#3899,.F.);
#3908=CARTESIAN_POINT('',(7.165831205742E2,-4.45E2,-1.45E2));
#3909=DIRECTION('',(1.E0,0.E0,0.E0));
#3910=DIRECTION('',(0.E0,0.E0,1.E0));
#3911=AXIS2_PLACEMENT_3D('',#3908,#3909,#3910);
#3912=PLANE('',#3911);
#3913=ORIENTED_EDGE('',*,*,#3072,.T.);
#3915=ORIENTED_EDGE('',*,*,#3914,.F.);
#3916=ORIENTED_EDGE('',*,*,#3405,.F.);
#3917=ORIENTED_EDGE('',*,*,#3888,.T.);
#3918=EDGE_LOOP('',(#3913,#3915,#3916,#3917));
#3919=FACE_OUTER_BOUND('',#3918,.F.);
#3920=ADVANCED_FACE('',(#3919),#3912,.F.);
#3921=CARTESIAN_POINT('',(7.165831205742E2,-4.45E2,-3.5E1));
#3922=DIRECTION('',(0.E0,0.E0,1.E0));
#3923=DIRECTION('',(-1.E0,0.E0,0.E0));
#3924=AXIS2_PLACEMENT_3D('',#3921,#3922,#3923);
#3925=PLANE('',#3924);
#3926=ORIENTED_EDGE('',*,*,#2542,.F.);
#3927=ORIENTED_EDGE('',*,*,#3903,.T.);
#3928=ORIENTED_EDGE('',*,*,#2848,.T.);
#3929=ORIENTED_EDGE('',*,*,#2448,.F.);
#3930=EDGE_LOOP('',(#3926,#3927,#3928,#3929));
#3931=FACE_OUTER_BOUND('',#3930,.F.);
#3932=ADVANCED_FACE('',(#3931),#3925,.F.);
#3933=CARTESIAN_POINT('',(7.165831205742E2,-4.45E2,-3.5E1));
#3934=DIRECTION('',(0.E0,0.E0,1.E0));
#3935=DIRECTION('',(-1.E0,0.E0,0.E0));
#3936=AXIS2_PLACEMENT_3D('',#3933,#3934,#3935);
#3937=PLANE('',#3936);
#3938=ORIENTED_EDGE('',*,*,#3070,.T.);
#3939=ORIENTED_EDGE('',*,*,#2468,.F.);
#3940=ORIENTED_EDGE('',*,*,#3407,.F.);
#3941=ORIENTED_EDGE('',*,*,#3914,.T.);
#3942=EDGE_LOOP('',(#3938,#3939,#3940,#3941));
#3943=FACE_OUTER_BOUND('',#3942,.F.);
#3944=ADVANCED_FACE('',(#3943),#3937,.F.);
#3945=CARTESIAN_POINT('',(-3.8E2,-4.45E2,1.434997109271E2));
#3946=DIRECTION('',(-1.E0,0.E0,0.E0));
#3947=DIRECTION('',(0.E0,0.E0,-1.E0));
#3948=AXIS2_PLACEMENT_3D('',#3945,#3946,#3947);
#3949=PLANE('',#3948);
#3950=ORIENTED_EDGE('',*,*,#2547,.F.);
#3952=ORIENTED_EDGE('',*,*,#3951,.T.);
#3953=ORIENTED_EDGE('',*,*,#2854,.T.);
#3955=ORIENTED_EDGE('',*,*,#3954,.F.);
#3956=EDGE_LOOP('',(#3950,#3952,#3953,#3955));
#3957=FACE_OUTER_BOUND('',#3956,.F.);
#3958=ADVANCED_FACE('',(#3957),#3949,.F.);
#3959=CARTESIAN_POINT('',(-3.8E2,-4.45E2,1.434997109271E2));
#3960=DIRECTION('',(-1.E0,0.E0,0.E0));
#3961=DIRECTION('',(0.E0,0.E0,-1.E0));
#3962=AXIS2_PLACEMENT_3D('',#3959,#3960,#3961);
#3963=PLANE('',#3962);
#3964=ORIENTED_EDGE('',*,*,#3076,.T.);
#3966=ORIENTED_EDGE('',*,*,#3965,.F.);
#3967=ORIENTED_EDGE('',*,*,#3412,.F.);
#3969=ORIENTED_EDGE('',*,*,#3968,.T.);
#3970=EDGE_LOOP('',(#3964,#3966,#3967,#3969));
#3971=FACE_OUTER_BOUND('',#3970,.F.);
#3972=ADVANCED_FACE('',(#3971),#3963,.F.);
#3973=CARTESIAN_POINT('',(-2.5E2,-4.45E2,1.434997109271E2));
#3974=DIRECTION('',(0.E0,0.E0,1.E0));
#3975=DIRECTION('',(-1.E0,0.E0,0.E0));
#3976=AXIS2_PLACEMENT_3D('',#3973,#3974,#3975);
#3977=PLANE('',#3976);
#3978=ORIENTED_EDGE('',*,*,#2553,.F.);
#3980=ORIENTED_EDGE('',*,*,#3979,.T.);
#3981=ORIENTED_EDGE('',*,*,#2856,.T.);
#3982=ORIENTED_EDGE('',*,*,#3951,.F.);
#3983=EDGE_LOOP('',(#3978,#3980,#3981,#3982));
#3984=FACE_OUTER_BOUND('',#3983,.F.);
#3985=ADVANCED_FACE('',(#3984),#3977,.F.);
#3986=CARTESIAN_POINT('',(-2.5E2,-4.45E2,1.434997109271E2));
#3987=DIRECTION('',(0.E0,0.E0,1.E0));
#3988=DIRECTION('',(-1.E0,0.E0,0.E0));
#3989=AXIS2_PLACEMENT_3D('',#3986,#3987,#3988);
#3990=PLANE('',#3989);
#3991=ORIENTED_EDGE('',*,*,#3078,.T.);
#3992=ORIENTED_EDGE('',*,*,#3968,.F.);
#3993=ORIENTED_EDGE('',*,*,#3418,.F.);
#3995=ORIENTED_EDGE('',*,*,#3994,.T.);
#3996=EDGE_LOOP('',(#3991,#3992,#3993,#3995));
#3997=FACE_OUTER_BOUND('',#3996,.F.);
#3998=ADVANCED_FACE('',(#3997),#3990,.F.);
#3999=CARTESIAN_POINT('',(-2.5E2,-4.45E2,3.5E1));
#4000=DIRECTION('',(1.E0,0.E0,0.E0));
#4001=DIRECTION('',(0.E0,0.E0,1.E0));
#4002=AXIS2_PLACEMENT_3D('',#3999,#4000,#4001);
#4003=PLANE('',#4002);
#4004=ORIENTED_EDGE('',*,*,#2551,.F.);
#4006=ORIENTED_EDGE('',*,*,#4005,.T.);
#4007=ORIENTED_EDGE('',*,*,#2858,.T.);
#4008=ORIENTED_EDGE('',*,*,#3979,.F.);
#4009=EDGE_LOOP('',(#4004,#4006,#4007,#4008));
#4010=FACE_OUTER_BOUND('',#4009,.F.);
#4011=ADVANCED_FACE('',(#4010),#4003,.F.);
#4012=CARTESIAN_POINT('',(-2.5E2,-4.45E2,3.5E1));
#4013=DIRECTION('',(1.E0,0.E0,0.E0));
#4014=DIRECTION('',(0.E0,0.E0,1.E0));
#4015=AXIS2_PLACEMENT_3D('',#4012,#4013,#4014);
#4016=PLANE('',#4015);
#4017=ORIENTED_EDGE('',*,*,#3080,.T.);
#4018=ORIENTED_EDGE('',*,*,#3994,.F.);
#4019=ORIENTED_EDGE('',*,*,#3416,.F.);
#4021=ORIENTED_EDGE('',*,*,#4020,.T.);
#4022=EDGE_LOOP('',(#4017,#4018,#4019,#4021));
#4023=FACE_OUTER_BOUND('',#4022,.F.);
#4024=ADVANCED_FACE('',(#4023),#4016,.F.);
#4025=CARTESIAN_POINT('',(-3.8E2,-4.45E2,3.5E1));
#4026=DIRECTION('',(0.E0,0.E0,-1.E0));
#4027=DIRECTION('',(1.E0,0.E0,0.E0));
#4028=AXIS2_PLACEMENT_3D('',#4025,#4026,#4027);
#4029=PLANE('',#4028);
#4030=ORIENTED_EDGE('',*,*,#2549,.F.);
#4031=ORIENTED_EDGE('',*,*,#3954,.T.);
#4032=ORIENTED_EDGE('',*,*,#2860,.T.);
#4033=ORIENTED_EDGE('',*,*,#4005,.F.);
#4034=EDGE_LOOP('',(#4030,#4031,#4032,#4033));
#4035=FACE_OUTER_BOUND('',#4034,.F.);
#4036=ADVANCED_FACE('',(#4035),#4029,.F.);
#4037=CARTESIAN_POINT('',(-3.8E2,-4.45E2,3.5E1));
#4038=DIRECTION('',(0.E0,0.E0,-1.E0));
#4039=DIRECTION('',(1.E0,0.E0,0.E0));
#4040=AXIS2_PLACEMENT_3D('',#4037,#4038,#4039);
#4041=PLANE('',#4040);
#4042=ORIENTED_EDGE('',*,*,#3082,.T.);
#4043=ORIENTED_EDGE('',*,*,#4020,.F.);
#4044=ORIENTED_EDGE('',*,*,#3414,.F.);
#4045=ORIENTED_EDGE('',*,*,#3965,.T.);
#4046=EDGE_LOOP('',(#4042,#4043,#4044,#4045));
#4047=FACE_OUTER_BOUND('',#4046,.F.);
#4048=ADVANCED_FACE('',(#4047),#4041,.F.);
#4049=CARTESIAN_POINT('',(1.871255182071E2,-4.45E2,1.464348069947E2));
#4050=DIRECTION('',(-1.E0,0.E0,0.E0));
#4051=DIRECTION('',(0.E0,0.E0,-1.E0));
#4052=AXIS2_PLACEMENT_3D('',#4049,#4050,#4051);
#4053=PLANE('',#4052);
#4054=ORIENTED_EDGE('',*,*,#2557,.F.);
#4056=ORIENTED_EDGE('',*,*,#4055,.T.);
#4057=ORIENTED_EDGE('',*,*,#2864,.T.);
#4059=ORIENTED_EDGE('',*,*,#4058,.F.);
#4060=EDGE_LOOP('',(#4054,#4056,#4057,#4059));
#4061=FACE_OUTER_BOUND('',#4060,.F.);
#4062=ADVANCED_FACE('',(#4061),#4053,.F.);
#4063=CARTESIAN_POINT('',(1.871255182071E2,-4.45E2,1.464348069947E2));
#4064=DIRECTION('',(-1.E0,0.E0,0.E0));
#4065=DIRECTION('',(0.E0,0.E0,-1.E0));
#4066=AXIS2_PLACEMENT_3D('',#4063,#4064,#4065);
#4067=PLANE('',#4066);
#4068=ORIENTED_EDGE('',*,*,#3086,.T.);
#4070=ORIENTED_EDGE('',*,*,#4069,.F.);
#4071=ORIENTED_EDGE('',*,*,#3422,.F.);
#4073=ORIENTED_EDGE('',*,*,#4072,.T.);
#4074=EDGE_LOOP('',(#4068,#4070,#4071,#4073));
#4075=FACE_OUTER_BOUND('',#4074,.F.);
#4076=ADVANCED_FACE('',(#4075),#4067,.F.);
#4077=CARTESIAN_POINT('',(3.171255182071E2,-4.45E2,1.464348069947E2));
#4078=DIRECTION('',(0.E0,0.E0,1.E0));
#4079=DIRECTION('',(-1.E0,0.E0,0.E0));
#4080=AXIS2_PLACEMENT_3D('',#4077,#4078,#4079);
#4081=PLANE('',#4080);
#4082=ORIENTED_EDGE('',*,*,#2563,.F.);
#4084=ORIENTED_EDGE('',*,*,#4083,.T.);
#4085=ORIENTED_EDGE('',*,*,#2866,.T.);
#4086=ORIENTED_EDGE('',*,*,#4055,.F.);
#4087=EDGE_LOOP('',(#4082,#4084,#4085,#4086));
#4088=FACE_OUTER_BOUND('',#4087,.F.);
#4089=ADVANCED_FACE('',(#4088),#4081,.F.);
#4090=CARTESIAN_POINT('',(3.171255182071E2,-4.45E2,1.464348069947E2));
#4091=DIRECTION('',(0.E0,0.E0,1.E0));
#4092=DIRECTION('',(-1.E0,0.E0,0.E0));
#4093=AXIS2_PLACEMENT_3D('',#4090,#4091,#4092);
#4094=PLANE('',#4093);
#4095=ORIENTED_EDGE('',*,*,#3088,.T.);
#4096=ORIENTED_EDGE('',*,*,#4072,.F.);
#4097=ORIENTED_EDGE('',*,*,#3428,.F.);
#4099=ORIENTED_EDGE('',*,*,#4098,.T.);
#4100=EDGE_LOOP('',(#4095,#4096,#4097,#4099));
#4101=FACE_OUTER_BOUND('',#4100,.F.);
#4102=ADVANCED_FACE('',(#4101),#4094,.F.);
#4103=CARTESIAN_POINT('',(3.171255182071E2,-4.45E2,3.5E1));
#4104=DIRECTION('',(1.E0,0.E0,0.E0));
#4105=DIRECTION('',(0.E0,0.E0,1.E0));
#4106=AXIS2_PLACEMENT_3D('',#4103,#4104,#4105);
#4107=PLANE('',#4106);
#4108=ORIENTED_EDGE('',*,*,#2561,.F.);
#4110=ORIENTED_EDGE('',*,*,#4109,.T.);
#4111=ORIENTED_EDGE('',*,*,#2868,.T.);
#4112=ORIENTED_EDGE('',*,*,#4083,.F.);
#4113=EDGE_LOOP('',(#4108,#4110,#4111,#4112));
#4114=FACE_OUTER_BOUND('',#4113,.F.);
#4115=ADVANCED_FACE('',(#4114),#4107,.F.);
#4116=CARTESIAN_POINT('',(3.171255182071E2,-4.45E2,3.5E1));
#4117=DIRECTION('',(1.E0,0.E0,0.E0));
#4118=DIRECTION('',(0.E0,0.E0,1.E0));
#4119=AXIS2_PLACEMENT_3D('',#4116,#4117,#4118);
#4120=PLANE('',#4119);
#4121=ORIENTED_EDGE('',*,*,#3090,.T.);
#4122=ORIENTED_EDGE('',*,*,#4098,.F.);
#4123=ORIENTED_EDGE('',*,*,#3426,.F.);
#4125=ORIENTED_EDGE('',*,*,#4124,.T.);
#4126=EDGE_LOOP('',(#4121,#4122,#4123,#4125));
#4127=FACE_OUTER_BOUND('',#4126,.F.);
#4128=ADVANCED_FACE('',(#4127),#4120,.F.);
#4129=CARTESIAN_POINT('',(1.871255182071E2,-4.45E2,3.5E1));
#4130=DIRECTION('',(0.E0,0.E0,-1.E0));
#4131=DIRECTION('',(1.E0,0.E0,0.E0));
#4132=AXIS2_PLACEMENT_3D('',#4129,#4130,#4131);
#4133=PLANE('',#4132);
#4134=ORIENTED_EDGE('',*,*,#2559,.F.);
#4135=ORIENTED_EDGE('',*,*,#4058,.T.);
#4136=ORIENTED_EDGE('',*,*,#2870,.T.);
#4137=ORIENTED_EDGE('',*,*,#4109,.F.);
#4138=EDGE_LOOP('',(#4134,#4135,#4136,#4137));
#4139=FACE_OUTER_BOUND('',#4138,.F.);
#4140=ADVANCED_FACE('',(#4139),#4133,.F.);
#4141=CARTESIAN_POINT('',(1.871255182071E2,-4.45E2,3.5E1));
#4142=DIRECTION('',(0.E0,0.E0,-1.E0));
#4143=DIRECTION('',(1.E0,0.E0,0.E0));
#4144=AXIS2_PLACEMENT_3D('',#4141,#4142,#4143);
#4145=PLANE('',#4144);
#4146=ORIENTED_EDGE('',*,*,#3092,.T.);
#4147=ORIENTED_EDGE('',*,*,#4124,.F.);
#4148=ORIENTED_EDGE('',*,*,#3424,.F.);
#4149=ORIENTED_EDGE('',*,*,#4069,.T.);
#4150=EDGE_LOOP('',(#4146,#4147,#4148,#4149));
#4151=FACE_OUTER_BOUND('',#4150,.F.);
#4152=ADVANCED_FACE('',(#4151),#4145,.F.);
#4153=CARTESIAN_POINT('',(-3.8E2,-4.45E2,-1.434997109271E2));
#4154=DIRECTION('',(0.E0,0.E0,-1.E0));
#4155=DIRECTION('',(1.E0,0.E0,0.E0));
#4156=AXIS2_PLACEMENT_3D('',#4153,#4154,#4155);
#4157=PLANE('',#4156);
#4158=ORIENTED_EDGE('',*,*,#2567,.F.);
#4160=ORIENTED_EDGE('',*,*,#4159,.T.);
#4161=ORIENTED_EDGE('',*,*,#2874,.T.);
#4163=ORIENTED_EDGE('',*,*,#4162,.F.);
#4164=EDGE_LOOP('',(#4158,#4160,#4161,#4163));
#4165=FACE_OUTER_BOUND('',#4164,.F.);
#4166=ADVANCED_FACE('',(#4165),#4157,.F.);
#4167=CARTESIAN_POINT('',(-3.8E2,-4.45E2,-1.434997109271E2));
#4168=DIRECTION('',(0.E0,0.E0,-1.E0));
#4169=DIRECTION('',(1.E0,0.E0,0.E0));
#4170=AXIS2_PLACEMENT_3D('',#4167,#4168,#4169);
#4171=PLANE('',#4170);
#4172=ORIENTED_EDGE('',*,*,#3096,.T.);
#4174=ORIENTED_EDGE('',*,*,#4173,.F.);
#4175=ORIENTED_EDGE('',*,*,#3432,.F.);
#4177=ORIENTED_EDGE('',*,*,#4176,.T.);
#4178=EDGE_LOOP('',(#4172,#4174,#4175,#4177));
#4179=FACE_OUTER_BOUND('',#4178,.F.);
#4180=ADVANCED_FACE('',(#4179),#4171,.F.);
#4181=CARTESIAN_POINT('',(-3.8E2,-4.45E2,-3.5E1));
#4182=DIRECTION('',(-1.E0,0.E0,0.E0));
#4183=DIRECTION('',(0.E0,0.E0,-1.E0));
#4184=AXIS2_PLACEMENT_3D('',#4181,#4182,#4183);
#4185=PLANE('',#4184);
#4186=ORIENTED_EDGE('',*,*,#2573,.F.);
#4188=ORIENTED_EDGE('',*,*,#4187,.T.);
#4189=ORIENTED_EDGE('',*,*,#2876,.T.);
#4190=ORIENTED_EDGE('',*,*,#4159,.F.);
#4191=EDGE_LOOP('',(#4186,#4188,#4189,#4190));
#4192=FACE_OUTER_BOUND('',#4191,.F.);
#4193=ADVANCED_FACE('',(#4192),#4185,.F.);
#4194=CARTESIAN_POINT('',(-3.8E2,-4.45E2,-3.5E1));
#4195=DIRECTION('',(-1.E0,0.E0,0.E0));
#4196=DIRECTION('',(0.E0,0.E0,-1.E0));
#4197=AXIS2_PLACEMENT_3D('',#4194,#4195,#4196);
#4198=PLANE('',#4197);
#4199=ORIENTED_EDGE('',*,*,#3098,.T.);
#4200=ORIENTED_EDGE('',*,*,#4176,.F.);
#4201=ORIENTED_EDGE('',*,*,#3438,.F.);
#4203=ORIENTED_EDGE('',*,*,#4202,.T.);
#4204=EDGE_LOOP('',(#4199,#4200,#4201,#4203));
#4205=FACE_OUTER_BOUND('',#4204,.F.);
#4206=ADVANCED_FACE('',(#4205),#4198,.F.);
#4207=CARTESIAN_POINT('',(-2.5E2,-4.45E2,-3.5E1));
#4208=DIRECTION('',(0.E0,0.E0,1.E0));
#4209=DIRECTION('',(-1.E0,0.E0,0.E0));
#4210=AXIS2_PLACEMENT_3D('',#4207,#4208,#4209);
#4211=PLANE('',#4210);
#4212=ORIENTED_EDGE('',*,*,#2571,.F.);
#4214=ORIENTED_EDGE('',*,*,#4213,.T.);
#4215=ORIENTED_EDGE('',*,*,#2878,.T.);
#4216=ORIENTED_EDGE('',*,*,#4187,.F.);
#4217=EDGE_LOOP('',(#4212,#4214,#4215,#4216));
#4218=FACE_OUTER_BOUND('',#4217,.F.);
#4219=ADVANCED_FACE('',(#4218),#4211,.F.);
#4220=CARTESIAN_POINT('',(-2.5E2,-4.45E2,-3.5E1));
#4221=DIRECTION('',(0.E0,0.E0,1.E0));
#4222=DIRECTION('',(-1.E0,0.E0,0.E0));
#4223=AXIS2_PLACEMENT_3D('',#4220,#4221,#4222);
#4224=PLANE('',#4223);
#4225=ORIENTED_EDGE('',*,*,#3100,.T.);
#4226=ORIENTED_EDGE('',*,*,#4202,.F.);
#4227=ORIENTED_EDGE('',*,*,#3436,.F.);
#4229=ORIENTED_EDGE('',*,*,#4228,.T.);
#4230=EDGE_LOOP('',(#4225,#4226,#4227,#4229));
#4231=FACE_OUTER_BOUND('',#4230,.F.);
#4232=ADVANCED_FACE('',(#4231),#4224,.F.);
#4233=CARTESIAN_POINT('',(-2.5E2,-4.45E2,-1.434997109271E2));
#4234=DIRECTION('',(1.E0,0.E0,0.E0));
#4235=DIRECTION('',(0.E0,0.E0,1.E0));
#4236=AXIS2_PLACEMENT_3D('',#4233,#4234,#4235);
#4237=PLANE('',#4236);
#4238=ORIENTED_EDGE('',*,*,#2569,.F.);
#4239=ORIENTED_EDGE('',*,*,#4162,.T.);
#4240=ORIENTED_EDGE('',*,*,#2880,.T.);
#4241=ORIENTED_EDGE('',*,*,#4213,.F.);
#4242=EDGE_LOOP('',(#4238,#4239,#4240,#4241));
#4243=FACE_OUTER_BOUND('',#4242,.F.);
#4244=ADVANCED_FACE('',(#4243),#4237,.F.);
#4245=CARTESIAN_POINT('',(-2.5E2,-4.45E2,-1.434997109271E2));
#4246=DIRECTION('',(1.E0,0.E0,0.E0));
#4247=DIRECTION('',(0.E0,0.E0,1.E0));
#4248=AXIS2_PLACEMENT_3D('',#4245,#4246,#4247);
#4249=PLANE('',#4248);
#4250=ORIENTED_EDGE('',*,*,#3102,.T.);
#4251=ORIENTED_EDGE('',*,*,#4228,.F.);
#4252=ORIENTED_EDGE('',*,*,#3434,.F.);
#4253=ORIENTED_EDGE('',*,*,#4173,.T.);
#4254=EDGE_LOOP('',(#4250,#4251,#4252,#4253));
#4255=FACE_OUTER_BOUND('',#4254,.F.);
#4256=ADVANCED_FACE('',(#4255),#4249,.F.);
#4257=CARTESIAN_POINT('',(1.871255182071E2,-4.45E2,-1.464348069947E2));
#4258=DIRECTION('',(0.E0,0.E0,-1.E0));
#4259=DIRECTION('',(1.E0,0.E0,0.E0));
#4260=AXIS2_PLACEMENT_3D('',#4257,#4258,#4259);
#4261=PLANE('',#4260);
#4262=ORIENTED_EDGE('',*,*,#2577,.F.);
#4264=ORIENTED_EDGE('',*,*,#4263,.T.);
#4265=ORIENTED_EDGE('',*,*,#2884,.T.);
#4267=ORIENTED_EDGE('',*,*,#4266,.F.);
#4268=EDGE_LOOP('',(#4262,#4264,#4265,#4267));
#4269=FACE_OUTER_BOUND('',#4268,.F.);
#4270=ADVANCED_FACE('',(#4269),#4261,.F.);
#4271=CARTESIAN_POINT('',(1.871255182071E2,-4.45E2,-1.464348069947E2));
#4272=DIRECTION('',(0.E0,0.E0,-1.E0));
#4273=DIRECTION('',(1.E0,0.E0,0.E0));
#4274=AXIS2_PLACEMENT_3D('',#4271,#4272,#4273);
#4275=PLANE('',#4274);
#4276=ORIENTED_EDGE('',*,*,#3106,.T.);
#4278=ORIENTED_EDGE('',*,*,#4277,.F.);
#4279=ORIENTED_EDGE('',*,*,#3442,.F.);
#4281=ORIENTED_EDGE('',*,*,#4280,.T.);
#4282=EDGE_LOOP('',(#4276,#4278,#4279,#4281));
#4283=FACE_OUTER_BOUND('',#4282,.F.);
#4284=ADVANCED_FACE('',(#4283),#4275,.F.);
#4285=CARTESIAN_POINT('',(1.871255182071E2,-4.45E2,-3.5E1));
#4286=DIRECTION('',(-1.E0,0.E0,0.E0));
#4287=DIRECTION('',(0.E0,0.E0,-1.E0));
#4288=AXIS2_PLACEMENT_3D('',#4285,#4286,#4287);
#4289=PLANE('',#4288);
#4290=ORIENTED_EDGE('',*,*,#2583,.F.);
#4292=ORIENTED_EDGE('',*,*,#4291,.T.);
#4293=ORIENTED_EDGE('',*,*,#2886,.T.);
#4294=ORIENTED_EDGE('',*,*,#4263,.F.);
#4295=EDGE_LOOP('',(#4290,#4292,#4293,#4294));
#4296=FACE_OUTER_BOUND('',#4295,.F.);
#4297=ADVANCED_FACE('',(#4296),#4289,.F.);
#4298=CARTESIAN_POINT('',(1.871255182071E2,-4.45E2,-3.5E1));
#4299=DIRECTION('',(-1.E0,0.E0,0.E0));
#4300=DIRECTION('',(0.E0,0.E0,-1.E0));
#4301=AXIS2_PLACEMENT_3D('',#4298,#4299,#4300);
#4302=PLANE('',#4301);
#4303=ORIENTED_EDGE('',*,*,#3108,.T.);
#4304=ORIENTED_EDGE('',*,*,#4280,.F.);
#4305=ORIENTED_EDGE('',*,*,#3448,.F.);
#4307=ORIENTED_EDGE('',*,*,#4306,.T.);
#4308=EDGE_LOOP('',(#4303,#4304,#4305,#4307));
#4309=FACE_OUTER_BOUND('',#4308,.F.);
#4310=ADVANCED_FACE('',(#4309),#4302,.F.);
#4311=CARTESIAN_POINT('',(3.171255182071E2,-4.45E2,-3.5E1));
#4312=DIRECTION('',(0.E0,0.E0,1.E0));
#4313=DIRECTION('',(-1.E0,0.E0,0.E0));
#4314=AXIS2_PLACEMENT_3D('',#4311,#4312,#4313);
#4315=PLANE('',#4314);
#4316=ORIENTED_EDGE('',*,*,#2581,.F.);
#4318=ORIENTED_EDGE('',*,*,#4317,.T.);
#4319=ORIENTED_EDGE('',*,*,#2888,.T.);
#4320=ORIENTED_EDGE('',*,*,#4291,.F.);
#4321=EDGE_LOOP('',(#4316,#4318,#4319,#4320));
#4322=FACE_OUTER_BOUND('',#4321,.F.);
#4323=ADVANCED_FACE('',(#4322),#4315,.F.);
#4324=CARTESIAN_POINT('',(3.171255182071E2,-4.45E2,-3.5E1));
#4325=DIRECTION('',(0.E0,0.E0,1.E0));
#4326=DIRECTION('',(-1.E0,0.E0,0.E0));
#4327=AXIS2_PLACEMENT_3D('',#4324,#4325,#4326);
#4328=PLANE('',#4327);
#4329=ORIENTED_EDGE('',*,*,#3110,.T.);
#4330=ORIENTED_EDGE('',*,*,#4306,.F.);
#4331=ORIENTED_EDGE('',*,*,#3446,.F.);
#4333=ORIENTED_EDGE('',*,*,#4332,.T.);
#4334=EDGE_LOOP('',(#4329,#4330,#4331,#4333));
#4335=FACE_OUTER_BOUND('',#4334,.F.);
#4336=ADVANCED_FACE('',(#4335),#4328,.F.);
#4337=CARTESIAN_POINT('',(3.171255182071E2,-4.45E2,-1.464348069947E2));
#4338=DIRECTION('',(1.E0,0.E0,0.E0));
#4339=DIRECTION('',(0.E0,0.E0,1.E0));
#4340=AXIS2_PLACEMENT_3D('',#4337,#4338,#4339);
#4341=PLANE('',#4340);
#4342=ORIENTED_EDGE('',*,*,#2579,.F.);
#4343=ORIENTED_EDGE('',*,*,#4266,.T.);
#4344=ORIENTED_EDGE('',*,*,#2890,.T.);
#4345=ORIENTED_EDGE('',*,*,#4317,.F.);
#4346=EDGE_LOOP('',(#4342,#4343,#4344,#4345));
#4347=FACE_OUTER_BOUND('',#4346,.F.);
#4348=ADVANCED_FACE('',(#4347),#4341,.F.);
#4349=CARTESIAN_POINT('',(3.171255182071E2,-4.45E2,-1.464348069947E2));
#4350=DIRECTION('',(1.E0,0.E0,0.E0));
#4351=DIRECTION('',(0.E0,0.E0,1.E0));
#4352=AXIS2_PLACEMENT_3D('',#4349,#4350,#4351);
#4353=PLANE('',#4352);
#4354=ORIENTED_EDGE('',*,*,#3112,.T.);
#4355=ORIENTED_EDGE('',*,*,#4332,.F.);
#4356=ORIENTED_EDGE('',*,*,#3444,.F.);
#4357=ORIENTED_EDGE('',*,*,#4277,.T.);
#4358=EDGE_LOOP('',(#4354,#4355,#4356,#4357));
#4359=FACE_OUTER_BOUND('',#4358,.F.);
#4360=ADVANCED_FACE('',(#4359),#4353,.F.);
#4361=CARTESIAN_POINT('',(0.E0,0.E0,-1.6E2));
#4362=DIRECTION('',(0.E0,0.E0,1.E0));
#4363=DIRECTION('',(-1.E0,0.E0,0.E0));
#4364=AXIS2_PLACEMENT_3D('',#4361,#4362,#4363);
#4365=PLANE('',#4364);
#4366=ORIENTED_EDGE('',*,*,#3245,.T.);
#4368=ORIENTED_EDGE('',*,*,#4367,.F.);
#4369=ORIENTED_EDGE('',*,*,#2678,.F.);
#4371=ORIENTED_EDGE('',*,*,#4370,.F.);
#4372=EDGE_LOOP('',(#4366,#4368,#4369,#4371));
#4373=FACE_OUTER_BOUND('',#4372,.F.);
#4374=ADVANCED_FACE('',(#4373),#4365,.F.);
#4375=CARTESIAN_POINT('',(0.E0,0.E0,-1.6E2));
#4376=DIRECTION('',(0.E0,0.E0,1.E0));
#4377=DIRECTION('',(-1.E0,0.E0,0.E0));
#4378=AXIS2_PLACEMENT_3D('',#4375,#4376,#4377);
#4379=PLANE('',#4378);
#4380=ORIENTED_EDGE('',*,*,#3260,.T.);
#4382=ORIENTED_EDGE('',*,*,#4381,.F.);
#4383=ORIENTED_EDGE('',*,*,#2693,.F.);
#4385=ORIENTED_EDGE('',*,*,#4384,.F.);
#4386=EDGE_LOOP('',(#4380,#4382,#4383,#4385));
#4387=FACE_OUTER_BOUND('',#4386,.F.);
#4388=ADVANCED_FACE('',(#4387),#4379,.F.);
#4389=CARTESIAN_POINT('',(0.E0,0.E0,-1.6E2));
#4390=DIRECTION('',(0.E0,0.E0,1.E0));
#4391=DIRECTION('',(-1.E0,0.E0,0.E0));
#4392=AXIS2_PLACEMENT_3D('',#4389,#4390,#4391);
#4393=PLANE('',#4392);
#4394=ORIENTED_EDGE('',*,*,#3275,.T.);
#4396=ORIENTED_EDGE('',*,*,#4395,.F.);
#4397=ORIENTED_EDGE('',*,*,#2708,.F.);
#4399=ORIENTED_EDGE('',*,*,#4398,.F.);
#4400=EDGE_LOOP('',(#4394,#4396,#4397,#4399));
#4401=FACE_OUTER_BOUND('',#4400,.F.);
#4402=ADVANCED_FACE('',(#4401),#4393,.F.);
#4403=CARTESIAN_POINT('',(0.E0,0.E0,-1.6E2));
#4404=DIRECTION('',(0.E0,0.E0,1.E0));
#4405=DIRECTION('',(-1.E0,0.E0,0.E0));
#4406=AXIS2_PLACEMENT_3D('',#4403,#4404,#4405);
#4407=PLANE('',#4406);
#4408=ORIENTED_EDGE('',*,*,#3290,.T.);
#4410=ORIENTED_EDGE('',*,*,#4409,.F.);
#4411=ORIENTED_EDGE('',*,*,#2723,.F.);
#4413=ORIENTED_EDGE('',*,*,#4412,.F.);
#4414=EDGE_LOOP('',(#4408,#4410,#4411,#4413));
#4415=FACE_OUTER_BOUND('',#4414,.F.);
#4416=ADVANCED_FACE('',(#4415),#4407,.F.);
#4417=CARTESIAN_POINT('',(0.E0,0.E0,-1.6E2));
#4418=DIRECTION('',(0.E0,0.E0,1.E0));
#4419=DIRECTION('',(-1.E0,0.E0,0.E0));
#4420=AXIS2_PLACEMENT_3D('',#4417,#4418,#4419);
#4421=PLANE('',#4420);
#4422=ORIENTED_EDGE('',*,*,#3305,.T.);
#4424=ORIENTED_EDGE('',*,*,#4423,.F.);
#4425=ORIENTED_EDGE('',*,*,#2738,.F.);
#4427=ORIENTED_EDGE('',*,*,#4426,.F.);
#4428=EDGE_LOOP('',(#4422,#4424,#4425,#4427));
#4429=FACE_OUTER_BOUND('',#4428,.F.);
#4430=ADVANCED_FACE('',(#4429),#4421,.F.);
#4431=CARTESIAN_POINT('',(6.690676377746E2,-4.25E2,-1.8E2));
#4432=DIRECTION('',(1.E0,0.E0,0.E0));
#4433=DIRECTION('',(0.E0,1.E0,0.E0));
#4434=AXIS2_PLACEMENT_3D('',#4431,#4432,#4433);
#4435=PLANE('',#4434);
#4436=ORIENTED_EDGE('',*,*,#4367,.T.);
#4437=ORIENTED_EDGE('',*,*,#3250,.F.);
#4438=ORIENTED_EDGE('',*,*,#2634,.F.);
#4439=ORIENTED_EDGE('',*,*,#2680,.T.);
#4440=EDGE_LOOP('',(#4436,#4437,#4438,#4439));
#4441=FACE_OUTER_BOUND('',#4440,.F.);
#4442=ADVANCED_FACE('',(#4441),#4435,.T.);
#4443=CARTESIAN_POINT('',(7.9E2,4.25E2,-1.8E2));
#4444=DIRECTION('',(-1.E0,0.E0,0.E0));
#4445=DIRECTION('',(0.E0,-1.E0,0.E0));
#4446=AXIS2_PLACEMENT_3D('',#4443,#4444,#4445);
#4447=PLANE('',#4446);
#4448=ORIENTED_EDGE('',*,*,#4370,.T.);
#4449=ORIENTED_EDGE('',*,*,#2683,.F.);
#4450=ORIENTED_EDGE('',*,*,#2638,.F.);
#4451=ORIENTED_EDGE('',*,*,#3247,.T.);
#4452=EDGE_LOOP('',(#4448,#4449,#4450,#4451));
#4453=FACE_OUTER_BOUND('',#4452,.F.);
#4454=ADVANCED_FACE('',(#4453),#4447,.T.);
#4455=CARTESIAN_POINT('',(7.9E2,4.25E2,-1.8E2));
#4456=DIRECTION('',(-1.E0,0.E0,0.E0));
#4457=DIRECTION('',(0.E0,-1.E0,0.E0));
#4458=AXIS2_PLACEMENT_3D('',#4455,#4456,#4457);
#4459=PLANE('',#4458);
#4461=ORIENTED_EDGE('',*,*,#4460,.F.);
#4462=ORIENTED_EDGE('',*,*,#3353,.T.);
#4464=ORIENTED_EDGE('',*,*,#4463,.T.);
#4466=ORIENTED_EDGE('',*,*,#4465,.T.);
#4468=ORIENTED_EDGE('',*,*,#4467,.F.);
#4469=ORIENTED_EDGE('',*,*,#3346,.T.);
#4471=ORIENTED_EDGE('',*,*,#4470,.T.);
#4473=ORIENTED_EDGE('',*,*,#4472,.T.);
#4475=ORIENTED_EDGE('',*,*,#4474,.F.);
#4476=ORIENTED_EDGE('',*,*,#3339,.T.);
#4477=ORIENTED_EDGE('',*,*,#3185,.T.);
#4478=ORIENTED_EDGE('',*,*,#2771,.F.);
#4480=ORIENTED_EDGE('',*,*,#4479,.T.);
#4482=ORIENTED_EDGE('',*,*,#4481,.T.);
#4484=ORIENTED_EDGE('',*,*,#4483,.F.);
#4485=ORIENTED_EDGE('',*,*,#2763,.F.);
#4487=ORIENTED_EDGE('',*,*,#4486,.T.);
#4489=ORIENTED_EDGE('',*,*,#4488,.T.);
#4491=ORIENTED_EDGE('',*,*,#4490,.F.);
#4492=ORIENTED_EDGE('',*,*,#2755,.F.);
#4493=EDGE_LOOP('',(#4461,#4462,#4464,#4466,#4468,#4469,#4471,#4473,#4475,#4476,
#4477,#4478,#4480,#4482,#4484,#4485,#4487,#4489,#4491,#4492));
#4494=FACE_OUTER_BOUND('',#4493,.F.);
#4495=ADVANCED_FACE('',(#4494),#4459,.T.);
#4496=CARTESIAN_POINT('',(0.E0,0.E0,-1.56E2));
#4497=DIRECTION('',(0.E0,0.E0,1.E0));
#4498=DIRECTION('',(-1.E0,0.E0,0.E0));
#4499=AXIS2_PLACEMENT_3D('',#4496,#4497,#4498);
#4500=PLANE('',#4499);
#4501=ORIENTED_EDGE('',*,*,#3320,.F.);
#4502=ORIENTED_EDGE('',*,*,#4460,.T.);
#4503=ORIENTED_EDGE('',*,*,#2753,.T.);
#4505=ORIENTED_EDGE('',*,*,#4504,.T.);
#4506=EDGE_LOOP('',(#4501,#4502,#4503,#4505));
#4507=FACE_OUTER_BOUND('',#4506,.F.);
#4508=ADVANCED_FACE('',(#4507),#4500,.T.);
#4509=CARTESIAN_POINT('',(-7.9E2,-4.25E2,-1.8E2));
#4510=DIRECTION('',(1.E0,0.E0,0.E0));
#4511=DIRECTION('',(0.E0,1.E0,0.E0));
#4512=AXIS2_PLACEMENT_3D('',#4509,#4510,#4511);
#4513=PLANE('',#4512);
#4514=ORIENTED_EDGE('',*,*,#4423,.T.);
#4515=ORIENTED_EDGE('',*,*,#3310,.F.);
#4516=ORIENTED_EDGE('',*,*,#2648,.F.);
#4517=ORIENTED_EDGE('',*,*,#2740,.T.);
#4518=EDGE_LOOP('',(#4514,#4515,#4516,#4517));
#4519=FACE_OUTER_BOUND('',#4518,.F.);
#4520=ADVANCED_FACE('',(#4519),#4513,.T.);
#4521=CARTESIAN_POINT('',(-7.9E2,-4.25E2,-1.8E2));
#4522=DIRECTION('',(1.E0,0.E0,0.E0));
#4523=DIRECTION('',(0.E0,1.E0,0.E0));
#4524=AXIS2_PLACEMENT_3D('',#4521,#4522,#4523);
#4525=PLANE('',#4524);
#4526=ORIENTED_EDGE('',*,*,#4504,.F.);
#4527=ORIENTED_EDGE('',*,*,#2791,.T.);
#4529=ORIENTED_EDGE('',*,*,#4528,.T.);
#4531=ORIENTED_EDGE('',*,*,#4530,.F.);
#4533=ORIENTED_EDGE('',*,*,#4532,.F.);
#4534=ORIENTED_EDGE('',*,*,#2783,.T.);
#4536=ORIENTED_EDGE('',*,*,#4535,.T.);
#4538=ORIENTED_EDGE('',*,*,#4537,.F.);
#4540=ORIENTED_EDGE('',*,*,#4539,.F.);
#4541=ORIENTED_EDGE('',*,*,#2775,.T.);
#4542=ORIENTED_EDGE('',*,*,#3182,.T.);
#4543=ORIENTED_EDGE('',*,*,#3336,.F.);
#4545=ORIENTED_EDGE('',*,*,#4544,.T.);
#4547=ORIENTED_EDGE('',*,*,#4546,.F.);
#4549=ORIENTED_EDGE('',*,*,#4548,.F.);
#4550=ORIENTED_EDGE('',*,*,#3329,.F.);
#4552=ORIENTED_EDGE('',*,*,#4551,.T.);
#4554=ORIENTED_EDGE('',*,*,#4553,.F.);
#4556=ORIENTED_EDGE('',*,*,#4555,.F.);
#4557=ORIENTED_EDGE('',*,*,#3322,.F.);
#4558=EDGE_LOOP('',(#4526,#4527,#4529,#4531,#4533,#4534,#4536,#4538,#4540,#4541,
#4542,#4543,#4545,#4547,#4549,#4550,#4552,#4554,#4556,#4557));
#4559=FACE_OUTER_BOUND('',#4558,.F.);
#4560=ADVANCED_FACE('',(#4559),#4525,.T.);
#4561=CARTESIAN_POINT('',(-8.1E2,-2.E1,-1.55E2));
#4562=DIRECTION('',(0.E0,0.E0,-1.E0));
#4563=DIRECTION('',(0.E0,-1.E0,0.E0));
#4564=AXIS2_PLACEMENT_3D('',#4561,#4562,#4563);
#4565=PLANE('',#4564);
#4566=ORIENTED_EDGE('',*,*,#3235,.F.);
#4568=ORIENTED_EDGE('',*,*,#4567,.T.);
#4569=ORIENTED_EDGE('',*,*,#4528,.F.);
#4570=ORIENTED_EDGE('',*,*,#2789,.F.);
#4571=EDGE_LOOP('',(#4566,#4568,#4569,#4570));
#4572=FACE_OUTER_BOUND('',#4571,.F.);
#4573=ADVANCED_FACE('',(#4572),#4565,.F.);
#4574=CARTESIAN_POINT('',(-8.1E2,-2.E1,-1.55E2));
#4575=DIRECTION('',(0.E0,0.E0,-1.E0));
#4576=DIRECTION('',(0.E0,-1.E0,0.E0));
#4577=AXIS2_PLACEMENT_3D('',#4574,#4575,#4576);
#4578=PLANE('',#4577);
#4579=ORIENTED_EDGE('',*,*,#3159,.T.);
#4580=ORIENTED_EDGE('',*,*,#2757,.F.);
#4581=ORIENTED_EDGE('',*,*,#4490,.T.);
#4583=ORIENTED_EDGE('',*,*,#4582,.T.);
#4584=EDGE_LOOP('',(#4579,#4580,#4581,#4583));
#4585=FACE_OUTER_BOUND('',#4584,.F.);
#4586=ADVANCED_FACE('',(#4585),#4578,.F.);
#4587=CARTESIAN_POINT('',(-8.1E2,-2.E1,-3.067049659296E1));
#4588=DIRECTION('',(0.E0,1.E0,0.E0));
#4589=DIRECTION('',(0.E0,0.E0,-1.E0));
#4590=AXIS2_PLACEMENT_3D('',#4587,#4588,#4589);
#4591=PLANE('',#4590);
#4592=ORIENTED_EDGE('',*,*,#3233,.F.);
#4594=ORIENTED_EDGE('',*,*,#4593,.T.);
#4595=ORIENTED_EDGE('',*,*,#4530,.T.);
#4596=ORIENTED_EDGE('',*,*,#4567,.F.);
#4597=EDGE_LOOP('',(#4592,#4594,#4595,#4596));
#4598=FACE_OUTER_BOUND('',#4597,.F.);
#4599=ADVANCED_FACE('',(#4598),#4591,.F.);
#4600=CARTESIAN_POINT('',(-8.1E2,-2.E1,-3.067049659296E1));
#4601=DIRECTION('',(0.E0,1.E0,0.E0));
#4602=DIRECTION('',(0.E0,0.E0,-1.E0));
#4603=AXIS2_PLACEMENT_3D('',#4600,#4601,#4602);
#4604=PLANE('',#4603);
#4605=ORIENTED_EDGE('',*,*,#3161,.T.);
#4606=ORIENTED_EDGE('',*,*,#4582,.F.);
#4607=ORIENTED_EDGE('',*,*,#4488,.F.);
#4609=ORIENTED_EDGE('',*,*,#4608,.T.);
#4610=EDGE_LOOP('',(#4605,#4606,#4607,#4609));
#4611=FACE_OUTER_BOUND('',#4610,.F.);
#4612=ADVANCED_FACE('',(#4611),#4604,.F.);
#4613=CARTESIAN_POINT('',(-8.1E2,-4.25E2,-3.067049659296E1));
#4614=DIRECTION('',(0.E0,0.E0,1.E0));
#4615=DIRECTION('',(0.E0,1.E0,0.E0));
#4616=AXIS2_PLACEMENT_3D('',#4613,#4614,#4615);
#4617=PLANE('',#4616);
#4618=ORIENTED_EDGE('',*,*,#3231,.F.);
#4619=ORIENTED_EDGE('',*,*,#2785,.T.);
#4620=ORIENTED_EDGE('',*,*,#4532,.T.);
#4621=ORIENTED_EDGE('',*,*,#4593,.F.);
#4622=EDGE_LOOP('',(#4618,#4619,#4620,#4621));
#4623=FACE_OUTER_BOUND('',#4622,.F.);
#4624=ADVANCED_FACE('',(#4623),#4617,.F.);
#4625=CARTESIAN_POINT('',(-8.1E2,-4.25E2,-3.067049659296E1));
#4626=DIRECTION('',(0.E0,0.E0,1.E0));
#4627=DIRECTION('',(0.E0,1.E0,0.E0));
#4628=AXIS2_PLACEMENT_3D('',#4625,#4626,#4627);
#4629=PLANE('',#4628);
#4630=ORIENTED_EDGE('',*,*,#3163,.T.);
#4631=ORIENTED_EDGE('',*,*,#4608,.F.);
#4632=ORIENTED_EDGE('',*,*,#4486,.F.);
#4633=ORIENTED_EDGE('',*,*,#2761,.T.);
#4634=EDGE_LOOP('',(#4630,#4631,#4632,#4633));
#4635=FACE_OUTER_BOUND('',#4634,.F.);
#4636=ADVANCED_FACE('',(#4635),#4629,.F.);
#4637=CARTESIAN_POINT('',(-8.1E2,-2.E1,3.067049659296E1));
#4638=DIRECTION('',(0.E0,0.E0,-1.E0));
#4639=DIRECTION('',(0.E0,-1.E0,0.E0));
#4640=AXIS2_PLACEMENT_3D('',#4637,#4638,#4639);
#4641=PLANE('',#4640);
#4642=ORIENTED_EDGE('',*,*,#3215,.F.);
#4644=ORIENTED_EDGE('',*,*,#4643,.T.);
#4645=ORIENTED_EDGE('',*,*,#4535,.F.);
#4646=ORIENTED_EDGE('',*,*,#2781,.F.);
#4647=EDGE_LOOP('',(#4642,#4644,#4645,#4646));
#4648=FACE_OUTER_BOUND('',#4647,.F.);
#4649=ADVANCED_FACE('',(#4648),#4641,.F.);
#4650=CARTESIAN_POINT('',(-8.1E2,-2.E1,3.067049659296E1));
#4651=DIRECTION('',(0.E0,0.E0,-1.E0));
#4652=DIRECTION('',(0.E0,-1.E0,0.E0));
#4653=AXIS2_PLACEMENT_3D('',#4650,#4651,#4652);
#4654=PLANE('',#4653);
#4655=ORIENTED_EDGE('',*,*,#3142,.T.);
#4656=ORIENTED_EDGE('',*,*,#2765,.F.);
#4657=ORIENTED_EDGE('',*,*,#4483,.T.);
#4659=ORIENTED_EDGE('',*,*,#4658,.T.);
#4660=EDGE_LOOP('',(#4655,#4656,#4657,#4659));
#4661=FACE_OUTER_BOUND('',#4660,.F.);
#4662=ADVANCED_FACE('',(#4661),#4654,.F.);
#4663=CARTESIAN_POINT('',(-8.1E2,-2.E1,1.55E2));
#4664=DIRECTION('',(0.E0,1.E0,0.E0));
#4665=DIRECTION('',(0.E0,0.E0,-1.E0));
#4666=AXIS2_PLACEMENT_3D('',#4663,#4664,#4665);
#4667=PLANE('',#4666);
#4668=ORIENTED_EDGE('',*,*,#3213,.F.);
#4670=ORIENTED_EDGE('',*,*,#4669,.T.);
#4671=ORIENTED_EDGE('',*,*,#4537,.T.);
#4672=ORIENTED_EDGE('',*,*,#4643,.F.);
#4673=EDGE_LOOP('',(#4668,#4670,#4671,#4672));
#4674=FACE_OUTER_BOUND('',#4673,.F.);
#4675=ADVANCED_FACE('',(#4674),#4667,.F.);
#4676=CARTESIAN_POINT('',(-8.1E2,-2.E1,1.55E2));
#4677=DIRECTION('',(0.E0,1.E0,0.E0));
#4678=DIRECTION('',(0.E0,0.E0,-1.E0));
#4679=AXIS2_PLACEMENT_3D('',#4676,#4677,#4678);
#4680=PLANE('',#4679);
#4681=ORIENTED_EDGE('',*,*,#3144,.T.);
#4682=ORIENTED_EDGE('',*,*,#4658,.F.);
#4683=ORIENTED_EDGE('',*,*,#4481,.F.);
#4685=ORIENTED_EDGE('',*,*,#4684,.T.);
#4686=EDGE_LOOP('',(#4681,#4682,#4683,#4685));
#4687=FACE_OUTER_BOUND('',#4686,.F.);
#4688=ADVANCED_FACE('',(#4687),#4680,.F.);
#4689=CARTESIAN_POINT('',(-8.1E2,-4.25E2,1.55E2));
#4690=DIRECTION('',(0.E0,0.E0,1.E0));
#4691=DIRECTION('',(0.E0,1.E0,0.E0));
#4692=AXIS2_PLACEMENT_3D('',#4689,#4690,#4691);
#4693=PLANE('',#4692);
#4694=ORIENTED_EDGE('',*,*,#3211,.F.);
#4695=ORIENTED_EDGE('',*,*,#2777,.T.);
#4696=ORIENTED_EDGE('',*,*,#4539,.T.);
#4697=ORIENTED_EDGE('',*,*,#4669,.F.);
#4698=EDGE_LOOP('',(#4694,#4695,#4696,#4697));
#4699=FACE_OUTER_BOUND('',#4698,.F.);
#4700=ADVANCED_FACE('',(#4699),#4693,.F.);
#4701=CARTESIAN_POINT('',(-8.1E2,-4.25E2,1.55E2));
#4702=DIRECTION('',(0.E0,0.E0,1.E0));
#4703=DIRECTION('',(0.E0,1.E0,0.E0));
#4704=AXIS2_PLACEMENT_3D('',#4701,#4702,#4703);
#4705=PLANE('',#4704);
#4706=ORIENTED_EDGE('',*,*,#3139,.T.);
#4707=ORIENTED_EDGE('',*,*,#4684,.F.);
#4708=ORIENTED_EDGE('',*,*,#4479,.F.);
#4709=ORIENTED_EDGE('',*,*,#2769,.T.);
#4710=EDGE_LOOP('',(#4706,#4707,#4708,#4709));
#4711=FACE_OUTER_BOUND('',#4710,.F.);
#4712=ADVANCED_FACE('',(#4711),#4705,.F.);
#4713=CARTESIAN_POINT('',(-8.1E2,2.E1,1.55E2));
#4714=DIRECTION('',(0.E0,0.E0,1.E0));
#4715=DIRECTION('',(0.E0,1.E0,0.E0));
#4716=AXIS2_PLACEMENT_3D('',#4713,#4714,#4715);
#4717=PLANE('',#4716);
#4718=ORIENTED_EDGE('',*,*,#3207,.F.);
#4720=ORIENTED_EDGE('',*,*,#4719,.T.);
#4721=ORIENTED_EDGE('',*,*,#4544,.F.);
#4722=ORIENTED_EDGE('',*,*,#3334,.F.);
#4723=EDGE_LOOP('',(#4718,#4720,#4721,#4722));
#4724=FACE_OUTER_BOUND('',#4723,.F.);
#4725=ADVANCED_FACE('',(#4724),#4717,.F.);
#4726=CARTESIAN_POINT('',(-8.1E2,2.E1,1.55E2));
#4727=DIRECTION('',(0.E0,0.E0,1.E0));
#4728=DIRECTION('',(0.E0,1.E0,0.E0));
#4729=AXIS2_PLACEMENT_3D('',#4726,#4727,#4728);
#4730=PLANE('',#4729);
#4731=ORIENTED_EDGE('',*,*,#3131,.T.);
#4732=ORIENTED_EDGE('',*,*,#3341,.F.);
#4733=ORIENTED_EDGE('',*,*,#4474,.T.);
#4735=ORIENTED_EDGE('',*,*,#4734,.T.);
#4736=EDGE_LOOP('',(#4731,#4732,#4733,#4735));
#4737=FACE_OUTER_BOUND('',#4736,.F.);
#4738=ADVANCED_FACE('',(#4737),#4730,.F.);
#4739=CARTESIAN_POINT('',(-8.1E2,2.E1,3.067049659296E1));
#4740=DIRECTION('',(0.E0,-1.E0,0.E0));
#4741=DIRECTION('',(0.E0,0.E0,1.E0));
#4742=AXIS2_PLACEMENT_3D('',#4739,#4740,#4741);
#4743=PLANE('',#4742);
#4744=ORIENTED_EDGE('',*,*,#3205,.F.);
#4746=ORIENTED_EDGE('',*,*,#4745,.T.);
#4747=ORIENTED_EDGE('',*,*,#4546,.T.);
#4748=ORIENTED_EDGE('',*,*,#4719,.F.);
#4749=EDGE_LOOP('',(#4744,#4746,#4747,#4748));
#4750=FACE_OUTER_BOUND('',#4749,.F.);
#4751=ADVANCED_FACE('',(#4750),#4743,.F.);
#4752=CARTESIAN_POINT('',(-8.1E2,2.E1,3.067049659296E1));
#4753=DIRECTION('',(0.E0,-1.E0,0.E0));
#4754=DIRECTION('',(0.E0,0.E0,1.E0));
#4755=AXIS2_PLACEMENT_3D('',#4752,#4753,#4754);
#4756=PLANE('',#4755);
#4757=ORIENTED_EDGE('',*,*,#3133,.T.);
#4758=ORIENTED_EDGE('',*,*,#4734,.F.);
#4759=ORIENTED_EDGE('',*,*,#4472,.F.);
#4761=ORIENTED_EDGE('',*,*,#4760,.T.);
#4762=EDGE_LOOP('',(#4757,#4758,#4759,#4761));
#4763=FACE_OUTER_BOUND('',#4762,.F.);
#4764=ADVANCED_FACE('',(#4763),#4756,.F.);
#4765=CARTESIAN_POINT('',(-8.1E2,4.25E2,3.067049659296E1));
#4766=DIRECTION('',(0.E0,0.E0,-1.E0));
#4767=DIRECTION('',(0.E0,-1.E0,0.E0));
#4768=AXIS2_PLACEMENT_3D('',#4765,#4766,#4767);
#4769=PLANE('',#4768);
#4770=ORIENTED_EDGE('',*,*,#3203,.F.);
#4771=ORIENTED_EDGE('',*,*,#3331,.T.);
#4772=ORIENTED_EDGE('',*,*,#4548,.T.);
#4773=ORIENTED_EDGE('',*,*,#4745,.F.);
#4774=EDGE_LOOP('',(#4770,#4771,#4772,#4773));
#4775=FACE_OUTER_BOUND('',#4774,.F.);
#4776=ADVANCED_FACE('',(#4775),#4769,.F.);
#4777=CARTESIAN_POINT('',(-8.1E2,4.25E2,3.067049659296E1));
#4778=DIRECTION('',(0.E0,0.E0,-1.E0));
#4779=DIRECTION('',(0.E0,-1.E0,0.E0));
#4780=AXIS2_PLACEMENT_3D('',#4777,#4778,#4779);
#4781=PLANE('',#4780);
#4782=ORIENTED_EDGE('',*,*,#3135,.T.);
#4783=ORIENTED_EDGE('',*,*,#4760,.F.);
#4784=ORIENTED_EDGE('',*,*,#4470,.F.);
#4785=ORIENTED_EDGE('',*,*,#3344,.T.);
#4786=EDGE_LOOP('',(#4782,#4783,#4784,#4785));
#4787=FACE_OUTER_BOUND('',#4786,.F.);
#4788=ADVANCED_FACE('',(#4787),#4781,.F.);
#4789=CARTESIAN_POINT('',(-8.1E2,2.E1,-3.067049659296E1));
#4790=DIRECTION('',(0.E0,0.E0,1.E0));
#4791=DIRECTION('',(0.E0,1.E0,0.E0));
#4792=AXIS2_PLACEMENT_3D('',#4789,#4790,#4791);
#4793=PLANE('',#4792);
#4794=ORIENTED_EDGE('',*,*,#3224,.F.);
#4796=ORIENTED_EDGE('',*,*,#4795,.T.);
#4797=ORIENTED_EDGE('',*,*,#4551,.F.);
#4798=ORIENTED_EDGE('',*,*,#3327,.F.);
#4799=EDGE_LOOP('',(#4794,#4796,#4797,#4798));
#4800=FACE_OUTER_BOUND('',#4799,.F.);
#4801=ADVANCED_FACE('',(#4800),#4793,.F.);
#4802=CARTESIAN_POINT('',(-8.1E2,2.E1,-3.067049659296E1));
#4803=DIRECTION('',(0.E0,0.E0,1.E0));
#4804=DIRECTION('',(0.E0,1.E0,0.E0));
#4805=AXIS2_PLACEMENT_3D('',#4802,#4803,#4804);
#4806=PLANE('',#4805);
#4807=ORIENTED_EDGE('',*,*,#3152,.T.);
#4808=ORIENTED_EDGE('',*,*,#3348,.F.);
#4809=ORIENTED_EDGE('',*,*,#4467,.T.);
#4811=ORIENTED_EDGE('',*,*,#4810,.T.);
#4812=EDGE_LOOP('',(#4807,#4808,#4809,#4811));
#4813=FACE_OUTER_BOUND('',#4812,.F.);
#4814=ADVANCED_FACE('',(#4813),#4806,.F.);
#4815=CARTESIAN_POINT('',(-8.1E2,2.E1,-1.55E2));
#4816=DIRECTION('',(0.E0,-1.E0,0.E0));
#4817=DIRECTION('',(0.E0,0.E0,1.E0));
#4818=AXIS2_PLACEMENT_3D('',#4815,#4816,#4817);
#4819=PLANE('',#4818);
#4820=ORIENTED_EDGE('',*,*,#3222,.F.);
#4822=ORIENTED_EDGE('',*,*,#4821,.T.);
#4823=ORIENTED_EDGE('',*,*,#4553,.T.);
#4824=ORIENTED_EDGE('',*,*,#4795,.F.);
#4825=EDGE_LOOP('',(#4820,#4822,#4823,#4824));
#4826=FACE_OUTER_BOUND('',#4825,.F.);
#4827=ADVANCED_FACE('',(#4826),#4819,.F.);
#4828=CARTESIAN_POINT('',(-8.1E2,2.E1,-1.55E2));
#4829=DIRECTION('',(0.E0,-1.E0,0.E0));
#4830=DIRECTION('',(0.E0,0.E0,1.E0));
#4831=AXIS2_PLACEMENT_3D('',#4828,#4829,#4830);
#4832=PLANE('',#4831);
#4833=ORIENTED_EDGE('',*,*,#3154,.T.);
#4834=ORIENTED_EDGE('',*,*,#4810,.F.);
#4835=ORIENTED_EDGE('',*,*,#4465,.F.);
#4837=ORIENTED_EDGE('',*,*,#4836,.T.);
#4838=EDGE_LOOP('',(#4833,#4834,#4835,#4837));
#4839=FACE_OUTER_BOUND('',#4838,.F.);
#4840=ADVANCED_FACE('',(#4839),#4832,.F.);
#4841=CARTESIAN_POINT('',(-8.1E2,4.25E2,-1.55E2));
#4842=DIRECTION('',(0.E0,0.E0,-1.E0));
#4843=DIRECTION('',(0.E0,-1.E0,0.E0));
#4844=AXIS2_PLACEMENT_3D('',#4841,#4842,#4843);
#4845=PLANE('',#4844);
#4846=ORIENTED_EDGE('',*,*,#3220,.F.);
#4847=ORIENTED_EDGE('',*,*,#3324,.T.);
#4848=ORIENTED_EDGE('',*,*,#4555,.T.);
#4849=ORIENTED_EDGE('',*,*,#4821,.F.);
#4850=EDGE_LOOP('',(#4846,#4847,#4848,#4849));
#4851=FACE_OUTER_BOUND('',#4850,.F.);
#4852=ADVANCED_FACE('',(#4851),#4845,.F.);
#4853=CARTESIAN_POINT('',(-8.1E2,4.25E2,-1.55E2));
#4854=DIRECTION('',(0.E0,0.E0,-1.E0));
#4855=DIRECTION('',(0.E0,-1.E0,0.E0));
#4856=AXIS2_PLACEMENT_3D('',#4853,#4854,#4855);
#4857=PLANE('',#4856);
#4858=ORIENTED_EDGE('',*,*,#3148,.T.);
#4859=ORIENTED_EDGE('',*,*,#4836,.F.);
#4860=ORIENTED_EDGE('',*,*,#4463,.F.);
#4861=ORIENTED_EDGE('',*,*,#3351,.T.);
#4862=EDGE_LOOP('',(#4858,#4859,#4860,#4861));
#4863=FACE_OUTER_BOUND('',#4862,.F.);
#4864=ADVANCED_FACE('',(#4863),#4857,.F.);
#4865=CARTESIAN_POINT('',(2.740676377746E2,-4.25E2,-1.8E2));
#4866=DIRECTION('',(1.E0,0.E0,0.E0));
#4867=DIRECTION('',(0.E0,1.E0,0.E0));
#4868=AXIS2_PLACEMENT_3D('',#4865,#4866,#4867);
#4869=PLANE('',#4868);
#4870=ORIENTED_EDGE('',*,*,#4381,.T.);
#4871=ORIENTED_EDGE('',*,*,#3265,.F.);
#4872=ORIENTED_EDGE('',*,*,#2608,.F.);
#4873=ORIENTED_EDGE('',*,*,#2695,.T.);
#4874=EDGE_LOOP('',(#4870,#4871,#4872,#4873));
#4875=FACE_OUTER_BOUND('',#4874,.F.);
#4876=ADVANCED_FACE('',(#4875),#4869,.T.);
#4877=CARTESIAN_POINT('',(5.85E2,4.25E2,-1.8E2));
#4878=DIRECTION('',(-1.E0,0.E0,0.E0));
#4879=DIRECTION('',(0.E0,-1.E0,0.E0));
#4880=AXIS2_PLACEMENT_3D('',#4877,#4878,#4879);
#4881=PLANE('',#4880);
#4882=ORIENTED_EDGE('',*,*,#4384,.T.);
#4883=ORIENTED_EDGE('',*,*,#2698,.F.);
#4884=ORIENTED_EDGE('',*,*,#2604,.F.);
#4885=ORIENTED_EDGE('',*,*,#3262,.T.);
#4886=EDGE_LOOP('',(#4882,#4883,#4884,#4885));
#4887=FACE_OUTER_BOUND('',#4886,.F.);
#4888=ADVANCED_FACE('',(#4887),#4881,.T.);
#4889=CARTESIAN_POINT('',(-1.9E2,-4.45E2,-1.8E2));
#4890=DIRECTION('',(1.E0,0.E0,0.E0));
#4891=DIRECTION('',(0.E0,1.E0,0.E0));
#4892=AXIS2_PLACEMENT_3D('',#4889,#4890,#4891);
#4893=PLANE('',#4892);
#4894=ORIENTED_EDGE('',*,*,#4395,.T.);
#4895=ORIENTED_EDGE('',*,*,#3280,.F.);
#4896=ORIENTED_EDGE('',*,*,#2618,.F.);
#4897=ORIENTED_EDGE('',*,*,#2710,.T.);
#4898=EDGE_LOOP('',(#4894,#4895,#4896,#4897));
#4899=FACE_OUTER_BOUND('',#4898,.F.);
#4900=ADVANCED_FACE('',(#4899),#4893,.T.);
#4901=CARTESIAN_POINT('',(1.9E2,4.25E2,-1.8E2));
#4902=DIRECTION('',(-1.E0,0.E0,0.E0));
#4903=DIRECTION('',(0.E0,-1.E0,0.E0));
#4904=AXIS2_PLACEMENT_3D('',#4901,#4902,#4903);
#4905=PLANE('',#4904);
#4906=ORIENTED_EDGE('',*,*,#4398,.T.);
#4907=ORIENTED_EDGE('',*,*,#2713,.F.);
#4908=ORIENTED_EDGE('',*,*,#2614,.F.);
#4909=ORIENTED_EDGE('',*,*,#3277,.T.);
#4910=EDGE_LOOP('',(#4906,#4907,#4908,#4909));
#4911=FACE_OUTER_BOUND('',#4910,.F.);
#4912=ADVANCED_FACE('',(#4911),#4905,.T.);
#4913=CARTESIAN_POINT('',(-5.85E2,-4.25E2,-1.8E2));
#4914=DIRECTION('',(1.E0,0.E0,0.E0));
#4915=DIRECTION('',(0.E0,1.E0,0.E0));
#4916=AXIS2_PLACEMENT_3D('',#4913,#4914,#4915);
#4917=PLANE('',#4916);
#4918=ORIENTED_EDGE('',*,*,#4409,.T.);
#4919=ORIENTED_EDGE('',*,*,#3295,.F.);
#4920=ORIENTED_EDGE('',*,*,#2628,.F.);
#4921=ORIENTED_EDGE('',*,*,#2725,.T.);
#4922=EDGE_LOOP('',(#4918,#4919,#4920,#4921));
#4923=FACE_OUTER_BOUND('',#4922,.F.);
#4924=ADVANCED_FACE('',(#4923),#4917,.T.);
#4925=CARTESIAN_POINT('',(-2.740676377746E2,4.25E2,-1.8E2));
#4926=DIRECTION('',(-1.E0,0.E0,0.E0));
#4927=DIRECTION('',(0.E0,-1.E0,0.E0));
#4928=AXIS2_PLACEMENT_3D('',#4925,#4926,#4927);
#4929=PLANE('',#4928);
#4930=ORIENTED_EDGE('',*,*,#4412,.T.);
#4931=ORIENTED_EDGE('',*,*,#2728,.F.);
#4932=ORIENTED_EDGE('',*,*,#2624,.F.);
#4933=ORIENTED_EDGE('',*,*,#3292,.T.);
#4934=EDGE_LOOP('',(#4930,#4931,#4932,#4933));
#4935=FACE_OUTER_BOUND('',#4934,.F.);
#4936=ADVANCED_FACE('',(#4935),#4929,.T.);
#4937=CARTESIAN_POINT('',(-6.690676377746E2,4.25E2,-1.8E2));
#4938=DIRECTION('',(-1.E0,0.E0,0.E0));
#4939=DIRECTION('',(0.E0,-1.E0,0.E0));
#4940=AXIS2_PLACEMENT_3D('',#4937,#4938,#4939);
#4941=PLANE('',#4940);
#4942=ORIENTED_EDGE('',*,*,#4426,.T.);
#4943=ORIENTED_EDGE('',*,*,#2743,.F.);
#4944=ORIENTED_EDGE('',*,*,#2644,.F.);
#4945=ORIENTED_EDGE('',*,*,#3307,.T.);
#4946=EDGE_LOOP('',(#4942,#4943,#4944,#4945));
#4947=FACE_OUTER_BOUND('',#4946,.F.);
#4948=ADVANCED_FACE('',(#4947),#4941,.T.);
#4949=CARTESIAN_POINT('',(-6.445E2,4.25E2,-1.8E2));
#4950=DIRECTION('',(0.E0,1.E0,0.E0));
#4951=DIRECTION('',(1.E0,0.E0,0.E0));
#4952=AXIS2_PLACEMENT_3D('',#4949,#4950,#4951);
#4953=PLANE('',#4952);
#4955=ORIENTED_EDGE('',*,*,#4954,.T.);
#4957=ORIENTED_EDGE('',*,*,#4956,.F.);
#4958=ORIENTED_EDGE('',*,*,#2652,.F.);
#4960=ORIENTED_EDGE('',*,*,#4959,.T.);
#4961=EDGE_LOOP('',(#4955,#4957,#4958,#4960));
#4962=FACE_OUTER_BOUND('',#4961,.F.);
#4963=ADVANCED_FACE('',(#4962),#4953,.T.);
#4964=CARTESIAN_POINT('',(-2.921832E3,4.025E2,-1.925E2));
#4965=DIRECTION('',(1.E0,0.E0,0.E0));
#4966=DIRECTION('',(0.E0,0.E0,-1.E0));
#4967=AXIS2_PLACEMENT_3D('',#4964,#4965,#4966);
#4968=CYLINDRICAL_SURFACE('',#4967,2.25E1);
#4970=ORIENTED_EDGE('',*,*,#4969,.T.);
#4971=ORIENTED_EDGE('',*,*,#4954,.F.);
#4973=ORIENTED_EDGE('',*,*,#4972,.T.);
#4975=ORIENTED_EDGE('',*,*,#4974,.T.);
#4976=EDGE_LOOP('',(#4970,#4971,#4973,#4975));
#4977=FACE_OUTER_BOUND('',#4976,.F.);
#4978=ADVANCED_FACE('',(#4977),#4968,.T.);
#4979=CARTESIAN_POINT('',(-6.095E2,4.25E2,-1.8E2));
#4980=DIRECTION('',(1.E0,0.E0,0.E0));
#4981=DIRECTION('',(0.E0,-1.E0,0.E0));
#4982=AXIS2_PLACEMENT_3D('',#4979,#4980,#4981);
#4983=PLANE('',#4982);
#4984=ORIENTED_EDGE('',*,*,#4969,.F.);
#4986=ORIENTED_EDGE('',*,*,#4985,.T.);
#4988=ORIENTED_EDGE('',*,*,#4987,.F.);
#4990=ORIENTED_EDGE('',*,*,#4989,.F.);
#4991=ORIENTED_EDGE('',*,*,#2654,.F.);
#4992=ORIENTED_EDGE('',*,*,#4956,.T.);
#4993=EDGE_LOOP('',(#4984,#4986,#4988,#4990,#4991,#4992));
#4994=FACE_OUTER_BOUND('',#4993,.F.);
#4995=ADVANCED_FACE('',(#4994),#4983,.T.);
#4996=CARTESIAN_POINT('',(0.E0,0.E0,-2.15E2));
#4997=DIRECTION('',(0.E0,0.E0,-1.E0));
#4998=DIRECTION('',(0.E0,-1.E0,0.E0));
#4999=AXIS2_PLACEMENT_3D('',#4996,#4997,#4998);
#5000=PLANE('',#4999);
#5001=ORIENTED_EDGE('',*,*,#4974,.F.);
#5003=ORIENTED_EDGE('',*,*,#5002,.F.);
#5005=ORIENTED_EDGE('',*,*,#5004,.F.);
#5006=ORIENTED_EDGE('',*,*,#4985,.F.);
#5007=EDGE_LOOP('',(#5001,#5003,#5005,#5006));
#5008=FACE_OUTER_BOUND('',#5007,.F.);
#5009=ADVANCED_FACE('',(#5008),#5000,.T.);
#5010=CARTESIAN_POINT('',(0.E0,0.E0,-2.15E2));
#5011=DIRECTION('',(0.E0,0.E0,-1.E0));
#5012=DIRECTION('',(0.E0,-1.E0,0.E0));
#5013=AXIS2_PLACEMENT_3D('',#5010,#5011,#5012);
#5014=PLANE('',#5013);
#5016=ORIENTED_EDGE('',*,*,#5015,.F.);
#5018=ORIENTED_EDGE('',*,*,#5017,.F.);
#5020=ORIENTED_EDGE('',*,*,#5019,.F.);
#5022=ORIENTED_EDGE('',*,*,#5021,.F.);
#5023=EDGE_LOOP('',(#5016,#5018,#5020,#5022));
#5024=FACE_OUTER_BOUND('',#5023,.F.);
#5025=ADVANCED_FACE('',(#5024),#5014,.T.);
#5026=CARTESIAN_POINT('',(-6.445E2,-4.25E2,-1.8E2));
#5027=DIRECTION('',(-1.E0,0.E0,0.E0));
#5028=DIRECTION('',(0.E0,1.E0,0.E0));
#5029=AXIS2_PLACEMENT_3D('',#5026,#5027,#5028);
#5030=PLANE('',#5029);
#5031=ORIENTED_EDGE('',*,*,#4972,.F.);
#5032=ORIENTED_EDGE('',*,*,#4959,.F.);
#5033=ORIENTED_EDGE('',*,*,#2658,.F.);
#5035=ORIENTED_EDGE('',*,*,#5034,.T.);
#5037=ORIENTED_EDGE('',*,*,#5036,.F.);
#5038=ORIENTED_EDGE('',*,*,#5002,.T.);
#5039=EDGE_LOOP('',(#5031,#5032,#5033,#5035,#5037,#5038));
#5040=FACE_OUTER_BOUND('',#5039,.F.);
#5041=ADVANCED_FACE('',(#5040),#5030,.T.);
#5042=CARTESIAN_POINT('',(-6.095E2,-4.25E2,-1.8E2));
#5043=DIRECTION('',(0.E0,-1.E0,0.E0));
#5044=DIRECTION('',(-1.E0,0.E0,0.E0));
#5045=AXIS2_PLACEMENT_3D('',#5042,#5043,#5044);
#5046=PLANE('',#5045);
#5048=ORIENTED_EDGE('',*,*,#5047,.T.);
#5049=ORIENTED_EDGE('',*,*,#5034,.F.);
#5050=ORIENTED_EDGE('',*,*,#2656,.F.);
#5051=ORIENTED_EDGE('',*,*,#4989,.T.);
#5052=EDGE_LOOP('',(#5048,#5049,#5050,#5051));
#5053=FACE_OUTER_BOUND('',#5052,.F.);
#5054=ADVANCED_FACE('',(#5053),#5046,.T.);
#5055=CARTESIAN_POINT('',(2.877430020495E3,-4.025E2,-1.925E2));
#5056=DIRECTION('',(-1.E0,0.E0,0.E0));
#5057=DIRECTION('',(0.E0,0.E0,-1.E0));
#5058=AXIS2_PLACEMENT_3D('',#5055,#5056,#5057);
#5059=CYLINDRICAL_SURFACE('',#5058,2.25E1);
#5060=ORIENTED_EDGE('',*,*,#5036,.T.);
#5061=ORIENTED_EDGE('',*,*,#5047,.F.);
#5062=ORIENTED_EDGE('',*,*,#4987,.T.);
#5063=ORIENTED_EDGE('',*,*,#5004,.T.);
#5064=EDGE_LOOP('',(#5060,#5061,#5062,#5063));
#5065=FACE_OUTER_BOUND('',#5064,.F.);
#5066=ADVANCED_FACE('',(#5065),#5059,.T.);
#5067=CARTESIAN_POINT('',(2.921832E3,-4.025E2,-1.925E2));
#5068=DIRECTION('',(-1.E0,0.E0,0.E0));
#5069=DIRECTION('',(0.E0,0.E0,-1.E0));
#5070=AXIS2_PLACEMENT_3D('',#5067,#5068,#5069);
#5071=CYLINDRICAL_SURFACE('',#5070,2.25E1);
#5073=ORIENTED_EDGE('',*,*,#5072,.T.);
#5075=ORIENTED_EDGE('',*,*,#5074,.F.);
#5077=ORIENTED_EDGE('',*,*,#5076,.T.);
#5078=ORIENTED_EDGE('',*,*,#5015,.T.);
#5079=EDGE_LOOP('',(#5073,#5075,#5077,#5078));
#5080=FACE_OUTER_BOUND('',#5079,.F.);
#5081=ADVANCED_FACE('',(#5080),#5071,.T.);
#5082=CARTESIAN_POINT('',(6.095E2,-4.25E2,-1.8E2));
#5083=DIRECTION('',(-1.E0,0.E0,0.E0));
#5084=DIRECTION('',(0.E0,1.E0,0.E0));
#5085=AXIS2_PLACEMENT_3D('',#5082,#5083,#5084);
#5086=PLANE('',#5085);
#5087=ORIENTED_EDGE('',*,*,#5072,.F.);
#5088=ORIENTED_EDGE('',*,*,#5021,.T.);
#5090=ORIENTED_EDGE('',*,*,#5089,.F.);
#5092=ORIENTED_EDGE('',*,*,#5091,.F.);
#5093=ORIENTED_EDGE('',*,*,#2666,.F.);
#5095=ORIENTED_EDGE('',*,*,#5094,.T.);
#5096=EDGE_LOOP('',(#5087,#5088,#5090,#5092,#5093,#5095));
#5097=FACE_OUTER_BOUND('',#5096,.F.);
#5098=ADVANCED_FACE('',(#5097),#5086,.T.);
#5099=CARTESIAN_POINT('',(-2.787149638566E3,4.025E2,-1.925E2));
#5100=DIRECTION('',(1.E0,0.E0,0.E0));
#5101=DIRECTION('',(0.E0,0.E0,-1.E0));
#5102=AXIS2_PLACEMENT_3D('',#5099,#5100,#5101);
#5103=CYLINDRICAL_SURFACE('',#5102,2.25E1);
#5105=ORIENTED_EDGE('',*,*,#5104,.T.);
#5107=ORIENTED_EDGE('',*,*,#5106,.F.);
#5108=ORIENTED_EDGE('',*,*,#5089,.T.);
#5109=ORIENTED_EDGE('',*,*,#5019,.T.);
#5110=EDGE_LOOP('',(#5105,#5107,#5108,#5109));
#5111=FACE_OUTER_BOUND('',#5110,.F.);
#5112=ADVANCED_FACE('',(#5111),#5103,.T.);
#5113=CARTESIAN_POINT('',(6.445E2,4.25E2,-1.8E2));
#5114=DIRECTION('',(1.E0,0.E0,0.E0));
#5115=DIRECTION('',(0.E0,-1.E0,0.E0));
#5116=AXIS2_PLACEMENT_3D('',#5113,#5114,#5115);
#5117=PLANE('',#5116);
#5118=ORIENTED_EDGE('',*,*,#5076,.F.);
#5120=ORIENTED_EDGE('',*,*,#5119,.F.);
#5121=ORIENTED_EDGE('',*,*,#2662,.F.);
#5123=ORIENTED_EDGE('',*,*,#5122,.T.);
#5124=ORIENTED_EDGE('',*,*,#5104,.F.);
#5125=ORIENTED_EDGE('',*,*,#5017,.T.);
#5126=EDGE_LOOP('',(#5118,#5120,#5121,#5123,#5124,#5125));
#5127=FACE_OUTER_BOUND('',#5126,.F.);
#5128=ADVANCED_FACE('',(#5127),#5117,.T.);
#5129=CARTESIAN_POINT('',(6.445E2,-4.25E2,-1.8E2));
#5130=DIRECTION('',(0.E0,-1.E0,0.E0));
#5131=DIRECTION('',(-1.E0,0.E0,0.E0));
#5132=AXIS2_PLACEMENT_3D('',#5129,#5130,#5131);
#5133=PLANE('',#5132);
#5134=ORIENTED_EDGE('',*,*,#5074,.T.);
#5135=ORIENTED_EDGE('',*,*,#5094,.F.);
#5136=ORIENTED_EDGE('',*,*,#2664,.F.);
#5137=ORIENTED_EDGE('',*,*,#5119,.T.);
#5138=EDGE_LOOP('',(#5134,#5135,#5136,#5137));
#5139=FACE_OUTER_BOUND('',#5138,.F.);
#5140=ADVANCED_FACE('',(#5139),#5133,.T.);
#5141=CARTESIAN_POINT('',(6.095E2,4.25E2,-1.8E2));
#5142=DIRECTION('',(0.E0,1.E0,0.E0));
#5143=DIRECTION('',(1.E0,0.E0,0.E0));
#5144=AXIS2_PLACEMENT_3D('',#5141,#5142,#5143);
#5145=PLANE('',#5144);
#5146=ORIENTED_EDGE('',*,*,#5106,.T.);
#5147=ORIENTED_EDGE('',*,*,#5122,.F.);
#5148=ORIENTED_EDGE('',*,*,#2668,.F.);
#5149=ORIENTED_EDGE('',*,*,#5091,.T.);
#5150=EDGE_LOOP('',(#5146,#5147,#5148,#5149));
#5151=FACE_OUTER_BOUND('',#5150,.F.);
#5152=ADVANCED_FACE('',(#5151),#5145,.T.);
#5155=CARTESIAN_POINT('',(-6.27E2,-3.6E2,-4.110027614424E2));
#5156=DIRECTION('',(0.E0,1.E0,0.E0));
#5157=DIRECTION('',(1.E0,0.E0,0.E0));
#5158=AXIS2_PLACEMENT_3D('',#5155,#5156,#5157);
#5160=CARTESIAN_POINT('',(-6.27E2,-3.6E2,-4.110027614424E2));
#5161=DIRECTION('',(0.E0,1.E0,0.E0));
#5162=DIRECTION('',(-1.E0,0.E0,0.E0));
#5163=AXIS2_PLACEMENT_3D('',#5160,#5161,#5162);
#5165=CARTESIAN_POINT('',(-6.27E2,-3.6E2,-4.110027614424E2));
#5166=DIRECTION('',(0.E0,-1.E0,0.E0));
#5167=DIRECTION('',(1.E0,0.E0,0.E0));
#5168=AXIS2_PLACEMENT_3D('',#5165,#5166,#5167);
#5170=DIRECTION('',(0.E0,-1.E0,0.E0));
#5171=VECTOR('',#5170,3.5E1);
#5172=CARTESIAN_POINT('',(-6.17E2,-3.25E2,-4.110027614424E2));
#5173=LINE('',#5172,#5171);
#5174=CARTESIAN_POINT('',(-6.27E2,-3.6E2,-4.110027614424E2));
#5175=DIRECTION('',(0.E0,-1.E0,0.E0));
#5176=DIRECTION('',(-1.E0,0.E0,0.E0));
#5177=AXIS2_PLACEMENT_3D('',#5174,#5175,#5176);
#5179=DIRECTION('',(0.E0,-1.E0,0.E0));
#5180=VECTOR('',#5179,3.5E1);
#5181=CARTESIAN_POINT('',(-6.37E2,-3.25E2,-4.110027614424E2));
#5182=LINE('',#5181,#5180);
#5183=DIRECTION('',(1.E0,0.E0,0.E0));
#5184=VECTOR('',#5183,3.5E1);
#5185=CARTESIAN_POINT('',(-6.445E2,-3.25E2,-4.510027614424E2));
#5186=LINE('',#5185,#5184);
#5187=CARTESIAN_POINT('',(-6.27E2,-3.25E2,-4.110027614424E2));
#5188=DIRECTION('',(0.E0,-1.E0,0.E0));
#5189=DIRECTION('',(1.E0,0.E0,0.E0));
#5190=AXIS2_PLACEMENT_3D('',#5187,#5188,#5189);
#5192=CARTESIAN_POINT('',(-6.27E2,-3.25E2,-4.110027614424E2));
#5193=DIRECTION('',(0.E0,-1.E0,0.E0));
#5194=DIRECTION('',(-1.E0,0.E0,0.E0));
#5195=AXIS2_PLACEMENT_3D('',#5192,#5193,#5194);
#5197=CARTESIAN_POINT('',(-6.445E2,3.125E2,-4.285027614424E2));
#5198=DIRECTION('',(-1.E0,0.E0,0.E0));
#5199=DIRECTION('',(0.E0,0.E0,-1.E0));
#5200=AXIS2_PLACEMENT_3D('',#5197,#5198,#5199);
#5202=DIRECTION('',(0.E0,-1.E0,0.E0));
#5203=VECTOR('',#5202,1.25E1);
#5204=CARTESIAN_POINT('',(-6.445E2,3.25E2,-4.510027614424E2));
#5205=LINE('',#5204,#5203);
#5206=DIRECTION('',(0.E0,0.E0,-1.E0));
#5207=VECTOR('',#5206,2.2377E2);
#5208=CARTESIAN_POINT('',(-6.445E2,3.25E2,-2.272327614424E2));
#5209=LINE('',#5208,#5207);
#5210=CARTESIAN_POINT('',(-6.445E2,3.1375E2,-2.272327614424E2));
#5211=DIRECTION('',(-1.E0,0.E0,0.E0));
#5212=DIRECTION('',(0.E0,1.534233475341E-3,9.999988230631E-1));
#5213=AXIS2_PLACEMENT_3D('',#5210,#5211,#5212);
#5215=DIRECTION('',(0.E0,9.999988230631E-1,-1.534233475344E-3));
#5216=VECTOR('',#5215,3.137676294113E2);
#5217=CARTESIAN_POINT('',(-6.445E2,0.E0,-2.155013818824E2));
#5218=LINE('',#5217,#5216);
#5219=DIRECTION('',(0.E0,9.999988230631E-1,1.534233475344E-3));
#5220=VECTOR('',#5219,3.137676294113E2);
#5221=CARTESIAN_POINT('',(-6.445E2,-3.137672601266E2,-2.159827746829E2));
#5222=LINE('',#5221,#5220);
#5223=CARTESIAN_POINT('',(-6.445E2,-3.1375E2,-2.272327614424E2));
#5224=DIRECTION('',(-1.E0,0.E0,0.E0));
#5225=DIRECTION('',(0.E0,-1.E0,0.E0));
#5226=AXIS2_PLACEMENT_3D('',#5223,#5224,#5225);
#5228=DIRECTION('',(0.E0,0.E0,1.E0));
#5229=VECTOR('',#5228,2.2377E2);
#5230=CARTESIAN_POINT('',(-6.445E2,-3.25E2,-4.510027614424E2));
#5231=LINE('',#5230,#5229);
#5232=DIRECTION('',(0.E0,-1.E0,0.E0));
#5233=VECTOR('',#5232,1.25E1);
#5234=CARTESIAN_POINT('',(-6.445E2,-3.125E2,-4.510027614424E2));
#5235=LINE('',#5234,#5233);
#5236=CARTESIAN_POINT('',(-6.445E2,-3.125E2,-4.285027614424E2));
#5237=DIRECTION('',(-1.E0,0.E0,0.E0));
#5238=DIRECTION('',(0.E0,1.E0,0.E0));
#5239=AXIS2_PLACEMENT_3D('',#5236,#5237,#5238);
#5241=DIRECTION('',(0.E0,0.E0,-1.E0));
#5242=VECTOR('',#5241,1.56E2);
#5243=CARTESIAN_POINT('',(-6.445E2,-2.9E2,-2.725027614424E2));
#5244=LINE('',#5243,#5242);
#5245=DIRECTION('',(0.E0,-1.E0,0.E0));
#5246=VECTOR('',#5245,5.35E2);
#5247=CARTESIAN_POINT('',(-6.445E2,2.675E2,-2.500027614424E2));
#5248=LINE('',#5247,#5246);
#5249=DIRECTION('',(0.E0,0.E0,1.E0));
#5250=VECTOR('',#5249,1.56E2);
#5251=CARTESIAN_POINT('',(-6.445E2,2.9E2,-4.285027614424E2));
#5252=LINE('',#5251,#5250);
#5253=CARTESIAN_POINT('',(-6.095E2,3.125E2,-4.285027614424E2));
#5254=DIRECTION('',(1.E0,0.E0,0.E0));
#5255=DIRECTION('',(0.E0,-1.E0,0.E0));
#5256=AXIS2_PLACEMENT_3D('',#5253,#5254,#5255);
#5258=DIRECTION('',(0.E0,0.E0,1.E0));
#5259=VECTOR('',#5258,1.56E2);
#5260=CARTESIAN_POINT('',(-6.095E2,2.9E2,-4.285027614424E2));
#5261=LINE('',#5260,#5259);
#5262=DIRECTION('',(0.E0,-1.E0,0.E0));
#5263=VECTOR('',#5262,5.35E2);
#5264=CARTESIAN_POINT('',(-6.095E2,2.675E2,-2.500027614424E2));
#5265=LINE('',#5264,#5263);
#5266=DIRECTION('',(0.E0,0.E0,-1.E0));
#5267=VECTOR('',#5266,1.56E2);
#5268=CARTESIAN_POINT('',(-6.095E2,-2.9E2,-2.725027614424E2));
#5269=LINE('',#5268,#5267);
#5270=CARTESIAN_POINT('',(-6.095E2,-3.125E2,-4.285027614424E2));
#5271=DIRECTION('',(1.E0,0.E0,0.E0));
#5272=DIRECTION('',(0.E0,0.E0,-1.E0));
#5273=AXIS2_PLACEMENT_3D('',#5270,#5271,#5272);
#5275=DIRECTION('',(0.E0,-1.E0,0.E0));
#5276=VECTOR('',#5275,1.25E1);
#5277=CARTESIAN_POINT('',(-6.095E2,-3.125E2,-4.510027614424E2));
#5278=LINE('',#5277,#5276);
#5279=DIRECTION('',(0.E0,0.E0,1.E0));
#5280=VECTOR('',#5279,2.2377E2);
#5281=CARTESIAN_POINT('',(-6.095E2,-3.25E2,-4.510027614424E2));
#5282=LINE('',#5281,#5280);
#5283=CARTESIAN_POINT('',(-6.095E2,-3.1375E2,-2.272327614424E2));
#5284=DIRECTION('',(-1.E0,0.E0,0.E0));
#5285=DIRECTION('',(0.E0,-1.E0,0.E0));
#5286=AXIS2_PLACEMENT_3D('',#5283,#5284,#5285);
#5288=DIRECTION('',(0.E0,9.999988230631E-1,1.534233475344E-3));
#5289=VECTOR('',#5288,3.137676294113E2);
#5290=CARTESIAN_POINT('',(-6.095E2,-3.137672601266E2,-2.159827746829E2));
#5291=LINE('',#5290,#5289);
#5292=DIRECTION('',(0.E0,9.999988230631E-1,-1.534233475344E-3));
#5293=VECTOR('',#5292,3.137676294113E2);
#5294=CARTESIAN_POINT('',(-6.095E2,0.E0,-2.155013818824E2));
#5295=LINE('',#5294,#5293);
#5296=CARTESIAN_POINT('',(-6.095E2,3.1375E2,-2.272327614424E2));
#5297=DIRECTION('',(-1.E0,0.E0,0.E0));
#5298=DIRECTION('',(0.E0,1.534233475341E-3,9.999988230631E-1));
#5299=AXIS2_PLACEMENT_3D('',#5296,#5297,#5298);
#5301=DIRECTION('',(0.E0,0.E0,-1.E0));
#5302=VECTOR('',#5301,2.2377E2);
#5303=CARTESIAN_POINT('',(-6.095E2,3.25E2,-2.272327614424E2));
#5304=LINE('',#5303,#5302);
#5305=DIRECTION('',(0.E0,-1.E0,0.E0));
#5306=VECTOR('',#5305,1.25E1);
#5307=CARTESIAN_POINT('',(-6.095E2,3.25E2,-4.510027614424E2));
#5308=LINE('',#5307,#5306);
#5309=DIRECTION('',(1.E0,0.E0,0.E0));
#5310=VECTOR('',#5309,3.5E1);
#5311=CARTESIAN_POINT('',(-6.445E2,2.9E2,-4.285027614424E2));
#5312=LINE('',#5311,#5310);
#5313=DIRECTION('',(-1.E0,0.E0,0.E0));
#5314=VECTOR('',#5313,3.5E1);
#5315=CARTESIAN_POINT('',(-6.095E2,2.9E2,-2.725027614424E2));
#5316=LINE('',#5315,#5314);
#5317=CARTESIAN_POINT('',(-6.095E2,2.675E2,-2.725027614424E2));
#5318=DIRECTION('',(-1.E0,0.E0,0.E0));
#5319=DIRECTION('',(0.E0,0.E0,1.E0));
#5320=AXIS2_PLACEMENT_3D('',#5317,#5318,#5319);
#5322=CARTESIAN_POINT('',(-6.445E2,2.675E2,-2.725027614424E2));
#5323=DIRECTION('',(1.E0,0.E0,0.E0));
#5324=DIRECTION('',(0.E0,1.E0,0.E0));
#5325=AXIS2_PLACEMENT_3D('',#5322,#5323,#5324);
#5327=DIRECTION('',(-1.E0,0.E0,0.E0));
#5328=VECTOR('',#5327,3.5E1);
#5329=CARTESIAN_POINT('',(-6.095E2,2.675E2,-2.500027614424E2));
#5330=LINE('',#5329,#5328);
#5331=DIRECTION('',(-1.E0,0.E0,0.E0));
#5332=VECTOR('',#5331,3.5E1);
#5333=CARTESIAN_POINT('',(-6.095E2,-2.675E2,-2.500027614424E2));
#5334=LINE('',#5333,#5332);
#5335=CARTESIAN_POINT('',(-6.095E2,-2.675E2,-2.725027614424E2));
#5336=DIRECTION('',(-1.E0,0.E0,0.E0));
#5337=DIRECTION('',(0.E0,-1.E0,0.E0));
#5338=AXIS2_PLACEMENT_3D('',#5335,#5336,#5337);
#5340=CARTESIAN_POINT('',(-6.445E2,-2.675E2,-2.725027614424E2));
#5341=DIRECTION('',(1.E0,0.E0,0.E0));
#5342=DIRECTION('',(0.E0,0.E0,1.E0));
#5343=AXIS2_PLACEMENT_3D('',#5340,#5341,#5342);
#5345=DIRECTION('',(1.E0,0.E0,0.E0));
#5346=VECTOR('',#5345,3.5E1);
#5347=CARTESIAN_POINT('',(-6.445E2,-2.9E2,-4.285027614424E2));
#5348=LINE('',#5347,#5346);
#5349=DIRECTION('',(-1.E0,0.E0,0.E0));
#5350=VECTOR('',#5349,3.5E1);
#5351=CARTESIAN_POINT('',(-6.095E2,-2.9E2,-2.725027614424E2));
#5352=LINE('',#5351,#5350);
#5353=DIRECTION('',(1.E0,0.E0,0.E0));
#5354=VECTOR('',#5353,3.5E1);
#5355=CARTESIAN_POINT('',(-6.445E2,-3.125E2,-4.510027614424E2));
#5356=LINE('',#5355,#5354);
#5357=DIRECTION('',(1.E0,0.E0,0.E0));
#5358=VECTOR('',#5357,3.5E1);
#5359=CARTESIAN_POINT('',(-6.445E2,-3.25E2,-2.272327614424E2));
#5360=LINE('',#5359,#5358);
#5361=DIRECTION('',(1.E0,0.E0,0.E0));
#5362=VECTOR('',#5361,3.5E1);
#5363=CARTESIAN_POINT('',(-6.445E2,-3.137672601266E2,-2.159827746829E2));
#5364=LINE('',#5363,#5362);
#5365=DIRECTION('',(1.E0,0.E0,0.E0));
#5366=VECTOR('',#5365,3.5E1);
#5367=CARTESIAN_POINT('',(-6.445E2,0.E0,-2.155013818824E2));
#5368=LINE('',#5367,#5366);
#5369=DIRECTION('',(1.E0,0.E0,0.E0));
#5370=VECTOR('',#5369,3.5E1);
#5371=CARTESIAN_POINT('',(-6.445E2,3.137672601266E2,-2.159827746829E2));
#5372=LINE('',#5371,#5370);
#5373=DIRECTION('',(1.E0,0.E0,0.E0));
#5374=VECTOR('',#5373,3.5E1);
#5375=CARTESIAN_POINT('',(-6.445E2,3.25E2,-2.272327614424E2));
#5376=LINE('',#5375,#5374);
#5377=CARTESIAN_POINT('',(-6.27E2,3.25E2,-4.110027614424E2));
#5378=DIRECTION('',(0.E0,-1.E0,0.E0));
#5379=DIRECTION('',(1.E0,0.E0,0.E0));
#5380=AXIS2_PLACEMENT_3D('',#5377,#5378,#5379);
#5382=CARTESIAN_POINT('',(-6.27E2,3.25E2,-4.110027614424E2));
#5383=DIRECTION('',(0.E0,-1.E0,0.E0));
#5384=DIRECTION('',(-1.E0,0.E0,0.E0));
#5385=AXIS2_PLACEMENT_3D('',#5382,#5383,#5384);
#5387=DIRECTION('',(1.E0,0.E0,0.E0));
#5388=VECTOR('',#5387,3.5E1);
#5389=CARTESIAN_POINT('',(-6.445E2,3.125E2,-4.510027614424E2));
#5390=LINE('',#5389,#5388);
#5391=DIRECTION('',(1.E0,0.E0,0.E0));
#5392=VECTOR('',#5391,3.5E1);
#5393=CARTESIAN_POINT('',(-6.445E2,3.25E2,-4.510027614424E2));
#5394=LINE('',#5393,#5392);
#5395=CARTESIAN_POINT('',(-6.27E2,3.6E2,-4.110027614424E2));
#5396=DIRECTION('',(0.E0,-1.E0,0.E0));
#5397=DIRECTION('',(1.E0,0.E0,0.E0));
#5398=AXIS2_PLACEMENT_3D('',#5395,#5396,#5397);
#5400=DIRECTION('',(0.E0,1.E0,0.E0));
#5401=VECTOR('',#5400,3.5E1);
#5402=CARTESIAN_POINT('',(-6.17E2,3.25E2,-4.110027614424E2));
#5403=LINE('',#5402,#5401);
#5404=CARTESIAN_POINT('',(-6.27E2,3.6E2,-4.110027614424E2));
#5405=DIRECTION('',(0.E0,-1.E0,0.E0));
#5406=DIRECTION('',(-1.E0,0.E0,0.E0));
#5407=AXIS2_PLACEMENT_3D('',#5404,#5405,#5406);
#5409=CARTESIAN_POINT('',(-6.27E2,3.6E2,-4.110027614424E2));
#5410=DIRECTION('',(0.E0,-1.E0,0.E0));
#5411=DIRECTION('',(1.E0,0.E0,0.E0));
#5412=AXIS2_PLACEMENT_3D('',#5409,#5410,#5411);
#5414=CARTESIAN_POINT('',(-6.27E2,3.6E2,-4.110027614424E2));
#5415=DIRECTION('',(0.E0,-1.E0,0.E0));
#5416=DIRECTION('',(-1.E0,0.E0,0.E0));
#5417=AXIS2_PLACEMENT_3D('',#5414,#5415,#5416);
#5419=DIRECTION('',(0.E0,1.E0,0.E0));
#5420=VECTOR('',#5419,3.5E1);
#5421=CARTESIAN_POINT('',(-6.37E2,3.25E2,-4.110027614424E2));
#5422=LINE('',#5421,#5420);
#5423=CARTESIAN_POINT('',(-7.945E2,3.825E2,-4.110027614424E2));
#5424=DIRECTION('',(0.E0,0.E0,-1.E0));
#5425=DIRECTION('',(0.E0,-1.E0,0.E0));
#5426=AXIS2_PLACEMENT_3D('',#5423,#5424,#5425);
#5428=CARTESIAN_POINT('',(-4.595E2,3.825E2,-4.110027614424E2));
#5429=DIRECTION('',(0.E0,0.E0,1.E0));
#5430=DIRECTION('',(0.E0,-1.E0,0.E0));
#5431=AXIS2_PLACEMENT_3D('',#5428,#5429,#5430);
#5433=CARTESIAN_POINT('',(-6.27E2,4.275E2,-4.110027614424E2));
#5434=DIRECTION('',(0.E0,1.E0,0.E0));
#5435=DIRECTION('',(-1.E0,0.E0,0.E0));
#5436=AXIS2_PLACEMENT_3D('',#5433,#5434,#5435);
#5438=DIRECTION('',(0.E0,1.E0,0.E0));
#5439=VECTOR('',#5438,4.5E1);
#5440=CARTESIAN_POINT('',(-4.37E2,3.825E2,-4.110027614424E2));
#5441=LINE('',#5440,#5439);
#5442=CARTESIAN_POINT('',(-6.27E2,3.825E2,-4.110027614424E2));
#5443=DIRECTION('',(0.E0,-1.E0,0.E0));
#5444=DIRECTION('',(1.E0,0.E0,0.E0));
#5445=AXIS2_PLACEMENT_3D('',#5442,#5443,#5444);
#5447=CARTESIAN_POINT('',(-7.945E2,4.275E2,-4.110027614424E2));
#5448=DIRECTION('',(0.E0,0.E0,1.E0));
#5449=DIRECTION('',(0.E0,1.E0,0.E0));
#5450=AXIS2_PLACEMENT_3D('',#5447,#5448,#5449);
#5452=CARTESIAN_POINT('',(-6.27E2,4.5E2,-4.110027614424E2));
#5453=DIRECTION('',(0.E0,1.E0,0.E0));
#5454=DIRECTION('',(1.E0,0.E0,0.E0));
#5455=AXIS2_PLACEMENT_3D('',#5452,#5453,#5454);
#5457=CARTESIAN_POINT('',(-6.27E2,4.5E2,-4.110027614424E2));
#5458=DIRECTION('',(0.E0,1.E0,0.E0));
#5459=DIRECTION('',(-1.E0,0.E0,0.E0));
#5460=AXIS2_PLACEMENT_3D('',#5457,#5458,#5459);
#5462=CARTESIAN_POINT('',(-4.595E2,4.275E2,-4.110027614424E2));
#5463=DIRECTION('',(0.E0,0.E0,-1.E0));
#5464=DIRECTION('',(0.E0,1.E0,0.E0));
#5465=AXIS2_PLACEMENT_3D('',#5462,#5463,#5464);
#5467=CARTESIAN_POINT('',(-6.27E2,4.275E2,-4.110027614424E2));
#5468=DIRECTION('',(0.E0,1.E0,0.E0));
#5469=DIRECTION('',(1.E0,0.E0,0.E0));
#5470=AXIS2_PLACEMENT_3D('',#5467,#5468,#5469);
#5472=DIRECTION('',(0.E0,1.E0,0.E0));
#5473=VECTOR('',#5472,4.5E1);
#5474=CARTESIAN_POINT('',(-8.17E2,3.825E2,-4.110027614424E2));
#5475=LINE('',#5474,#5473);
#5476=CARTESIAN_POINT('',(-6.27E2,3.825E2,-4.110027614424E2));
#5477=DIRECTION('',(0.E0,-1.E0,0.E0));
#5478=DIRECTION('',(-1.E0,0.E0,0.E0));
#5479=AXIS2_PLACEMENT_3D('',#5476,#5477,#5478);
#5481=CARTESIAN_POINT('',(-4.595E2,-3.825E2,-4.110027614424E2));
#5482=DIRECTION('',(0.E0,0.E0,-1.E0));
#5483=DIRECTION('',(0.E0,1.E0,0.E0));
#5484=AXIS2_PLACEMENT_3D('',#5481,#5482,#5483);
#5486=CARTESIAN_POINT('',(-7.945E2,-3.825E2,-4.110027614424E2));
#5487=DIRECTION('',(0.E0,0.E0,1.E0));
#5488=DIRECTION('',(0.E0,1.E0,0.E0));
#5489=AXIS2_PLACEMENT_3D('',#5486,#5487,#5488);
#5491=CARTESIAN_POINT('',(-6.27E2,-4.275E2,-4.110027614424E2));
#5492=DIRECTION('',(0.E0,-1.E0,0.E0));
#5493=DIRECTION('',(1.E0,0.E0,0.E0));
#5494=AXIS2_PLACEMENT_3D('',#5491,#5492,#5493);
#5496=CARTESIAN_POINT('',(-6.27E2,-3.825E2,-4.110027614424E2));
#5497=DIRECTION('',(0.E0,1.E0,0.E0));
#5498=DIRECTION('',(-1.E0,0.E0,0.E0));
#5499=AXIS2_PLACEMENT_3D('',#5496,#5497,#5498);
#5501=DIRECTION('',(0.E0,-1.E0,0.E0));
#5502=VECTOR('',#5501,4.5E1);
#5503=CARTESIAN_POINT('',(-4.37E2,-3.825E2,-4.110027614424E2));
#5504=LINE('',#5503,#5502);
#5505=CARTESIAN_POINT('',(-4.595E2,-4.275E2,-4.110027614424E2));
#5506=DIRECTION('',(0.E0,0.E0,1.E0));
#5507=DIRECTION('',(0.E0,-1.E0,0.E0));
#5508=AXIS2_PLACEMENT_3D('',#5505,#5506,#5507);
#5510=CARTESIAN_POINT('',(-6.27E2,-4.5E2,-4.110027614424E2));
#5511=DIRECTION('',(0.E0,-1.E0,0.E0));
#5512=DIRECTION('',(-1.E0,0.E0,0.E0));
#5513=AXIS2_PLACEMENT_3D('',#5510,#5511,#5512);
#5515=CARTESIAN_POINT('',(-6.27E2,-4.5E2,-4.110027614424E2));
#5516=DIRECTION('',(0.E0,-1.E0,0.E0));
#5517=DIRECTION('',(1.E0,0.E0,0.E0));
#5518=AXIS2_PLACEMENT_3D('',#5515,#5516,#5517);
#5520=CARTESIAN_POINT('',(-7.945E2,-4.275E2,-4.110027614424E2));
#5521=DIRECTION('',(0.E0,0.E0,-1.E0));
#5522=DIRECTION('',(0.E0,-1.E0,0.E0));
#5523=AXIS2_PLACEMENT_3D('',#5520,#5521,#5522);
#5525=CARTESIAN_POINT('',(-6.27E2,-4.275E2,-4.110027614424E2));
#5526=DIRECTION('',(0.E0,-1.E0,0.E0));
#5527=DIRECTION('',(-1.E0,0.E0,0.E0));
#5528=AXIS2_PLACEMENT_3D('',#5525,#5526,#5527);
#5530=CARTESIAN_POINT('',(-6.27E2,-3.825E2,-4.110027614424E2));
#5531=DIRECTION('',(0.E0,1.E0,0.E0));
#5532=DIRECTION('',(1.E0,0.E0,0.E0));
#5533=AXIS2_PLACEMENT_3D('',#5530,#5531,#5532);
#5535=DIRECTION('',(0.E0,-1.E0,0.E0));
#5536=VECTOR('',#5535,4.5E1);
#5537=CARTESIAN_POINT('',(-8.17E2,-3.825E2,-4.110027614424E2));
#5538=LINE('',#5537,#5536);
#5539=CARTESIAN_POINT('',(-6.445E2,3.25E2,-2.272327614424E2));
#5540=CARTESIAN_POINT('',(-6.445E2,3.25E2,-4.510027614424E2));
#5541=VERTEX_POINT('',#5539);
#5542=VERTEX_POINT('',#5540);
#5543=CARTESIAN_POINT('',(-6.445E2,-3.25E2,-4.510027614424E2));
#5544=CARTESIAN_POINT('',(-6.445E2,-3.25E2,-2.272327614424E2));
#5545=VERTEX_POINT('',#5543);
#5546=VERTEX_POINT('',#5544);
#5547=CARTESIAN_POINT('',(-6.095E2,3.25E2,-2.272327614424E2));
#5548=CARTESIAN_POINT('',(-6.095E2,3.25E2,-4.510027614424E2));
#5549=VERTEX_POINT('',#5547);
#5550=VERTEX_POINT('',#5548);
#5551=CARTESIAN_POINT('',(-6.095E2,-3.25E2,-4.510027614424E2));
#5552=CARTESIAN_POINT('',(-6.095E2,-3.25E2,-2.272327614424E2));
#5553=VERTEX_POINT('',#5551);
#5554=VERTEX_POINT('',#5552);
#5555=CARTESIAN_POINT('',(-6.445E2,-3.137672601266E2,-2.159827746829E2));
#5556=VERTEX_POINT('',#5555);
#5557=CARTESIAN_POINT('',(-6.445E2,0.E0,-2.155013818824E2));
#5558=VERTEX_POINT('',#5557);
#5559=CARTESIAN_POINT('',(-6.445E2,3.137672601266E2,-2.159827746829E2));
#5560=VERTEX_POINT('',#5559);
#5561=CARTESIAN_POINT('',(-6.095E2,-3.137672601266E2,-2.159827746829E2));
#5562=VERTEX_POINT('',#5561);
#5563=CARTESIAN_POINT('',(-6.095E2,0.E0,-2.155013818824E2));
#5564=VERTEX_POINT('',#5563);
#5565=CARTESIAN_POINT('',(-6.095E2,3.137672601266E2,-2.159827746829E2));
#5566=VERTEX_POINT('',#5565);
#5567=CARTESIAN_POINT('',(-6.095E2,2.675E2,-2.500027614424E2));
#5568=CARTESIAN_POINT('',(-6.445E2,2.675E2,-2.500027614424E2));
#5569=VERTEX_POINT('',#5567);
#5570=VERTEX_POINT('',#5568);
#5571=CARTESIAN_POINT('',(-6.095E2,2.9E2,-2.725027614424E2));
#5572=CARTESIAN_POINT('',(-6.445E2,2.9E2,-2.725027614424E2));
#5573=VERTEX_POINT('',#5571);
#5574=VERTEX_POINT('',#5572);
#5575=CARTESIAN_POINT('',(-6.095E2,-2.9E2,-2.725027614424E2));
#5576=CARTESIAN_POINT('',(-6.445E2,-2.9E2,-2.725027614424E2));
#5577=VERTEX_POINT('',#5575);
#5578=VERTEX_POINT('',#5576);
#5579=CARTESIAN_POINT('',(-6.095E2,-2.675E2,-2.500027614424E2));
#5580=CARTESIAN_POINT('',(-6.445E2,-2.675E2,-2.500027614424E2));
#5581=VERTEX_POINT('',#5579);
#5582=VERTEX_POINT('',#5580);
#5583=CARTESIAN_POINT('',(-6.095E2,2.9E2,-4.285027614424E2));
#5584=CARTESIAN_POINT('',(-6.095E2,3.125E2,-4.510027614424E2));
#5585=VERTEX_POINT('',#5583);
#5586=VERTEX_POINT('',#5584);
#5587=CARTESIAN_POINT('',(-6.445E2,3.125E2,-4.510027614424E2));
#5588=VERTEX_POINT('',#5587);
#5589=CARTESIAN_POINT('',(-6.445E2,2.9E2,-4.285027614424E2));
#5590=VERTEX_POINT('',#5589);
#5591=CARTESIAN_POINT('',(-6.095E2,-3.125E2,-4.510027614424E2));
#5592=CARTESIAN_POINT('',(-6.095E2,-2.9E2,-4.285027614424E2));
#5593=VERTEX_POINT('',#5591);
#5594=VERTEX_POINT('',#5592);
#5595=CARTESIAN_POINT('',(-6.445E2,-2.9E2,-4.285027614424E2));
#5596=VERTEX_POINT('',#5595);
#5597=CARTESIAN_POINT('',(-6.445E2,-3.125E2,-4.510027614424E2));
#5598=VERTEX_POINT('',#5597);
#5599=CARTESIAN_POINT('',(-6.17E2,-3.25E2,-4.110027614424E2));
#5600=CARTESIAN_POINT('',(-6.37E2,-3.25E2,-4.110027614424E2));
#5601=VERTEX_POINT('',#5599);
#5602=VERTEX_POINT('',#5600);
#5603=CARTESIAN_POINT('',(-6.17E2,-3.6E2,-4.110027614424E2));
#5604=CARTESIAN_POINT('',(-6.37E2,-3.6E2,-4.110027614424E2));
#5605=VERTEX_POINT('',#5603);
#5606=VERTEX_POINT('',#5604);
#5607=CARTESIAN_POINT('',(-7.945E2,-4.5E2,-4.110027614424E2));
#5608=CARTESIAN_POINT('',(-4.595E2,-4.5E2,-4.110027614424E2));
#5609=VERTEX_POINT('',#5607);
#5610=VERTEX_POINT('',#5608);
#5611=CARTESIAN_POINT('',(-8.17E2,-4.275E2,-4.110027614424E2));
#5612=CARTESIAN_POINT('',(-4.37E2,-4.275E2,-4.110027614424E2));
#5613=VERTEX_POINT('',#5611);
#5614=VERTEX_POINT('',#5612);
#5615=CARTESIAN_POINT('',(-4.595E2,-3.6E2,-4.110027614424E2));
#5616=CARTESIAN_POINT('',(-7.945E2,-3.6E2,-4.110027614424E2));
#5617=VERTEX_POINT('',#5615);
#5618=VERTEX_POINT('',#5616);
#5619=CARTESIAN_POINT('',(-4.37E2,-3.825E2,-4.110027614424E2));
#5620=CARTESIAN_POINT('',(-8.17E2,-3.825E2,-4.110027614424E2));
#5621=VERTEX_POINT('',#5619);
#5622=VERTEX_POINT('',#5620);
#5623=CARTESIAN_POINT('',(-6.17E2,3.25E2,-4.110027614424E2));
#5624=CARTESIAN_POINT('',(-6.37E2,3.25E2,-4.110027614424E2));
#5625=VERTEX_POINT('',#5623);
#5626=VERTEX_POINT('',#5624);
#5627=CARTESIAN_POINT('',(-6.17E2,3.6E2,-4.110027614424E2));
#5628=CARTESIAN_POINT('',(-6.37E2,3.6E2,-4.110027614424E2));
#5629=VERTEX_POINT('',#5627);
#5630=VERTEX_POINT('',#5628);
#5631=CARTESIAN_POINT('',(-4.595E2,4.5E2,-4.110027614424E2));
#5632=CARTESIAN_POINT('',(-7.945E2,4.5E2,-4.110027614424E2));
#5633=VERTEX_POINT('',#5631);
#5634=VERTEX_POINT('',#5632);
#5635=CARTESIAN_POINT('',(-4.37E2,4.275E2,-4.110027614424E2));
#5636=CARTESIAN_POINT('',(-8.17E2,4.275E2,-4.110027614424E2));
#5637=VERTEX_POINT('',#5635);
#5638=VERTEX_POINT('',#5636);
#5639=CARTESIAN_POINT('',(-7.945E2,3.6E2,-4.110027614424E2));
#5640=CARTESIAN_POINT('',(-4.595E2,3.6E2,-4.110027614424E2));
#5641=VERTEX_POINT('',#5639);
#5642=VERTEX_POINT('',#5640);
#5643=CARTESIAN_POINT('',(-8.17E2,3.825E2,-4.110027614424E2));
#5644=CARTESIAN_POINT('',(-4.37E2,3.825E2,-4.110027614424E2));
#5645=VERTEX_POINT('',#5643);
#5646=VERTEX_POINT('',#5644);
#5647=CARTESIAN_POINT('',(0.E0,-3.6E2,0.E0));
#5648=DIRECTION('',(0.E0,-1.E0,0.E0));
#5649=DIRECTION('',(1.E0,0.E0,0.E0));
#5650=AXIS2_PLACEMENT_3D('',#5647,#5648,#5649);
#5651=PLANE('',#5650);
#5653=ORIENTED_EDGE('',*,*,#5652,.F.);
#5655=ORIENTED_EDGE('',*,*,#5654,.F.);
#5656=EDGE_LOOP('',(#5653,#5655));
#5657=FACE_OUTER_BOUND('',#5656,.F.);
#5659=ORIENTED_EDGE('',*,*,#5658,.F.);
#5661=ORIENTED_EDGE('',*,*,#5660,.F.);
#5662=EDGE_LOOP('',(#5659,#5661));
#5663=FACE_BOUND('',#5662,.F.);
#5664=ADVANCED_FACE('',(#5657,#5663),#5651,.F.);
#5665=CARTESIAN_POINT('',(-6.27E2,-3.25E2,-4.110027614424E2));
#5666=DIRECTION('',(0.E0,-1.E0,0.E0));
#5667=DIRECTION('',(1.E0,0.E0,0.E0));
#5668=AXIS2_PLACEMENT_3D('',#5665,#5666,#5667);
#5669=CYLINDRICAL_SURFACE('',#5668,1.E1);
#5670=ORIENTED_EDGE('',*,*,#5658,.T.);
#5672=ORIENTED_EDGE('',*,*,#5671,.F.);
#5674=ORIENTED_EDGE('',*,*,#5673,.F.);
#5676=ORIENTED_EDGE('',*,*,#5675,.T.);
#5677=EDGE_LOOP('',(#5670,#5672,#5674,#5676));
#5678=FACE_OUTER_BOUND('',#5677,.F.);
#5679=ADVANCED_FACE('',(#5678),#5669,.T.);
#5680=CARTESIAN_POINT('',(-6.27E2,-3.25E2,-4.110027614424E2));
#5681=DIRECTION('',(0.E0,-1.E0,0.E0));
#5682=DIRECTION('',(1.E0,0.E0,0.E0));
#5683=AXIS2_PLACEMENT_3D('',#5680,#5681,#5682);
#5684=CYLINDRICAL_SURFACE('',#5683,1.E1);
#5685=ORIENTED_EDGE('',*,*,#5660,.T.);
#5686=ORIENTED_EDGE('',*,*,#5675,.F.);
#5688=ORIENTED_EDGE('',*,*,#5687,.F.);
#5689=ORIENTED_EDGE('',*,*,#5671,.T.);
#5690=EDGE_LOOP('',(#5685,#5686,#5688,#5689));
#5691=FACE_OUTER_BOUND('',#5690,.F.);
#5692=ADVANCED_FACE('',(#5691),#5684,.T.);
#5693=CARTESIAN_POINT('',(-6.445E2,-3.25E2,-4.510027614424E2));
#5694=DIRECTION('',(0.E0,-1.E0,0.E0));
#5695=DIRECTION('',(0.E0,0.E0,1.E0));
#5696=AXIS2_PLACEMENT_3D('',#5693,#5694,#5695);
#5697=PLANE('',#5696);
#5699=ORIENTED_EDGE('',*,*,#5698,.T.);
#5701=ORIENTED_EDGE('',*,*,#5700,.T.);
#5703=ORIENTED_EDGE('',*,*,#5702,.F.);
#5705=ORIENTED_EDGE('',*,*,#5704,.F.);
#5706=EDGE_LOOP('',(#5699,#5701,#5703,#5705));
#5707=FACE_OUTER_BOUND('',#5706,.F.);
#5708=ORIENTED_EDGE('',*,*,#5673,.T.);
#5709=ORIENTED_EDGE('',*,*,#5687,.T.);
#5710=EDGE_LOOP('',(#5708,#5709));
#5711=FACE_BOUND('',#5710,.F.);
#5712=ADVANCED_FACE('',(#5707,#5711),#5697,.T.);
#5713=CARTESIAN_POINT('',(-6.445E2,0.E0,-2.15E2));
#5714=DIRECTION('',(-1.E0,0.E0,0.E0));
#5715=DIRECTION('',(0.E0,-1.E0,0.E0));
#5716=AXIS2_PLACEMENT_3D('',#5713,#5714,#5715);
#5717=PLANE('',#5716);
#5719=ORIENTED_EDGE('',*,*,#5718,.F.);
#5721=ORIENTED_EDGE('',*,*,#5720,.F.);
#5723=ORIENTED_EDGE('',*,*,#5722,.F.);
#5725=ORIENTED_EDGE('',*,*,#5724,.F.);
#5727=ORIENTED_EDGE('',*,*,#5726,.F.);
#5729=ORIENTED_EDGE('',*,*,#5728,.F.);
#5731=ORIENTED_EDGE('',*,*,#5730,.F.);
#5732=ORIENTED_EDGE('',*,*,#5698,.F.);
#5734=ORIENTED_EDGE('',*,*,#5733,.F.);
#5736=ORIENTED_EDGE('',*,*,#5735,.F.);
#5738=ORIENTED_EDGE('',*,*,#5737,.F.);
#5740=ORIENTED_EDGE('',*,*,#5739,.F.);
#5742=ORIENTED_EDGE('',*,*,#5741,.F.);
#5744=ORIENTED_EDGE('',*,*,#5743,.F.);
#5746=ORIENTED_EDGE('',*,*,#5745,.F.);
#5747=EDGE_LOOP('',(#5719,#5721,#5723,#5725,#5727,#5729,#5731,#5732,#5734,#5736,
#5738,#5740,#5742,#5744,#5746));
#5748=FACE_OUTER_BOUND('',#5747,.F.);
#5749=ADVANCED_FACE('',(#5748),#5717,.T.);
#5750=CARTESIAN_POINT('',(-2.921832E3,3.125E2,-4.285027614424E2));
#5751=DIRECTION('',(1.E0,0.E0,0.E0));
#5752=DIRECTION('',(0.E0,-1.E0,0.E0));
#5753=AXIS2_PLACEMENT_3D('',#5750,#5751,#5752);
#5754=CYLINDRICAL_SURFACE('',#5753,2.25E1);
#5756=ORIENTED_EDGE('',*,*,#5755,.T.);
#5758=ORIENTED_EDGE('',*,*,#5757,.F.);
#5759=ORIENTED_EDGE('',*,*,#5718,.T.);
#5761=ORIENTED_EDGE('',*,*,#5760,.T.);
#5762=EDGE_LOOP('',(#5756,#5758,#5759,#5761));
#5763=FACE_OUTER_BOUND('',#5762,.F.);
#5764=ADVANCED_FACE('',(#5763),#5754,.T.);
#5765=CARTESIAN_POINT('',(-6.095E2,0.E0,-2.15E2));
#5766=DIRECTION('',(-1.E0,0.E0,0.E0));
#5767=DIRECTION('',(0.E0,-1.E0,0.E0));
#5768=AXIS2_PLACEMENT_3D('',#5765,#5766,#5767);
#5769=PLANE('',#5768);
#5770=ORIENTED_EDGE('',*,*,#5755,.F.);
#5772=ORIENTED_EDGE('',*,*,#5771,.T.);
#5774=ORIENTED_EDGE('',*,*,#5773,.F.);
#5776=ORIENTED_EDGE('',*,*,#5775,.T.);
#5778=ORIENTED_EDGE('',*,*,#5777,.F.);
#5780=ORIENTED_EDGE('',*,*,#5779,.T.);
#5782=ORIENTED_EDGE('',*,*,#5781,.F.);
#5784=ORIENTED_EDGE('',*,*,#5783,.T.);
#5785=ORIENTED_EDGE('',*,*,#5702,.T.);
#5787=ORIENTED_EDGE('',*,*,#5786,.T.);
#5789=ORIENTED_EDGE('',*,*,#5788,.T.);
#5791=ORIENTED_EDGE('',*,*,#5790,.T.);
#5793=ORIENTED_EDGE('',*,*,#5792,.T.);
#5795=ORIENTED_EDGE('',*,*,#5794,.T.);
#5797=ORIENTED_EDGE('',*,*,#5796,.T.);
#5798=EDGE_LOOP('',(#5770,#5772,#5774,#5776,#5778,#5780,#5782,#5784,#5785,#5787,
#5789,#5791,#5793,#5795,#5797));
#5799=FACE_OUTER_BOUND('',#5798,.F.);
#5800=ADVANCED_FACE('',(#5799),#5769,.F.);
#5801=CARTESIAN_POINT('',(-6.445E2,2.9E2,-4.510027614424E2));
#5802=DIRECTION('',(0.E0,-1.E0,0.E0));
#5803=DIRECTION('',(0.E0,0.E0,1.E0));
#5804=AXIS2_PLACEMENT_3D('',#5801,#5802,#5803);
#5805=PLANE('',#5804);
#5806=ORIENTED_EDGE('',*,*,#5760,.F.);
#5807=ORIENTED_EDGE('',*,*,#5745,.T.);
#5809=ORIENTED_EDGE('',*,*,#5808,.F.);
#5810=ORIENTED_EDGE('',*,*,#5771,.F.);
#5811=EDGE_LOOP('',(#5806,#5807,#5809,#5810));
#5812=FACE_OUTER_BOUND('',#5811,.F.);
#5813=ADVANCED_FACE('',(#5812),#5805,.T.);
#5814=CARTESIAN_POINT('',(2.585468681545E3,2.675E2,-2.725027614424E2));
#5815=DIRECTION('',(-1.E0,0.E0,0.E0));
#5816=DIRECTION('',(0.E0,0.E0,1.E0));
#5817=AXIS2_PLACEMENT_3D('',#5814,#5815,#5816);
#5818=CYLINDRICAL_SURFACE('',#5817,2.25E1);
#5820=ORIENTED_EDGE('',*,*,#5819,.F.);
#5821=ORIENTED_EDGE('',*,*,#5773,.T.);
#5822=ORIENTED_EDGE('',*,*,#5808,.T.);
#5823=ORIENTED_EDGE('',*,*,#5743,.T.);
#5824=EDGE_LOOP('',(#5820,#5821,#5822,#5823));
#5825=FACE_OUTER_BOUND('',#5824,.F.);
#5826=ADVANCED_FACE('',(#5825),#5818,.F.);
#5827=CARTESIAN_POINT('',(-6.445E2,2.9E2,-2.500027614424E2));
#5828=DIRECTION('',(0.E0,0.E0,-1.E0));
#5829=DIRECTION('',(0.E0,-1.E0,0.E0));
#5830=AXIS2_PLACEMENT_3D('',#5827,#5828,#5829);
#5831=PLANE('',#5830);
#5832=ORIENTED_EDGE('',*,*,#5819,.T.);
#5833=ORIENTED_EDGE('',*,*,#5741,.T.);
#5835=ORIENTED_EDGE('',*,*,#5834,.F.);
#5836=ORIENTED_EDGE('',*,*,#5775,.F.);
#5837=EDGE_LOOP('',(#5832,#5833,#5835,#5836));
#5838=FACE_OUTER_BOUND('',#5837,.F.);
#5839=ADVANCED_FACE('',(#5838),#5831,.T.);
#5840=CARTESIAN_POINT('',(2.770778641540E3,-2.675E2,-2.725027614424E2));
#5841=DIRECTION('',(-1.E0,0.E0,0.E0));
#5842=DIRECTION('',(0.E0,-1.E0,0.E0));
#5843=AXIS2_PLACEMENT_3D('',#5840,#5841,#5842);
#5844=CYLINDRICAL_SURFACE('',#5843,2.25E1);
#5846=ORIENTED_EDGE('',*,*,#5845,.F.);
#5847=ORIENTED_EDGE('',*,*,#5777,.T.);
#5848=ORIENTED_EDGE('',*,*,#5834,.T.);
#5849=ORIENTED_EDGE('',*,*,#5739,.T.);
#5850=EDGE_LOOP('',(#5846,#5847,#5848,#5849));
#5851=FACE_OUTER_BOUND('',#5850,.F.);
#5852=ADVANCED_FACE('',(#5851),#5844,.F.);
#5853=CARTESIAN_POINT('',(-6.445E2,-2.9E2,-2.500027614424E2));
#5854=DIRECTION('',(0.E0,1.E0,0.E0));
#5855=DIRECTION('',(0.E0,0.E0,-1.E0));
#5856=AXIS2_PLACEMENT_3D('',#5853,#5854,#5855);
#5857=PLANE('',#5856);
#5859=ORIENTED_EDGE('',*,*,#5858,.T.);
#5860=ORIENTED_EDGE('',*,*,#5779,.F.);
#5861=ORIENTED_EDGE('',*,*,#5845,.T.);
#5862=ORIENTED_EDGE('',*,*,#5737,.T.);
#5863=EDGE_LOOP('',(#5859,#5860,#5861,#5862));
#5864=FACE_OUTER_BOUND('',#5863,.F.);
#5865=ADVANCED_FACE('',(#5864),#5857,.T.);
#5866=CARTESIAN_POINT('',(-2.921832E3,-3.125E2,-4.285027614424E2));
#5867=DIRECTION('',(1.E0,0.E0,0.E0));
#5868=DIRECTION('',(0.E0,0.E0,-1.E0));
#5869=AXIS2_PLACEMENT_3D('',#5866,#5867,#5868);
#5870=CYLINDRICAL_SURFACE('',#5869,2.25E1);
#5871=ORIENTED_EDGE('',*,*,#5781,.T.);
#5872=ORIENTED_EDGE('',*,*,#5858,.F.);
#5873=ORIENTED_EDGE('',*,*,#5735,.T.);
#5875=ORIENTED_EDGE('',*,*,#5874,.T.);
#5876=EDGE_LOOP('',(#5871,#5872,#5873,#5875));
#5877=FACE_OUTER_BOUND('',#5876,.F.);
#5878=ADVANCED_FACE('',(#5877),#5870,.T.);
#5879=CARTESIAN_POINT('',(-6.445E2,-2.9E2,-4.510027614424E2));
#5880=DIRECTION('',(0.E0,0.E0,-1.E0));
#5881=DIRECTION('',(0.E0,-1.E0,0.E0));
#5882=AXIS2_PLACEMENT_3D('',#5879,#5880,#5881);
#5883=PLANE('',#5882);
#5884=ORIENTED_EDGE('',*,*,#5874,.F.);
#5885=ORIENTED_EDGE('',*,*,#5733,.T.);
#5886=ORIENTED_EDGE('',*,*,#5704,.T.);
#5887=ORIENTED_EDGE('',*,*,#5783,.F.);
#5888=EDGE_LOOP('',(#5884,#5885,#5886,#5887));
#5889=FACE_OUTER_BOUND('',#5888,.F.);
#5890=ADVANCED_FACE('',(#5889),#5883,.T.);
#5891=CARTESIAN_POINT('',(-6.445E2,-3.1375E2,-2.272327614424E2));
#5892=DIRECTION('',(-1.E0,0.E0,0.E0));
#5893=DIRECTION('',(0.E0,-1.E0,0.E0));
#5894=AXIS2_PLACEMENT_3D('',#5891,#5892,#5893);
#5895=CYLINDRICAL_SURFACE('',#5894,1.125E1);
#5896=ORIENTED_EDGE('',*,*,#5730,.T.);
#5898=ORIENTED_EDGE('',*,*,#5897,.T.);
#5899=ORIENTED_EDGE('',*,*,#5786,.F.);
#5900=ORIENTED_EDGE('',*,*,#5700,.F.);
#5901=EDGE_LOOP('',(#5896,#5898,#5899,#5900));
#5902=FACE_OUTER_BOUND('',#5901,.F.);
#5903=ADVANCED_FACE('',(#5902),#5895,.T.);
#5904=CARTESIAN_POINT('',(-6.445E2,-3.137672601266E2,-2.159827746829E2));
#5905=DIRECTION('',(0.E0,-1.534233475344E-3,9.999988230631E-1));
#5906=DIRECTION('',(0.E0,9.999988230631E-1,1.534233475344E-3));
#5907=AXIS2_PLACEMENT_3D('',#5904,#5905,#5906);
#5908=PLANE('',#5907);
#5909=ORIENTED_EDGE('',*,*,#5728,.T.);
#5911=ORIENTED_EDGE('',*,*,#5910,.T.);
#5912=ORIENTED_EDGE('',*,*,#5788,.F.);
#5913=ORIENTED_EDGE('',*,*,#5897,.F.);
#5914=EDGE_LOOP('',(#5909,#5911,#5912,#5913));
#5915=FACE_OUTER_BOUND('',#5914,.F.);
#5916=ADVANCED_FACE('',(#5915),#5908,.T.);
#5917=CARTESIAN_POINT('',(-6.445E2,0.E0,-2.155013818824E2));
#5918=DIRECTION('',(0.E0,1.534233475344E-3,9.999988230631E-1));
#5919=DIRECTION('',(0.E0,9.999988230631E-1,-1.534233475344E-3));
#5920=AXIS2_PLACEMENT_3D('',#5917,#5918,#5919);
#5921=PLANE('',#5920);
#5922=ORIENTED_EDGE('',*,*,#5726,.T.);
#5924=ORIENTED_EDGE('',*,*,#5923,.T.);
#5925=ORIENTED_EDGE('',*,*,#5790,.F.);
#5926=ORIENTED_EDGE('',*,*,#5910,.F.);
#5927=EDGE_LOOP('',(#5922,#5924,#5925,#5926));
#5928=FACE_OUTER_BOUND('',#5927,.F.);
#5929=ADVANCED_FACE('',(#5928),#5921,.T.);
#5930=CARTESIAN_POINT('',(-6.445E2,3.1375E2,-2.272327614424E2));
#5931=DIRECTION('',(-1.E0,0.E0,0.E0));
#5932=DIRECTION('',(0.E0,-1.E0,0.E0));
#5933=AXIS2_PLACEMENT_3D('',#5930,#5931,#5932);
#5934=CYLINDRICAL_SURFACE('',#5933,1.125E1);
#5935=ORIENTED_EDGE('',*,*,#5724,.T.);
#5937=ORIENTED_EDGE('',*,*,#5936,.T.);
#5938=ORIENTED_EDGE('',*,*,#5792,.F.);
#5939=ORIENTED_EDGE('',*,*,#5923,.F.);
#5940=EDGE_LOOP('',(#5935,#5937,#5938,#5939));
#5941=FACE_OUTER_BOUND('',#5940,.F.);
#5942=ADVANCED_FACE('',(#5941),#5934,.T.);
#5943=CARTESIAN_POINT('',(-6.445E2,3.25E2,-2.272327614424E2));
#5944=DIRECTION('',(0.E0,1.E0,0.E0));
#5945=DIRECTION('',(0.E0,0.E0,-1.E0));
#5946=AXIS2_PLACEMENT_3D('',#5943,#5944,#5945);
#5947=PLANE('',#5946);
#5948=ORIENTED_EDGE('',*,*,#5722,.T.);
#5950=ORIENTED_EDGE('',*,*,#5949,.T.);
#5951=ORIENTED_EDGE('',*,*,#5794,.F.);
#5952=ORIENTED_EDGE('',*,*,#5936,.F.);
#5953=EDGE_LOOP('',(#5948,#5950,#5951,#5952));
#5954=FACE_OUTER_BOUND('',#5953,.F.);
#5956=ORIENTED_EDGE('',*,*,#5955,.F.);
#5958=ORIENTED_EDGE('',*,*,#5957,.F.);
#5959=EDGE_LOOP('',(#5956,#5958));
#5960=FACE_BOUND('',#5959,.F.);
#5961=ADVANCED_FACE('',(#5954,#5960),#5947,.T.);
#5962=CARTESIAN_POINT('',(-6.445E2,3.25E2,-4.510027614424E2));
#5963=DIRECTION('',(0.E0,0.E0,-1.E0));
#5964=DIRECTION('',(0.E0,-1.E0,0.E0));
#5965=AXIS2_PLACEMENT_3D('',#5962,#5963,#5964);
#5966=PLANE('',#5965);
#5967=ORIENTED_EDGE('',*,*,#5757,.T.);
#5968=ORIENTED_EDGE('',*,*,#5796,.F.);
#5969=ORIENTED_EDGE('',*,*,#5949,.F.);
#5970=ORIENTED_EDGE('',*,*,#5720,.T.);
#5971=EDGE_LOOP('',(#5967,#5968,#5969,#5970));
#5972=FACE_OUTER_BOUND('',#5971,.F.);
#5973=ADVANCED_FACE('',(#5972),#5966,.T.);
#5974=CARTESIAN_POINT('',(-6.27E2,3.25E2,-4.110027614424E2));
#5975=DIRECTION('',(0.E0,-1.E0,0.E0));
#5976=DIRECTION('',(1.E0,0.E0,0.E0));
#5977=AXIS2_PLACEMENT_3D('',#5974,#5975,#5976);
#5978=CYLINDRICAL_SURFACE('',#5977,1.E1);
#5980=ORIENTED_EDGE('',*,*,#5979,.F.);
#5982=ORIENTED_EDGE('',*,*,#5981,.F.);
#5983=ORIENTED_EDGE('',*,*,#5955,.T.);
#5985=ORIENTED_EDGE('',*,*,#5984,.T.);
#5986=EDGE_LOOP('',(#5980,#5982,#5983,#5985));
#5987=FACE_OUTER_BOUND('',#5986,.F.);
#5988=ADVANCED_FACE('',(#5987),#5978,.T.);
#5989=CARTESIAN_POINT('',(0.E0,3.6E2,0.E0));
#5990=DIRECTION('',(0.E0,-1.E0,0.E0));
#5991=DIRECTION('',(1.E0,0.E0,0.E0));
#5992=AXIS2_PLACEMENT_3D('',#5989,#5990,#5991);
#5993=PLANE('',#5992);
#5995=ORIENTED_EDGE('',*,*,#5994,.F.);
#5997=ORIENTED_EDGE('',*,*,#5996,.F.);
#5998=EDGE_LOOP('',(#5995,#5997));
#5999=FACE_OUTER_BOUND('',#5998,.F.);
#6000=ORIENTED_EDGE('',*,*,#5979,.T.);
#6002=ORIENTED_EDGE('',*,*,#6001,.T.);
#6003=EDGE_LOOP('',(#6000,#6002));
#6004=FACE_BOUND('',#6003,.F.);
#6005=ADVANCED_FACE('',(#5999,#6004),#5993,.T.);
#6006=CARTESIAN_POINT('',(-6.27E2,3.25E2,-4.110027614424E2));
#6007=DIRECTION('',(0.E0,-1.E0,0.E0));
#6008=DIRECTION('',(1.E0,0.E0,0.E0));
#6009=AXIS2_PLACEMENT_3D('',#6006,#6007,#6008);
#6010=CYLINDRICAL_SURFACE('',#6009,1.E1);
#6011=ORIENTED_EDGE('',*,*,#6001,.F.);
#6012=ORIENTED_EDGE('',*,*,#5984,.F.);
#6013=ORIENTED_EDGE('',*,*,#5957,.T.);
#6014=ORIENTED_EDGE('',*,*,#5981,.T.);
#6015=EDGE_LOOP('',(#6011,#6012,#6013,#6014));
#6016=FACE_OUTER_BOUND('',#6015,.F.);
#6017=ADVANCED_FACE('',(#6016),#6010,.T.);
#6018=CARTESIAN_POINT('',(-6.27E2,3.825E2,-4.110027614424E2));
#6019=DIRECTION('',(0.E0,-1.E0,0.E0));
#6020=DIRECTION('',(-9.999996725125E-1,0.E0,8.093051748119E-4));
#6021=AXIS2_PLACEMENT_3D('',#6018,#6019,#6020);
#6022=TOROIDAL_SURFACE('',#6021,1.675E2,2.25E1);
#6023=ORIENTED_EDGE('',*,*,#5994,.T.);
#6025=ORIENTED_EDGE('',*,*,#6024,.T.);
#6027=ORIENTED_EDGE('',*,*,#6026,.F.);
#6029=ORIENTED_EDGE('',*,*,#6028,.F.);
#6030=EDGE_LOOP('',(#6023,#6025,#6027,#6029));
#6031=FACE_OUTER_BOUND('',#6030,.F.);
#6032=ADVANCED_FACE('',(#6031),#6022,.T.);
#6033=CARTESIAN_POINT('',(-6.27E2,3.825E2,-4.110027614424E2));
#6034=DIRECTION('',(0.E0,-1.E0,0.E0));
#6035=DIRECTION('',(9.999996725125E-1,0.E0,-8.093051748123E-4));
#6036=AXIS2_PLACEMENT_3D('',#6033,#6034,#6035);
#6037=TOROIDAL_SURFACE('',#6036,1.675E2,2.25E1);
#6038=ORIENTED_EDGE('',*,*,#5996,.T.);
#6039=ORIENTED_EDGE('',*,*,#6028,.T.);
#6041=ORIENTED_EDGE('',*,*,#6040,.F.);
#6042=ORIENTED_EDGE('',*,*,#6024,.F.);
#6043=EDGE_LOOP('',(#6038,#6039,#6041,#6042));
#6044=FACE_OUTER_BOUND('',#6043,.F.);
#6045=ADVANCED_FACE('',(#6044),#6037,.T.);
#6046=CARTESIAN_POINT('',(-6.27E2,3.6E2,-4.110027614424E2));
#6047=DIRECTION('',(0.E0,-1.E0,0.E0));
#6048=DIRECTION('',(1.E0,0.E0,0.E0));
#6049=AXIS2_PLACEMENT_3D('',#6046,#6047,#6048);
#6050=CYLINDRICAL_SURFACE('',#6049,1.9E2);
#6052=ORIENTED_EDGE('',*,*,#6051,.T.);
#6054=ORIENTED_EDGE('',*,*,#6053,.F.);
#6055=ORIENTED_EDGE('',*,*,#6040,.T.);
#6057=ORIENTED_EDGE('',*,*,#6056,.T.);
#6058=EDGE_LOOP('',(#6052,#6054,#6055,#6057));
#6059=FACE_OUTER_BOUND('',#6058,.F.);
#6060=ADVANCED_FACE('',(#6059),#6050,.T.);
#6061=CARTESIAN_POINT('',(-6.27E2,4.275E2,-4.110027614424E2));
#6062=DIRECTION('',(0.E0,-1.E0,0.E0));
#6063=DIRECTION('',(-9.999993391374E-1,0.E0,-1.149662904638E-3));
#6064=AXIS2_PLACEMENT_3D('',#6061,#6062,#6063);
#6065=TOROIDAL_SURFACE('',#6064,1.675E2,2.25E1);
#6067=ORIENTED_EDGE('',*,*,#6066,.T.);
#6069=ORIENTED_EDGE('',*,*,#6068,.T.);
#6070=ORIENTED_EDGE('',*,*,#6051,.F.);
#6072=ORIENTED_EDGE('',*,*,#6071,.F.);
#6073=EDGE_LOOP('',(#6067,#6069,#6070,#6072));
#6074=FACE_OUTER_BOUND('',#6073,.F.);
#6075=ADVANCED_FACE('',(#6074),#6065,.T.);
#6076=CARTESIAN_POINT('',(0.E0,4.5E2,0.E0));
#6077=DIRECTION('',(0.E0,-1.E0,0.E0));
#6078=DIRECTION('',(1.E0,0.E0,0.E0));
#6079=AXIS2_PLACEMENT_3D('',#6076,#6077,#6078);
#6080=PLANE('',#6079);
#6082=ORIENTED_EDGE('',*,*,#6081,.F.);
#6083=ORIENTED_EDGE('',*,*,#6066,.F.);
#6084=EDGE_LOOP('',(#6082,#6083));
#6085=FACE_OUTER_BOUND('',#6084,.F.);
#6086=ADVANCED_FACE('',(#6085),#6080,.F.);
#6087=CARTESIAN_POINT('',(-6.27E2,4.275E2,-4.110027614424E2));
#6088=DIRECTION('',(0.E0,-1.E0,0.E0));
#6089=DIRECTION('',(9.999993391374E-1,0.E0,1.149662904639E-3));
#6090=AXIS2_PLACEMENT_3D('',#6087,#6088,#6089);
#6091=TOROIDAL_SURFACE('',#6090,1.675E2,2.25E1);
#6092=ORIENTED_EDGE('',*,*,#6081,.T.);
#6093=ORIENTED_EDGE('',*,*,#6071,.T.);
#6095=ORIENTED_EDGE('',*,*,#6094,.F.);
#6096=ORIENTED_EDGE('',*,*,#6068,.F.);
#6097=EDGE_LOOP('',(#6092,#6093,#6095,#6096));
#6098=FACE_OUTER_BOUND('',#6097,.F.);
#6099=ADVANCED_FACE('',(#6098),#6091,.T.);
#6100=CARTESIAN_POINT('',(-6.27E2,3.6E2,-4.110027614424E2));
#6101=DIRECTION('',(0.E0,-1.E0,0.E0));
#6102=DIRECTION('',(1.E0,0.E0,0.E0));
#6103=AXIS2_PLACEMENT_3D('',#6100,#6101,#6102);
#6104=CYLINDRICAL_SURFACE('',#6103,1.9E2);
#6105=ORIENTED_EDGE('',*,*,#6094,.T.);
#6106=ORIENTED_EDGE('',*,*,#6056,.F.);
#6107=ORIENTED_EDGE('',*,*,#6026,.T.);
#6108=ORIENTED_EDGE('',*,*,#6053,.T.);
#6109=EDGE_LOOP('',(#6105,#6106,#6107,#6108));
#6110=FACE_OUTER_BOUND('',#6109,.F.);
#6111=ADVANCED_FACE('',(#6110),#6104,.T.);
#6112=CARTESIAN_POINT('',(-6.27E2,-3.825E2,-4.110027614424E2));
#6113=DIRECTION('',(0.E0,-1.E0,0.E0));
#6114=DIRECTION('',(9.999993391374E-1,0.E0,1.149662904638E-3));
#6115=AXIS2_PLACEMENT_3D('',#6112,#6113,#6114);
#6116=TOROIDAL_SURFACE('',#6115,1.675E2,2.25E1);
#6117=ORIENTED_EDGE('',*,*,#5652,.T.);
#6119=ORIENTED_EDGE('',*,*,#6118,.T.);
#6121=ORIENTED_EDGE('',*,*,#6120,.F.);
#6123=ORIENTED_EDGE('',*,*,#6122,.F.);
#6124=EDGE_LOOP('',(#6117,#6119,#6121,#6123));
#6125=FACE_OUTER_BOUND('',#6124,.F.);
#6126=ADVANCED_FACE('',(#6125),#6116,.T.);
#6127=CARTESIAN_POINT('',(-6.27E2,-3.825E2,-4.110027614424E2));
#6128=DIRECTION('',(0.E0,-1.E0,0.E0));
#6129=DIRECTION('',(-9.999993391374E-1,0.E0,-1.149662904638E-3));
#6130=AXIS2_PLACEMENT_3D('',#6127,#6128,#6129);
#6131=TOROIDAL_SURFACE('',#6130,1.675E2,2.25E1);
#6132=ORIENTED_EDGE('',*,*,#5654,.T.);
#6133=ORIENTED_EDGE('',*,*,#6122,.T.);
#6135=ORIENTED_EDGE('',*,*,#6134,.F.);
#6136=ORIENTED_EDGE('',*,*,#6118,.F.);
#6137=EDGE_LOOP('',(#6132,#6133,#6135,#6136));
#6138=FACE_OUTER_BOUND('',#6137,.F.);
#6139=ADVANCED_FACE('',(#6138),#6131,.T.);
#6140=CARTESIAN_POINT('',(-6.27E2,-3.6E2,-4.110027614424E2));
#6141=DIRECTION('',(0.E0,-1.E0,0.E0));
#6142=DIRECTION('',(1.E0,0.E0,0.E0));
#6143=AXIS2_PLACEMENT_3D('',#6140,#6141,#6142);
#6144=CYLINDRICAL_SURFACE('',#6143,1.9E2);
#6146=ORIENTED_EDGE('',*,*,#6145,.T.);
#6148=ORIENTED_EDGE('',*,*,#6147,.F.);
#6149=ORIENTED_EDGE('',*,*,#6134,.T.);
#6151=ORIENTED_EDGE('',*,*,#6150,.T.);
#6152=EDGE_LOOP('',(#6146,#6148,#6149,#6151));
#6153=FACE_OUTER_BOUND('',#6152,.F.);
#6154=ADVANCED_FACE('',(#6153),#6144,.T.);
#6155=CARTESIAN_POINT('',(-6.27E2,-4.275E2,-4.110027614424E2));
#6156=DIRECTION('',(0.E0,-1.E0,0.E0));
#6157=DIRECTION('',(9.999996725125E-1,0.E0,-8.093051748123E-4));
#6158=AXIS2_PLACEMENT_3D('',#6155,#6156,#6157);
#6159=TOROIDAL_SURFACE('',#6158,1.675E2,2.25E1);
#6161=ORIENTED_EDGE('',*,*,#6160,.T.);
#6163=ORIENTED_EDGE('',*,*,#6162,.T.);
#6164=ORIENTED_EDGE('',*,*,#6145,.F.);
#6166=ORIENTED_EDGE('',*,*,#6165,.F.);
#6167=EDGE_LOOP('',(#6161,#6163,#6164,#6166));
#6168=FACE_OUTER_BOUND('',#6167,.F.);
#6169=ADVANCED_FACE('',(#6168),#6159,.T.);
#6170=CARTESIAN_POINT('',(0.E0,-4.5E2,0.E0));
#6171=DIRECTION('',(0.E0,-1.E0,0.E0));
#6172=DIRECTION('',(1.E0,0.E0,0.E0));
#6173=AXIS2_PLACEMENT_3D('',#6170,#6171,#6172);
#6174=PLANE('',#6173);
#6176=ORIENTED_EDGE('',*,*,#6175,.F.);
#6177=ORIENTED_EDGE('',*,*,#6160,.F.);
#6178=EDGE_LOOP('',(#6176,#6177));
#6179=FACE_OUTER_BOUND('',#6178,.F.);
#6180=ADVANCED_FACE('',(#6179),#6174,.T.);
#6181=CARTESIAN_POINT('',(-6.27E2,-4.275E2,-4.110027614424E2));
#6182=DIRECTION('',(0.E0,-1.E0,0.E0));
#6183=DIRECTION('',(-9.999996725125E-1,0.E0,8.093051748119E-4));
#6184=AXIS2_PLACEMENT_3D('',#6181,#6182,#6183);
#6185=TOROIDAL_SURFACE('',#6184,1.675E2,2.25E1);
#6186=ORIENTED_EDGE('',*,*,#6175,.T.);
#6187=ORIENTED_EDGE('',*,*,#6165,.T.);
#6189=ORIENTED_EDGE('',*,*,#6188,.F.);
#6190=ORIENTED_EDGE('',*,*,#6162,.F.);
#6191=EDGE_LOOP('',(#6186,#6187,#6189,#6190));
#6192=FACE_OUTER_BOUND('',#6191,.F.);
#6193=ADVANCED_FACE('',(#6192),#6185,.T.);
#6194=CARTESIAN_POINT('',(-6.27E2,-3.6E2,-4.110027614424E2));
#6195=DIRECTION('',(0.E0,-1.E0,0.E0));
#6196=DIRECTION('',(1.E0,0.E0,0.E0));
#6197=AXIS2_PLACEMENT_3D('',#6194,#6195,#6196);
#6198=CYLINDRICAL_SURFACE('',#6197,1.9E2);
#6199=ORIENTED_EDGE('',*,*,#6188,.T.);
#6200=ORIENTED_EDGE('',*,*,#6150,.F.);
#6201=ORIENTED_EDGE('',*,*,#6120,.T.);
#6202=ORIENTED_EDGE('',*,*,#6147,.T.);
#6203=EDGE_LOOP('',(#6199,#6200,#6201,#6202));
#6204=FACE_OUTER_BOUND('',#6203,.F.);
#6205=ADVANCED_FACE('',(#6204),#6198,.T.);
#6208=CARTESIAN_POINT('',(6.27E2,-3.6E2,-4.110027614424E2));
#6209=DIRECTION('',(0.E0,1.E0,0.E0));
#6210=DIRECTION('',(1.E0,0.E0,0.E0));
#6211=AXIS2_PLACEMENT_3D('',#6208,#6209,#6210);
#6213=CARTESIAN_POINT('',(6.27E2,-3.6E2,-4.110027614424E2));
#6214=DIRECTION('',(0.E0,1.E0,0.E0));
#6215=DIRECTION('',(-1.E0,0.E0,0.E0));
#6216=AXIS2_PLACEMENT_3D('',#6213,#6214,#6215);
#6218=CARTESIAN_POINT('',(6.27E2,-3.6E2,-4.110027614424E2));
#6219=DIRECTION('',(0.E0,-1.E0,0.E0));
#6220=DIRECTION('',(1.E0,0.E0,0.E0));
#6221=AXIS2_PLACEMENT_3D('',#6218,#6219,#6220);
#6223=DIRECTION('',(0.E0,-1.E0,0.E0));
#6224=VECTOR('',#6223,3.5E1);
#6225=CARTESIAN_POINT('',(6.37E2,-3.25E2,-4.110027614424E2));
#6226=LINE('',#6225,#6224);
#6227=CARTESIAN_POINT('',(6.27E2,-3.6E2,-4.110027614424E2));
#6228=DIRECTION('',(0.E0,-1.E0,0.E0));
#6229=DIRECTION('',(-1.E0,0.E0,0.E0));
#6230=AXIS2_PLACEMENT_3D('',#6227,#6228,#6229);
#6232=DIRECTION('',(0.E0,-1.E0,0.E0));
#6233=VECTOR('',#6232,3.5E1);
#6234=CARTESIAN_POINT('',(6.17E2,-3.25E2,-4.110027614424E2));
#6235=LINE('',#6234,#6233);
#6236=DIRECTION('',(-1.E0,0.E0,0.E0));
#6237=VECTOR('',#6236,3.5E1);
#6238=CARTESIAN_POINT('',(6.445E2,-3.25E2,-4.510027614424E2));
#6239=LINE('',#6238,#6237);
#6240=CARTESIAN_POINT('',(6.27E2,-3.25E2,-4.110027614424E2));
#6241=DIRECTION('',(0.E0,-1.E0,0.E0));
#6242=DIRECTION('',(1.E0,0.E0,0.E0));
#6243=AXIS2_PLACEMENT_3D('',#6240,#6241,#6242);
#6245=CARTESIAN_POINT('',(6.27E2,-3.25E2,-4.110027614424E2));
#6246=DIRECTION('',(0.E0,-1.E0,0.E0));
#6247=DIRECTION('',(-1.E0,0.E0,0.E0));
#6248=AXIS2_PLACEMENT_3D('',#6245,#6246,#6247);
#6250=CARTESIAN_POINT('',(6.445E2,3.125E2,-4.285027614424E2));
#6251=DIRECTION('',(1.E0,0.E0,0.E0));
#6252=DIRECTION('',(0.E0,-1.E0,0.E0));
#6253=AXIS2_PLACEMENT_3D('',#6250,#6251,#6252);
#6255=DIRECTION('',(0.E0,0.E0,1.E0));
#6256=VECTOR('',#6255,1.56E2);
#6257=CARTESIAN_POINT('',(6.445E2,2.9E2,-4.285027614424E2));
#6258=LINE('',#6257,#6256);
#6259=DIRECTION('',(0.E0,-1.E0,0.E0));
#6260=VECTOR('',#6259,5.35E2);
#6261=CARTESIAN_POINT('',(6.445E2,2.675E2,-2.500027614424E2));
#6262=LINE('',#6261,#6260);
#6263=DIRECTION('',(0.E0,0.E0,-1.E0));
#6264=VECTOR('',#6263,1.56E2);
#6265=CARTESIAN_POINT('',(6.445E2,-2.9E2,-2.725027614424E2));
#6266=LINE('',#6265,#6264);
#6267=CARTESIAN_POINT('',(6.445E2,-3.125E2,-4.285027614424E2));
#6268=DIRECTION('',(1.E0,0.E0,0.E0));
#6269=DIRECTION('',(0.E0,0.E0,-1.E0));
#6270=AXIS2_PLACEMENT_3D('',#6267,#6268,#6269);
#6272=DIRECTION('',(0.E0,-1.E0,0.E0));
#6273=VECTOR('',#6272,1.25E1);
#6274=CARTESIAN_POINT('',(6.445E2,-3.125E2,-4.510027614424E2));
#6275=LINE('',#6274,#6273);
#6276=DIRECTION('',(0.E0,0.E0,1.E0));
#6277=VECTOR('',#6276,2.2377E2);
#6278=CARTESIAN_POINT('',(6.445E2,-3.25E2,-4.510027614424E2));
#6279=LINE('',#6278,#6277);
#6280=CARTESIAN_POINT('',(6.445E2,-3.1375E2,-2.272327614424E2));
#6281=DIRECTION('',(-1.E0,0.E0,0.E0));
#6282=DIRECTION('',(0.E0,-1.E0,0.E0));
#6283=AXIS2_PLACEMENT_3D('',#6280,#6281,#6282);
#6285=DIRECTION('',(0.E0,9.999988230631E-1,1.534233475344E-3));
#6286=VECTOR('',#6285,3.137676294113E2);
#6287=CARTESIAN_POINT('',(6.445E2,-3.137672601266E2,-2.159827746829E2));
#6288=LINE('',#6287,#6286);
#6289=DIRECTION('',(0.E0,9.999988230631E-1,-1.534233475344E-3));
#6290=VECTOR('',#6289,3.137676294113E2);
#6291=CARTESIAN_POINT('',(6.445E2,0.E0,-2.155013818824E2));
#6292=LINE('',#6291,#6290);
#6293=CARTESIAN_POINT('',(6.445E2,3.1375E2,-2.272327614424E2));
#6294=DIRECTION('',(-1.E0,0.E0,0.E0));
#6295=DIRECTION('',(0.E0,1.534233475341E-3,9.999988230631E-1));
#6296=AXIS2_PLACEMENT_3D('',#6293,#6294,#6295);
#6298=DIRECTION('',(0.E0,0.E0,-1.E0));
#6299=VECTOR('',#6298,2.2377E2);
#6300=CARTESIAN_POINT('',(6.445E2,3.25E2,-2.272327614424E2));
#6301=LINE('',#6300,#6299);
#6302=DIRECTION('',(0.E0,-1.E0,0.E0));
#6303=VECTOR('',#6302,1.25E1);
#6304=CARTESIAN_POINT('',(6.445E2,3.25E2,-4.510027614424E2));
#6305=LINE('',#6304,#6303);
#6306=DIRECTION('',(1.E0,0.E0,0.E0));
#6307=VECTOR('',#6306,3.5E1);
#6308=CARTESIAN_POINT('',(6.095E2,3.125E2,-4.510027614424E2));
#6309=LINE('',#6308,#6307);
#6310=DIRECTION('',(-1.E0,0.E0,0.E0));
#6311=VECTOR('',#6310,3.5E1);
#6312=CARTESIAN_POINT('',(6.445E2,3.25E2,-4.510027614424E2));
#6313=LINE('',#6312,#6311);
#6314=DIRECTION('',(-1.E0,0.E0,0.E0));
#6315=VECTOR('',#6314,3.5E1);
#6316=CARTESIAN_POINT('',(6.445E2,3.25E2,-2.272327614424E2));
#6317=LINE('',#6316,#6315);
#6318=CARTESIAN_POINT('',(6.27E2,3.25E2,-4.110027614424E2));
#6319=DIRECTION('',(0.E0,-1.E0,0.E0));
#6320=DIRECTION('',(1.E0,0.E0,0.E0));
#6321=AXIS2_PLACEMENT_3D('',#6318,#6319,#6320);
#6323=CARTESIAN_POINT('',(6.27E2,3.25E2,-4.110027614424E2));
#6324=DIRECTION('',(0.E0,-1.E0,0.E0));
#6325=DIRECTION('',(-1.E0,0.E0,0.E0));
#6326=AXIS2_PLACEMENT_3D('',#6323,#6324,#6325);
#6328=DIRECTION('',(-1.E0,0.E0,0.E0));
#6329=VECTOR('',#6328,3.5E1);
#6330=CARTESIAN_POINT('',(6.445E2,3.137672601266E2,-2.159827746829E2));
#6331=LINE('',#6330,#6329);
#6332=DIRECTION('',(-1.E0,0.E0,0.E0));
#6333=VECTOR('',#6332,3.5E1);
#6334=CARTESIAN_POINT('',(6.445E2,0.E0,-2.155013818824E2));
#6335=LINE('',#6334,#6333);
#6336=DIRECTION('',(-1.E0,0.E0,0.E0));
#6337=VECTOR('',#6336,3.5E1);
#6338=CARTESIAN_POINT('',(6.445E2,-3.137672601266E2,-2.159827746829E2));
#6339=LINE('',#6338,#6337);
#6340=DIRECTION('',(-1.E0,0.E0,0.E0));
#6341=VECTOR('',#6340,3.5E1);
#6342=CARTESIAN_POINT('',(6.445E2,-3.25E2,-2.272327614424E2));
#6343=LINE('',#6342,#6341);
#6344=CARTESIAN_POINT('',(6.095E2,3.125E2,-4.285027614424E2));
#6345=DIRECTION('',(-1.E0,0.E0,0.E0));
#6346=DIRECTION('',(0.E0,0.E0,-1.E0));
#6347=AXIS2_PLACEMENT_3D('',#6344,#6345,#6346);
#6349=DIRECTION('',(0.E0,-1.E0,0.E0));
#6350=VECTOR('',#6349,1.25E1);
#6351=CARTESIAN_POINT('',(6.095E2,3.25E2,-4.510027614424E2));
#6352=LINE('',#6351,#6350);
#6353=DIRECTION('',(0.E0,0.E0,-1.E0));
#6354=VECTOR('',#6353,2.2377E2);
#6355=CARTESIAN_POINT('',(6.095E2,3.25E2,-2.272327614424E2));
#6356=LINE('',#6355,#6354);
#6357=CARTESIAN_POINT('',(6.095E2,3.1375E2,-2.272327614424E2));
#6358=DIRECTION('',(-1.E0,0.E0,0.E0));
#6359=DIRECTION('',(0.E0,1.534233475341E-3,9.999988230631E-1));
#6360=AXIS2_PLACEMENT_3D('',#6357,#6358,#6359);
#6362=DIRECTION('',(0.E0,9.999988230631E-1,-1.534233475344E-3));
#6363=VECTOR('',#6362,3.137676294113E2);
#6364=CARTESIAN_POINT('',(6.095E2,0.E0,-2.155013818824E2));
#6365=LINE('',#6364,#6363);
#6366=DIRECTION('',(0.E0,9.999988230631E-1,1.534233475344E-3));
#6367=VECTOR('',#6366,3.137676294113E2);
#6368=CARTESIAN_POINT('',(6.095E2,-3.137672601266E2,-2.159827746829E2));
#6369=LINE('',#6368,#6367);
#6370=CARTESIAN_POINT('',(6.095E2,-3.1375E2,-2.272327614424E2));
#6371=DIRECTION('',(-1.E0,0.E0,0.E0));
#6372=DIRECTION('',(0.E0,-1.E0,0.E0));
#6373=AXIS2_PLACEMENT_3D('',#6370,#6371,#6372);
#6375=DIRECTION('',(0.E0,0.E0,1.E0));
#6376=VECTOR('',#6375,2.2377E2);
#6377=CARTESIAN_POINT('',(6.095E2,-3.25E2,-4.510027614424E2));
#6378=LINE('',#6377,#6376);
#6379=DIRECTION('',(0.E0,-1.E0,0.E0));
#6380=VECTOR('',#6379,1.25E1);
#6381=CARTESIAN_POINT('',(6.095E2,-3.125E2,-4.510027614424E2));
#6382=LINE('',#6381,#6380);
#6383=CARTESIAN_POINT('',(6.095E2,-3.125E2,-4.285027614424E2));
#6384=DIRECTION('',(-1.E0,0.E0,0.E0));
#6385=DIRECTION('',(0.E0,1.E0,0.E0));
#6386=AXIS2_PLACEMENT_3D('',#6383,#6384,#6385);
#6388=DIRECTION('',(0.E0,0.E0,-1.E0));
#6389=VECTOR('',#6388,1.56E2);
#6390=CARTESIAN_POINT('',(6.095E2,-2.9E2,-2.725027614424E2));
#6391=LINE('',#6390,#6389);
#6392=DIRECTION('',(0.E0,-1.E0,0.E0));
#6393=VECTOR('',#6392,5.35E2);
#6394=CARTESIAN_POINT('',(6.095E2,2.675E2,-2.500027614424E2));
#6395=LINE('',#6394,#6393);
#6396=DIRECTION('',(0.E0,0.E0,1.E0));
#6397=VECTOR('',#6396,1.56E2);
#6398=CARTESIAN_POINT('',(6.095E2,2.9E2,-4.285027614424E2));
#6399=LINE('',#6398,#6397);
#6400=DIRECTION('',(1.E0,0.E0,0.E0));
#6401=VECTOR('',#6400,3.5E1);
#6402=CARTESIAN_POINT('',(6.095E2,-3.125E2,-4.510027614424E2));
#6403=LINE('',#6402,#6401);
#6404=DIRECTION('',(1.E0,0.E0,0.E0));
#6405=VECTOR('',#6404,3.5E1);
#6406=CARTESIAN_POINT('',(6.095E2,-2.9E2,-4.285027614424E2));
#6407=LINE('',#6406,#6405);
#6408=DIRECTION('',(-1.E0,0.E0,0.E0));
#6409=VECTOR('',#6408,3.5E1);
#6410=CARTESIAN_POINT('',(6.445E2,-2.9E2,-2.725027614424E2));
#6411=LINE('',#6410,#6409);
#6412=CARTESIAN_POINT('',(6.445E2,-2.675E2,-2.725027614424E2));
#6413=DIRECTION('',(-1.E0,0.E0,0.E0));
#6414=DIRECTION('',(0.E0,-1.E0,0.E0));
#6415=AXIS2_PLACEMENT_3D('',#6412,#6413,#6414);
#6417=CARTESIAN_POINT('',(6.095E2,-2.675E2,-2.725027614424E2));
#6418=DIRECTION('',(1.E0,0.E0,0.E0));
#6419=DIRECTION('',(0.E0,0.E0,1.E0));
#6420=AXIS2_PLACEMENT_3D('',#6417,#6418,#6419);
#6422=DIRECTION('',(-1.E0,0.E0,0.E0));
#6423=VECTOR('',#6422,3.5E1);
#6424=CARTESIAN_POINT('',(6.445E2,2.675E2,-2.500027614424E2));
#6425=LINE('',#6424,#6423);
#6426=DIRECTION('',(-1.E0,0.E0,0.E0));
#6427=VECTOR('',#6426,3.5E1);
#6428=CARTESIAN_POINT('',(6.445E2,-2.675E2,-2.500027614424E2));
#6429=LINE('',#6428,#6427);
#6430=CARTESIAN_POINT('',(6.445E2,2.675E2,-2.725027614424E2));
#6431=DIRECTION('',(-1.E0,0.E0,0.E0));
#6432=DIRECTION('',(0.E0,0.E0,1.E0));
#6433=AXIS2_PLACEMENT_3D('',#6430,#6431,#6432);
#6435=CARTESIAN_POINT('',(6.095E2,2.675E2,-2.725027614424E2));
#6436=DIRECTION('',(1.E0,0.E0,0.E0));
#6437=DIRECTION('',(0.E0,1.E0,0.E0));
#6438=AXIS2_PLACEMENT_3D('',#6435,#6436,#6437);
#6440=DIRECTION('',(1.E0,0.E0,0.E0));
#6441=VECTOR('',#6440,3.5E1);
#6442=CARTESIAN_POINT('',(6.095E2,2.9E2,-4.285027614424E2));
#6443=LINE('',#6442,#6441);
#6444=DIRECTION('',(-1.E0,0.E0,0.E0));
#6445=VECTOR('',#6444,3.5E1);
#6446=CARTESIAN_POINT('',(6.445E2,2.9E2,-2.725027614424E2));
#6447=LINE('',#6446,#6445);
#6448=CARTESIAN_POINT('',(6.27E2,3.6E2,-4.110027614424E2));
#6449=DIRECTION('',(0.E0,-1.E0,0.E0));
#6450=DIRECTION('',(1.E0,0.E0,0.E0));
#6451=AXIS2_PLACEMENT_3D('',#6448,#6449,#6450);
#6453=DIRECTION('',(0.E0,1.E0,0.E0));
#6454=VECTOR('',#6453,3.5E1);
#6455=CARTESIAN_POINT('',(6.37E2,3.25E2,-4.110027614424E2));
#6456=LINE('',#6455,#6454);
#6457=CARTESIAN_POINT('',(6.27E2,3.6E2,-4.110027614424E2));
#6458=DIRECTION('',(0.E0,-1.E0,0.E0));
#6459=DIRECTION('',(-1.E0,0.E0,0.E0));
#6460=AXIS2_PLACEMENT_3D('',#6457,#6458,#6459);
#6462=CARTESIAN_POINT('',(6.27E2,3.6E2,-4.110027614424E2));
#6463=DIRECTION('',(0.E0,-1.E0,0.E0));
#6464=DIRECTION('',(1.E0,0.E0,0.E0));
#6465=AXIS2_PLACEMENT_3D('',#6462,#6463,#6464);
#6467=CARTESIAN_POINT('',(6.27E2,3.6E2,-4.110027614424E2));
#6468=DIRECTION('',(0.E0,-1.E0,0.E0));
#6469=DIRECTION('',(-1.E0,0.E0,0.E0));
#6470=AXIS2_PLACEMENT_3D('',#6467,#6468,#6469);
#6472=DIRECTION('',(0.E0,1.E0,0.E0));
#6473=VECTOR('',#6472,3.5E1);
#6474=CARTESIAN_POINT('',(6.17E2,3.25E2,-4.110027614424E2));
#6475=LINE('',#6474,#6473);
#6476=CARTESIAN_POINT('',(4.595E2,3.825E2,-4.110027614424E2));
#6477=DIRECTION('',(0.E0,0.E0,-1.E0));
#6478=DIRECTION('',(0.E0,-1.E0,0.E0));
#6479=AXIS2_PLACEMENT_3D('',#6476,#6477,#6478);
#6481=CARTESIAN_POINT('',(7.945E2,3.825E2,-4.110027614424E2));
#6482=DIRECTION('',(0.E0,0.E0,1.E0));
#6483=DIRECTION('',(0.E0,-1.E0,0.E0));
#6484=AXIS2_PLACEMENT_3D('',#6481,#6482,#6483);
#6486=CARTESIAN_POINT('',(6.27E2,4.275E2,-4.110027614424E2));
#6487=DIRECTION('',(0.E0,1.E0,0.E0));
#6488=DIRECTION('',(-1.E0,0.E0,0.E0));
#6489=AXIS2_PLACEMENT_3D('',#6486,#6487,#6488);
#6491=DIRECTION('',(0.E0,1.E0,0.E0));
#6492=VECTOR('',#6491,4.5E1);
#6493=CARTESIAN_POINT('',(8.17E2,3.825E2,-4.110027614424E2));
#6494=LINE('',#6493,#6492);
#6495=CARTESIAN_POINT('',(6.27E2,3.825E2,-4.110027614424E2));
#6496=DIRECTION('',(0.E0,-1.E0,0.E0));
#6497=DIRECTION('',(1.E0,0.E0,0.E0));
#6498=AXIS2_PLACEMENT_3D('',#6495,#6496,#6497);
#6500=CARTESIAN_POINT('',(4.595E2,4.275E2,-4.110027614424E2));
#6501=DIRECTION('',(0.E0,0.E0,1.E0));
#6502=DIRECTION('',(0.E0,1.E0,0.E0));
#6503=AXIS2_PLACEMENT_3D('',#6500,#6501,#6502);
#6505=CARTESIAN_POINT('',(6.27E2,4.5E2,-4.110027614424E2));
#6506=DIRECTION('',(0.E0,1.E0,0.E0));
#6507=DIRECTION('',(1.E0,0.E0,0.E0));
#6508=AXIS2_PLACEMENT_3D('',#6505,#6506,#6507);
#6510=CARTESIAN_POINT('',(6.27E2,4.5E2,-4.110027614424E2));
#6511=DIRECTION('',(0.E0,1.E0,0.E0));
#6512=DIRECTION('',(-1.E0,0.E0,0.E0));
#6513=AXIS2_PLACEMENT_3D('',#6510,#6511,#6512);
#6515=CARTESIAN_POINT('',(7.945E2,4.275E2,-4.110027614424E2));
#6516=DIRECTION('',(0.E0,0.E0,-1.E0));
#6517=DIRECTION('',(0.E0,1.E0,0.E0));
#6518=AXIS2_PLACEMENT_3D('',#6515,#6516,#6517);
#6520=CARTESIAN_POINT('',(6.27E2,4.275E2,-4.110027614424E2));
#6521=DIRECTION('',(0.E0,1.E0,0.E0));
#6522=DIRECTION('',(1.E0,0.E0,0.E0));
#6523=AXIS2_PLACEMENT_3D('',#6520,#6521,#6522);
#6525=DIRECTION('',(0.E0,1.E0,0.E0));
#6526=VECTOR('',#6525,4.5E1);
#6527=CARTESIAN_POINT('',(4.37E2,3.825E2,-4.110027614424E2));
#6528=LINE('',#6527,#6526);
#6529=CARTESIAN_POINT('',(6.27E2,3.825E2,-4.110027614424E2));
#6530=DIRECTION('',(0.E0,-1.E0,0.E0));
#6531=DIRECTION('',(-1.E0,0.E0,0.E0));
#6532=AXIS2_PLACEMENT_3D('',#6529,#6530,#6531);
#6534=CARTESIAN_POINT('',(7.945E2,-3.825E2,-4.110027614424E2));
#6535=DIRECTION('',(0.E0,0.E0,-1.E0));
#6536=DIRECTION('',(0.E0,1.E0,0.E0));
#6537=AXIS2_PLACEMENT_3D('',#6534,#6535,#6536);
#6539=CARTESIAN_POINT('',(4.595E2,-3.825E2,-4.110027614424E2));
#6540=DIRECTION('',(0.E0,0.E0,1.E0));
#6541=DIRECTION('',(0.E0,1.E0,0.E0));
#6542=AXIS2_PLACEMENT_3D('',#6539,#6540,#6541);
#6544=CARTESIAN_POINT('',(6.27E2,-4.275E2,-4.110027614424E2));
#6545=DIRECTION('',(0.E0,-1.E0,0.E0));
#6546=DIRECTION('',(1.E0,0.E0,0.E0));
#6547=AXIS2_PLACEMENT_3D('',#6544,#6545,#6546);
#6549=CARTESIAN_POINT('',(6.27E2,-3.825E2,-4.110027614424E2));
#6550=DIRECTION('',(0.E0,1.E0,0.E0));
#6551=DIRECTION('',(-1.E0,0.E0,0.E0));
#6552=AXIS2_PLACEMENT_3D('',#6549,#6550,#6551);
#6554=DIRECTION('',(0.E0,-1.E0,0.E0));
#6555=VECTOR('',#6554,4.5E1);
#6556=CARTESIAN_POINT('',(8.17E2,-3.825E2,-4.110027614424E2));
#6557=LINE('',#6556,#6555);
#6558=CARTESIAN_POINT('',(7.945E2,-4.275E2,-4.110027614424E2));
#6559=DIRECTION('',(0.E0,0.E0,1.E0));
#6560=DIRECTION('',(0.E0,-1.E0,0.E0));
#6561=AXIS2_PLACEMENT_3D('',#6558,#6559,#6560);
#6563=CARTESIAN_POINT('',(6.27E2,-4.5E2,-4.110027614424E2));
#6564=DIRECTION('',(0.E0,-1.E0,0.E0));
#6565=DIRECTION('',(-1.E0,0.E0,0.E0));
#6566=AXIS2_PLACEMENT_3D('',#6563,#6564,#6565);
#6568=CARTESIAN_POINT('',(6.27E2,-4.5E2,-4.110027614424E2));
#6569=DIRECTION('',(0.E0,-1.E0,0.E0));
#6570=DIRECTION('',(1.E0,0.E0,0.E0));
#6571=AXIS2_PLACEMENT_3D('',#6568,#6569,#6570);
#6573=CARTESIAN_POINT('',(4.595E2,-4.275E2,-4.110027614424E2));
#6574=DIRECTION('',(0.E0,0.E0,-1.E0));
#6575=DIRECTION('',(0.E0,-1.E0,0.E0));
#6576=AXIS2_PLACEMENT_3D('',#6573,#6574,#6575);
#6578=CARTESIAN_POINT('',(6.27E2,-4.275E2,-4.110027614424E2));
#6579=DIRECTION('',(0.E0,-1.E0,0.E0));
#6580=DIRECTION('',(-1.E0,0.E0,0.E0));
#6581=AXIS2_PLACEMENT_3D('',#6578,#6579,#6580);
#6583=CARTESIAN_POINT('',(6.27E2,-3.825E2,-4.110027614424E2));
#6584=DIRECTION('',(0.E0,1.E0,0.E0));
#6585=DIRECTION('',(1.E0,0.E0,0.E0));
#6586=AXIS2_PLACEMENT_3D('',#6583,#6584,#6585);
#6588=DIRECTION('',(0.E0,-1.E0,0.E0));
#6589=VECTOR('',#6588,4.5E1);
#6590=CARTESIAN_POINT('',(4.37E2,-3.825E2,-4.110027614424E2));
#6591=LINE('',#6590,#6589);
#6592=CARTESIAN_POINT('',(6.445E2,3.25E2,-2.272327614424E2));
#6593=CARTESIAN_POINT('',(6.445E2,3.25E2,-4.510027614424E2));
#6594=VERTEX_POINT('',#6592);
#6595=VERTEX_POINT('',#6593);
#6596=CARTESIAN_POINT('',(6.445E2,-3.25E2,-4.510027614424E2));
#6597=CARTESIAN_POINT('',(6.445E2,-3.25E2,-2.272327614424E2));
#6598=VERTEX_POINT('',#6596);
#6599=VERTEX_POINT('',#6597);
#6600=CARTESIAN_POINT('',(6.095E2,3.25E2,-2.272327614424E2));
#6601=CARTESIAN_POINT('',(6.095E2,3.25E2,-4.510027614424E2));
#6602=VERTEX_POINT('',#6600);
#6603=VERTEX_POINT('',#6601);
#6604=CARTESIAN_POINT('',(6.095E2,-3.25E2,-4.510027614424E2));
#6605=CARTESIAN_POINT('',(6.095E2,-3.25E2,-2.272327614424E2));
#6606=VERTEX_POINT('',#6604);
#6607=VERTEX_POINT('',#6605);
#6608=CARTESIAN_POINT('',(6.445E2,-3.137672601266E2,-2.159827746829E2));
#6609=VERTEX_POINT('',#6608);
#6610=CARTESIAN_POINT('',(6.445E2,0.E0,-2.155013818824E2));
#6611=VERTEX_POINT('',#6610);
#6612=CARTESIAN_POINT('',(6.445E2,3.137672601266E2,-2.159827746829E2));
#6613=VERTEX_POINT('',#6612);
#6614=CARTESIAN_POINT('',(6.095E2,-3.137672601266E2,-2.159827746829E2));
#6615=VERTEX_POINT('',#6614);
#6616=CARTESIAN_POINT('',(6.095E2,0.E0,-2.155013818824E2));
#6617=VERTEX_POINT('',#6616);
#6618=CARTESIAN_POINT('',(6.095E2,3.137672601266E2,-2.159827746829E2));
#6619=VERTEX_POINT('',#6618);
#6620=CARTESIAN_POINT('',(6.445E2,2.675E2,-2.500027614424E2));
#6621=CARTESIAN_POINT('',(6.095E2,2.675E2,-2.500027614424E2));
#6622=VERTEX_POINT('',#6620);
#6623=VERTEX_POINT('',#6621);
#6624=CARTESIAN_POINT('',(6.445E2,2.9E2,-2.725027614424E2));
#6625=CARTESIAN_POINT('',(6.095E2,2.9E2,-2.725027614424E2));
#6626=VERTEX_POINT('',#6624);
#6627=VERTEX_POINT('',#6625);
#6628=CARTESIAN_POINT('',(6.445E2,-2.9E2,-2.725027614424E2));
#6629=CARTESIAN_POINT('',(6.095E2,-2.9E2,-2.725027614424E2));
#6630=VERTEX_POINT('',#6628);
#6631=VERTEX_POINT('',#6629);
#6632=CARTESIAN_POINT('',(6.445E2,-2.675E2,-2.500027614424E2));
#6633=CARTESIAN_POINT('',(6.095E2,-2.675E2,-2.500027614424E2));
#6634=VERTEX_POINT('',#6632);
#6635=VERTEX_POINT('',#6633);
#6636=CARTESIAN_POINT('',(6.445E2,2.9E2,-4.285027614424E2));
#6637=CARTESIAN_POINT('',(6.445E2,3.125E2,-4.510027614424E2));
#6638=VERTEX_POINT('',#6636);
#6639=VERTEX_POINT('',#6637);
#6640=CARTESIAN_POINT('',(6.095E2,3.125E2,-4.510027614424E2));
#6641=VERTEX_POINT('',#6640);
#6642=CARTESIAN_POINT('',(6.095E2,2.9E2,-4.285027614424E2));
#6643=VERTEX_POINT('',#6642);
#6644=CARTESIAN_POINT('',(6.445E2,-3.125E2,-4.510027614424E2));
#6645=CARTESIAN_POINT('',(6.445E2,-2.9E2,-4.285027614424E2));
#6646=VERTEX_POINT('',#6644);
#6647=VERTEX_POINT('',#6645);
#6648=CARTESIAN_POINT('',(6.095E2,-2.9E2,-4.285027614424E2));
#6649=VERTEX_POINT('',#6648);
#6650=CARTESIAN_POINT('',(6.095E2,-3.125E2,-4.510027614424E2));
#6651=VERTEX_POINT('',#6650);
#6652=CARTESIAN_POINT('',(6.37E2,-3.25E2,-4.110027614424E2));
#6653=CARTESIAN_POINT('',(6.17E2,-3.25E2,-4.110027614424E2));
#6654=VERTEX_POINT('',#6652);
#6655=VERTEX_POINT('',#6653);
#6656=CARTESIAN_POINT('',(6.37E2,-3.6E2,-4.110027614424E2));
#6657=CARTESIAN_POINT('',(6.17E2,-3.6E2,-4.110027614424E2));
#6658=VERTEX_POINT('',#6656);
#6659=VERTEX_POINT('',#6657);
#6660=CARTESIAN_POINT('',(4.595E2,-4.5E2,-4.110027614424E2));
#6661=CARTESIAN_POINT('',(7.945E2,-4.5E2,-4.110027614424E2));
#6662=VERTEX_POINT('',#6660);
#6663=VERTEX_POINT('',#6661);
#6664=CARTESIAN_POINT('',(4.37E2,-4.275E2,-4.110027614424E2));
#6665=CARTESIAN_POINT('',(8.17E2,-4.275E2,-4.110027614424E2));
#6666=VERTEX_POINT('',#6664);
#6667=VERTEX_POINT('',#6665);
#6668=CARTESIAN_POINT('',(7.945E2,-3.6E2,-4.110027614424E2));
#6669=CARTESIAN_POINT('',(4.595E2,-3.6E2,-4.110027614424E2));
#6670=VERTEX_POINT('',#6668);
#6671=VERTEX_POINT('',#6669);
#6672=CARTESIAN_POINT('',(8.17E2,-3.825E2,-4.110027614424E2));
#6673=CARTESIAN_POINT('',(4.37E2,-3.825E2,-4.110027614424E2));
#6674=VERTEX_POINT('',#6672);
#6675=VERTEX_POINT('',#6673);
#6676=CARTESIAN_POINT('',(6.37E2,3.25E2,-4.110027614424E2));
#6677=CARTESIAN_POINT('',(6.17E2,3.25E2,-4.110027614424E2));
#6678=VERTEX_POINT('',#6676);
#6679=VERTEX_POINT('',#6677);
#6680=CARTESIAN_POINT('',(6.37E2,3.6E2,-4.110027614424E2));
#6681=CARTESIAN_POINT('',(6.17E2,3.6E2,-4.110027614424E2));
#6682=VERTEX_POINT('',#6680);
#6683=VERTEX_POINT('',#6681);
#6684=CARTESIAN_POINT('',(7.945E2,4.5E2,-4.110027614424E2));
#6685=CARTESIAN_POINT('',(4.595E2,4.5E2,-4.110027614424E2));
#6686=VERTEX_POINT('',#6684);
#6687=VERTEX_POINT('',#6685);
#6688=CARTESIAN_POINT('',(8.17E2,4.275E2,-4.110027614424E2));
#6689=CARTESIAN_POINT('',(4.37E2,4.275E2,-4.110027614424E2));
#6690=VERTEX_POINT('',#6688);
#6691=VERTEX_POINT('',#6689);
#6692=CARTESIAN_POINT('',(4.595E2,3.6E2,-4.110027614424E2));
#6693=CARTESIAN_POINT('',(7.945E2,3.6E2,-4.110027614424E2));
#6694=VERTEX_POINT('',#6692);
#6695=VERTEX_POINT('',#6693);
#6696=CARTESIAN_POINT('',(4.37E2,3.825E2,-4.110027614424E2));
#6697=CARTESIAN_POINT('',(8.17E2,3.825E2,-4.110027614424E2));
#6698=VERTEX_POINT('',#6696);
#6699=VERTEX_POINT('',#6697);
#6700=CARTESIAN_POINT('',(0.E0,-3.6E2,0.E0));
#6701=DIRECTION('',(0.E0,-1.E0,0.E0));
#6702=DIRECTION('',(1.E0,0.E0,0.E0));
#6703=AXIS2_PLACEMENT_3D('',#6700,#6701,#6702);
#6704=PLANE('',#6703);
#6706=ORIENTED_EDGE('',*,*,#6705,.F.);
#6708=ORIENTED_EDGE('',*,*,#6707,.F.);
#6709=EDGE_LOOP('',(#6706,#6708));
#6710=FACE_OUTER_BOUND('',#6709,.F.);
#6712=ORIENTED_EDGE('',*,*,#6711,.F.);
#6714=ORIENTED_EDGE('',*,*,#6713,.F.);
#6715=EDGE_LOOP('',(#6712,#6714));
#6716=FACE_BOUND('',#6715,.F.);
#6717=ADVANCED_FACE('',(#6710,#6716),#6704,.F.);
#6718=CARTESIAN_POINT('',(6.27E2,-3.25E2,-4.110027614424E2));
#6719=DIRECTION('',(0.E0,-1.E0,0.E0));
#6720=DIRECTION('',(1.E0,0.E0,0.E0));
#6721=AXIS2_PLACEMENT_3D('',#6718,#6719,#6720);
#6722=CYLINDRICAL_SURFACE('',#6721,1.E1);
#6723=ORIENTED_EDGE('',*,*,#6711,.T.);
#6725=ORIENTED_EDGE('',*,*,#6724,.F.);
#6727=ORIENTED_EDGE('',*,*,#6726,.F.);
#6729=ORIENTED_EDGE('',*,*,#6728,.T.);
#6730=EDGE_LOOP('',(#6723,#6725,#6727,#6729));
#6731=FACE_OUTER_BOUND('',#6730,.F.);
#6732=ADVANCED_FACE('',(#6731),#6722,.T.);
#6733=CARTESIAN_POINT('',(6.27E2,-3.25E2,-4.110027614424E2));
#6734=DIRECTION('',(0.E0,-1.E0,0.E0));
#6735=DIRECTION('',(1.E0,0.E0,0.E0));
#6736=AXIS2_PLACEMENT_3D('',#6733,#6734,#6735);
#6737=CYLINDRICAL_SURFACE('',#6736,1.E1);
#6738=ORIENTED_EDGE('',*,*,#6713,.T.);
#6739=ORIENTED_EDGE('',*,*,#6728,.F.);
#6741=ORIENTED_EDGE('',*,*,#6740,.F.);
#6742=ORIENTED_EDGE('',*,*,#6724,.T.);
#6743=EDGE_LOOP('',(#6738,#6739,#6741,#6742));
#6744=FACE_OUTER_BOUND('',#6743,.F.);
#6745=ADVANCED_FACE('',(#6744),#6737,.T.);
#6746=CARTESIAN_POINT('',(6.445E2,-3.25E2,-4.510027614424E2));
#6747=DIRECTION('',(0.E0,1.E0,0.E0));
#6748=DIRECTION('',(0.E0,0.E0,1.E0));
#6749=AXIS2_PLACEMENT_3D('',#6746,#6747,#6748);
#6750=PLANE('',#6749);
#6752=ORIENTED_EDGE('',*,*,#6751,.F.);
#6754=ORIENTED_EDGE('',*,*,#6753,.T.);
#6756=ORIENTED_EDGE('',*,*,#6755,.T.);
#6758=ORIENTED_EDGE('',*,*,#6757,.F.);
#6759=EDGE_LOOP('',(#6752,#6754,#6756,#6758));
#6760=FACE_OUTER_BOUND('',#6759,.F.);
#6761=ORIENTED_EDGE('',*,*,#6726,.T.);
#6762=ORIENTED_EDGE('',*,*,#6740,.T.);
#6763=EDGE_LOOP('',(#6761,#6762));
#6764=FACE_BOUND('',#6763,.F.);
#6765=ADVANCED_FACE('',(#6760,#6764),#6750,.F.);
#6766=CARTESIAN_POINT('',(6.445E2,0.E0,-2.15E2));
#6767=DIRECTION('',(-1.E0,0.E0,0.E0));
#6768=DIRECTION('',(0.E0,-1.E0,0.E0));
#6769=AXIS2_PLACEMENT_3D('',#6766,#6767,#6768);
#6770=PLANE('',#6769);
#6772=ORIENTED_EDGE('',*,*,#6771,.F.);
#6774=ORIENTED_EDGE('',*,*,#6773,.T.);
#6776=ORIENTED_EDGE('',*,*,#6775,.F.);
#6778=ORIENTED_EDGE('',*,*,#6777,.T.);
#6780=ORIENTED_EDGE('',*,*,#6779,.F.);
#6782=ORIENTED_EDGE('',*,*,#6781,.T.);
#6784=ORIENTED_EDGE('',*,*,#6783,.F.);
#6786=ORIENTED_EDGE('',*,*,#6785,.T.);
#6787=ORIENTED_EDGE('',*,*,#6751,.T.);
#6789=ORIENTED_EDGE('',*,*,#6788,.T.);
#6791=ORIENTED_EDGE('',*,*,#6790,.T.);
#6793=ORIENTED_EDGE('',*,*,#6792,.T.);
#6795=ORIENTED_EDGE('',*,*,#6794,.T.);
#6797=ORIENTED_EDGE('',*,*,#6796,.T.);
#6799=ORIENTED_EDGE('',*,*,#6798,.T.);
#6800=EDGE_LOOP('',(#6772,#6774,#6776,#6778,#6780,#6782,#6784,#6786,#6787,#6789,
#6791,#6793,#6795,#6797,#6799));
#6801=FACE_OUTER_BOUND('',#6800,.F.);
#6802=ADVANCED_FACE('',(#6801),#6770,.F.);
#6803=CARTESIAN_POINT('',(-2.681953935885E3,3.125E2,-4.285027614424E2));
#6804=DIRECTION('',(1.E0,0.E0,0.E0));
#6805=DIRECTION('',(0.E0,-1.E0,0.E0));
#6806=AXIS2_PLACEMENT_3D('',#6803,#6804,#6805);
#6807=CYLINDRICAL_SURFACE('',#6806,2.25E1);
#6808=ORIENTED_EDGE('',*,*,#6771,.T.);
#6810=ORIENTED_EDGE('',*,*,#6809,.F.);
#6812=ORIENTED_EDGE('',*,*,#6811,.T.);
#6814=ORIENTED_EDGE('',*,*,#6813,.T.);
#6815=EDGE_LOOP('',(#6808,#6810,#6812,#6814));
#6816=FACE_OUTER_BOUND('',#6815,.F.);
#6817=ADVANCED_FACE('',(#6816),#6807,.T.);
#6818=CARTESIAN_POINT('',(6.445E2,3.25E2,-4.510027614424E2));
#6819=DIRECTION('',(0.E0,0.E0,1.E0));
#6820=DIRECTION('',(0.E0,-1.E0,0.E0));
#6821=AXIS2_PLACEMENT_3D('',#6818,#6819,#6820);
#6822=PLANE('',#6821);
#6823=ORIENTED_EDGE('',*,*,#6809,.T.);
#6824=ORIENTED_EDGE('',*,*,#6798,.F.);
#6826=ORIENTED_EDGE('',*,*,#6825,.T.);
#6828=ORIENTED_EDGE('',*,*,#6827,.T.);
#6829=EDGE_LOOP('',(#6823,#6824,#6826,#6828));
#6830=FACE_OUTER_BOUND('',#6829,.F.);
#6831=ADVANCED_FACE('',(#6830),#6822,.F.);
#6832=CARTESIAN_POINT('',(6.445E2,3.25E2,-2.272327614424E2));
#6833=DIRECTION('',(0.E0,-1.E0,0.E0));
#6834=DIRECTION('',(0.E0,0.E0,-1.E0));
#6835=AXIS2_PLACEMENT_3D('',#6832,#6833,#6834);
#6836=PLANE('',#6835);
#6837=ORIENTED_EDGE('',*,*,#6796,.F.);
#6839=ORIENTED_EDGE('',*,*,#6838,.T.);
#6841=ORIENTED_EDGE('',*,*,#6840,.T.);
#6842=ORIENTED_EDGE('',*,*,#6825,.F.);
#6843=EDGE_LOOP('',(#6837,#6839,#6841,#6842));
#6844=FACE_OUTER_BOUND('',#6843,.F.);
#6846=ORIENTED_EDGE('',*,*,#6845,.F.);
#6848=ORIENTED_EDGE('',*,*,#6847,.F.);
#6849=EDGE_LOOP('',(#6846,#6848));
#6850=FACE_BOUND('',#6849,.F.);
#6851=ADVANCED_FACE('',(#6844,#6850),#6836,.F.);
#6852=CARTESIAN_POINT('',(6.445E2,3.1375E2,-2.272327614424E2));
#6853=DIRECTION('',(-1.E0,0.E0,0.E0));
#6854=DIRECTION('',(0.E0,-1.E0,0.E0));
#6855=AXIS2_PLACEMENT_3D('',#6852,#6853,#6854);
#6856=CYLINDRICAL_SURFACE('',#6855,1.125E1);
#6857=ORIENTED_EDGE('',*,*,#6794,.F.);
#6859=ORIENTED_EDGE('',*,*,#6858,.T.);
#6861=ORIENTED_EDGE('',*,*,#6860,.T.);
#6862=ORIENTED_EDGE('',*,*,#6838,.F.);
#6863=EDGE_LOOP('',(#6857,#6859,#6861,#6862));
#6864=FACE_OUTER_BOUND('',#6863,.F.);
#6865=ADVANCED_FACE('',(#6864),#6856,.T.);
#6866=CARTESIAN_POINT('',(6.445E2,0.E0,-2.155013818824E2));
#6867=DIRECTION('',(0.E0,-1.534233475344E-3,-9.999988230631E-1));
#6868=DIRECTION('',(0.E0,9.999988230631E-1,-1.534233475344E-3));
#6869=AXIS2_PLACEMENT_3D('',#6866,#6867,#6868);
#6870=PLANE('',#6869);
#6871=ORIENTED_EDGE('',*,*,#6792,.F.);
#6873=ORIENTED_EDGE('',*,*,#6872,.T.);
#6875=ORIENTED_EDGE('',*,*,#6874,.T.);
#6876=ORIENTED_EDGE('',*,*,#6858,.F.);
#6877=EDGE_LOOP('',(#6871,#6873,#6875,#6876));
#6878=FACE_OUTER_BOUND('',#6877,.F.);
#6879=ADVANCED_FACE('',(#6878),#6870,.F.);
#6880=CARTESIAN_POINT('',(6.445E2,-3.137672601266E2,-2.159827746829E2));
#6881=DIRECTION('',(0.E0,1.534233475344E-3,-9.999988230631E-1));
#6882=DIRECTION('',(0.E0,9.999988230631E-1,1.534233475344E-3));
#6883=AXIS2_PLACEMENT_3D('',#6880,#6881,#6882);
#6884=PLANE('',#6883);
#6885=ORIENTED_EDGE('',*,*,#6790,.F.);
#6887=ORIENTED_EDGE('',*,*,#6886,.T.);
#6889=ORIENTED_EDGE('',*,*,#6888,.T.);
#6890=ORIENTED_EDGE('',*,*,#6872,.F.);
#6891=EDGE_LOOP('',(#6885,#6887,#6889,#6890));
#6892=FACE_OUTER_BOUND('',#6891,.F.);
#6893=ADVANCED_FACE('',(#6892),#6884,.F.);
#6894=CARTESIAN_POINT('',(6.445E2,-3.1375E2,-2.272327614424E2));
#6895=DIRECTION('',(-1.E0,0.E0,0.E0));
#6896=DIRECTION('',(0.E0,-1.E0,0.E0));
#6897=AXIS2_PLACEMENT_3D('',#6894,#6895,#6896);
#6898=CYLINDRICAL_SURFACE('',#6897,1.125E1);
#6899=ORIENTED_EDGE('',*,*,#6788,.F.);
#6900=ORIENTED_EDGE('',*,*,#6757,.T.);
#6902=ORIENTED_EDGE('',*,*,#6901,.T.);
#6903=ORIENTED_EDGE('',*,*,#6886,.F.);
#6904=EDGE_LOOP('',(#6899,#6900,#6902,#6903));
#6905=FACE_OUTER_BOUND('',#6904,.F.);
#6906=ADVANCED_FACE('',(#6905),#6898,.T.);
#6907=CARTESIAN_POINT('',(6.095E2,0.E0,-2.15E2));
#6908=DIRECTION('',(-1.E0,0.E0,0.E0));
#6909=DIRECTION('',(0.E0,-1.E0,0.E0));
#6910=AXIS2_PLACEMENT_3D('',#6907,#6908,#6909);
#6911=PLANE('',#6910);
#6912=ORIENTED_EDGE('',*,*,#6811,.F.);
#6913=ORIENTED_EDGE('',*,*,#6827,.F.);
#6914=ORIENTED_EDGE('',*,*,#6840,.F.);
#6915=ORIENTED_EDGE('',*,*,#6860,.F.);
#6916=ORIENTED_EDGE('',*,*,#6874,.F.);
#6917=ORIENTED_EDGE('',*,*,#6888,.F.);
#6918=ORIENTED_EDGE('',*,*,#6901,.F.);
#6919=ORIENTED_EDGE('',*,*,#6755,.F.);
#6921=ORIENTED_EDGE('',*,*,#6920,.F.);
#6923=ORIENTED_EDGE('',*,*,#6922,.F.);
#6925=ORIENTED_EDGE('',*,*,#6924,.F.);
#6927=ORIENTED_EDGE('',*,*,#6926,.F.);
#6929=ORIENTED_EDGE('',*,*,#6928,.F.);
#6931=ORIENTED_EDGE('',*,*,#6930,.F.);
#6933=ORIENTED_EDGE('',*,*,#6932,.F.);
#6934=EDGE_LOOP('',(#6912,#6913,#6914,#6915,#6916,#6917,#6918,#6919,#6921,#6923,
#6925,#6927,#6929,#6931,#6933));
#6935=FACE_OUTER_BOUND('',#6934,.F.);
#6936=ADVANCED_FACE('',(#6935),#6911,.T.);
#6937=CARTESIAN_POINT('',(6.445E2,-2.9E2,-4.510027614424E2));
#6938=DIRECTION('',(0.E0,0.E0,1.E0));
#6939=DIRECTION('',(0.E0,-1.E0,0.E0));
#6940=AXIS2_PLACEMENT_3D('',#6937,#6938,#6939);
#6941=PLANE('',#6940);
#6943=ORIENTED_EDGE('',*,*,#6942,.F.);
#6944=ORIENTED_EDGE('',*,*,#6920,.T.);
#6945=ORIENTED_EDGE('',*,*,#6753,.F.);
#6946=ORIENTED_EDGE('',*,*,#6785,.F.);
#6947=EDGE_LOOP('',(#6943,#6944,#6945,#6946));
#6948=FACE_OUTER_BOUND('',#6947,.F.);
#6949=ADVANCED_FACE('',(#6948),#6941,.F.);
#6950=CARTESIAN_POINT('',(-2.322614410299E3,-3.125E2,-4.285027614424E2));
#6951=DIRECTION('',(1.E0,0.E0,0.E0));
#6952=DIRECTION('',(0.E0,0.E0,-1.E0));
#6953=AXIS2_PLACEMENT_3D('',#6950,#6951,#6952);
#6954=CYLINDRICAL_SURFACE('',#6953,2.25E1);
#6955=ORIENTED_EDGE('',*,*,#6783,.T.);
#6957=ORIENTED_EDGE('',*,*,#6956,.F.);
#6958=ORIENTED_EDGE('',*,*,#6922,.T.);
#6959=ORIENTED_EDGE('',*,*,#6942,.T.);
#6960=EDGE_LOOP('',(#6955,#6957,#6958,#6959));
#6961=FACE_OUTER_BOUND('',#6960,.F.);
#6962=ADVANCED_FACE('',(#6961),#6954,.T.);
#6963=CARTESIAN_POINT('',(6.445E2,-2.9E2,-2.500027614424E2));
#6964=DIRECTION('',(0.E0,-1.E0,0.E0));
#6965=DIRECTION('',(0.E0,0.E0,-1.E0));
#6966=AXIS2_PLACEMENT_3D('',#6963,#6964,#6965);
#6967=PLANE('',#6966);
#6968=ORIENTED_EDGE('',*,*,#6956,.T.);
#6969=ORIENTED_EDGE('',*,*,#6781,.F.);
#6971=ORIENTED_EDGE('',*,*,#6970,.T.);
#6972=ORIENTED_EDGE('',*,*,#6924,.T.);
#6973=EDGE_LOOP('',(#6968,#6969,#6971,#6972));
#6974=FACE_OUTER_BOUND('',#6973,.F.);
#6975=ADVANCED_FACE('',(#6974),#6967,.F.);
#6976=CARTESIAN_POINT('',(2.921832E3,-2.675E2,-2.725027614424E2));
#6977=DIRECTION('',(-1.E0,0.E0,0.E0));
#6978=DIRECTION('',(0.E0,-1.E0,0.E0));
#6979=AXIS2_PLACEMENT_3D('',#6976,#6977,#6978);
#6980=CYLINDRICAL_SURFACE('',#6979,2.25E1);
#6981=ORIENTED_EDGE('',*,*,#6970,.F.);
#6982=ORIENTED_EDGE('',*,*,#6779,.T.);
#6984=ORIENTED_EDGE('',*,*,#6983,.T.);
#6985=ORIENTED_EDGE('',*,*,#6926,.T.);
#6986=EDGE_LOOP('',(#6981,#6982,#6984,#6985));
#6987=FACE_OUTER_BOUND('',#6986,.F.);
#6988=ADVANCED_FACE('',(#6987),#6980,.F.);
#6989=CARTESIAN_POINT('',(6.445E2,2.9E2,-2.500027614424E2));
#6990=DIRECTION('',(0.E0,0.E0,1.E0));
#6991=DIRECTION('',(0.E0,-1.E0,0.E0));
#6992=AXIS2_PLACEMENT_3D('',#6989,#6990,#6991);
#6993=PLANE('',#6992);
#6995=ORIENTED_EDGE('',*,*,#6994,.T.);
#6996=ORIENTED_EDGE('',*,*,#6928,.T.);
#6997=ORIENTED_EDGE('',*,*,#6983,.F.);
#6998=ORIENTED_EDGE('',*,*,#6777,.F.);
#6999=EDGE_LOOP('',(#6995,#6996,#6997,#6998));
#7000=FACE_OUTER_BOUND('',#6999,.F.);
#7001=ADVANCED_FACE('',(#7000),#6993,.F.);
#7002=CARTESIAN_POINT('',(2.921832E3,2.675E2,-2.725027614424E2));
#7003=DIRECTION('',(-1.E0,0.E0,0.E0));
#7004=DIRECTION('',(0.E0,0.E0,1.E0));
#7005=AXIS2_PLACEMENT_3D('',#7002,#7003,#7004);
#7006=CYLINDRICAL_SURFACE('',#7005,2.25E1);
#7007=ORIENTED_EDGE('',*,*,#6994,.F.);
#7008=ORIENTED_EDGE('',*,*,#6775,.T.);
#7010=ORIENTED_EDGE('',*,*,#7009,.T.);
#7011=ORIENTED_EDGE('',*,*,#6930,.T.);
#7012=EDGE_LOOP('',(#7007,#7008,#7010,#7011));
#7013=FACE_OUTER_BOUND('',#7012,.F.);
#7014=ADVANCED_FACE('',(#7013),#7006,.F.);
#7015=CARTESIAN_POINT('',(6.445E2,2.9E2,-4.510027614424E2));
#7016=DIRECTION('',(0.E0,1.E0,0.E0));
#7017=DIRECTION('',(0.E0,0.E0,1.E0));
#7018=AXIS2_PLACEMENT_3D('',#7015,#7016,#7017);
#7019=PLANE('',#7018);
#7020=ORIENTED_EDGE('',*,*,#6813,.F.);
#7021=ORIENTED_EDGE('',*,*,#6932,.T.);
#7022=ORIENTED_EDGE('',*,*,#7009,.F.);
#7023=ORIENTED_EDGE('',*,*,#6773,.F.);
#7024=EDGE_LOOP('',(#7020,#7021,#7022,#7023));
#7025=FACE_OUTER_BOUND('',#7024,.F.);
#7026=ADVANCED_FACE('',(#7025),#7019,.F.);
#7027=CARTESIAN_POINT('',(6.27E2,3.25E2,-4.110027614424E2));
#7028=DIRECTION('',(0.E0,-1.E0,0.E0));
#7029=DIRECTION('',(1.E0,0.E0,0.E0));
#7030=AXIS2_PLACEMENT_3D('',#7027,#7028,#7029);
#7031=CYLINDRICAL_SURFACE('',#7030,1.E1);
#7033=ORIENTED_EDGE('',*,*,#7032,.F.);
#7035=ORIENTED_EDGE('',*,*,#7034,.F.);
#7036=ORIENTED_EDGE('',*,*,#6845,.T.);
#7038=ORIENTED_EDGE('',*,*,#7037,.T.);
#7039=EDGE_LOOP('',(#7033,#7035,#7036,#7038));
#7040=FACE_OUTER_BOUND('',#7039,.F.);
#7041=ADVANCED_FACE('',(#7040),#7031,.T.);
#7042=CARTESIAN_POINT('',(0.E0,3.6E2,0.E0));
#7043=DIRECTION('',(0.E0,-1.E0,0.E0));
#7044=DIRECTION('',(1.E0,0.E0,0.E0));
#7045=AXIS2_PLACEMENT_3D('',#7042,#7043,#7044);
#7046=PLANE('',#7045);
#7048=ORIENTED_EDGE('',*,*,#7047,.F.);
#7050=ORIENTED_EDGE('',*,*,#7049,.F.);
#7051=EDGE_LOOP('',(#7048,#7050));
#7052=FACE_OUTER_BOUND('',#7051,.F.);
#7053=ORIENTED_EDGE('',*,*,#7032,.T.);
#7055=ORIENTED_EDGE('',*,*,#7054,.T.);
#7056=EDGE_LOOP('',(#7053,#7055));
#7057=FACE_BOUND('',#7056,.F.);
#7058=ADVANCED_FACE('',(#7052,#7057),#7046,.T.);
#7059=CARTESIAN_POINT('',(6.27E2,3.25E2,-4.110027614424E2));
#7060=DIRECTION('',(0.E0,-1.E0,0.E0));
#7061=DIRECTION('',(1.E0,0.E0,0.E0));
#7062=AXIS2_PLACEMENT_3D('',#7059,#7060,#7061);
#7063=CYLINDRICAL_SURFACE('',#7062,1.E1);
#7064=ORIENTED_EDGE('',*,*,#7054,.F.);
#7065=ORIENTED_EDGE('',*,*,#7037,.F.);
#7066=ORIENTED_EDGE('',*,*,#6847,.T.);
#7067=ORIENTED_EDGE('',*,*,#7034,.T.);
#7068=EDGE_LOOP('',(#7064,#7065,#7066,#7067));
#7069=FACE_OUTER_BOUND('',#7068,.F.);
#7070=ADVANCED_FACE('',(#7069),#7063,.T.);
#7071=CARTESIAN_POINT('',(6.27E2,3.825E2,-4.110027614424E2));
#7072=DIRECTION('',(0.E0,-1.E0,0.E0));
#7073=DIRECTION('',(-9.999996725125E-1,0.E0,8.093051748119E-4));
#7074=AXIS2_PLACEMENT_3D('',#7071,#7072,#7073);
#7075=TOROIDAL_SURFACE('',#7074,1.675E2,2.25E1);
#7076=ORIENTED_EDGE('',*,*,#7047,.T.);
#7078=ORIENTED_EDGE('',*,*,#7077,.T.);
#7080=ORIENTED_EDGE('',*,*,#7079,.F.);
#7082=ORIENTED_EDGE('',*,*,#7081,.F.);
#7083=EDGE_LOOP('',(#7076,#7078,#7080,#7082));
#7084=FACE_OUTER_BOUND('',#7083,.F.);
#7085=ADVANCED_FACE('',(#7084),#7075,.T.);
#7086=CARTESIAN_POINT('',(6.27E2,3.825E2,-4.110027614424E2));
#7087=DIRECTION('',(0.E0,-1.E0,0.E0));
#7088=DIRECTION('',(9.999996725125E-1,0.E0,-8.093051748123E-4));
#7089=AXIS2_PLACEMENT_3D('',#7086,#7087,#7088);
#7090=TOROIDAL_SURFACE('',#7089,1.675E2,2.25E1);
#7091=ORIENTED_EDGE('',*,*,#7049,.T.);
#7092=ORIENTED_EDGE('',*,*,#7081,.T.);
#7094=ORIENTED_EDGE('',*,*,#7093,.F.);
#7095=ORIENTED_EDGE('',*,*,#7077,.F.);
#7096=EDGE_LOOP('',(#7091,#7092,#7094,#7095));
#7097=FACE_OUTER_BOUND('',#7096,.F.);
#7098=ADVANCED_FACE('',(#7097),#7090,.T.);
#7099=CARTESIAN_POINT('',(6.27E2,3.6E2,-4.110027614424E2));
#7100=DIRECTION('',(0.E0,-1.E0,0.E0));
#7101=DIRECTION('',(1.E0,0.E0,0.E0));
#7102=AXIS2_PLACEMENT_3D('',#7099,#7100,#7101);
#7103=CYLINDRICAL_SURFACE('',#7102,1.9E2);
#7105=ORIENTED_EDGE('',*,*,#7104,.T.);
#7107=ORIENTED_EDGE('',*,*,#7106,.F.);
#7108=ORIENTED_EDGE('',*,*,#7093,.T.);
#7110=ORIENTED_EDGE('',*,*,#7109,.T.);
#7111=EDGE_LOOP('',(#7105,#7107,#7108,#7110));
#7112=FACE_OUTER_BOUND('',#7111,.F.);
#7113=ADVANCED_FACE('',(#7112),#7103,.T.);
#7114=CARTESIAN_POINT('',(6.27E2,4.275E2,-4.110027614424E2));
#7115=DIRECTION('',(0.E0,-1.E0,0.E0));
#7116=DIRECTION('',(-9.999993391374E-1,0.E0,-1.149662904638E-3));
#7117=AXIS2_PLACEMENT_3D('',#7114,#7115,#7116);
#7118=TOROIDAL_SURFACE('',#7117,1.675E2,2.25E1);
#7120=ORIENTED_EDGE('',*,*,#7119,.T.);
#7122=ORIENTED_EDGE('',*,*,#7121,.T.);
#7123=ORIENTED_EDGE('',*,*,#7104,.F.);
#7125=ORIENTED_EDGE('',*,*,#7124,.F.);
#7126=EDGE_LOOP('',(#7120,#7122,#7123,#7125));
#7127=FACE_OUTER_BOUND('',#7126,.F.);
#7128=ADVANCED_FACE('',(#7127),#7118,.T.);
#7129=CARTESIAN_POINT('',(0.E0,4.5E2,0.E0));
#7130=DIRECTION('',(0.E0,-1.E0,0.E0));
#7131=DIRECTION('',(1.E0,0.E0,0.E0));
#7132=AXIS2_PLACEMENT_3D('',#7129,#7130,#7131);
#7133=PLANE('',#7132);
#7135=ORIENTED_EDGE('',*,*,#7134,.F.);
#7136=ORIENTED_EDGE('',*,*,#7119,.F.);
#7137=EDGE_LOOP('',(#7135,#7136));
#7138=FACE_OUTER_BOUND('',#7137,.F.);
#7139=ADVANCED_FACE('',(#7138),#7133,.F.);
#7140=CARTESIAN_POINT('',(6.27E2,4.275E2,-4.110027614424E2));
#7141=DIRECTION('',(0.E0,-1.E0,0.E0));
#7142=DIRECTION('',(9.999993391374E-1,0.E0,1.149662904639E-3));
#7143=AXIS2_PLACEMENT_3D('',#7140,#7141,#7142);
#7144=TOROIDAL_SURFACE('',#7143,1.675E2,2.25E1);
#7145=ORIENTED_EDGE('',*,*,#7134,.T.);
#7146=ORIENTED_EDGE('',*,*,#7124,.T.);
#7148=ORIENTED_EDGE('',*,*,#7147,.F.);
#7149=ORIENTED_EDGE('',*,*,#7121,.F.);
#7150=EDGE_LOOP('',(#7145,#7146,#7148,#7149));
#7151=FACE_OUTER_BOUND('',#7150,.F.);
#7152=ADVANCED_FACE('',(#7151),#7144,.T.);
#7153=CARTESIAN_POINT('',(6.27E2,3.6E2,-4.110027614424E2));
#7154=DIRECTION('',(0.E0,-1.E0,0.E0));
#7155=DIRECTION('',(1.E0,0.E0,0.E0));
#7156=AXIS2_PLACEMENT_3D('',#7153,#7154,#7155);
#7157=CYLINDRICAL_SURFACE('',#7156,1.9E2);
#7158=ORIENTED_EDGE('',*,*,#7147,.T.);
#7159=ORIENTED_EDGE('',*,*,#7109,.F.);
#7160=ORIENTED_EDGE('',*,*,#7079,.T.);
#7161=ORIENTED_EDGE('',*,*,#7106,.T.);
#7162=EDGE_LOOP('',(#7158,#7159,#7160,#7161));
#7163=FACE_OUTER_BOUND('',#7162,.F.);
#7164=ADVANCED_FACE('',(#7163),#7157,.T.);
#7165=CARTESIAN_POINT('',(6.27E2,-3.825E2,-4.110027614424E2));
#7166=DIRECTION('',(0.E0,-1.E0,0.E0));
#7167=DIRECTION('',(9.999993391374E-1,0.E0,1.149662904638E-3));
#7168=AXIS2_PLACEMENT_3D('',#7165,#7166,#7167);
#7169=TOROIDAL_SURFACE('',#7168,1.675E2,2.25E1);
#7170=ORIENTED_EDGE('',*,*,#6705,.T.);
#7172=ORIENTED_EDGE('',*,*,#7171,.T.);
#7174=ORIENTED_EDGE('',*,*,#7173,.F.);
#7176=ORIENTED_EDGE('',*,*,#7175,.F.);
#7177=EDGE_LOOP('',(#7170,#7172,#7174,#7176));
#7178=FACE_OUTER_BOUND('',#7177,.F.);
#7179=ADVANCED_FACE('',(#7178),#7169,.T.);
#7180=CARTESIAN_POINT('',(6.27E2,-3.825E2,-4.110027614424E2));
#7181=DIRECTION('',(0.E0,-1.E0,0.E0));
#7182=DIRECTION('',(-9.999993391374E-1,0.E0,-1.149662904638E-3));
#7183=AXIS2_PLACEMENT_3D('',#7180,#7181,#7182);
#7184=TOROIDAL_SURFACE('',#7183,1.675E2,2.25E1);
#7185=ORIENTED_EDGE('',*,*,#6707,.T.);
#7186=ORIENTED_EDGE('',*,*,#7175,.T.);
#7188=ORIENTED_EDGE('',*,*,#7187,.F.);
#7189=ORIENTED_EDGE('',*,*,#7171,.F.);
#7190=EDGE_LOOP('',(#7185,#7186,#7188,#7189));
#7191=FACE_OUTER_BOUND('',#7190,.F.);
#7192=ADVANCED_FACE('',(#7191),#7184,.T.);
#7193=CARTESIAN_POINT('',(6.27E2,-3.6E2,-4.110027614424E2));
#7194=DIRECTION('',(0.E0,-1.E0,0.E0));
#7195=DIRECTION('',(1.E0,0.E0,0.E0));
#7196=AXIS2_PLACEMENT_3D('',#7193,#7194,#7195);
#7197=CYLINDRICAL_SURFACE('',#7196,1.9E2);
#7199=ORIENTED_EDGE('',*,*,#7198,.T.);
#7201=ORIENTED_EDGE('',*,*,#7200,.F.);
#7202=ORIENTED_EDGE('',*,*,#7187,.T.);
#7204=ORIENTED_EDGE('',*,*,#7203,.T.);
#7205=EDGE_LOOP('',(#7199,#7201,#7202,#7204));
#7206=FACE_OUTER_BOUND('',#7205,.F.);
#7207=ADVANCED_FACE('',(#7206),#7197,.T.);
#7208=CARTESIAN_POINT('',(6.27E2,-4.275E2,-4.110027614424E2));
#7209=DIRECTION('',(0.E0,-1.E0,0.E0));
#7210=DIRECTION('',(9.999996725125E-1,0.E0,-8.093051748123E-4));
#7211=AXIS2_PLACEMENT_3D('',#7208,#7209,#7210);
#7212=TOROIDAL_SURFACE('',#7211,1.675E2,2.25E1);
#7214=ORIENTED_EDGE('',*,*,#7213,.T.);
#7216=ORIENTED_EDGE('',*,*,#7215,.T.);
#7217=ORIENTED_EDGE('',*,*,#7198,.F.);
#7219=ORIENTED_EDGE('',*,*,#7218,.F.);
#7220=EDGE_LOOP('',(#7214,#7216,#7217,#7219));
#7221=FACE_OUTER_BOUND('',#7220,.F.);
#7222=ADVANCED_FACE('',(#7221),#7212,.T.);
#7223=CARTESIAN_POINT('',(0.E0,-4.5E2,0.E0));
#7224=DIRECTION('',(0.E0,-1.E0,0.E0));
#7225=DIRECTION('',(1.E0,0.E0,0.E0));
#7226=AXIS2_PLACEMENT_3D('',#7223,#7224,#7225);
#7227=PLANE('',#7226);
#7229=ORIENTED_EDGE('',*,*,#7228,.F.);
#7230=ORIENTED_EDGE('',*,*,#7213,.F.);
#7231=EDGE_LOOP('',(#7229,#7230));
#7232=FACE_OUTER_BOUND('',#7231,.F.);
#7233=ADVANCED_FACE('',(#7232),#7227,.T.);
#7234=CARTESIAN_POINT('',(6.27E2,-4.275E2,-4.110027614424E2));
#7235=DIRECTION('',(0.E0,-1.E0,0.E0));
#7236=DIRECTION('',(-9.999996725125E-1,0.E0,8.093051748119E-4));
#7237=AXIS2_PLACEMENT_3D('',#7234,#7235,#7236);
#7238=TOROIDAL_SURFACE('',#7237,1.675E2,2.25E1);
#7239=ORIENTED_EDGE('',*,*,#7228,.T.);
#7240=ORIENTED_EDGE('',*,*,#7218,.T.);
#7242=ORIENTED_EDGE('',*,*,#7241,.F.);
#7243=ORIENTED_EDGE('',*,*,#7215,.F.);
#7244=EDGE_LOOP('',(#7239,#7240,#7242,#7243));
#7245=FACE_OUTER_BOUND('',#7244,.F.);
#7246=ADVANCED_FACE('',(#7245),#7238,.T.);
#7247=CARTESIAN_POINT('',(6.27E2,-3.6E2,-4.110027614424E2));
#7248=DIRECTION('',(0.E0,-1.E0,0.E0));
#7249=DIRECTION('',(1.E0,0.E0,0.E0));
#7250=AXIS2_PLACEMENT_3D('',#7247,#7248,#7249);
#7251=CYLINDRICAL_SURFACE('',#7250,1.9E2);
#7252=ORIENTED_EDGE('',*,*,#7241,.T.);
#7253=ORIENTED_EDGE('',*,*,#7203,.F.);
#7254=ORIENTED_EDGE('',*,*,#7173,.T.);
#7255=ORIENTED_EDGE('',*,*,#7200,.T.);
#7256=EDGE_LOOP('',(#7252,#7253,#7254,#7255));
#7257=FACE_OUTER_BOUND('',#7256,.F.);
#7258=ADVANCED_FACE('',(#7257),#7251,.T.);
#7262=DIMENSIONAL_EXPONENTS(0.E0,0.E0,0.E0,0.E0,0.E0,0.E0,0.E0);
#7264=PLANE_ANGLE_MEASURE_WITH_UNIT(PLANE_ANGLE_MEASURE(1.745329251994E-2),
#7263);
#7265=(CONVERSION_BASED_UNIT('DEGREE',#7264)NAMED_UNIT(*)PLANE_ANGLE_UNIT());
#7267=UNCERTAINTY_MEASURE_WITH_UNIT(LENGTH_MEASURE(1.E-2),#7261,'closure',
'Maximum model space distance between geometric entities at asserted connectivities');
#7268=(GEOMETRIC_REPRESENTATION_CONTEXT(3)GLOBAL_UNCERTAINTY_ASSIGNED_CONTEXT((
#7267))GLOBAL_UNIT_ASSIGNED_CONTEXT((#7261,#7265,#7266))REPRESENTATION_CONTEXT(
'ID1','3'));
#7270=APPLICATION_CONTEXT(
'CONFIGURATION CONTROLLED 3D DESIGNS OF MECHANICAL PARTS AND ASSEMBLIES');
#7271=APPLICATION_PROTOCOL_DEFINITION('international standard',
'config_control_design',1994,#7270);
#7272=DESIGN_CONTEXT('',#7270,'design');
#7273=MECHANICAL_CONTEXT('',#7270,'mechanical');
#7274=PRODUCT('GARDEN_CART_BLK','GARDEN_CART_BLK','NOT SPECIFIED',(#7273));
#7275=PRODUCT_DEFINITION_FORMATION_WITH_SPECIFIED_SOURCE('6','LAST_VERSION',
#7274,.MADE.);
#7279=PRODUCT_CATEGORY('part','');
#7280=PRODUCT_RELATED_PRODUCT_CATEGORY('detail','',(#7274));
#7281=PRODUCT_CATEGORY_RELATIONSHIP('','',#7279,#7280);
#7282=SECURITY_CLASSIFICATION_LEVEL('unclassified');
#7283=SECURITY_CLASSIFICATION('','',#7282);
#7284=CC_DESIGN_SECURITY_CLASSIFICATION(#7283,(#7275));
#7285=APPROVAL_STATUS('approved');
#7286=APPROVAL(#7285,'');
#7287=CC_DESIGN_APPROVAL(#7286,(#7283,#7275,#7276));
#7288=CALENDAR_DATE(125,26,9);
#7289=COORDINATED_UNIVERSAL_TIME_OFFSET(4,0,.BEHIND.);
#7290=LOCAL_TIME(14,38,2.4E1,#7289);
#7291=DATE_AND_TIME(#7288,#7290);
#7292=APPROVAL_DATE_TIME(#7291,#7286);
#7293=DATE_TIME_ROLE('creation_date');
#7294=CC_DESIGN_DATE_AND_TIME_ASSIGNMENT(#7291,#7293,(#7276));
#7295=DATE_TIME_ROLE('classification_date');
#7296=CC_DESIGN_DATE_AND_TIME_ASSIGNMENT(#7291,#7295,(#7283));
#7297=PERSON('UNSPECIFIED','UNSPECIFIED',$,$,$,$);
#7298=ORGANIZATION('UNSPECIFIED','UNSPECIFIED','UNSPECIFIED');
#7299=PERSON_AND_ORGANIZATION(#7297,#7298);
#7300=APPROVAL_ROLE('approver');
#7301=APPROVAL_PERSON_ORGANIZATION(#7299,#7286,#7300);
#7302=PERSON_AND_ORGANIZATION_ROLE('creator');
#7303=CC_DESIGN_PERSON_AND_ORGANIZATION_ASSIGNMENT(#7299,#7302,(#7275,#7276));
#7304=PERSON_AND_ORGANIZATION_ROLE('design_supplier');
#7305=CC_DESIGN_PERSON_AND_ORGANIZATION_ASSIGNMENT(#7299,#7304,(#7275));
#7306=PERSON_AND_ORGANIZATION_ROLE('classification_officer');
#7307=CC_DESIGN_PERSON_AND_ORGANIZATION_ASSIGNMENT(#7299,#7306,(#7283));
#7308=PERSON_AND_ORGANIZATION_ROLE('design_owner');
#7309=CC_DESIGN_PERSON_AND_ORGANIZATION_ASSIGNMENT(#7299,#7308,(#7274));
#1725=CIRCLE('',#1724,2.25E1);
#1730=CIRCLE('',#1729,2.25E1);
#1771=CIRCLE('',#1770,2.25E1);
#1780=CIRCLE('',#1779,2.25E1);
#1793=CIRCLE('',#1792,2.25E1);
#1798=CIRCLE('',#1797,2.25E1);
#1807=CIRCLE('',#1806,2.25E1);
#1816=CIRCLE('',#1815,2.25E1);
#2446=EDGE_CURVE('',#1992,#1987,#108,.T.);
#2448=EDGE_CURVE('',#1992,#2232,#4,.T.);
#2450=EDGE_CURVE('',#2232,#2227,#388,.T.);
#2452=EDGE_CURVE('',#1987,#2227,#1292,.T.);
#2462=EDGE_CURVE('',#2072,#2067,#672,.T.);
#2464=EDGE_CURVE('',#2147,#2067,#1296,.T.);
#2466=EDGE_CURVE('',#2152,#2147,#1008,.T.);
#2468=EDGE_CURVE('',#2152,#2072,#8,.T.);
#2478=EDGE_CURVE('',#1836,#1838,#244,.T.);
#2480=EDGE_CURVE('',#1836,#1852,#12,.T.);
#2482=EDGE_CURVE('',#1852,#1854,#828,.T.);
#2484=EDGE_CURVE('',#1838,#1854,#748,.T.);
#2488=EDGE_CURVE('',#1947,#1948,#16,.T.);
#2490=EDGE_CURVE('',#1948,#1950,#20,.T.);
#2492=EDGE_CURVE('',#1950,#1952,#24,.T.);
#2494=EDGE_CURVE('',#1952,#1947,#28,.T.);
#2498=EDGE_CURVE('',#1955,#1956,#32,.T.);
#2500=EDGE_CURVE('',#1956,#1958,#36,.T.);
#2502=EDGE_CURVE('',#1958,#1960,#40,.T.);
#2504=EDGE_CURVE('',#1960,#1955,#44,.T.);
#2508=EDGE_CURVE('',#1963,#1964,#48,.T.);
#2510=EDGE_CURVE('',#1964,#1966,#52,.T.);
#2512=EDGE_CURVE('',#1966,#1968,#56,.T.);
#2514=EDGE_CURVE('',#1968,#1963,#60,.T.);
#2518=EDGE_CURVE('',#1971,#1972,#64,.T.);
#2520=EDGE_CURVE('',#1972,#1974,#68,.T.);
#2522=EDGE_CURVE('',#1974,#1976,#72,.T.);
#2524=EDGE_CURVE('',#1976,#1971,#76,.T.);
#2528=EDGE_CURVE('',#1979,#1980,#80,.T.);
#2530=EDGE_CURVE('',#1980,#1982,#84,.T.);
#2532=EDGE_CURVE('',#1982,#1984,#88,.T.);
#2534=EDGE_CURVE('',#1984,#1979,#92,.T.);
#2538=EDGE_CURVE('',#1987,#1988,#96,.T.);
#2540=EDGE_CURVE('',#1988,#1990,#100,.T.);
#2542=EDGE_CURVE('',#1990,#1992,#104,.T.);
#2547=EDGE_CURVE('',#1995,#1996,#112,.T.);
#2549=EDGE_CURVE('',#1996,#1998,#116,.T.);
#2551=EDGE_CURVE('',#1998,#2000,#120,.T.);
#2553=EDGE_CURVE('',#2000,#1995,#124,.T.);
#2557=EDGE_CURVE('',#2003,#2004,#128,.T.);
#2559=EDGE_CURVE('',#2004,#2006,#132,.T.);
#2561=EDGE_CURVE('',#2006,#2008,#136,.T.);
#2563=EDGE_CURVE('',#2008,#2003,#140,.T.);
#2567=EDGE_CURVE('',#2011,#2012,#144,.T.);
#2569=EDGE_CURVE('',#2012,#2014,#148,.T.);
#2571=EDGE_CURVE('',#2014,#2016,#152,.T.);
#2573=EDGE_CURVE('',#2016,#2011,#156,.T.);
#2577=EDGE_CURVE('',#2019,#2020,#160,.T.);
#2579=EDGE_CURVE('',#2020,#2022,#164,.T.);
#2581=EDGE_CURVE('',#2022,#2024,#168,.T.);
#2583=EDGE_CURVE('',#2024,#2019,#172,.T.);
#2593=EDGE_CURVE('',#1835,#1836,#240,.T.);
#2596=EDGE_CURVE('',#1838,#1840,#248,.T.);
#2598=EDGE_CURVE('',#1840,#1835,#252,.T.);
#2602=EDGE_CURVE('',#1883,#1884,#192,.T.);
#2604=EDGE_CURVE('',#1884,#1875,#196,.T.);
#2606=EDGE_CURVE('',#1875,#1876,#200,.T.);
#2608=EDGE_CURVE('',#1876,#1883,#204,.T.);
#2612=EDGE_CURVE('',#1879,#1880,#208,.T.);
#2614=EDGE_CURVE('',#1880,#1889,#212,.T.);
#2616=EDGE_CURVE('',#1889,#1890,#216,.T.);
#2618=EDGE_CURVE('',#1890,#1879,#220,.T.);
#2622=EDGE_CURVE('',#1869,#1870,#224,.T.);
#2624=EDGE_CURVE('',#1870,#1893,#228,.T.);
#2626=EDGE_CURVE('',#1893,#1894,#232,.T.);
#2628=EDGE_CURVE('',#1894,#1869,#236,.T.);
#2632=EDGE_CURVE('',#1844,#1872,#176,.T.);
#2634=EDGE_CURVE('',#1872,#1886,#180,.T.);
#2636=EDGE_CURVE('',#1886,#1843,#184,.T.);
#2638=EDGE_CURVE('',#1843,#1844,#188,.T.);
#2642=EDGE_CURVE('',#1848,#1866,#256,.T.);
#2644=EDGE_CURVE('',#1866,#1896,#260,.T.);
#2646=EDGE_CURVE('',#1896,#1847,#264,.T.);
#2648=EDGE_CURVE('',#1847,#1848,#268,.T.);
#2652=EDGE_CURVE('',#1899,#1900,#272,.T.);
#2654=EDGE_CURVE('',#1900,#1902,#276,.T.);
#2656=EDGE_CURVE('',#1902,#1904,#280,.T.);
#2658=EDGE_CURVE('',#1904,#1899,#284,.T.);
#2662=EDGE_CURVE('',#1907,#1908,#288,.T.);
#2664=EDGE_CURVE('',#1908,#1910,#292,.T.);
#2666=EDGE_CURVE('',#1910,#1912,#296,.T.);
#2668=EDGE_CURVE('',#1912,#1907,#300,.T.);
#2678=EDGE_CURVE('',#2418,#2422,#464,.T.);
#2680=EDGE_CURVE('',#1872,#2422,#468,.T.);
#2683=EDGE_CURVE('',#1844,#2418,#472,.T.);
#2693=EDGE_CURVE('',#2425,#2426,#476,.T.);
#2695=EDGE_CURVE('',#1876,#2426,#480,.T.);
#2698=EDGE_CURVE('',#1875,#2425,#484,.T.);
#2708=EDGE_CURVE('',#2429,#2430,#488,.T.);
#2710=EDGE_CURVE('',#1890,#2430,#492,.T.);
#2713=EDGE_CURVE('',#1889,#2429,#496,.T.);
#2723=EDGE_CURVE('',#2433,#2434,#500,.T.);
#2725=EDGE_CURVE('',#1894,#2434,#504,.T.);
#2728=EDGE_CURVE('',#1893,#2433,#508,.T.);
#2738=EDGE_CURVE('',#2437,#2438,#512,.T.);
#2740=EDGE_CURVE('',#1847,#2438,#1524,.T.);
#2743=EDGE_CURVE('',#1896,#2437,#516,.T.);
#2753=EDGE_CURVE('',#2420,#2440,#520,.T.);
#2755=EDGE_CURVE('',#2420,#2360,#524,.T.);
#2757=EDGE_CURVE('',#2360,#2323,#528,.T.);
#2759=EDGE_CURVE('',#2323,#2324,#800,.T.);
#2761=EDGE_CURVE('',#2355,#2324,#1612,.T.);
#2763=EDGE_CURVE('',#2355,#2344,#532,.T.);
#2765=EDGE_CURVE('',#2344,#2312,#536,.T.);
#2767=EDGE_CURVE('',#2312,#2307,#772,.T.);
#2769=EDGE_CURVE('',#2339,#2307,#1636,.T.);
#2771=EDGE_CURVE('',#2339,#1862,#540,.T.);
#2773=EDGE_CURVE('',#1862,#1864,#840,.T.);
#2775=EDGE_CURVE('',#2371,#1864,#1564,.T.);
#2777=EDGE_CURVE('',#2275,#2371,#1632,.T.);
#2779=EDGE_CURVE('',#2280,#2275,#880,.T.);
#2781=EDGE_CURVE('',#2280,#2376,#544,.T.);
#2783=EDGE_CURVE('',#2387,#2376,#1548,.T.);
#2785=EDGE_CURVE('',#2292,#2387,#1608,.T.);
#2787=EDGE_CURVE('',#2291,#2292,#900,.T.);
#2789=EDGE_CURVE('',#2291,#2392,#548,.T.);
#2791=EDGE_CURVE('',#2440,#2392,#1532,.T.);
#2795=EDGE_CURVE('',#2187,#2188,#304,.T.);
#2797=EDGE_CURVE('',#2192,#2187,#308,.T.);
#2799=EDGE_CURVE('',#2190,#2192,#312,.T.);
#2801=EDGE_CURVE('',#2188,#2190,#316,.T.);
#2805=EDGE_CURVE('',#2195,#2196,#320,.T.);
#2807=EDGE_CURVE('',#2200,#2195,#324,.T.);
#2809=EDGE_CURVE('',#2198,#2200,#328,.T.);
#2811=EDGE_CURVE('',#2196,#2198,#332,.T.);
#2815=EDGE_CURVE('',#2203,#2204,#336,.T.);
#2817=EDGE_CURVE('',#2208,#2203,#340,.T.);
#2819=EDGE_CURVE('',#2206,#2208,#344,.T.);
#2821=EDGE_CURVE('',#2204,#2206,#348,.T.);
#2825=EDGE_CURVE('',#2211,#2212,#352,.T.);
#2827=EDGE_CURVE('',#2216,#2211,#356,.T.);
#2829=EDGE_CURVE('',#2214,#2216,#360,.T.);
#2831=EDGE_CURVE('',#2212,#2214,#364,.T.);
#2835=EDGE_CURVE('',#2219,#2220,#368,.T.);
#2837=EDGE_CURVE('',#2224,#2219,#372,.T.);
#2839=EDGE_CURVE('',#2222,#2224,#376,.T.);
#2841=EDGE_CURVE('',#2220,#2222,#380,.T.);
#2845=EDGE_CURVE('',#2227,#2228,#384,.T.);
#2848=EDGE_CURVE('',#2230,#2232,#392,.T.);
#2850=EDGE_CURVE('',#2228,#2230,#396,.T.);
#2854=EDGE_CURVE('',#2235,#2236,#400,.T.);
#2856=EDGE_CURVE('',#2240,#2235,#404,.T.);
#2858=EDGE_CURVE('',#2238,#2240,#408,.T.);
#2860=EDGE_CURVE('',#2236,#2238,#412,.T.);
#2864=EDGE_CURVE('',#2243,#2244,#416,.T.);
#2866=EDGE_CURVE('',#2248,#2243,#420,.T.);
#2868=EDGE_CURVE('',#2246,#2248,#424,.T.);
#2870=EDGE_CURVE('',#2244,#2246,#428,.T.);
#2874=EDGE_CURVE('',#2251,#2252,#432,.T.);
#2876=EDGE_CURVE('',#2256,#2251,#436,.T.);
#2878=EDGE_CURVE('',#2254,#2256,#440,.T.);
#2880=EDGE_CURVE('',#2252,#2254,#444,.T.);
#2884=EDGE_CURVE('',#2259,#2260,#448,.T.);
#2886=EDGE_CURVE('',#2264,#2259,#452,.T.);
#2888=EDGE_CURVE('',#2262,#2264,#456,.T.);
#2890=EDGE_CURVE('',#2260,#2262,#460,.T.);
#2901=EDGE_CURVE('',#1947,#2187,#552,.T.);
#2904=EDGE_CURVE('',#1948,#2188,#576,.T.);
#2914=EDGE_CURVE('',#2027,#2028,#588,.T.);
#2916=EDGE_CURVE('',#2108,#2028,#580,.T.);
#2918=EDGE_CURVE('',#2107,#2108,#916,.T.);
#2920=EDGE_CURVE('',#2107,#2027,#556,.T.);
#2931=EDGE_CURVE('',#1952,#2192,#560,.T.);
#2943=EDGE_CURVE('',#2032,#2027,#592,.T.);
#2946=EDGE_CURVE('',#2112,#2107,#928,.T.);
#2948=EDGE_CURVE('',#2112,#2032,#564,.T.);
#2959=EDGE_CURVE('',#1950,#2190,#568,.T.);
#2971=EDGE_CURVE('',#2030,#2032,#596,.T.);
#2974=EDGE_CURVE('',#2110,#2112,#924,.T.);
#2976=EDGE_CURVE('',#2110,#2030,#572,.T.);
#2998=EDGE_CURVE('',#2028,#2030,#600,.T.);
#3001=EDGE_CURVE('',#2108,#2110,#920,.T.);
#3013=EDGE_CURVE('',#1840,#1856,#584,.T.);
#3015=EDGE_CURVE('',#1856,#1851,#820,.T.);
#3017=EDGE_CURVE('',#1835,#1851,#848,.T.);
#3027=EDGE_CURVE('',#2035,#2036,#604,.T.);
#3029=EDGE_CURVE('',#2040,#2035,#608,.T.);
#3031=EDGE_CURVE('',#2038,#2040,#612,.T.);
#3033=EDGE_CURVE('',#2036,#2038,#616,.T.);
#3037=EDGE_CURVE('',#2043,#2044,#620,.T.);
#3039=EDGE_CURVE('',#2048,#2043,#624,.T.);
#3041=EDGE_CURVE('',#2046,#2048,#628,.T.);
#3043=EDGE_CURVE('',#2044,#2046,#632,.T.);
#3047=EDGE_CURVE('',#2051,#2052,#636,.T.);
#3049=EDGE_CURVE('',#2056,#2051,#640,.T.);
#3051=EDGE_CURVE('',#2054,#2056,#644,.T.);
#3053=EDGE_CURVE('',#2052,#2054,#648,.T.);
#3057=EDGE_CURVE('',#2059,#2060,#652,.T.);
#3059=EDGE_CURVE('',#2064,#2059,#656,.T.);
#3061=EDGE_CURVE('',#2062,#2064,#660,.T.);
#3063=EDGE_CURVE('',#2060,#2062,#664,.T.);
#3067=EDGE_CURVE('',#2067,#2068,#668,.T.);
#3070=EDGE_CURVE('',#2070,#2072,#676,.T.);
#3072=EDGE_CURVE('',#2068,#2070,#680,.T.);
#3076=EDGE_CURVE('',#2075,#2076,#684,.T.);
#3078=EDGE_CURVE('',#2080,#2075,#688,.T.);
#3080=EDGE_CURVE('',#2078,#2080,#692,.T.);
#3082=EDGE_CURVE('',#2076,#2078,#696,.T.);
#3086=EDGE_CURVE('',#2083,#2084,#700,.T.);
#3088=EDGE_CURVE('',#2088,#2083,#704,.T.);
#3090=EDGE_CURVE('',#2086,#2088,#708,.T.);
#3092=EDGE_CURVE('',#2084,#2086,#712,.T.);
#3096=EDGE_CURVE('',#2091,#2092,#716,.T.);
#3098=EDGE_CURVE('',#2096,#2091,#720,.T.);
#3100=EDGE_CURVE('',#2094,#2096,#724,.T.);
#3102=EDGE_CURVE('',#2092,#2094,#728,.T.);
#3106=EDGE_CURVE('',#2099,#2100,#732,.T.);
#3108=EDGE_CURVE('',#2104,#2099,#736,.T.);
#3110=EDGE_CURVE('',#2102,#2104,#740,.T.);
#3112=EDGE_CURVE('',#2100,#2102,#744,.T.);
#3124=EDGE_CURVE('',#1854,#1856,#824,.T.);
#3129=EDGE_CURVE('',#2299,#2300,#752,.T.);
#3131=EDGE_CURVE('',#2304,#2299,#756,.T.);
#3133=EDGE_CURVE('',#2302,#2304,#760,.T.);
#3135=EDGE_CURVE('',#2300,#2302,#764,.T.);
#3139=EDGE_CURVE('',#2307,#2308,#768,.T.);
#3142=EDGE_CURVE('',#2310,#2312,#776,.T.);
#3144=EDGE_CURVE('',#2308,#2310,#780,.T.);
#3148=EDGE_CURVE('',#2315,#2316,#784,.T.);
#3150=EDGE_CURVE('',#2320,#2315,#788,.T.);
#3152=EDGE_CURVE('',#2318,#2320,#792,.T.);
#3154=EDGE_CURVE('',#2316,#2318,#796,.T.);
#3159=EDGE_CURVE('',#2328,#2323,#804,.T.);
#3161=EDGE_CURVE('',#2326,#2328,#808,.T.);
#3163=EDGE_CURVE('',#2324,#2326,#812,.T.);
#3173=EDGE_CURVE('',#1851,#1852,#816,.T.);
#3180=EDGE_CURVE('',#1859,#1860,#832,.T.);
#3182=EDGE_CURVE('',#1864,#1859,#836,.T.);
#3185=EDGE_CURVE('',#1860,#1862,#844,.T.);
#3201=EDGE_CURVE('',#2267,#2268,#852,.T.);
#3203=EDGE_CURVE('',#2268,#2270,#856,.T.);
#3205=EDGE_CURVE('',#2270,#2272,#860,.T.);
#3207=EDGE_CURVE('',#2272,#2267,#864,.T.);
#3211=EDGE_CURVE('',#2275,#2276,#868,.T.);
#3213=EDGE_CURVE('',#2276,#2278,#872,.T.);
#3215=EDGE_CURVE('',#2278,#2280,#876,.T.);
#3220=EDGE_CURVE('',#2283,#2284,#884,.T.);
#3222=EDGE_CURVE('',#2284,#2286,#888,.T.);
#3224=EDGE_CURVE('',#2286,#2288,#892,.T.);
#3226=EDGE_CURVE('',#2288,#2283,#896,.T.);
#3231=EDGE_CURVE('',#2292,#2294,#904,.T.);
#3233=EDGE_CURVE('',#2294,#2296,#908,.T.);
#3235=EDGE_CURVE('',#2296,#2291,#912,.T.);
#3245=EDGE_CURVE('',#2395,#2396,#1076,.T.);
#3247=EDGE_CURVE('',#1843,#2395,#1452,.T.);
#3250=EDGE_CURVE('',#1886,#2396,#1080,.T.);
#3260=EDGE_CURVE('',#2399,#2400,#1084,.T.);
#3262=EDGE_CURVE('',#1884,#2399,#1088,.T.);
#3265=EDGE_CURVE('',#1883,#2400,#1092,.T.);
#3275=EDGE_CURVE('',#2403,#2404,#1096,.T.);
#3277=EDGE_CURVE('',#1880,#2403,#1100,.T.);
#3280=EDGE_CURVE('',#1879,#2404,#1104,.T.);
#3290=EDGE_CURVE('',#2407,#2408,#1108,.T.);
#3292=EDGE_CURVE('',#1870,#2407,#1112,.T.);
#3295=EDGE_CURVE('',#1869,#2408,#1116,.T.);
#3305=EDGE_CURVE('',#2411,#2412,#1120,.T.);
#3307=EDGE_CURVE('',#1866,#2411,#1124,.T.);
#3310=EDGE_CURVE('',#1848,#2412,#1128,.T.);
#3320=EDGE_CURVE('',#2415,#2416,#1132,.T.);
#3322=EDGE_CURVE('',#2416,#2379,#1136,.T.);
#3324=EDGE_CURVE('',#2283,#2379,#1680,.T.);
#3327=EDGE_CURVE('',#2288,#2384,#1140,.T.);
#3329=EDGE_CURVE('',#2384,#2363,#1144,.T.);
#3331=EDGE_CURVE('',#2268,#2363,#1656,.T.);
#3334=EDGE_CURVE('',#2267,#2368,#1148,.T.);
#3336=EDGE_CURVE('',#2368,#1859,#1152,.T.);
#3339=EDGE_CURVE('',#2336,#1860,#1492,.T.);
#3341=EDGE_CURVE('',#2336,#2299,#1156,.T.);
#3344=EDGE_CURVE('',#2331,#2300,#1660,.T.);
#3346=EDGE_CURVE('',#2352,#2331,#1476,.T.);
#3348=EDGE_CURVE('',#2352,#2320,#1160,.T.);
#3351=EDGE_CURVE('',#2347,#2315,#1684,.T.);
#3353=EDGE_CURVE('',#2415,#2347,#1460,.T.);
#3363=EDGE_CURVE('',#2115,#2116,#932,.T.);
#3365=EDGE_CURVE('',#2116,#2118,#936,.T.);
#3367=EDGE_CURVE('',#2118,#2120,#940,.T.);
#3369=EDGE_CURVE('',#2120,#2115,#944,.T.);
#3373=EDGE_CURVE('',#2123,#2124,#948,.T.);
#3375=EDGE_CURVE('',#2124,#2126,#952,.T.);
#3377=EDGE_CURVE('',#2126,#2128,#956,.T.);
#3379=EDGE_CURVE('',#2128,#2123,#960,.T.);
#3383=EDGE_CURVE('',#2131,#2132,#964,.T.);
#3385=EDGE_CURVE('',#2132,#2134,#968,.T.);
#3387=EDGE_CURVE('',#2134,#2136,#972,.T.);
#3389=EDGE_CURVE('',#2136,#2131,#976,.T.);
#3393=EDGE_CURVE('',#2139,#2140,#980,.T.);
#3395=EDGE_CURVE('',#2140,#2142,#984,.T.);
#3397=EDGE_CURVE('',#2142,#2144,#988,.T.);
#3399=EDGE_CURVE('',#2144,#2139,#992,.T.);
#3403=EDGE_CURVE('',#2147,#2148,#996,.T.);
#3405=EDGE_CURVE('',#2148,#2150,#1000,.T.);
#3407=EDGE_CURVE('',#2150,#2152,#1004,.T.);
#3412=EDGE_CURVE('',#2155,#2156,#1012,.T.);
#3414=EDGE_CURVE('',#2156,#2158,#1016,.T.);
#3416=EDGE_CURVE('',#2158,#2160,#1020,.T.);
#3418=EDGE_CURVE('',#2160,#2155,#1024,.T.);
#3422=EDGE_CURVE('',#2163,#2164,#1028,.T.);
#3424=EDGE_CURVE('',#2164,#2166,#1032,.T.);
#3426=EDGE_CURVE('',#2166,#2168,#1036,.T.);
#3428=EDGE_CURVE('',#2168,#2163,#1040,.T.);
#3432=EDGE_CURVE('',#2171,#2172,#1044,.T.);
#3434=EDGE_CURVE('',#2172,#2174,#1048,.T.);
#3436=EDGE_CURVE('',#2174,#2176,#1052,.T.);
#3438=EDGE_CURVE('',#2176,#2171,#1056,.T.);
#3442=EDGE_CURVE('',#2179,#2180,#1060,.T.);
#3444=EDGE_CURVE('',#2180,#2182,#1064,.T.);
#3446=EDGE_CURVE('',#2182,#2184,#1068,.T.);
#3448=EDGE_CURVE('',#2184,#2179,#1072,.T.);
#3459=EDGE_CURVE('',#1955,#2195,#1164,.T.);
#3462=EDGE_CURVE('',#1956,#2196,#1188,.T.);
#3473=EDGE_CURVE('',#2116,#2036,#1192,.T.);
#3476=EDGE_CURVE('',#2115,#2035,#1168,.T.);
#3487=EDGE_CURVE('',#1960,#2200,#1172,.T.);
#3502=EDGE_CURVE('',#2120,#2040,#1176,.T.);
#3513=EDGE_CURVE('',#1958,#2198,#1180,.T.);
#3528=EDGE_CURVE('',#2118,#2038,#1184,.T.);
#3563=EDGE_CURVE('',#1963,#2203,#1196,.T.);
#3566=EDGE_CURVE('',#1964,#2204,#1220,.T.);
#3577=EDGE_CURVE('',#2124,#2044,#1224,.T.);
#3580=EDGE_CURVE('',#2123,#2043,#1200,.T.);
#3591=EDGE_CURVE('',#1968,#2208,#1204,.T.);
#3606=EDGE_CURVE('',#2128,#2048,#1208,.T.);
#3617=EDGE_CURVE('',#1966,#2206,#1212,.T.);
#3632=EDGE_CURVE('',#2126,#2046,#1216,.T.);
#3667=EDGE_CURVE('',#1971,#2211,#1228,.T.);
#3670=EDGE_CURVE('',#1972,#2212,#1252,.T.);
#3681=EDGE_CURVE('',#2132,#2052,#1256,.T.);
#3684=EDGE_CURVE('',#2131,#2051,#1232,.T.);
#3695=EDGE_CURVE('',#1976,#2216,#1236,.T.);
#3710=EDGE_CURVE('',#2136,#2056,#1240,.T.);
#3721=EDGE_CURVE('',#1974,#2214,#1244,.T.);
#3736=EDGE_CURVE('',#2134,#2054,#1248,.T.);
#3771=EDGE_CURVE('',#1979,#2219,#1260,.T.);
#3774=EDGE_CURVE('',#1980,#2220,#1284,.T.);
#3785=EDGE_CURVE('',#2140,#2060,#1288,.T.);
#3788=EDGE_CURVE('',#2139,#2059,#1264,.T.);
#3799=EDGE_CURVE('',#1984,#2224,#1268,.T.);
#3814=EDGE_CURVE('',#2144,#2064,#1272,.T.);
#3825=EDGE_CURVE('',#1982,#2222,#1276,.T.);
#3840=EDGE_CURVE('',#2142,#2062,#1280,.T.);
#3877=EDGE_CURVE('',#1988,#2228,#1300,.T.);
#3888=EDGE_CURVE('',#2148,#2068,#1304,.T.);
#3903=EDGE_CURVE('',#1990,#2230,#1308,.T.);
#3914=EDGE_CURVE('',#2150,#2070,#1312,.T.);
#3951=EDGE_CURVE('',#1995,#2235,#1316,.T.);
#3954=EDGE_CURVE('',#1996,#2236,#1340,.T.);
#3965=EDGE_CURVE('',#2156,#2076,#1344,.T.);
#3968=EDGE_CURVE('',#2155,#2075,#1320,.T.);
#3979=EDGE_CURVE('',#2000,#2240,#1324,.T.);
#3994=EDGE_CURVE('',#2160,#2080,#1328,.T.);
#4005=EDGE_CURVE('',#1998,#2238,#1332,.T.);
#4020=EDGE_CURVE('',#2158,#2078,#1336,.T.);
#4055=EDGE_CURVE('',#2003,#2243,#1348,.T.);
#4058=EDGE_CURVE('',#2004,#2244,#1372,.T.);
#4069=EDGE_CURVE('',#2164,#2084,#1376,.T.);
#4072=EDGE_CURVE('',#2163,#2083,#1352,.T.);
#4083=EDGE_CURVE('',#2008,#2248,#1356,.T.);
#4098=EDGE_CURVE('',#2168,#2088,#1360,.T.);
#4109=EDGE_CURVE('',#2006,#2246,#1364,.T.);
#4124=EDGE_CURVE('',#2166,#2086,#1368,.T.);
#4159=EDGE_CURVE('',#2011,#2251,#1380,.T.);
#4162=EDGE_CURVE('',#2012,#2252,#1404,.T.);
#4173=EDGE_CURVE('',#2172,#2092,#1408,.T.);
#4176=EDGE_CURVE('',#2171,#2091,#1384,.T.);
#4187=EDGE_CURVE('',#2016,#2256,#1388,.T.);
#4202=EDGE_CURVE('',#2176,#2096,#1392,.T.);
#4213=EDGE_CURVE('',#2014,#2254,#1396,.T.);
#4228=EDGE_CURVE('',#2174,#2094,#1400,.T.);
#4263=EDGE_CURVE('',#2019,#2259,#1412,.T.);
#4266=EDGE_CURVE('',#2020,#2260,#1436,.T.);
#4277=EDGE_CURVE('',#2180,#2100,#1440,.T.);
#4280=EDGE_CURVE('',#2179,#2099,#1416,.T.);
#4291=EDGE_CURVE('',#2024,#2264,#1420,.T.);
#4306=EDGE_CURVE('',#2184,#2104,#1424,.T.);
#4317=EDGE_CURVE('',#2022,#2262,#1428,.T.);
#4332=EDGE_CURVE('',#2182,#2102,#1432,.T.);
#4367=EDGE_CURVE('',#2422,#2396,#1444,.T.);
#4370=EDGE_CURVE('',#2395,#2418,#1448,.T.);
#4381=EDGE_CURVE('',#2426,#2400,#1688,.T.);
#4384=EDGE_CURVE('',#2399,#2425,#1692,.T.);
#4395=EDGE_CURVE('',#2430,#2404,#1696,.T.);
#4398=EDGE_CURVE('',#2403,#2429,#1700,.T.);
#4409=EDGE_CURVE('',#2434,#2408,#1704,.T.);
#4412=EDGE_CURVE('',#2407,#2433,#1708,.T.);
#4423=EDGE_CURVE('',#2438,#2412,#1520,.T.);
#4426=EDGE_CURVE('',#2411,#2437,#1712,.T.);
#4460=EDGE_CURVE('',#2415,#2420,#1456,.T.);
#4463=EDGE_CURVE('',#2347,#2348,#1464,.T.);
#4465=EDGE_CURVE('',#2348,#2350,#1468,.T.);
#4467=EDGE_CURVE('',#2352,#2350,#1472,.T.);
#4470=EDGE_CURVE('',#2331,#2332,#1480,.T.);
#4472=EDGE_CURVE('',#2332,#2334,#1484,.T.);
#4474=EDGE_CURVE('',#2336,#2334,#1488,.T.);
#4479=EDGE_CURVE('',#2339,#2340,#1496,.T.);
#4481=EDGE_CURVE('',#2340,#2342,#1500,.T.);
#4483=EDGE_CURVE('',#2344,#2342,#1504,.T.);
#4486=EDGE_CURVE('',#2355,#2356,#1508,.T.);
#4488=EDGE_CURVE('',#2356,#2358,#1512,.T.);
#4490=EDGE_CURVE('',#2360,#2358,#1516,.T.);
#4504=EDGE_CURVE('',#2440,#2416,#1528,.T.);
#4528=EDGE_CURVE('',#2392,#2390,#1536,.T.);
#4530=EDGE_CURVE('',#2388,#2390,#1540,.T.);
#4532=EDGE_CURVE('',#2387,#2388,#1544,.T.);
#4535=EDGE_CURVE('',#2376,#2374,#1552,.T.);
#4537=EDGE_CURVE('',#2372,#2374,#1556,.T.);
#4539=EDGE_CURVE('',#2371,#2372,#1560,.T.);
#4544=EDGE_CURVE('',#2368,#2366,#1568,.T.);
#4546=EDGE_CURVE('',#2364,#2366,#1572,.T.);
#4548=EDGE_CURVE('',#2363,#2364,#1576,.T.);
#4551=EDGE_CURVE('',#2384,#2382,#1580,.T.);
#4553=EDGE_CURVE('',#2380,#2382,#1584,.T.);
#4555=EDGE_CURVE('',#2379,#2380,#1588,.T.);
#4567=EDGE_CURVE('',#2296,#2390,#1592,.T.);
#4582=EDGE_CURVE('',#2358,#2328,#1596,.T.);
#4593=EDGE_CURVE('',#2294,#2388,#1600,.T.);
#4608=EDGE_CURVE('',#2356,#2326,#1604,.T.);
#4643=EDGE_CURVE('',#2278,#2374,#1616,.T.);
#4658=EDGE_CURVE('',#2342,#2310,#1620,.T.);
#4669=EDGE_CURVE('',#2276,#2372,#1624,.T.);
#4684=EDGE_CURVE('',#2340,#2308,#1628,.T.);
#4719=EDGE_CURVE('',#2272,#2366,#1640,.T.);
#4734=EDGE_CURVE('',#2334,#2304,#1644,.T.);
#4745=EDGE_CURVE('',#2270,#2364,#1648,.T.);
#4760=EDGE_CURVE('',#2332,#2302,#1652,.T.);
#4795=EDGE_CURVE('',#2286,#2382,#1664,.T.);
#4810=EDGE_CURVE('',#2350,#2318,#1668,.T.);
#4821=EDGE_CURVE('',#2284,#2380,#1672,.T.);
#4836=EDGE_CURVE('',#2348,#2316,#1676,.T.);
#4954=EDGE_CURVE('',#1918,#1916,#1716,.T.);
#4956=EDGE_CURVE('',#1900,#1916,#1734,.T.);
#4959=EDGE_CURVE('',#1899,#1918,#1720,.T.);
#4969=EDGE_CURVE('',#1915,#1916,#1725,.T.);
#4972=EDGE_CURVE('',#1918,#1920,#1771,.T.);
#4974=EDGE_CURVE('',#1920,#1915,#1738,.T.);
#4985=EDGE_CURVE('',#1915,#1928,#1750,.T.);
#4987=EDGE_CURVE('',#1926,#1928,#1730,.T.);
#4989=EDGE_CURVE('',#1902,#1926,#1788,.T.);
#5002=EDGE_CURVE('',#1923,#1920,#1742,.T.);
#5004=EDGE_CURVE('',#1928,#1923,#1746,.T.);
#5015=EDGE_CURVE('',#1936,#1931,#1754,.T.);
#5017=EDGE_CURVE('',#1939,#1936,#1758,.T.);
#5019=EDGE_CURVE('',#1944,#1939,#1762,.T.);
#5021=EDGE_CURVE('',#1931,#1944,#1766,.T.);
#5034=EDGE_CURVE('',#1904,#1924,#1775,.T.);
#5036=EDGE_CURVE('',#1923,#1924,#1780,.T.);
#5047=EDGE_CURVE('',#1926,#1924,#1784,.T.);
#5072=EDGE_CURVE('',#1931,#1932,#1793,.T.);
#5074=EDGE_CURVE('',#1934,#1932,#1820,.T.);
#5076=EDGE_CURVE('',#1934,#1936,#1807,.T.);
#5089=EDGE_CURVE('',#1942,#1944,#1798,.T.);
#5091=EDGE_CURVE('',#1912,#1942,#1832,.T.);
#5094=EDGE_CURVE('',#1910,#1932,#1802,.T.);
#5104=EDGE_CURVE('',#1939,#1940,#1816,.T.);
#5106=EDGE_CURVE('',#1942,#1940,#1828,.T.);
#5119=EDGE_CURVE('',#1908,#1934,#1824,.T.);
#5122=EDGE_CURVE('',#1907,#1940,#1811,.T.);
#5153=CLOSED_SHELL('',(#2456,#2472,#2587,#2672,#2687,#2702,#2717,#2732,#2747,
#2894,#2908,#2924,#2937,#2952,#2965,#2980,#2992,#3006,#3116,#3167,#3189,#3239,
#3254,#3269,#3284,#3299,#3314,#3452,#3466,#3480,#3493,#3506,#3519,#3532,#3544,
#3556,#3570,#3584,#3597,#3610,#3623,#3636,#3648,#3660,#3674,#3688,#3701,#3714,
#3727,#3740,#3752,#3764,#3778,#3792,#3805,#3818,#3831,#3844,#3856,#3868,#3881,
#3894,#3907,#3920,#3932,#3944,#3958,#3972,#3985,#3998,#4011,#4024,#4036,#4048,
#4062,#4076,#4089,#4102,#4115,#4128,#4140,#4152,#4166,#4180,#4193,#4206,#4219,
#4232,#4244,#4256,#4270,#4284,#4297,#4310,#4323,#4336,#4348,#4360,#4374,#4388,
#4402,#4416,#4430,#4442,#4454,#4495,#4508,#4520,#4560,#4573,#4586,#4599,#4612,
#4624,#4636,#4649,#4662,#4675,#4688,#4700,#4712,#4725,#4738,#4751,#4764,#4776,
#4788,#4801,#4814,#4827,#4840,#4852,#4864,#4876,#4888,#4900,#4912,#4924,#4936,
#4948,#4963,#4978,#4995,#5009,#5025,#5041,#5054,#5066,#5081,#5098,#5112,#5128,
#5140,#5152));
#5154=MANIFOLD_SOLID_BREP('',#5153);
#5159=CIRCLE('',#5158,1.675E2);
#5164=CIRCLE('',#5163,1.675E2);
#5169=CIRCLE('',#5168,1.E1);
#5178=CIRCLE('',#5177,1.E1);
#5191=CIRCLE('',#5190,1.E1);
#5196=CIRCLE('',#5195,1.E1);
#5201=CIRCLE('',#5200,2.25E1);
#5214=CIRCLE('',#5213,1.125E1);
#5227=CIRCLE('',#5226,1.125E1);
#5240=CIRCLE('',#5239,2.25E1);
#5257=CIRCLE('',#5256,2.25E1);
#5274=CIRCLE('',#5273,2.25E1);
#5287=CIRCLE('',#5286,1.125E1);
#5300=CIRCLE('',#5299,1.125E1);
#5321=CIRCLE('',#5320,2.25E1);
#5326=CIRCLE('',#5325,2.25E1);
#5339=CIRCLE('',#5338,2.25E1);
#5344=CIRCLE('',#5343,2.25E1);
#5381=CIRCLE('',#5380,1.E1);
#5386=CIRCLE('',#5385,1.E1);
#5399=CIRCLE('',#5398,1.E1);
#5408=CIRCLE('',#5407,1.675E2);
#5413=CIRCLE('',#5412,1.675E2);
#5418=CIRCLE('',#5417,1.E1);
#5427=CIRCLE('',#5426,2.25E1);
#5432=CIRCLE('',#5431,2.25E1);
#5437=CIRCLE('',#5436,1.9E2);
#5446=CIRCLE('',#5445,1.9E2);
#5451=CIRCLE('',#5450,2.25E1);
#5456=CIRCLE('',#5455,1.675E2);
#5461=CIRCLE('',#5460,1.675E2);
#5466=CIRCLE('',#5465,2.25E1);
#5471=CIRCLE('',#5470,1.9E2);
#5480=CIRCLE('',#5479,1.9E2);
#5485=CIRCLE('',#5484,2.25E1);
#5490=CIRCLE('',#5489,2.25E1);
#5495=CIRCLE('',#5494,1.9E2);
#5500=CIRCLE('',#5499,1.9E2);
#5509=CIRCLE('',#5508,2.25E1);
#5514=CIRCLE('',#5513,1.675E2);
#5519=CIRCLE('',#5518,1.675E2);
#5524=CIRCLE('',#5523,2.25E1);
#5529=CIRCLE('',#5528,1.9E2);
#5534=CIRCLE('',#5533,1.9E2);
#5652=EDGE_CURVE('',#5617,#5618,#5159,.T.);
#5654=EDGE_CURVE('',#5618,#5617,#5164,.T.);
#5658=EDGE_CURVE('',#5605,#5606,#5169,.T.);
#5660=EDGE_CURVE('',#5606,#5605,#5178,.T.);
#5671=EDGE_CURVE('',#5602,#5606,#5182,.T.);
#5673=EDGE_CURVE('',#5601,#5602,#5191,.T.);
#5675=EDGE_CURVE('',#5601,#5605,#5173,.T.);
#5687=EDGE_CURVE('',#5602,#5601,#5196,.T.);
#5698=EDGE_CURVE('',#5545,#5546,#5231,.T.);
#5700=EDGE_CURVE('',#5546,#5554,#5360,.T.);
#5702=EDGE_CURVE('',#5553,#5554,#5282,.T.);
#5704=EDGE_CURVE('',#5545,#5553,#5186,.T.);
#5718=EDGE_CURVE('',#5588,#5590,#5201,.T.);
#5720=EDGE_CURVE('',#5542,#5588,#5205,.T.);
#5722=EDGE_CURVE('',#5541,#5542,#5209,.T.);
#5724=EDGE_CURVE('',#5560,#5541,#5214,.T.);
#5726=EDGE_CURVE('',#5558,#5560,#5218,.T.);
#5728=EDGE_CURVE('',#5556,#5558,#5222,.T.);
#5730=EDGE_CURVE('',#5546,#5556,#5227,.T.);
#5733=EDGE_CURVE('',#5598,#5545,#5235,.T.);
#5735=EDGE_CURVE('',#5596,#5598,#5240,.T.);
#5737=EDGE_CURVE('',#5578,#5596,#5244,.T.);
#5739=EDGE_CURVE('',#5582,#5578,#5344,.T.);
#5741=EDGE_CURVE('',#5570,#5582,#5248,.T.);
#5743=EDGE_CURVE('',#5574,#5570,#5326,.T.);
#5745=EDGE_CURVE('',#5590,#5574,#5252,.T.);
#5755=EDGE_CURVE('',#5585,#5586,#5257,.T.);
#5757=EDGE_CURVE('',#5588,#5586,#5390,.T.);
#5760=EDGE_CURVE('',#5590,#5585,#5312,.T.);
#5771=EDGE_CURVE('',#5585,#5573,#5261,.T.);
#5773=EDGE_CURVE('',#5569,#5573,#5321,.T.);
#5775=EDGE_CURVE('',#5569,#5581,#5265,.T.);
#5777=EDGE_CURVE('',#5577,#5581,#5339,.T.);
#5779=EDGE_CURVE('',#5577,#5594,#5269,.T.);
#5781=EDGE_CURVE('',#5593,#5594,#5274,.T.);
#5783=EDGE_CURVE('',#5593,#5553,#5278,.T.);
#5786=EDGE_CURVE('',#5554,#5562,#5287,.T.);
#5788=EDGE_CURVE('',#5562,#5564,#5291,.T.);
#5790=EDGE_CURVE('',#5564,#5566,#5295,.T.);
#5792=EDGE_CURVE('',#5566,#5549,#5300,.T.);
#5794=EDGE_CURVE('',#5549,#5550,#5304,.T.);
#5796=EDGE_CURVE('',#5550,#5586,#5308,.T.);
#5808=EDGE_CURVE('',#5573,#5574,#5316,.T.);
#5819=EDGE_CURVE('',#5569,#5570,#5330,.T.);
#5834=EDGE_CURVE('',#5581,#5582,#5334,.T.);
#5845=EDGE_CURVE('',#5577,#5578,#5352,.T.);
#5858=EDGE_CURVE('',#5596,#5594,#5348,.T.);
#5874=EDGE_CURVE('',#5598,#5593,#5356,.T.);
#5897=EDGE_CURVE('',#5556,#5562,#5364,.T.);
#5910=EDGE_CURVE('',#5558,#5564,#5368,.T.);
#5923=EDGE_CURVE('',#5560,#5566,#5372,.T.);
#5936=EDGE_CURVE('',#5541,#5549,#5376,.T.);
#5949=EDGE_CURVE('',#5542,#5550,#5394,.T.);
#5955=EDGE_CURVE('',#5625,#5626,#5381,.T.);
#5957=EDGE_CURVE('',#5626,#5625,#5386,.T.);
#5979=EDGE_CURVE('',#5629,#5630,#5399,.T.);
#5981=EDGE_CURVE('',#5625,#5629,#5403,.T.);
#5984=EDGE_CURVE('',#5626,#5630,#5422,.T.);
#5994=EDGE_CURVE('',#5641,#5642,#5408,.T.);
#5996=EDGE_CURVE('',#5642,#5641,#5413,.T.);
#6001=EDGE_CURVE('',#5630,#5629,#5418,.T.);
#6024=EDGE_CURVE('',#5642,#5646,#5432,.T.);
#6026=EDGE_CURVE('',#5645,#5646,#5480,.T.);
#6028=EDGE_CURVE('',#5641,#5645,#5427,.T.);
#6040=EDGE_CURVE('',#5646,#5645,#5446,.T.);
#6051=EDGE_CURVE('',#5638,#5637,#5437,.T.);
#6053=EDGE_CURVE('',#5646,#5637,#5441,.T.);
#6056=EDGE_CURVE('',#5645,#5638,#5475,.T.);
#6066=EDGE_CURVE('',#5634,#5633,#5461,.T.);
#6068=EDGE_CURVE('',#5633,#5637,#5466,.T.);
#6071=EDGE_CURVE('',#5634,#5638,#5451,.T.);
#6081=EDGE_CURVE('',#5633,#5634,#5456,.T.);
#6094=EDGE_CURVE('',#5637,#5638,#5471,.T.);
#6118=EDGE_CURVE('',#5618,#5622,#5490,.T.);
#6120=EDGE_CURVE('',#5621,#5622,#5534,.T.);
#6122=EDGE_CURVE('',#5617,#5621,#5485,.T.);
#6134=EDGE_CURVE('',#5622,#5621,#5500,.T.);
#6145=EDGE_CURVE('',#5614,#5613,#5495,.T.);
#6147=EDGE_CURVE('',#5622,#5613,#5538,.T.);
#6150=EDGE_CURVE('',#5621,#5614,#5504,.T.);
#6160=EDGE_CURVE('',#5610,#5609,#5519,.T.);
#6162=EDGE_CURVE('',#5609,#5613,#5524,.T.);
#6165=EDGE_CURVE('',#5610,#5614,#5509,.T.);
#6175=EDGE_CURVE('',#5609,#5610,#5514,.T.);
#6188=EDGE_CURVE('',#5613,#5614,#5529,.T.);
#6206=CLOSED_SHELL('',(#5664,#5679,#5692,#5712,#5749,#5764,#5800,#5813,#5826,
#5839,#5852,#5865,#5878,#5890,#5903,#5916,#5929,#5942,#5961,#5973,#5988,#6005,
#6017,#6032,#6045,#6060,#6075,#6086,#6099,#6111,#6126,#6139,#6154,#6169,#6180,
#6193,#6205));
#6207=MANIFOLD_SOLID_BREP('',#6206);
#6212=CIRCLE('',#6211,1.675E2);
#6217=CIRCLE('',#6216,1.675E2);
#6222=CIRCLE('',#6221,1.E1);
#6231=CIRCLE('',#6230,1.E1);
#6244=CIRCLE('',#6243,1.E1);
#6249=CIRCLE('',#6248,1.E1);
#6254=CIRCLE('',#6253,2.25E1);
#6271=CIRCLE('',#6270,2.25E1);
#6284=CIRCLE('',#6283,1.125E1);
#6297=CIRCLE('',#6296,1.125E1);
#6322=CIRCLE('',#6321,1.E1);
#6327=CIRCLE('',#6326,1.E1);
#6348=CIRCLE('',#6347,2.25E1);
#6361=CIRCLE('',#6360,1.125E1);
#6374=CIRCLE('',#6373,1.125E1);
#6387=CIRCLE('',#6386,2.25E1);
#6416=CIRCLE('',#6415,2.25E1);
#6421=CIRCLE('',#6420,2.25E1);
#6434=CIRCLE('',#6433,2.25E1);
#6439=CIRCLE('',#6438,2.25E1);
#6452=CIRCLE('',#6451,1.E1);
#6461=CIRCLE('',#6460,1.675E2);
#6466=CIRCLE('',#6465,1.675E2);
#6471=CIRCLE('',#6470,1.E1);
#6480=CIRCLE('',#6479,2.25E1);
#6485=CIRCLE('',#6484,2.25E1);
#6490=CIRCLE('',#6489,1.9E2);
#6499=CIRCLE('',#6498,1.9E2);
#6504=CIRCLE('',#6503,2.25E1);
#6509=CIRCLE('',#6508,1.675E2);
#6514=CIRCLE('',#6513,1.675E2);
#6519=CIRCLE('',#6518,2.25E1);
#6524=CIRCLE('',#6523,1.9E2);
#6533=CIRCLE('',#6532,1.9E2);
#6538=CIRCLE('',#6537,2.25E1);
#6543=CIRCLE('',#6542,2.25E1);
#6548=CIRCLE('',#6547,1.9E2);
#6553=CIRCLE('',#6552,1.9E2);
#6562=CIRCLE('',#6561,2.25E1);
#6567=CIRCLE('',#6566,1.675E2);
#6572=CIRCLE('',#6571,1.675E2);
#6577=CIRCLE('',#6576,2.25E1);
#6582=CIRCLE('',#6581,1.9E2);
#6587=CIRCLE('',#6586,1.9E2);
#6705=EDGE_CURVE('',#6670,#6671,#6212,.T.);
#6707=EDGE_CURVE('',#6671,#6670,#6217,.T.);
#6711=EDGE_CURVE('',#6658,#6659,#6222,.T.);
#6713=EDGE_CURVE('',#6659,#6658,#6231,.T.);
#6724=EDGE_CURVE('',#6655,#6659,#6235,.T.);
#6726=EDGE_CURVE('',#6654,#6655,#6244,.T.);
#6728=EDGE_CURVE('',#6654,#6658,#6226,.T.);
#6740=EDGE_CURVE('',#6655,#6654,#6249,.T.);
#6751=EDGE_CURVE('',#6598,#6599,#6279,.T.);
#6753=EDGE_CURVE('',#6598,#6606,#6239,.T.);
#6755=EDGE_CURVE('',#6606,#6607,#6378,.T.);
#6757=EDGE_CURVE('',#6599,#6607,#6343,.T.);
#6771=EDGE_CURVE('',#6638,#6639,#6254,.T.);
#6773=EDGE_CURVE('',#6638,#6626,#6258,.T.);
#6775=EDGE_CURVE('',#6622,#6626,#6434,.T.);
#6777=EDGE_CURVE('',#6622,#6634,#6262,.T.);
#6779=EDGE_CURVE('',#6630,#6634,#6416,.T.);
#6781=EDGE_CURVE('',#6630,#6647,#6266,.T.);
#6783=EDGE_CURVE('',#6646,#6647,#6271,.T.);
#6785=EDGE_CURVE('',#6646,#6598,#6275,.T.);
#6788=EDGE_CURVE('',#6599,#6609,#6284,.T.);
#6790=EDGE_CURVE('',#6609,#6611,#6288,.T.);
#6792=EDGE_CURVE('',#6611,#6613,#6292,.T.);
#6794=EDGE_CURVE('',#6613,#6594,#6297,.T.);
#6796=EDGE_CURVE('',#6594,#6595,#6301,.T.);
#6798=EDGE_CURVE('',#6595,#6639,#6305,.T.);
#6809=EDGE_CURVE('',#6641,#6639,#6309,.T.);
#6811=EDGE_CURVE('',#6641,#6643,#6348,.T.);
#6813=EDGE_CURVE('',#6643,#6638,#6443,.T.);
#6825=EDGE_CURVE('',#6595,#6603,#6313,.T.);
#6827=EDGE_CURVE('',#6603,#6641,#6352,.T.);
#6838=EDGE_CURVE('',#6594,#6602,#6317,.T.);
#6840=EDGE_CURVE('',#6602,#6603,#6356,.T.);
#6845=EDGE_CURVE('',#6678,#6679,#6322,.T.);
#6847=EDGE_CURVE('',#6679,#6678,#6327,.T.);
#6858=EDGE_CURVE('',#6613,#6619,#6331,.T.);
#6860=EDGE_CURVE('',#6619,#6602,#6361,.T.);
#6872=EDGE_CURVE('',#6611,#6617,#6335,.T.);
#6874=EDGE_CURVE('',#6617,#6619,#6365,.T.);
#6886=EDGE_CURVE('',#6609,#6615,#6339,.T.);
#6888=EDGE_CURVE('',#6615,#6617,#6369,.T.);
#6901=EDGE_CURVE('',#6607,#6615,#6374,.T.);
#6920=EDGE_CURVE('',#6651,#6606,#6382,.T.);
#6922=EDGE_CURVE('',#6649,#6651,#6387,.T.);
#6924=EDGE_CURVE('',#6631,#6649,#6391,.T.);
#6926=EDGE_CURVE('',#6635,#6631,#6421,.T.);
#6928=EDGE_CURVE('',#6623,#6635,#6395,.T.);
#6930=EDGE_CURVE('',#6627,#6623,#6439,.T.);
#6932=EDGE_CURVE('',#6643,#6627,#6399,.T.);
#6942=EDGE_CURVE('',#6651,#6646,#6403,.T.);
#6956=EDGE_CURVE('',#6649,#6647,#6407,.T.);
#6970=EDGE_CURVE('',#6630,#6631,#6411,.T.);
#6983=EDGE_CURVE('',#6634,#6635,#6429,.T.);
#6994=EDGE_CURVE('',#6622,#6623,#6425,.T.);
#7009=EDGE_CURVE('',#6626,#6627,#6447,.T.);
#7032=EDGE_CURVE('',#6682,#6683,#6452,.T.);
#7034=EDGE_CURVE('',#6678,#6682,#6456,.T.);
#7037=EDGE_CURVE('',#6679,#6683,#6475,.T.);
#7047=EDGE_CURVE('',#6694,#6695,#6461,.T.);
#7049=EDGE_CURVE('',#6695,#6694,#6466,.T.);
#7054=EDGE_CURVE('',#6683,#6682,#6471,.T.);
#7077=EDGE_CURVE('',#6695,#6699,#6485,.T.);
#7079=EDGE_CURVE('',#6698,#6699,#6533,.T.);
#7081=EDGE_CURVE('',#6694,#6698,#6480,.T.);
#7093=EDGE_CURVE('',#6699,#6698,#6499,.T.);
#7104=EDGE_CURVE('',#6691,#6690,#6490,.T.);
#7106=EDGE_CURVE('',#6699,#6690,#6494,.T.);
#7109=EDGE_CURVE('',#6698,#6691,#6528,.T.);
#7119=EDGE_CURVE('',#6687,#6686,#6514,.T.);
#7121=EDGE_CURVE('',#6686,#6690,#6519,.T.);
#7124=EDGE_CURVE('',#6687,#6691,#6504,.T.);
#7134=EDGE_CURVE('',#6686,#6687,#6509,.T.);
#7147=EDGE_CURVE('',#6690,#6691,#6524,.T.);
#7171=EDGE_CURVE('',#6671,#6675,#6543,.T.);
#7173=EDGE_CURVE('',#6674,#6675,#6587,.T.);
#7175=EDGE_CURVE('',#6670,#6674,#6538,.T.);
#7187=EDGE_CURVE('',#6675,#6674,#6553,.T.);
#7198=EDGE_CURVE('',#6667,#6666,#6548,.T.);
#7200=EDGE_CURVE('',#6675,#6666,#6591,.T.);
#7203=EDGE_CURVE('',#6674,#6667,#6557,.T.);
#7213=EDGE_CURVE('',#6663,#6662,#6572,.T.);
#7215=EDGE_CURVE('',#6662,#6666,#6577,.T.);
#7218=EDGE_CURVE('',#6663,#6667,#6562,.T.);
#7228=EDGE_CURVE('',#6662,#6663,#6567,.T.);
#7241=EDGE_CURVE('',#6666,#6667,#6582,.T.);
#7259=CLOSED_SHELL('',(#6717,#6732,#6745,#6765,#6802,#6817,#6831,#6851,#6865,
#6879,#6893,#6906,#6936,#6949,#6962,#6975,#6988,#7001,#7014,#7026,#7041,#7058,
#7070,#7085,#7098,#7113,#7128,#7139,#7152,#7164,#7179,#7192,#7207,#7222,#7233,
#7246,#7258));
#7260=MANIFOLD_SOLID_BREP('',#7259);
#7261=(LENGTH_UNIT()NAMED_UNIT(*)SI_UNIT(.MILLI.,.METRE.));
#7263=(NAMED_UNIT(*)PLANE_ANGLE_UNIT()SI_UNIT($,.RADIAN.));
#7266=(NAMED_UNIT(*)SI_UNIT($,.STERADIAN.)SOLID_ANGLE_UNIT());
#7269=ADVANCED_BREP_SHAPE_REPRESENTATION('',(#5154,#6207,#7260),#7268);
#7276=PRODUCT_DEFINITION('design','',#7275,#7272);
#7277=PRODUCT_DEFINITION_SHAPE('','SHAPE FOR GARDEN_CART_BLK.',#7276);
#7278=SHAPE_DEFINITION_REPRESENTATION(#7277,#7269);
ENDSEC;
END-ISO-10303-21;
