ISO-10303-21;
HEADER;
/* Generated by software containing ST-Developer
 * from STEP Tools, Inc. (www.steptools.com) 
 */

FILE_DESCRIPTION(
/* description */ (''),
/* implementation_level */ '2;1');

FILE_NAME(
/* name */ '73a29966-8382-4b61-9d17-55f9bc83a893.stp',
/* time_stamp */ '2025-11-06T17:10:38Z',
/* author */ (''),
/* organization */ (''),
/* preprocessor_version */ 'ST-DEVELOPER v20.1',
/* originating_system */ 'Autodesk Translation Framework v14.21.0.0',
/* authorisation */ '');

FILE_SCHEMA (('AUTOMOTIVE_DESIGN { 1 0 10303 214 3 1 1 }'));
ENDSEC;

DATA;
#10=MECHANICAL_DESIGN_GEOMETRIC_PRESENTATION_REPRESENTATION('',(#65,#66,
#67),#7690);
#11=ITEM_DEFINED_TRANSFORMATION($,$,#4672,#4972);
#12=ITEM_DEFINED_TRANSFORMATION($,$,#4822,#4973);
#13=ITEM_DEFINED_TRANSFORMATION($,$,#4672,#4974);
#14=ITEM_DEFINED_TRANSFORMATION($,$,#4822,#4975);
#15=ITEM_DEFINED_TRANSFORMATION($,$,#4522,#4976);
#16=ITEM_DEFINED_TRANSFORMATION($,$,#4522,#4977);
#17=ITEM_DEFINED_TRANSFORMATION($,$,#4522,#4978);
#18=ITEM_DEFINED_TRANSFORMATION($,$,#4522,#4979);
#19=ITEM_DEFINED_TRANSFORMATION($,$,#4672,#4980);
#20=ITEM_DEFINED_TRANSFORMATION($,$,#4822,#4981);
#21=ITEM_DEFINED_TRANSFORMATION($,$,#4672,#4982);
#22=ITEM_DEFINED_TRANSFORMATION($,$,#4822,#4983);
#23=(
REPRESENTATION_RELATIONSHIP($,$,#7717,#7715)
REPRESENTATION_RELATIONSHIP_WITH_TRANSFORMATION(#11)
SHAPE_REPRESENTATION_RELATIONSHIP()
);
#24=(
REPRESENTATION_RELATIONSHIP($,$,#7718,#7715)
REPRESENTATION_RELATIONSHIP_WITH_TRANSFORMATION(#12)
SHAPE_REPRESENTATION_RELATIONSHIP()
);
#25=(
REPRESENTATION_RELATIONSHIP($,$,#7717,#7715)
REPRESENTATION_RELATIONSHIP_WITH_TRANSFORMATION(#13)
SHAPE_REPRESENTATION_RELATIONSHIP()
);
#26=(
REPRESENTATION_RELATIONSHIP($,$,#7718,#7715)
REPRESENTATION_RELATIONSHIP_WITH_TRANSFORMATION(#14)
SHAPE_REPRESENTATION_RELATIONSHIP()
);
#27=(
REPRESENTATION_RELATIONSHIP($,$,#7716,#7715)
REPRESENTATION_RELATIONSHIP_WITH_TRANSFORMATION(#15)
SHAPE_REPRESENTATION_RELATIONSHIP()
);
#28=(
REPRESENTATION_RELATIONSHIP($,$,#7716,#7715)
REPRESENTATION_RELATIONSHIP_WITH_TRANSFORMATION(#16)
SHAPE_REPRESENTATION_RELATIONSHIP()
);
#29=(
REPRESENTATION_RELATIONSHIP($,$,#7716,#7715)
REPRESENTATION_RELATIONSHIP_WITH_TRANSFORMATION(#17)
SHAPE_REPRESENTATION_RELATIONSHIP()
);
#30=(
REPRESENTATION_RELATIONSHIP($,$,#7716,#7715)
REPRESENTATION_RELATIONSHIP_WITH_TRANSFORMATION(#18)
SHAPE_REPRESENTATION_RELATIONSHIP()
);
#31=(
REPRESENTATION_RELATIONSHIP($,$,#7717,#7715)
REPRESENTATION_RELATIONSHIP_WITH_TRANSFORMATION(#19)
SHAPE_REPRESENTATION_RELATIONSHIP()
);
#32=(
REPRESENTATION_RELATIONSHIP($,$,#7718,#7715)
REPRESENTATION_RELATIONSHIP_WITH_TRANSFORMATION(#20)
SHAPE_REPRESENTATION_RELATIONSHIP()
);
#33=(
REPRESENTATION_RELATIONSHIP($,$,#7717,#7715)
REPRESENTATION_RELATIONSHIP_WITH_TRANSFORMATION(#21)
SHAPE_REPRESENTATION_RELATIONSHIP()
);
#34=(
REPRESENTATION_RELATIONSHIP($,$,#7718,#7715)
REPRESENTATION_RELATIONSHIP_WITH_TRANSFORMATION(#22)
SHAPE_REPRESENTATION_RELATIONSHIP()
);
#35=CONTEXT_DEPENDENT_SHAPE_REPRESENTATION(#23,#7703);
#36=CONTEXT_DEPENDENT_SHAPE_REPRESENTATION(#24,#7704);
#37=CONTEXT_DEPENDENT_SHAPE_REPRESENTATION(#25,#7705);
#38=CONTEXT_DEPENDENT_SHAPE_REPRESENTATION(#26,#7706);
#39=CONTEXT_DEPENDENT_SHAPE_REPRESENTATION(#27,#7707);
#40=CONTEXT_DEPENDENT_SHAPE_REPRESENTATION(#28,#7708);
#41=CONTEXT_DEPENDENT_SHAPE_REPRESENTATION(#29,#7709);
#42=CONTEXT_DEPENDENT_SHAPE_REPRESENTATION(#30,#7710);
#43=CONTEXT_DEPENDENT_SHAPE_REPRESENTATION(#31,#7711);
#44=CONTEXT_DEPENDENT_SHAPE_REPRESENTATION(#32,#7712);
#45=CONTEXT_DEPENDENT_SHAPE_REPRESENTATION(#33,#7713);
#46=CONTEXT_DEPENDENT_SHAPE_REPRESENTATION(#34,#7714);
#47=NEXT_ASSEMBLY_USAGE_OCCURRENCE('37.5 cm 80/20 v2:1',
'37.5 cm 80/20 v2:1','37.5 cm 80/20 v2:1',#7720,#7722,
'37.5 cm 80/20 v2:1');
#48=NEXT_ASSEMBLY_USAGE_OCCURRENCE('26.5 cm 80/20 v2:1',
'26.5 cm 80/20 v2:1','26.5 cm 80/20 v2:1',#7720,#7723,
'26.5 cm 80/20 v2:1');
#49=NEXT_ASSEMBLY_USAGE_OCCURRENCE('37.5 cm 80/20 v2:2',
'37.5 cm 80/20 v2:2','37.5 cm 80/20 v2:2',#7720,#7722,
'37.5 cm 80/20 v2:2');
#50=NEXT_ASSEMBLY_USAGE_OCCURRENCE('26.5 cm 80/20 v2:2',
'26.5 cm 80/20 v2:2','26.5 cm 80/20 v2:2',#7720,#7723,
'26.5 cm 80/20 v2:2');
#51=NEXT_ASSEMBLY_USAGE_OCCURRENCE('23.5 cm 80/20 v2:1',
'23.5 cm 80/20 v2:1','23.5 cm 80/20 v2:1',#7720,#7721,
'23.5 cm 80/20 v2:1');
#52=NEXT_ASSEMBLY_USAGE_OCCURRENCE('23.5 cm 80/20 v2:2',
'23.5 cm 80/20 v2:2','23.5 cm 80/20 v2:2',#7720,#7721,
'23.5 cm 80/20 v2:2');
#53=NEXT_ASSEMBLY_USAGE_OCCURRENCE('23.5 cm 80/20 v2:3',
'23.5 cm 80/20 v2:3','23.5 cm 80/20 v2:3',#7720,#7721,
'23.5 cm 80/20 v2:3');
#54=NEXT_ASSEMBLY_USAGE_OCCURRENCE('23.5 cm 80/20 v2:4',
'23.5 cm 80/20 v2:4','23.5 cm 80/20 v2:4',#7720,#7721,
'23.5 cm 80/20 v2:4');
#55=NEXT_ASSEMBLY_USAGE_OCCURRENCE('37.5 cm 80/20 v2:3',
'37.5 cm 80/20 v2:3','37.5 cm 80/20 v2:3',#7720,#7722,
'37.5 cm 80/20 v2:3');
#56=NEXT_ASSEMBLY_USAGE_OCCURRENCE('26.5 cm 80/20 v2:3',
'26.5 cm 80/20 v2:3','26.5 cm 80/20 v2:3',#7720,#7723,
'26.5 cm 80/20 v2:3');
#57=NEXT_ASSEMBLY_USAGE_OCCURRENCE('37.5 cm 80/20 v2:4',
'37.5 cm 80/20 v2:4','37.5 cm 80/20 v2:4',#7720,#7722,
'37.5 cm 80/20 v2:4');
#58=NEXT_ASSEMBLY_USAGE_OCCURRENCE('26.5 cm 80/20 v2:4',
'26.5 cm 80/20 v2:4','26.5 cm 80/20 v2:4',#7720,#7723,
'26.5 cm 80/20 v2:4');
#59=SHAPE_REPRESENTATION_RELATIONSHIP('SRR','None',#7716,#62);
#60=SHAPE_REPRESENTATION_RELATIONSHIP('SRR','None',#7717,#63);
#61=SHAPE_REPRESENTATION_RELATIONSHIP('SRR','None',#7718,#64);
#62=ADVANCED_BREP_SHAPE_REPRESENTATION('',(#68),#7687);
#63=ADVANCED_BREP_SHAPE_REPRESENTATION('',(#69),#7688);
#64=ADVANCED_BREP_SHAPE_REPRESENTATION('',(#70),#7689);
#65=STYLED_ITEM('',(#7739),#68);
#66=STYLED_ITEM('',(#7739),#69);
#67=STYLED_ITEM('',(#7739),#70);
#68=MANIFOLD_SOLID_BREP('Body1',#4484);
#69=MANIFOLD_SOLID_BREP('Body1',#4485);
#70=MANIFOLD_SOLID_BREP('Body1',#4486);
#71=CYLINDRICAL_SURFACE('',#4562,0.5);
#72=CYLINDRICAL_SURFACE('',#4565,0.500000000000001);
#73=CYLINDRICAL_SURFACE('',#4568,0.500000000000001);
#74=CYLINDRICAL_SURFACE('',#4571,3.);
#75=CYLINDRICAL_SURFACE('',#4574,3.);
#76=CYLINDRICAL_SURFACE('',#4577,0.500000000000001);
#77=CYLINDRICAL_SURFACE('',#4580,0.500000000000001);
#78=CYLINDRICAL_SURFACE('',#4583,0.5);
#79=CYLINDRICAL_SURFACE('',#4586,1.75);
#80=CYLINDRICAL_SURFACE('',#4589,0.500000000000001);
#81=CYLINDRICAL_SURFACE('',#4592,0.5);
#82=CYLINDRICAL_SURFACE('',#4595,0.5);
#83=CYLINDRICAL_SURFACE('',#4598,3.);
#84=CYLINDRICAL_SURFACE('',#4601,3.);
#85=CYLINDRICAL_SURFACE('',#4604,0.5);
#86=CYLINDRICAL_SURFACE('',#4607,0.5);
#87=CYLINDRICAL_SURFACE('',#4610,0.500000000000001);
#88=CYLINDRICAL_SURFACE('',#4613,1.75);
#89=CYLINDRICAL_SURFACE('',#4616,0.5);
#90=CYLINDRICAL_SURFACE('',#4618,2.15000000000001);
#91=CYLINDRICAL_SURFACE('',#4621,3.);
#92=CYLINDRICAL_SURFACE('',#4624,0.500000000000001);
#93=CYLINDRICAL_SURFACE('',#4627,0.500000000000001);
#94=CYLINDRICAL_SURFACE('',#4645,0.5);
#95=CYLINDRICAL_SURFACE('',#4647,1.75);
#96=CYLINDRICAL_SURFACE('',#4649,0.500000000000001);
#97=CYLINDRICAL_SURFACE('',#4651,0.5);
#98=CYLINDRICAL_SURFACE('',#4653,0.5);
#99=CYLINDRICAL_SURFACE('',#4655,3.);
#100=CYLINDRICAL_SURFACE('',#4657,3.);
#101=CYLINDRICAL_SURFACE('',#4659,0.500000000000001);
#102=CYLINDRICAL_SURFACE('',#4661,0.500000000000001);
#103=CYLINDRICAL_SURFACE('',#4663,1.75);
#104=CYLINDRICAL_SURFACE('',#4665,0.500000000000001);
#105=CYLINDRICAL_SURFACE('',#4667,0.5);
#106=CYLINDRICAL_SURFACE('',#4669,0.5);
#107=CYLINDRICAL_SURFACE('',#4671,3.);
#108=CYLINDRICAL_SURFACE('',#4712,0.5);
#109=CYLINDRICAL_SURFACE('',#4715,0.500000000000001);
#110=CYLINDRICAL_SURFACE('',#4718,0.500000000000001);
#111=CYLINDRICAL_SURFACE('',#4721,3.);
#112=CYLINDRICAL_SURFACE('',#4724,3.);
#113=CYLINDRICAL_SURFACE('',#4727,0.500000000000001);
#114=CYLINDRICAL_SURFACE('',#4730,0.500000000000001);
#115=CYLINDRICAL_SURFACE('',#4733,0.5);
#116=CYLINDRICAL_SURFACE('',#4736,1.75);
#117=CYLINDRICAL_SURFACE('',#4739,0.500000000000001);
#118=CYLINDRICAL_SURFACE('',#4742,0.5);
#119=CYLINDRICAL_SURFACE('',#4745,0.5);
#120=CYLINDRICAL_SURFACE('',#4748,3.);
#121=CYLINDRICAL_SURFACE('',#4751,3.);
#122=CYLINDRICAL_SURFACE('',#4754,0.5);
#123=CYLINDRICAL_SURFACE('',#4757,0.5);
#124=CYLINDRICAL_SURFACE('',#4760,0.500000000000001);
#125=CYLINDRICAL_SURFACE('',#4763,1.75);
#126=CYLINDRICAL_SURFACE('',#4766,0.5);
#127=CYLINDRICAL_SURFACE('',#4768,2.15000000000001);
#128=CYLINDRICAL_SURFACE('',#4771,3.);
#129=CYLINDRICAL_SURFACE('',#4774,0.500000000000001);
#130=CYLINDRICAL_SURFACE('',#4777,0.500000000000001);
#131=CYLINDRICAL_SURFACE('',#4795,0.5);
#132=CYLINDRICAL_SURFACE('',#4797,1.75);
#133=CYLINDRICAL_SURFACE('',#4799,0.500000000000001);
#134=CYLINDRICAL_SURFACE('',#4801,0.5);
#135=CYLINDRICAL_SURFACE('',#4803,0.5);
#136=CYLINDRICAL_SURFACE('',#4805,3.);
#137=CYLINDRICAL_SURFACE('',#4807,3.);
#138=CYLINDRICAL_SURFACE('',#4809,0.500000000000001);
#139=CYLINDRICAL_SURFACE('',#4811,0.500000000000001);
#140=CYLINDRICAL_SURFACE('',#4813,1.75);
#141=CYLINDRICAL_SURFACE('',#4815,0.500000000000001);
#142=CYLINDRICAL_SURFACE('',#4817,0.5);
#143=CYLINDRICAL_SURFACE('',#4819,0.5);
#144=CYLINDRICAL_SURFACE('',#4821,3.);
#145=CYLINDRICAL_SURFACE('',#4862,0.5);
#146=CYLINDRICAL_SURFACE('',#4865,0.500000000000001);
#147=CYLINDRICAL_SURFACE('',#4868,0.500000000000001);
#148=CYLINDRICAL_SURFACE('',#4871,3.);
#149=CYLINDRICAL_SURFACE('',#4874,3.);
#150=CYLINDRICAL_SURFACE('',#4877,0.500000000000001);
#151=CYLINDRICAL_SURFACE('',#4880,0.500000000000001);
#152=CYLINDRICAL_SURFACE('',#4883,0.5);
#153=CYLINDRICAL_SURFACE('',#4886,1.75);
#154=CYLINDRICAL_SURFACE('',#4889,0.500000000000001);
#155=CYLINDRICAL_SURFACE('',#4892,0.5);
#156=CYLINDRICAL_SURFACE('',#4895,0.5);
#157=CYLINDRICAL_SURFACE('',#4898,3.);
#158=CYLINDRICAL_SURFACE('',#4901,3.);
#159=CYLINDRICAL_SURFACE('',#4904,0.5);
#160=CYLINDRICAL_SURFACE('',#4907,0.5);
#161=CYLINDRICAL_SURFACE('',#4910,0.500000000000001);
#162=CYLINDRICAL_SURFACE('',#4913,1.75);
#163=CYLINDRICAL_SURFACE('',#4916,0.5);
#164=CYLINDRICAL_SURFACE('',#4918,2.15000000000001);
#165=CYLINDRICAL_SURFACE('',#4921,3.);
#166=CYLINDRICAL_SURFACE('',#4924,0.500000000000001);
#167=CYLINDRICAL_SURFACE('',#4927,0.500000000000001);
#168=CYLINDRICAL_SURFACE('',#4945,0.5);
#169=CYLINDRICAL_SURFACE('',#4947,1.75);
#170=CYLINDRICAL_SURFACE('',#4949,0.500000000000001);
#171=CYLINDRICAL_SURFACE('',#4951,0.5);
#172=CYLINDRICAL_SURFACE('',#4953,0.5);
#173=CYLINDRICAL_SURFACE('',#4955,3.);
#174=CYLINDRICAL_SURFACE('',#4957,3.);
#175=CYLINDRICAL_SURFACE('',#4959,0.500000000000001);
#176=CYLINDRICAL_SURFACE('',#4961,0.500000000000001);
#177=CYLINDRICAL_SURFACE('',#4963,1.75);
#178=CYLINDRICAL_SURFACE('',#4965,0.500000000000001);
#179=CYLINDRICAL_SURFACE('',#4967,0.5);
#180=CYLINDRICAL_SURFACE('',#4969,0.5);
#181=CYLINDRICAL_SURFACE('',#4971,3.);
#182=FACE_BOUND('',#414,.T.);
#183=FACE_BOUND('',#462,.T.);
#184=FACE_BOUND('',#491,.T.);
#185=FACE_BOUND('',#539,.T.);
#186=FACE_BOUND('',#568,.T.);
#187=FACE_BOUND('',#616,.T.);
#188=FACE_OUTER_BOUND('',#413,.T.);
#189=FACE_OUTER_BOUND('',#415,.T.);
#190=FACE_OUTER_BOUND('',#416,.T.);
#191=FACE_OUTER_BOUND('',#417,.T.);
#192=FACE_OUTER_BOUND('',#418,.T.);
#193=FACE_OUTER_BOUND('',#419,.T.);
#194=FACE_OUTER_BOUND('',#420,.T.);
#195=FACE_OUTER_BOUND('',#421,.T.);
#196=FACE_OUTER_BOUND('',#422,.T.);
#197=FACE_OUTER_BOUND('',#423,.T.);
#198=FACE_OUTER_BOUND('',#424,.T.);
#199=FACE_OUTER_BOUND('',#425,.T.);
#200=FACE_OUTER_BOUND('',#426,.T.);
#201=FACE_OUTER_BOUND('',#427,.T.);
#202=FACE_OUTER_BOUND('',#428,.T.);
#203=FACE_OUTER_BOUND('',#429,.T.);
#204=FACE_OUTER_BOUND('',#430,.T.);
#205=FACE_OUTER_BOUND('',#431,.T.);
#206=FACE_OUTER_BOUND('',#432,.T.);
#207=FACE_OUTER_BOUND('',#433,.T.);
#208=FACE_OUTER_BOUND('',#434,.T.);
#209=FACE_OUTER_BOUND('',#435,.T.);
#210=FACE_OUTER_BOUND('',#436,.T.);
#211=FACE_OUTER_BOUND('',#437,.T.);
#212=FACE_OUTER_BOUND('',#438,.T.);
#213=FACE_OUTER_BOUND('',#439,.T.);
#214=FACE_OUTER_BOUND('',#440,.T.);
#215=FACE_OUTER_BOUND('',#441,.T.);
#216=FACE_OUTER_BOUND('',#442,.T.);
#217=FACE_OUTER_BOUND('',#443,.T.);
#218=FACE_OUTER_BOUND('',#444,.T.);
#219=FACE_OUTER_BOUND('',#445,.T.);
#220=FACE_OUTER_BOUND('',#446,.T.);
#221=FACE_OUTER_BOUND('',#447,.T.);
#222=FACE_OUTER_BOUND('',#448,.T.);
#223=FACE_OUTER_BOUND('',#449,.T.);
#224=FACE_OUTER_BOUND('',#450,.T.);
#225=FACE_OUTER_BOUND('',#451,.T.);
#226=FACE_OUTER_BOUND('',#452,.T.);
#227=FACE_OUTER_BOUND('',#453,.T.);
#228=FACE_OUTER_BOUND('',#454,.T.);
#229=FACE_OUTER_BOUND('',#455,.T.);
#230=FACE_OUTER_BOUND('',#456,.T.);
#231=FACE_OUTER_BOUND('',#457,.T.);
#232=FACE_OUTER_BOUND('',#458,.T.);
#233=FACE_OUTER_BOUND('',#459,.T.);
#234=FACE_OUTER_BOUND('',#460,.T.);
#235=FACE_OUTER_BOUND('',#461,.T.);
#236=FACE_OUTER_BOUND('',#463,.T.);
#237=FACE_OUTER_BOUND('',#464,.T.);
#238=FACE_OUTER_BOUND('',#465,.T.);
#239=FACE_OUTER_BOUND('',#466,.T.);
#240=FACE_OUTER_BOUND('',#467,.T.);
#241=FACE_OUTER_BOUND('',#468,.T.);
#242=FACE_OUTER_BOUND('',#469,.T.);
#243=FACE_OUTER_BOUND('',#470,.T.);
#244=FACE_OUTER_BOUND('',#471,.T.);
#245=FACE_OUTER_BOUND('',#472,.T.);
#246=FACE_OUTER_BOUND('',#473,.T.);
#247=FACE_OUTER_BOUND('',#474,.T.);
#248=FACE_OUTER_BOUND('',#475,.T.);
#249=FACE_OUTER_BOUND('',#476,.T.);
#250=FACE_OUTER_BOUND('',#477,.T.);
#251=FACE_OUTER_BOUND('',#478,.T.);
#252=FACE_OUTER_BOUND('',#479,.T.);
#253=FACE_OUTER_BOUND('',#480,.T.);
#254=FACE_OUTER_BOUND('',#481,.T.);
#255=FACE_OUTER_BOUND('',#482,.T.);
#256=FACE_OUTER_BOUND('',#483,.T.);
#257=FACE_OUTER_BOUND('',#484,.T.);
#258=FACE_OUTER_BOUND('',#485,.T.);
#259=FACE_OUTER_BOUND('',#486,.T.);
#260=FACE_OUTER_BOUND('',#487,.T.);
#261=FACE_OUTER_BOUND('',#488,.T.);
#262=FACE_OUTER_BOUND('',#489,.T.);
#263=FACE_OUTER_BOUND('',#490,.T.);
#264=FACE_OUTER_BOUND('',#492,.T.);
#265=FACE_OUTER_BOUND('',#493,.T.);
#266=FACE_OUTER_BOUND('',#494,.T.);
#267=FACE_OUTER_BOUND('',#495,.T.);
#268=FACE_OUTER_BOUND('',#496,.T.);
#269=FACE_OUTER_BOUND('',#497,.T.);
#270=FACE_OUTER_BOUND('',#498,.T.);
#271=FACE_OUTER_BOUND('',#499,.T.);
#272=FACE_OUTER_BOUND('',#500,.T.);
#273=FACE_OUTER_BOUND('',#501,.T.);
#274=FACE_OUTER_BOUND('',#502,.T.);
#275=FACE_OUTER_BOUND('',#503,.T.);
#276=FACE_OUTER_BOUND('',#504,.T.);
#277=FACE_OUTER_BOUND('',#505,.T.);
#278=FACE_OUTER_BOUND('',#506,.T.);
#279=FACE_OUTER_BOUND('',#507,.T.);
#280=FACE_OUTER_BOUND('',#508,.T.);
#281=FACE_OUTER_BOUND('',#509,.T.);
#282=FACE_OUTER_BOUND('',#510,.T.);
#283=FACE_OUTER_BOUND('',#511,.T.);
#284=FACE_OUTER_BOUND('',#512,.T.);
#285=FACE_OUTER_BOUND('',#513,.T.);
#286=FACE_OUTER_BOUND('',#514,.T.);
#287=FACE_OUTER_BOUND('',#515,.T.);
#288=FACE_OUTER_BOUND('',#516,.T.);
#289=FACE_OUTER_BOUND('',#517,.T.);
#290=FACE_OUTER_BOUND('',#518,.T.);
#291=FACE_OUTER_BOUND('',#519,.T.);
#292=FACE_OUTER_BOUND('',#520,.T.);
#293=FACE_OUTER_BOUND('',#521,.T.);
#294=FACE_OUTER_BOUND('',#522,.T.);
#295=FACE_OUTER_BOUND('',#523,.T.);
#296=FACE_OUTER_BOUND('',#524,.T.);
#297=FACE_OUTER_BOUND('',#525,.T.);
#298=FACE_OUTER_BOUND('',#526,.T.);
#299=FACE_OUTER_BOUND('',#527,.T.);
#300=FACE_OUTER_BOUND('',#528,.T.);
#301=FACE_OUTER_BOUND('',#529,.T.);
#302=FACE_OUTER_BOUND('',#530,.T.);
#303=FACE_OUTER_BOUND('',#531,.T.);
#304=FACE_OUTER_BOUND('',#532,.T.);
#305=FACE_OUTER_BOUND('',#533,.T.);
#306=FACE_OUTER_BOUND('',#534,.T.);
#307=FACE_OUTER_BOUND('',#535,.T.);
#308=FACE_OUTER_BOUND('',#536,.T.);
#309=FACE_OUTER_BOUND('',#537,.T.);
#310=FACE_OUTER_BOUND('',#538,.T.);
#311=FACE_OUTER_BOUND('',#540,.T.);
#312=FACE_OUTER_BOUND('',#541,.T.);
#313=FACE_OUTER_BOUND('',#542,.T.);
#314=FACE_OUTER_BOUND('',#543,.T.);
#315=FACE_OUTER_BOUND('',#544,.T.);
#316=FACE_OUTER_BOUND('',#545,.T.);
#317=FACE_OUTER_BOUND('',#546,.T.);
#318=FACE_OUTER_BOUND('',#547,.T.);
#319=FACE_OUTER_BOUND('',#548,.T.);
#320=FACE_OUTER_BOUND('',#549,.T.);
#321=FACE_OUTER_BOUND('',#550,.T.);
#322=FACE_OUTER_BOUND('',#551,.T.);
#323=FACE_OUTER_BOUND('',#552,.T.);
#324=FACE_OUTER_BOUND('',#553,.T.);
#325=FACE_OUTER_BOUND('',#554,.T.);
#326=FACE_OUTER_BOUND('',#555,.T.);
#327=FACE_OUTER_BOUND('',#556,.T.);
#328=FACE_OUTER_BOUND('',#557,.T.);
#329=FACE_OUTER_BOUND('',#558,.T.);
#330=FACE_OUTER_BOUND('',#559,.T.);
#331=FACE_OUTER_BOUND('',#560,.T.);
#332=FACE_OUTER_BOUND('',#561,.T.);
#333=FACE_OUTER_BOUND('',#562,.T.);
#334=FACE_OUTER_BOUND('',#563,.T.);
#335=FACE_OUTER_BOUND('',#564,.T.);
#336=FACE_OUTER_BOUND('',#565,.T.);
#337=FACE_OUTER_BOUND('',#566,.T.);
#338=FACE_OUTER_BOUND('',#567,.T.);
#339=FACE_OUTER_BOUND('',#569,.T.);
#340=FACE_OUTER_BOUND('',#570,.T.);
#341=FACE_OUTER_BOUND('',#571,.T.);
#342=FACE_OUTER_BOUND('',#572,.T.);
#343=FACE_OUTER_BOUND('',#573,.T.);
#344=FACE_OUTER_BOUND('',#574,.T.);
#345=FACE_OUTER_BOUND('',#575,.T.);
#346=FACE_OUTER_BOUND('',#576,.T.);
#347=FACE_OUTER_BOUND('',#577,.T.);
#348=FACE_OUTER_BOUND('',#578,.T.);
#349=FACE_OUTER_BOUND('',#579,.T.);
#350=FACE_OUTER_BOUND('',#580,.T.);
#351=FACE_OUTER_BOUND('',#581,.T.);
#352=FACE_OUTER_BOUND('',#582,.T.);
#353=FACE_OUTER_BOUND('',#583,.T.);
#354=FACE_OUTER_BOUND('',#584,.T.);
#355=FACE_OUTER_BOUND('',#585,.T.);
#356=FACE_OUTER_BOUND('',#586,.T.);
#357=FACE_OUTER_BOUND('',#587,.T.);
#358=FACE_OUTER_BOUND('',#588,.T.);
#359=FACE_OUTER_BOUND('',#589,.T.);
#360=FACE_OUTER_BOUND('',#590,.T.);
#361=FACE_OUTER_BOUND('',#591,.T.);
#362=FACE_OUTER_BOUND('',#592,.T.);
#363=FACE_OUTER_BOUND('',#593,.T.);
#364=FACE_OUTER_BOUND('',#594,.T.);
#365=FACE_OUTER_BOUND('',#595,.T.);
#366=FACE_OUTER_BOUND('',#596,.T.);
#367=FACE_OUTER_BOUND('',#597,.T.);
#368=FACE_OUTER_BOUND('',#598,.T.);
#369=FACE_OUTER_BOUND('',#599,.T.);
#370=FACE_OUTER_BOUND('',#600,.T.);
#371=FACE_OUTER_BOUND('',#601,.T.);
#372=FACE_OUTER_BOUND('',#602,.T.);
#373=FACE_OUTER_BOUND('',#603,.T.);
#374=FACE_OUTER_BOUND('',#604,.T.);
#375=FACE_OUTER_BOUND('',#605,.T.);
#376=FACE_OUTER_BOUND('',#606,.T.);
#377=FACE_OUTER_BOUND('',#607,.T.);
#378=FACE_OUTER_BOUND('',#608,.T.);
#379=FACE_OUTER_BOUND('',#609,.T.);
#380=FACE_OUTER_BOUND('',#610,.T.);
#381=FACE_OUTER_BOUND('',#611,.T.);
#382=FACE_OUTER_BOUND('',#612,.T.);
#383=FACE_OUTER_BOUND('',#613,.T.);
#384=FACE_OUTER_BOUND('',#614,.T.);
#385=FACE_OUTER_BOUND('',#615,.T.);
#386=FACE_OUTER_BOUND('',#617,.T.);
#387=FACE_OUTER_BOUND('',#618,.T.);
#388=FACE_OUTER_BOUND('',#619,.T.);
#389=FACE_OUTER_BOUND('',#620,.T.);
#390=FACE_OUTER_BOUND('',#621,.T.);
#391=FACE_OUTER_BOUND('',#622,.T.);
#392=FACE_OUTER_BOUND('',#623,.T.);
#393=FACE_OUTER_BOUND('',#624,.T.);
#394=FACE_OUTER_BOUND('',#625,.T.);
#395=FACE_OUTER_BOUND('',#626,.T.);
#396=FACE_OUTER_BOUND('',#627,.T.);
#397=FACE_OUTER_BOUND('',#628,.T.);
#398=FACE_OUTER_BOUND('',#629,.T.);
#399=FACE_OUTER_BOUND('',#630,.T.);
#400=FACE_OUTER_BOUND('',#631,.T.);
#401=FACE_OUTER_BOUND('',#632,.T.);
#402=FACE_OUTER_BOUND('',#633,.T.);
#403=FACE_OUTER_BOUND('',#634,.T.);
#404=FACE_OUTER_BOUND('',#635,.T.);
#405=FACE_OUTER_BOUND('',#636,.T.);
#406=FACE_OUTER_BOUND('',#637,.T.);
#407=FACE_OUTER_BOUND('',#638,.T.);
#408=FACE_OUTER_BOUND('',#639,.T.);
#409=FACE_OUTER_BOUND('',#640,.T.);
#410=FACE_OUTER_BOUND('',#641,.T.);
#411=FACE_OUTER_BOUND('',#642,.T.);
#412=FACE_OUTER_BOUND('',#643,.T.);
#413=EDGE_LOOP('',(#2831,#2832,#2833,#2834,#2835,#2836,#2837,#2838,#2839,
#2840,#2841,#2842,#2843,#2844,#2845,#2846,#2847,#2848,#2849,#2850,#2851,
#2852,#2853,#2854,#2855,#2856,#2857,#2858,#2859,#2860,#2861,#2862,#2863,
#2864,#2865,#2866,#2867,#2868,#2869,#2870,#2871,#2872,#2873,#2874,#2875,
#2876,#2877,#2878,#2879,#2880,#2881,#2882,#2883,#2884,#2885,#2886,#2887,
#2888,#2889,#2890,#2891,#2892,#2893,#2894,#2895,#2896,#2897,#2898,#2899,
#2900,#2901,#2902));
#414=EDGE_LOOP('',(#2903));
#415=EDGE_LOOP('',(#2904,#2905,#2906,#2907));
#416=EDGE_LOOP('',(#2908,#2909,#2910,#2911));
#417=EDGE_LOOP('',(#2912,#2913,#2914,#2915));
#418=EDGE_LOOP('',(#2916,#2917,#2918,#2919));
#419=EDGE_LOOP('',(#2920,#2921,#2922,#2923));
#420=EDGE_LOOP('',(#2924,#2925,#2926,#2927));
#421=EDGE_LOOP('',(#2928,#2929,#2930,#2931));
#422=EDGE_LOOP('',(#2932,#2933,#2934,#2935));
#423=EDGE_LOOP('',(#2936,#2937,#2938,#2939));
#424=EDGE_LOOP('',(#2940,#2941,#2942,#2943));
#425=EDGE_LOOP('',(#2944,#2945,#2946,#2947));
#426=EDGE_LOOP('',(#2948,#2949,#2950,#2951));
#427=EDGE_LOOP('',(#2952,#2953,#2954,#2955));
#428=EDGE_LOOP('',(#2956,#2957,#2958,#2959));
#429=EDGE_LOOP('',(#2960,#2961,#2962,#2963));
#430=EDGE_LOOP('',(#2964,#2965,#2966,#2967));
#431=EDGE_LOOP('',(#2968,#2969,#2970,#2971));
#432=EDGE_LOOP('',(#2972,#2973,#2974,#2975));
#433=EDGE_LOOP('',(#2976,#2977,#2978,#2979));
#434=EDGE_LOOP('',(#2980,#2981,#2982,#2983));
#435=EDGE_LOOP('',(#2984,#2985,#2986,#2987));
#436=EDGE_LOOP('',(#2988,#2989,#2990,#2991));
#437=EDGE_LOOP('',(#2992,#2993,#2994,#2995));
#438=EDGE_LOOP('',(#2996,#2997,#2998,#2999));
#439=EDGE_LOOP('',(#3000,#3001,#3002,#3003));
#440=EDGE_LOOP('',(#3004,#3005,#3006,#3007));
#441=EDGE_LOOP('',(#3008,#3009,#3010,#3011));
#442=EDGE_LOOP('',(#3012,#3013,#3014,#3015));
#443=EDGE_LOOP('',(#3016,#3017,#3018,#3019));
#444=EDGE_LOOP('',(#3020,#3021,#3022,#3023));
#445=EDGE_LOOP('',(#3024,#3025,#3026,#3027));
#446=EDGE_LOOP('',(#3028,#3029,#3030,#3031));
#447=EDGE_LOOP('',(#3032,#3033,#3034,#3035));
#448=EDGE_LOOP('',(#3036,#3037,#3038,#3039));
#449=EDGE_LOOP('',(#3040,#3041,#3042,#3043));
#450=EDGE_LOOP('',(#3044,#3045,#3046,#3047));
#451=EDGE_LOOP('',(#3048,#3049,#3050,#3051));
#452=EDGE_LOOP('',(#3052,#3053,#3054,#3055));
#453=EDGE_LOOP('',(#3056,#3057,#3058,#3059));
#454=EDGE_LOOP('',(#3060,#3061,#3062,#3063));
#455=EDGE_LOOP('',(#3064,#3065,#3066,#3067));
#456=EDGE_LOOP('',(#3068,#3069,#3070,#3071));
#457=EDGE_LOOP('',(#3072,#3073,#3074,#3075));
#458=EDGE_LOOP('',(#3076,#3077,#3078,#3079));
#459=EDGE_LOOP('',(#3080,#3081,#3082,#3083));
#460=EDGE_LOOP('',(#3084,#3085,#3086,#3087));
#461=EDGE_LOOP('',(#3088,#3089,#3090,#3091,#3092,#3093,#3094,#3095,#3096,
#3097,#3098,#3099,#3100,#3101,#3102,#3103,#3104,#3105,#3106,#3107,#3108,
#3109,#3110,#3111,#3112,#3113,#3114,#3115,#3116,#3117,#3118,#3119,#3120,
#3121,#3122,#3123,#3124,#3125,#3126,#3127,#3128,#3129,#3130,#3131,#3132,
#3133,#3134,#3135,#3136,#3137,#3138,#3139,#3140,#3141,#3142,#3143,#3144,
#3145,#3146,#3147,#3148,#3149,#3150,#3151,#3152,#3153,#3154,#3155,#3156,
#3157,#3158,#3159));
#462=EDGE_LOOP('',(#3160));
#463=EDGE_LOOP('',(#3161,#3162,#3163,#3164));
#464=EDGE_LOOP('',(#3165,#3166,#3167,#3168));
#465=EDGE_LOOP('',(#3169,#3170,#3171,#3172));
#466=EDGE_LOOP('',(#3173,#3174,#3175,#3176));
#467=EDGE_LOOP('',(#3177,#3178,#3179,#3180));
#468=EDGE_LOOP('',(#3181,#3182,#3183,#3184));
#469=EDGE_LOOP('',(#3185,#3186,#3187,#3188));
#470=EDGE_LOOP('',(#3189,#3190,#3191,#3192));
#471=EDGE_LOOP('',(#3193,#3194,#3195,#3196));
#472=EDGE_LOOP('',(#3197,#3198,#3199,#3200));
#473=EDGE_LOOP('',(#3201,#3202,#3203,#3204));
#474=EDGE_LOOP('',(#3205,#3206,#3207,#3208));
#475=EDGE_LOOP('',(#3209,#3210,#3211,#3212));
#476=EDGE_LOOP('',(#3213,#3214,#3215,#3216));
#477=EDGE_LOOP('',(#3217,#3218,#3219,#3220));
#478=EDGE_LOOP('',(#3221,#3222,#3223,#3224));
#479=EDGE_LOOP('',(#3225,#3226,#3227,#3228));
#480=EDGE_LOOP('',(#3229,#3230,#3231,#3232));
#481=EDGE_LOOP('',(#3233,#3234,#3235,#3236));
#482=EDGE_LOOP('',(#3237,#3238,#3239,#3240));
#483=EDGE_LOOP('',(#3241,#3242,#3243,#3244));
#484=EDGE_LOOP('',(#3245,#3246,#3247,#3248));
#485=EDGE_LOOP('',(#3249,#3250,#3251,#3252));
#486=EDGE_LOOP('',(#3253,#3254,#3255,#3256));
#487=EDGE_LOOP('',(#3257,#3258,#3259,#3260));
#488=EDGE_LOOP('',(#3261,#3262,#3263,#3264));
#489=EDGE_LOOP('',(#3265,#3266,#3267,#3268));
#490=EDGE_LOOP('',(#3269,#3270,#3271,#3272,#3273,#3274,#3275,#3276,#3277,
#3278,#3279,#3280,#3281,#3282,#3283,#3284,#3285,#3286,#3287,#3288,#3289,
#3290,#3291,#3292,#3293,#3294,#3295,#3296,#3297,#3298,#3299,#3300,#3301,
#3302,#3303,#3304,#3305,#3306,#3307,#3308,#3309,#3310,#3311,#3312,#3313,
#3314,#3315,#3316,#3317,#3318,#3319,#3320,#3321,#3322,#3323,#3324,#3325,
#3326,#3327,#3328,#3329,#3330,#3331,#3332,#3333,#3334,#3335,#3336,#3337,
#3338,#3339,#3340));
#491=EDGE_LOOP('',(#3341));
#492=EDGE_LOOP('',(#3342,#3343,#3344,#3345));
#493=EDGE_LOOP('',(#3346,#3347,#3348,#3349));
#494=EDGE_LOOP('',(#3350,#3351,#3352,#3353));
#495=EDGE_LOOP('',(#3354,#3355,#3356,#3357));
#496=EDGE_LOOP('',(#3358,#3359,#3360,#3361));
#497=EDGE_LOOP('',(#3362,#3363,#3364,#3365));
#498=EDGE_LOOP('',(#3366,#3367,#3368,#3369));
#499=EDGE_LOOP('',(#3370,#3371,#3372,#3373));
#500=EDGE_LOOP('',(#3374,#3375,#3376,#3377));
#501=EDGE_LOOP('',(#3378,#3379,#3380,#3381));
#502=EDGE_LOOP('',(#3382,#3383,#3384,#3385));
#503=EDGE_LOOP('',(#3386,#3387,#3388,#3389));
#504=EDGE_LOOP('',(#3390,#3391,#3392,#3393));
#505=EDGE_LOOP('',(#3394,#3395,#3396,#3397));
#506=EDGE_LOOP('',(#3398,#3399,#3400,#3401));
#507=EDGE_LOOP('',(#3402,#3403,#3404,#3405));
#508=EDGE_LOOP('',(#3406,#3407,#3408,#3409));
#509=EDGE_LOOP('',(#3410,#3411,#3412,#3413));
#510=EDGE_LOOP('',(#3414,#3415,#3416,#3417));
#511=EDGE_LOOP('',(#3418,#3419,#3420,#3421));
#512=EDGE_LOOP('',(#3422,#3423,#3424,#3425));
#513=EDGE_LOOP('',(#3426,#3427,#3428,#3429));
#514=EDGE_LOOP('',(#3430,#3431,#3432,#3433));
#515=EDGE_LOOP('',(#3434,#3435,#3436,#3437));
#516=EDGE_LOOP('',(#3438,#3439,#3440,#3441));
#517=EDGE_LOOP('',(#3442,#3443,#3444,#3445));
#518=EDGE_LOOP('',(#3446,#3447,#3448,#3449));
#519=EDGE_LOOP('',(#3450,#3451,#3452,#3453));
#520=EDGE_LOOP('',(#3454,#3455,#3456,#3457));
#521=EDGE_LOOP('',(#3458,#3459,#3460,#3461));
#522=EDGE_LOOP('',(#3462,#3463,#3464,#3465));
#523=EDGE_LOOP('',(#3466,#3467,#3468,#3469));
#524=EDGE_LOOP('',(#3470,#3471,#3472,#3473));
#525=EDGE_LOOP('',(#3474,#3475,#3476,#3477));
#526=EDGE_LOOP('',(#3478,#3479,#3480,#3481));
#527=EDGE_LOOP('',(#3482,#3483,#3484,#3485));
#528=EDGE_LOOP('',(#3486,#3487,#3488,#3489));
#529=EDGE_LOOP('',(#3490,#3491,#3492,#3493));
#530=EDGE_LOOP('',(#3494,#3495,#3496,#3497));
#531=EDGE_LOOP('',(#3498,#3499,#3500,#3501));
#532=EDGE_LOOP('',(#3502,#3503,#3504,#3505));
#533=EDGE_LOOP('',(#3506,#3507,#3508,#3509));
#534=EDGE_LOOP('',(#3510,#3511,#3512,#3513));
#535=EDGE_LOOP('',(#3514,#3515,#3516,#3517));
#536=EDGE_LOOP('',(#3518,#3519,#3520,#3521));
#537=EDGE_LOOP('',(#3522,#3523,#3524,#3525));
#538=EDGE_LOOP('',(#3526,#3527,#3528,#3529,#3530,#3531,#3532,#3533,#3534,
#3535,#3536,#3537,#3538,#3539,#3540,#3541,#3542,#3543,#3544,#3545,#3546,
#3547,#3548,#3549,#3550,#3551,#3552,#3553,#3554,#3555,#3556,#3557,#3558,
#3559,#3560,#3561,#3562,#3563,#3564,#3565,#3566,#3567,#3568,#3569,#3570,
#3571,#3572,#3573,#3574,#3575,#3576,#3577,#3578,#3579,#3580,#3581,#3582,
#3583,#3584,#3585,#3586,#3587,#3588,#3589,#3590,#3591,#3592,#3593,#3594,
#3595,#3596,#3597));
#539=EDGE_LOOP('',(#3598));
#540=EDGE_LOOP('',(#3599,#3600,#3601,#3602));
#541=EDGE_LOOP('',(#3603,#3604,#3605,#3606));
#542=EDGE_LOOP('',(#3607,#3608,#3609,#3610));
#543=EDGE_LOOP('',(#3611,#3612,#3613,#3614));
#544=EDGE_LOOP('',(#3615,#3616,#3617,#3618));
#545=EDGE_LOOP('',(#3619,#3620,#3621,#3622));
#546=EDGE_LOOP('',(#3623,#3624,#3625,#3626));
#547=EDGE_LOOP('',(#3627,#3628,#3629,#3630));
#548=EDGE_LOOP('',(#3631,#3632,#3633,#3634));
#549=EDGE_LOOP('',(#3635,#3636,#3637,#3638));
#550=EDGE_LOOP('',(#3639,#3640,#3641,#3642));
#551=EDGE_LOOP('',(#3643,#3644,#3645,#3646));
#552=EDGE_LOOP('',(#3647,#3648,#3649,#3650));
#553=EDGE_LOOP('',(#3651,#3652,#3653,#3654));
#554=EDGE_LOOP('',(#3655,#3656,#3657,#3658));
#555=EDGE_LOOP('',(#3659,#3660,#3661,#3662));
#556=EDGE_LOOP('',(#3663,#3664,#3665,#3666));
#557=EDGE_LOOP('',(#3667,#3668,#3669,#3670));
#558=EDGE_LOOP('',(#3671,#3672,#3673,#3674));
#559=EDGE_LOOP('',(#3675,#3676,#3677,#3678));
#560=EDGE_LOOP('',(#3679,#3680,#3681,#3682));
#561=EDGE_LOOP('',(#3683,#3684,#3685,#3686));
#562=EDGE_LOOP('',(#3687,#3688,#3689,#3690));
#563=EDGE_LOOP('',(#3691,#3692,#3693,#3694));
#564=EDGE_LOOP('',(#3695,#3696,#3697,#3698));
#565=EDGE_LOOP('',(#3699,#3700,#3701,#3702));
#566=EDGE_LOOP('',(#3703,#3704,#3705,#3706));
#567=EDGE_LOOP('',(#3707,#3708,#3709,#3710,#3711,#3712,#3713,#3714,#3715,
#3716,#3717,#3718,#3719,#3720,#3721,#3722,#3723,#3724,#3725,#3726,#3727,
#3728,#3729,#3730,#3731,#3732,#3733,#3734,#3735,#3736,#3737,#3738,#3739,
#3740,#3741,#3742,#3743,#3744,#3745,#3746,#3747,#3748,#3749,#3750,#3751,
#3752,#3753,#3754,#3755,#3756,#3757,#3758,#3759,#3760,#3761,#3762,#3763,
#3764,#3765,#3766,#3767,#3768,#3769,#3770,#3771,#3772,#3773,#3774,#3775,
#3776,#3777,#3778));
#568=EDGE_LOOP('',(#3779));
#569=EDGE_LOOP('',(#3780,#3781,#3782,#3783));
#570=EDGE_LOOP('',(#3784,#3785,#3786,#3787));
#571=EDGE_LOOP('',(#3788,#3789,#3790,#3791));
#572=EDGE_LOOP('',(#3792,#3793,#3794,#3795));
#573=EDGE_LOOP('',(#3796,#3797,#3798,#3799));
#574=EDGE_LOOP('',(#3800,#3801,#3802,#3803));
#575=EDGE_LOOP('',(#3804,#3805,#3806,#3807));
#576=EDGE_LOOP('',(#3808,#3809,#3810,#3811));
#577=EDGE_LOOP('',(#3812,#3813,#3814,#3815));
#578=EDGE_LOOP('',(#3816,#3817,#3818,#3819));
#579=EDGE_LOOP('',(#3820,#3821,#3822,#3823));
#580=EDGE_LOOP('',(#3824,#3825,#3826,#3827));
#581=EDGE_LOOP('',(#3828,#3829,#3830,#3831));
#582=EDGE_LOOP('',(#3832,#3833,#3834,#3835));
#583=EDGE_LOOP('',(#3836,#3837,#3838,#3839));
#584=EDGE_LOOP('',(#3840,#3841,#3842,#3843));
#585=EDGE_LOOP('',(#3844,#3845,#3846,#3847));
#586=EDGE_LOOP('',(#3848,#3849,#3850,#3851));
#587=EDGE_LOOP('',(#3852,#3853,#3854,#3855));
#588=EDGE_LOOP('',(#3856,#3857,#3858,#3859));
#589=EDGE_LOOP('',(#3860,#3861,#3862,#3863));
#590=EDGE_LOOP('',(#3864,#3865,#3866,#3867));
#591=EDGE_LOOP('',(#3868,#3869,#3870,#3871));
#592=EDGE_LOOP('',(#3872,#3873,#3874,#3875));
#593=EDGE_LOOP('',(#3876,#3877,#3878,#3879));
#594=EDGE_LOOP('',(#3880,#3881,#3882,#3883));
#595=EDGE_LOOP('',(#3884,#3885,#3886,#3887));
#596=EDGE_LOOP('',(#3888,#3889,#3890,#3891));
#597=EDGE_LOOP('',(#3892,#3893,#3894,#3895));
#598=EDGE_LOOP('',(#3896,#3897,#3898,#3899));
#599=EDGE_LOOP('',(#3900,#3901,#3902,#3903));
#600=EDGE_LOOP('',(#3904,#3905,#3906,#3907));
#601=EDGE_LOOP('',(#3908,#3909,#3910,#3911));
#602=EDGE_LOOP('',(#3912,#3913,#3914,#3915));
#603=EDGE_LOOP('',(#3916,#3917,#3918,#3919));
#604=EDGE_LOOP('',(#3920,#3921,#3922,#3923));
#605=EDGE_LOOP('',(#3924,#3925,#3926,#3927));
#606=EDGE_LOOP('',(#3928,#3929,#3930,#3931));
#607=EDGE_LOOP('',(#3932,#3933,#3934,#3935));
#608=EDGE_LOOP('',(#3936,#3937,#3938,#3939));
#609=EDGE_LOOP('',(#3940,#3941,#3942,#3943));
#610=EDGE_LOOP('',(#3944,#3945,#3946,#3947));
#611=EDGE_LOOP('',(#3948,#3949,#3950,#3951));
#612=EDGE_LOOP('',(#3952,#3953,#3954,#3955));
#613=EDGE_LOOP('',(#3956,#3957,#3958,#3959));
#614=EDGE_LOOP('',(#3960,#3961,#3962,#3963));
#615=EDGE_LOOP('',(#3964,#3965,#3966,#3967,#3968,#3969,#3970,#3971,#3972,
#3973,#3974,#3975,#3976,#3977,#3978,#3979,#3980,#3981,#3982,#3983,#3984,
#3985,#3986,#3987,#3988,#3989,#3990,#3991,#3992,#3993,#3994,#3995,#3996,
#3997,#3998,#3999,#4000,#4001,#4002,#4003,#4004,#4005,#4006,#4007,#4008,
#4009,#4010,#4011,#4012,#4013,#4014,#4015,#4016,#4017,#4018,#4019,#4020,
#4021,#4022,#4023,#4024,#4025,#4026,#4027,#4028,#4029,#4030,#4031,#4032,
#4033,#4034,#4035));
#616=EDGE_LOOP('',(#4036));
#617=EDGE_LOOP('',(#4037,#4038,#4039,#4040));
#618=EDGE_LOOP('',(#4041,#4042,#4043,#4044));
#619=EDGE_LOOP('',(#4045,#4046,#4047,#4048));
#620=EDGE_LOOP('',(#4049,#4050,#4051,#4052));
#621=EDGE_LOOP('',(#4053,#4054,#4055,#4056));
#622=EDGE_LOOP('',(#4057,#4058,#4059,#4060));
#623=EDGE_LOOP('',(#4061,#4062,#4063,#4064));
#624=EDGE_LOOP('',(#4065,#4066,#4067,#4068));
#625=EDGE_LOOP('',(#4069,#4070,#4071,#4072));
#626=EDGE_LOOP('',(#4073,#4074,#4075,#4076));
#627=EDGE_LOOP('',(#4077,#4078,#4079,#4080));
#628=EDGE_LOOP('',(#4081,#4082,#4083,#4084));
#629=EDGE_LOOP('',(#4085,#4086,#4087,#4088));
#630=EDGE_LOOP('',(#4089,#4090,#4091,#4092));
#631=EDGE_LOOP('',(#4093,#4094,#4095,#4096));
#632=EDGE_LOOP('',(#4097,#4098,#4099,#4100));
#633=EDGE_LOOP('',(#4101,#4102,#4103,#4104));
#634=EDGE_LOOP('',(#4105,#4106,#4107,#4108));
#635=EDGE_LOOP('',(#4109,#4110,#4111,#4112));
#636=EDGE_LOOP('',(#4113,#4114,#4115,#4116));
#637=EDGE_LOOP('',(#4117,#4118,#4119,#4120));
#638=EDGE_LOOP('',(#4121,#4122,#4123,#4124));
#639=EDGE_LOOP('',(#4125,#4126,#4127,#4128));
#640=EDGE_LOOP('',(#4129,#4130,#4131,#4132));
#641=EDGE_LOOP('',(#4133,#4134,#4135,#4136));
#642=EDGE_LOOP('',(#4137,#4138,#4139,#4140));
#643=EDGE_LOOP('',(#4141,#4142,#4143,#4144));
#644=LINE('',#6352,#1079);
#645=LINE('',#6356,#1080);
#646=LINE('',#6360,#1081);
#647=LINE('',#6364,#1082);
#648=LINE('',#6368,#1083);
#649=LINE('',#6372,#1084);
#650=LINE('',#6376,#1085);
#651=LINE('',#6380,#1086);
#652=LINE('',#6384,#1087);
#653=LINE('',#6388,#1088);
#654=LINE('',#6392,#1089);
#655=LINE('',#6396,#1090);
#656=LINE('',#6400,#1091);
#657=LINE('',#6404,#1092);
#658=LINE('',#6408,#1093);
#659=LINE('',#6412,#1094);
#660=LINE('',#6416,#1095);
#661=LINE('',#6420,#1096);
#662=LINE('',#6424,#1097);
#663=LINE('',#6428,#1098);
#664=LINE('',#6432,#1099);
#665=LINE('',#6436,#1100);
#666=LINE('',#6440,#1101);
#667=LINE('',#6444,#1102);
#668=LINE('',#6448,#1103);
#669=LINE('',#6452,#1104);
#670=LINE('',#6456,#1105);
#671=LINE('',#6460,#1106);
#672=LINE('',#6464,#1107);
#673=LINE('',#6468,#1108);
#674=LINE('',#6472,#1109);
#675=LINE('',#6476,#1110);
#676=LINE('',#6480,#1111);
#677=LINE('',#6484,#1112);
#678=LINE('',#6488,#1113);
#679=LINE('',#6491,#1114);
#680=LINE('',#6496,#1115);
#681=LINE('',#6498,#1116);
#682=LINE('',#6499,#1117);
#683=LINE('',#6502,#1118);
#684=LINE('',#6506,#1119);
#685=LINE('',#6507,#1120);
#686=LINE('',#6510,#1121);
#687=LINE('',#6514,#1122);
#688=LINE('',#6515,#1123);
#689=LINE('',#6518,#1124);
#690=LINE('',#6522,#1125);
#691=LINE('',#6523,#1126);
#692=LINE('',#6526,#1127);
#693=LINE('',#6530,#1128);
#694=LINE('',#6531,#1129);
#695=LINE('',#6534,#1130);
#696=LINE('',#6538,#1131);
#697=LINE('',#6539,#1132);
#698=LINE('',#6542,#1133);
#699=LINE('',#6546,#1134);
#700=LINE('',#6547,#1135);
#701=LINE('',#6550,#1136);
#702=LINE('',#6554,#1137);
#703=LINE('',#6555,#1138);
#704=LINE('',#6558,#1139);
#705=LINE('',#6562,#1140);
#706=LINE('',#6563,#1141);
#707=LINE('',#6566,#1142);
#708=LINE('',#6570,#1143);
#709=LINE('',#6571,#1144);
#710=LINE('',#6574,#1145);
#711=LINE('',#6578,#1146);
#712=LINE('',#6579,#1147);
#713=LINE('',#6582,#1148);
#714=LINE('',#6586,#1149);
#715=LINE('',#6587,#1150);
#716=LINE('',#6590,#1151);
#717=LINE('',#6594,#1152);
#718=LINE('',#6595,#1153);
#719=LINE('',#6598,#1154);
#720=LINE('',#6602,#1155);
#721=LINE('',#6603,#1156);
#722=LINE('',#6606,#1157);
#723=LINE('',#6610,#1158);
#724=LINE('',#6611,#1159);
#725=LINE('',#6614,#1160);
#726=LINE('',#6618,#1161);
#727=LINE('',#6619,#1162);
#728=LINE('',#6622,#1163);
#729=LINE('',#6626,#1164);
#730=LINE('',#6627,#1165);
#731=LINE('',#6630,#1166);
#732=LINE('',#6634,#1167);
#733=LINE('',#6635,#1168);
#734=LINE('',#6638,#1169);
#735=LINE('',#6642,#1170);
#736=LINE('',#6643,#1171);
#737=LINE('',#6646,#1172);
#738=LINE('',#6650,#1173);
#739=LINE('',#6654,#1174);
#740=LINE('',#6656,#1175);
#741=LINE('',#6657,#1176);
#742=LINE('',#6661,#1177);
#743=LINE('',#6664,#1178);
#744=LINE('',#6665,#1179);
#745=LINE('',#6669,#1180);
#746=LINE('',#6672,#1181);
#747=LINE('',#6673,#1182);
#748=LINE('',#6677,#1183);
#749=LINE('',#6679,#1184);
#750=LINE('',#6684,#1185);
#751=LINE('',#6688,#1186);
#752=LINE('',#6692,#1187);
#753=LINE('',#6696,#1188);
#754=LINE('',#6700,#1189);
#755=LINE('',#6704,#1190);
#756=LINE('',#6708,#1191);
#757=LINE('',#6712,#1192);
#758=LINE('',#6716,#1193);
#759=LINE('',#6720,#1194);
#760=LINE('',#6724,#1195);
#761=LINE('',#6728,#1196);
#762=LINE('',#6732,#1197);
#763=LINE('',#6735,#1198);
#764=LINE('',#6736,#1199);
#765=LINE('',#6738,#1200);
#766=LINE('',#6740,#1201);
#767=LINE('',#6742,#1202);
#768=LINE('',#6744,#1203);
#769=LINE('',#6746,#1204);
#770=LINE('',#6748,#1205);
#771=LINE('',#6750,#1206);
#772=LINE('',#6752,#1207);
#773=LINE('',#6754,#1208);
#774=LINE('',#6756,#1209);
#775=LINE('',#6758,#1210);
#776=LINE('',#6760,#1211);
#777=LINE('',#6762,#1212);
#778=LINE('',#6764,#1213);
#779=LINE('',#6766,#1214);
#780=LINE('',#6768,#1215);
#781=LINE('',#6771,#1216);
#782=LINE('',#6773,#1217);
#783=LINE('',#6775,#1218);
#784=LINE('',#6777,#1219);
#785=LINE('',#6779,#1220);
#786=LINE('',#6781,#1221);
#787=LINE('',#6783,#1222);
#788=LINE('',#6785,#1223);
#789=LINE('',#6793,#1224);
#790=LINE('',#6797,#1225);
#791=LINE('',#6801,#1226);
#792=LINE('',#6805,#1227);
#793=LINE('',#6809,#1228);
#794=LINE('',#6813,#1229);
#795=LINE('',#6817,#1230);
#796=LINE('',#6821,#1231);
#797=LINE('',#6825,#1232);
#798=LINE('',#6829,#1233);
#799=LINE('',#6833,#1234);
#800=LINE('',#6837,#1235);
#801=LINE('',#6841,#1236);
#802=LINE('',#6845,#1237);
#803=LINE('',#6849,#1238);
#804=LINE('',#6853,#1239);
#805=LINE('',#6857,#1240);
#806=LINE('',#6861,#1241);
#807=LINE('',#6865,#1242);
#808=LINE('',#6869,#1243);
#809=LINE('',#6873,#1244);
#810=LINE('',#6877,#1245);
#811=LINE('',#6881,#1246);
#812=LINE('',#6885,#1247);
#813=LINE('',#6889,#1248);
#814=LINE('',#6893,#1249);
#815=LINE('',#6897,#1250);
#816=LINE('',#6901,#1251);
#817=LINE('',#6905,#1252);
#818=LINE('',#6909,#1253);
#819=LINE('',#6913,#1254);
#820=LINE('',#6917,#1255);
#821=LINE('',#6921,#1256);
#822=LINE('',#6925,#1257);
#823=LINE('',#6929,#1258);
#824=LINE('',#6932,#1259);
#825=LINE('',#6937,#1260);
#826=LINE('',#6939,#1261);
#827=LINE('',#6940,#1262);
#828=LINE('',#6943,#1263);
#829=LINE('',#6947,#1264);
#830=LINE('',#6948,#1265);
#831=LINE('',#6951,#1266);
#832=LINE('',#6955,#1267);
#833=LINE('',#6956,#1268);
#834=LINE('',#6959,#1269);
#835=LINE('',#6963,#1270);
#836=LINE('',#6964,#1271);
#837=LINE('',#6967,#1272);
#838=LINE('',#6971,#1273);
#839=LINE('',#6972,#1274);
#840=LINE('',#6975,#1275);
#841=LINE('',#6979,#1276);
#842=LINE('',#6980,#1277);
#843=LINE('',#6983,#1278);
#844=LINE('',#6987,#1279);
#845=LINE('',#6988,#1280);
#846=LINE('',#6991,#1281);
#847=LINE('',#6995,#1282);
#848=LINE('',#6996,#1283);
#849=LINE('',#6999,#1284);
#850=LINE('',#7003,#1285);
#851=LINE('',#7004,#1286);
#852=LINE('',#7007,#1287);
#853=LINE('',#7011,#1288);
#854=LINE('',#7012,#1289);
#855=LINE('',#7015,#1290);
#856=LINE('',#7019,#1291);
#857=LINE('',#7020,#1292);
#858=LINE('',#7023,#1293);
#859=LINE('',#7027,#1294);
#860=LINE('',#7028,#1295);
#861=LINE('',#7031,#1296);
#862=LINE('',#7035,#1297);
#863=LINE('',#7036,#1298);
#864=LINE('',#7039,#1299);
#865=LINE('',#7043,#1300);
#866=LINE('',#7044,#1301);
#867=LINE('',#7047,#1302);
#868=LINE('',#7051,#1303);
#869=LINE('',#7052,#1304);
#870=LINE('',#7055,#1305);
#871=LINE('',#7059,#1306);
#872=LINE('',#7060,#1307);
#873=LINE('',#7063,#1308);
#874=LINE('',#7067,#1309);
#875=LINE('',#7068,#1310);
#876=LINE('',#7071,#1311);
#877=LINE('',#7075,#1312);
#878=LINE('',#7076,#1313);
#879=LINE('',#7079,#1314);
#880=LINE('',#7083,#1315);
#881=LINE('',#7084,#1316);
#882=LINE('',#7087,#1317);
#883=LINE('',#7091,#1318);
#884=LINE('',#7095,#1319);
#885=LINE('',#7097,#1320);
#886=LINE('',#7098,#1321);
#887=LINE('',#7102,#1322);
#888=LINE('',#7105,#1323);
#889=LINE('',#7106,#1324);
#890=LINE('',#7110,#1325);
#891=LINE('',#7113,#1326);
#892=LINE('',#7114,#1327);
#893=LINE('',#7118,#1328);
#894=LINE('',#7120,#1329);
#895=LINE('',#7125,#1330);
#896=LINE('',#7129,#1331);
#897=LINE('',#7133,#1332);
#898=LINE('',#7137,#1333);
#899=LINE('',#7141,#1334);
#900=LINE('',#7145,#1335);
#901=LINE('',#7149,#1336);
#902=LINE('',#7153,#1337);
#903=LINE('',#7157,#1338);
#904=LINE('',#7161,#1339);
#905=LINE('',#7165,#1340);
#906=LINE('',#7169,#1341);
#907=LINE('',#7173,#1342);
#908=LINE('',#7176,#1343);
#909=LINE('',#7177,#1344);
#910=LINE('',#7179,#1345);
#911=LINE('',#7181,#1346);
#912=LINE('',#7183,#1347);
#913=LINE('',#7185,#1348);
#914=LINE('',#7187,#1349);
#915=LINE('',#7189,#1350);
#916=LINE('',#7191,#1351);
#917=LINE('',#7193,#1352);
#918=LINE('',#7195,#1353);
#919=LINE('',#7197,#1354);
#920=LINE('',#7199,#1355);
#921=LINE('',#7201,#1356);
#922=LINE('',#7203,#1357);
#923=LINE('',#7205,#1358);
#924=LINE('',#7207,#1359);
#925=LINE('',#7209,#1360);
#926=LINE('',#7212,#1361);
#927=LINE('',#7214,#1362);
#928=LINE('',#7216,#1363);
#929=LINE('',#7218,#1364);
#930=LINE('',#7220,#1365);
#931=LINE('',#7222,#1366);
#932=LINE('',#7224,#1367);
#933=LINE('',#7226,#1368);
#934=LINE('',#7234,#1369);
#935=LINE('',#7238,#1370);
#936=LINE('',#7242,#1371);
#937=LINE('',#7246,#1372);
#938=LINE('',#7250,#1373);
#939=LINE('',#7254,#1374);
#940=LINE('',#7258,#1375);
#941=LINE('',#7262,#1376);
#942=LINE('',#7266,#1377);
#943=LINE('',#7270,#1378);
#944=LINE('',#7274,#1379);
#945=LINE('',#7278,#1380);
#946=LINE('',#7282,#1381);
#947=LINE('',#7286,#1382);
#948=LINE('',#7290,#1383);
#949=LINE('',#7294,#1384);
#950=LINE('',#7298,#1385);
#951=LINE('',#7302,#1386);
#952=LINE('',#7306,#1387);
#953=LINE('',#7310,#1388);
#954=LINE('',#7314,#1389);
#955=LINE('',#7318,#1390);
#956=LINE('',#7322,#1391);
#957=LINE('',#7326,#1392);
#958=LINE('',#7330,#1393);
#959=LINE('',#7334,#1394);
#960=LINE('',#7338,#1395);
#961=LINE('',#7342,#1396);
#962=LINE('',#7346,#1397);
#963=LINE('',#7350,#1398);
#964=LINE('',#7354,#1399);
#965=LINE('',#7358,#1400);
#966=LINE('',#7362,#1401);
#967=LINE('',#7366,#1402);
#968=LINE('',#7370,#1403);
#969=LINE('',#7373,#1404);
#970=LINE('',#7378,#1405);
#971=LINE('',#7380,#1406);
#972=LINE('',#7381,#1407);
#973=LINE('',#7384,#1408);
#974=LINE('',#7388,#1409);
#975=LINE('',#7389,#1410);
#976=LINE('',#7392,#1411);
#977=LINE('',#7396,#1412);
#978=LINE('',#7397,#1413);
#979=LINE('',#7400,#1414);
#980=LINE('',#7404,#1415);
#981=LINE('',#7405,#1416);
#982=LINE('',#7408,#1417);
#983=LINE('',#7412,#1418);
#984=LINE('',#7413,#1419);
#985=LINE('',#7416,#1420);
#986=LINE('',#7420,#1421);
#987=LINE('',#7421,#1422);
#988=LINE('',#7424,#1423);
#989=LINE('',#7428,#1424);
#990=LINE('',#7429,#1425);
#991=LINE('',#7432,#1426);
#992=LINE('',#7436,#1427);
#993=LINE('',#7437,#1428);
#994=LINE('',#7440,#1429);
#995=LINE('',#7444,#1430);
#996=LINE('',#7445,#1431);
#997=LINE('',#7448,#1432);
#998=LINE('',#7452,#1433);
#999=LINE('',#7453,#1434);
#1000=LINE('',#7456,#1435);
#1001=LINE('',#7460,#1436);
#1002=LINE('',#7461,#1437);
#1003=LINE('',#7464,#1438);
#1004=LINE('',#7468,#1439);
#1005=LINE('',#7469,#1440);
#1006=LINE('',#7472,#1441);
#1007=LINE('',#7476,#1442);
#1008=LINE('',#7477,#1443);
#1009=LINE('',#7480,#1444);
#1010=LINE('',#7484,#1445);
#1011=LINE('',#7485,#1446);
#1012=LINE('',#7488,#1447);
#1013=LINE('',#7492,#1448);
#1014=LINE('',#7493,#1449);
#1015=LINE('',#7496,#1450);
#1016=LINE('',#7500,#1451);
#1017=LINE('',#7501,#1452);
#1018=LINE('',#7504,#1453);
#1019=LINE('',#7508,#1454);
#1020=LINE('',#7509,#1455);
#1021=LINE('',#7512,#1456);
#1022=LINE('',#7516,#1457);
#1023=LINE('',#7517,#1458);
#1024=LINE('',#7520,#1459);
#1025=LINE('',#7524,#1460);
#1026=LINE('',#7525,#1461);
#1027=LINE('',#7528,#1462);
#1028=LINE('',#7532,#1463);
#1029=LINE('',#7536,#1464);
#1030=LINE('',#7538,#1465);
#1031=LINE('',#7539,#1466);
#1032=LINE('',#7543,#1467);
#1033=LINE('',#7546,#1468);
#1034=LINE('',#7547,#1469);
#1035=LINE('',#7551,#1470);
#1036=LINE('',#7554,#1471);
#1037=LINE('',#7555,#1472);
#1038=LINE('',#7559,#1473);
#1039=LINE('',#7561,#1474);
#1040=LINE('',#7566,#1475);
#1041=LINE('',#7570,#1476);
#1042=LINE('',#7574,#1477);
#1043=LINE('',#7578,#1478);
#1044=LINE('',#7582,#1479);
#1045=LINE('',#7586,#1480);
#1046=LINE('',#7590,#1481);
#1047=LINE('',#7594,#1482);
#1048=LINE('',#7598,#1483);
#1049=LINE('',#7602,#1484);
#1050=LINE('',#7606,#1485);
#1051=LINE('',#7610,#1486);
#1052=LINE('',#7614,#1487);
#1053=LINE('',#7617,#1488);
#1054=LINE('',#7618,#1489);
#1055=LINE('',#7620,#1490);
#1056=LINE('',#7622,#1491);
#1057=LINE('',#7624,#1492);
#1058=LINE('',#7626,#1493);
#1059=LINE('',#7628,#1494);
#1060=LINE('',#7630,#1495);
#1061=LINE('',#7632,#1496);
#1062=LINE('',#7634,#1497);
#1063=LINE('',#7636,#1498);
#1064=LINE('',#7638,#1499);
#1065=LINE('',#7640,#1500);
#1066=LINE('',#7642,#1501);
#1067=LINE('',#7644,#1502);
#1068=LINE('',#7646,#1503);
#1069=LINE('',#7648,#1504);
#1070=LINE('',#7650,#1505);
#1071=LINE('',#7653,#1506);
#1072=LINE('',#7655,#1507);
#1073=LINE('',#7657,#1508);
#1074=LINE('',#7659,#1509);
#1075=LINE('',#7661,#1510);
#1076=LINE('',#7663,#1511);
#1077=LINE('',#7665,#1512);
#1078=LINE('',#7667,#1513);
#1079=VECTOR('',#4992,10.);
#1080=VECTOR('',#4995,10.);
#1081=VECTOR('',#4998,10.);
#1082=VECTOR('',#5001,10.);
#1083=VECTOR('',#5004,10.);
#1084=VECTOR('',#5007,10.);
#1085=VECTOR('',#5010,10.);
#1086=VECTOR('',#5013,10.);
#1087=VECTOR('',#5016,10.);
#1088=VECTOR('',#5019,10.);
#1089=VECTOR('',#5022,10.);
#1090=VECTOR('',#5025,10.);
#1091=VECTOR('',#5028,10.);
#1092=VECTOR('',#5031,10.);
#1093=VECTOR('',#5034,10.);
#1094=VECTOR('',#5037,10.);
#1095=VECTOR('',#5040,10.);
#1096=VECTOR('',#5043,10.);
#1097=VECTOR('',#5046,10.);
#1098=VECTOR('',#5049,10.);
#1099=VECTOR('',#5052,10.);
#1100=VECTOR('',#5055,10.);
#1101=VECTOR('',#5058,10.);
#1102=VECTOR('',#5061,10.);
#1103=VECTOR('',#5064,10.);
#1104=VECTOR('',#5067,10.);
#1105=VECTOR('',#5070,10.);
#1106=VECTOR('',#5073,10.);
#1107=VECTOR('',#5076,10.);
#1108=VECTOR('',#5079,10.);
#1109=VECTOR('',#5082,10.);
#1110=VECTOR('',#5085,10.);
#1111=VECTOR('',#5088,10.);
#1112=VECTOR('',#5091,10.);
#1113=VECTOR('',#5094,10.);
#1114=VECTOR('',#5097,10.);
#1115=VECTOR('',#5102,609.6);
#1116=VECTOR('',#5103,5.25);
#1117=VECTOR('',#5104,609.6);
#1118=VECTOR('',#5107,609.6);
#1119=VECTOR('',#5112,609.6);
#1120=VECTOR('',#5113,1.07537879754125);
#1121=VECTOR('',#5116,609.6);
#1122=VECTOR('',#5121,609.6);
#1123=VECTOR('',#5122,2.25);
#1124=VECTOR('',#5125,609.6);
#1125=VECTOR('',#5130,609.6);
#1126=VECTOR('',#5131,3.66619048833757);
#1127=VECTOR('',#5134,609.6);
#1128=VECTOR('',#5139,609.6);
#1129=VECTOR('',#5140,1.77968978321704);
#1130=VECTOR('',#5143,609.6);
#1131=VECTOR('',#5148,609.6);
#1132=VECTOR('',#5149,3.66619048833757);
#1133=VECTOR('',#5152,609.6);
#1134=VECTOR('',#5157,609.6);
#1135=VECTOR('',#5158,2.25);
#1136=VECTOR('',#5161,609.6);
#1137=VECTOR('',#5166,609.6);
#1138=VECTOR('',#5167,1.07537879754125);
#1139=VECTOR('',#5170,609.6);
#1140=VECTOR('',#5175,609.6);
#1141=VECTOR('',#5176,5.25);
#1142=VECTOR('',#5179,609.6);
#1143=VECTOR('',#5184,609.6);
#1144=VECTOR('',#5185,5.25);
#1145=VECTOR('',#5188,609.6);
#1146=VECTOR('',#5193,609.6);
#1147=VECTOR('',#5194,1.07537879754125);
#1148=VECTOR('',#5197,609.6);
#1149=VECTOR('',#5202,609.6);
#1150=VECTOR('',#5203,2.24999999999999);
#1151=VECTOR('',#5206,609.6);
#1152=VECTOR('',#5211,609.6);
#1153=VECTOR('',#5212,3.66619048833757);
#1154=VECTOR('',#5215,609.6);
#1155=VECTOR('',#5220,609.6);
#1156=VECTOR('',#5221,1.77968978321702);
#1157=VECTOR('',#5224,609.6);
#1158=VECTOR('',#5229,609.6);
#1159=VECTOR('',#5230,3.66619048833757);
#1160=VECTOR('',#5233,609.6);
#1161=VECTOR('',#5238,609.6);
#1162=VECTOR('',#5239,2.24999999999999);
#1163=VECTOR('',#5242,609.6);
#1164=VECTOR('',#5247,609.6);
#1165=VECTOR('',#5248,1.07537879754125);
#1166=VECTOR('',#5251,609.6);
#1167=VECTOR('',#5256,609.6);
#1168=VECTOR('',#5257,5.25);
#1169=VECTOR('',#5260,609.6);
#1170=VECTOR('',#5265,609.6);
#1171=VECTOR('',#5266,5.25);
#1172=VECTOR('',#5269,609.6);
#1173=VECTOR('',#5274,2.15000000000001);
#1174=VECTOR('',#5279,609.6);
#1175=VECTOR('',#5280,1.77968978321704);
#1176=VECTOR('',#5281,609.6);
#1177=VECTOR('',#5286,609.6);
#1178=VECTOR('',#5289,3.66619048833757);
#1179=VECTOR('',#5290,609.6);
#1180=VECTOR('',#5295,609.6);
#1181=VECTOR('',#5298,2.25);
#1182=VECTOR('',#5299,609.6);
#1183=VECTOR('',#5304,609.6);
#1184=VECTOR('',#5307,1.07537879754125);
#1185=VECTOR('',#5312,3.66619048833757);
#1186=VECTOR('',#5315,2.25);
#1187=VECTOR('',#5318,1.07537879754125);
#1188=VECTOR('',#5321,5.25);
#1189=VECTOR('',#5324,5.25);
#1190=VECTOR('',#5327,1.07537879754125);
#1191=VECTOR('',#5330,2.24999999999999);
#1192=VECTOR('',#5333,3.66619048833757);
#1193=VECTOR('',#5336,1.77968978321702);
#1194=VECTOR('',#5339,3.66619048833757);
#1195=VECTOR('',#5342,2.24999999999999);
#1196=VECTOR('',#5345,1.07537879754125);
#1197=VECTOR('',#5348,5.25);
#1198=VECTOR('',#5353,609.6);
#1199=VECTOR('',#5354,609.6);
#1200=VECTOR('',#5357,609.6);
#1201=VECTOR('',#5360,609.6);
#1202=VECTOR('',#5363,609.6);
#1203=VECTOR('',#5366,609.6);
#1204=VECTOR('',#5369,609.6);
#1205=VECTOR('',#5372,609.6);
#1206=VECTOR('',#5375,609.6);
#1207=VECTOR('',#5378,609.6);
#1208=VECTOR('',#5381,609.6);
#1209=VECTOR('',#5384,609.6);
#1210=VECTOR('',#5387,609.6);
#1211=VECTOR('',#5390,609.6);
#1212=VECTOR('',#5393,609.6);
#1213=VECTOR('',#5396,609.6);
#1214=VECTOR('',#5399,609.6);
#1215=VECTOR('',#5402,609.6);
#1216=VECTOR('',#5407,609.6);
#1217=VECTOR('',#5410,609.6);
#1218=VECTOR('',#5413,609.6);
#1219=VECTOR('',#5416,609.6);
#1220=VECTOR('',#5419,609.6);
#1221=VECTOR('',#5422,609.6);
#1222=VECTOR('',#5425,609.6);
#1223=VECTOR('',#5428,609.6);
#1224=VECTOR('',#5437,10.);
#1225=VECTOR('',#5440,10.);
#1226=VECTOR('',#5443,10.);
#1227=VECTOR('',#5446,10.);
#1228=VECTOR('',#5449,10.);
#1229=VECTOR('',#5452,10.);
#1230=VECTOR('',#5455,10.);
#1231=VECTOR('',#5458,10.);
#1232=VECTOR('',#5461,10.);
#1233=VECTOR('',#5464,10.);
#1234=VECTOR('',#5467,10.);
#1235=VECTOR('',#5470,10.);
#1236=VECTOR('',#5473,10.);
#1237=VECTOR('',#5476,10.);
#1238=VECTOR('',#5479,10.);
#1239=VECTOR('',#5482,10.);
#1240=VECTOR('',#5485,10.);
#1241=VECTOR('',#5488,10.);
#1242=VECTOR('',#5491,10.);
#1243=VECTOR('',#5494,10.);
#1244=VECTOR('',#5497,10.);
#1245=VECTOR('',#5500,10.);
#1246=VECTOR('',#5503,10.);
#1247=VECTOR('',#5506,10.);
#1248=VECTOR('',#5509,10.);
#1249=VECTOR('',#5512,10.);
#1250=VECTOR('',#5515,10.);
#1251=VECTOR('',#5518,10.);
#1252=VECTOR('',#5521,10.);
#1253=VECTOR('',#5524,10.);
#1254=VECTOR('',#5527,10.);
#1255=VECTOR('',#5530,10.);
#1256=VECTOR('',#5533,10.);
#1257=VECTOR('',#5536,10.);
#1258=VECTOR('',#5539,10.);
#1259=VECTOR('',#5542,10.);
#1260=VECTOR('',#5547,609.6);
#1261=VECTOR('',#5548,5.25);
#1262=VECTOR('',#5549,609.6);
#1263=VECTOR('',#5552,609.6);
#1264=VECTOR('',#5557,609.6);
#1265=VECTOR('',#5558,1.07537879754125);
#1266=VECTOR('',#5561,609.6);
#1267=VECTOR('',#5566,609.6);
#1268=VECTOR('',#5567,2.25);
#1269=VECTOR('',#5570,609.6);
#1270=VECTOR('',#5575,609.6);
#1271=VECTOR('',#5576,3.66619048833757);
#1272=VECTOR('',#5579,609.6);
#1273=VECTOR('',#5584,609.6);
#1274=VECTOR('',#5585,1.77968978321704);
#1275=VECTOR('',#5588,609.6);
#1276=VECTOR('',#5593,609.6);
#1277=VECTOR('',#5594,3.66619048833757);
#1278=VECTOR('',#5597,609.6);
#1279=VECTOR('',#5602,609.6);
#1280=VECTOR('',#5603,2.25);
#1281=VECTOR('',#5606,609.6);
#1282=VECTOR('',#5611,609.6);
#1283=VECTOR('',#5612,1.07537879754125);
#1284=VECTOR('',#5615,609.6);
#1285=VECTOR('',#5620,609.6);
#1286=VECTOR('',#5621,5.25);
#1287=VECTOR('',#5624,609.6);
#1288=VECTOR('',#5629,609.6);
#1289=VECTOR('',#5630,5.25);
#1290=VECTOR('',#5633,609.6);
#1291=VECTOR('',#5638,609.6);
#1292=VECTOR('',#5639,1.07537879754125);
#1293=VECTOR('',#5642,609.6);
#1294=VECTOR('',#5647,609.6);
#1295=VECTOR('',#5648,2.24999999999999);
#1296=VECTOR('',#5651,609.6);
#1297=VECTOR('',#5656,609.6);
#1298=VECTOR('',#5657,3.66619048833757);
#1299=VECTOR('',#5660,609.6);
#1300=VECTOR('',#5665,609.6);
#1301=VECTOR('',#5666,1.77968978321702);
#1302=VECTOR('',#5669,609.6);
#1303=VECTOR('',#5674,609.6);
#1304=VECTOR('',#5675,3.66619048833757);
#1305=VECTOR('',#5678,609.6);
#1306=VECTOR('',#5683,609.6);
#1307=VECTOR('',#5684,2.24999999999999);
#1308=VECTOR('',#5687,609.6);
#1309=VECTOR('',#5692,609.6);
#1310=VECTOR('',#5693,1.07537879754125);
#1311=VECTOR('',#5696,609.6);
#1312=VECTOR('',#5701,609.6);
#1313=VECTOR('',#5702,5.25);
#1314=VECTOR('',#5705,609.6);
#1315=VECTOR('',#5710,609.6);
#1316=VECTOR('',#5711,5.25);
#1317=VECTOR('',#5714,609.6);
#1318=VECTOR('',#5719,2.15000000000001);
#1319=VECTOR('',#5724,609.6);
#1320=VECTOR('',#5725,1.77968978321704);
#1321=VECTOR('',#5726,609.6);
#1322=VECTOR('',#5731,609.6);
#1323=VECTOR('',#5734,3.66619048833757);
#1324=VECTOR('',#5735,609.6);
#1325=VECTOR('',#5740,609.6);
#1326=VECTOR('',#5743,2.25);
#1327=VECTOR('',#5744,609.6);
#1328=VECTOR('',#5749,609.6);
#1329=VECTOR('',#5752,1.07537879754125);
#1330=VECTOR('',#5757,3.66619048833757);
#1331=VECTOR('',#5760,2.25);
#1332=VECTOR('',#5763,1.07537879754125);
#1333=VECTOR('',#5766,5.25);
#1334=VECTOR('',#5769,5.25);
#1335=VECTOR('',#5772,1.07537879754125);
#1336=VECTOR('',#5775,2.24999999999999);
#1337=VECTOR('',#5778,3.66619048833757);
#1338=VECTOR('',#5781,1.77968978321702);
#1339=VECTOR('',#5784,3.66619048833757);
#1340=VECTOR('',#5787,2.24999999999999);
#1341=VECTOR('',#5790,1.07537879754125);
#1342=VECTOR('',#5793,5.25);
#1343=VECTOR('',#5798,609.6);
#1344=VECTOR('',#5799,609.6);
#1345=VECTOR('',#5802,609.6);
#1346=VECTOR('',#5805,609.6);
#1347=VECTOR('',#5808,609.6);
#1348=VECTOR('',#5811,609.6);
#1349=VECTOR('',#5814,609.6);
#1350=VECTOR('',#5817,609.6);
#1351=VECTOR('',#5820,609.6);
#1352=VECTOR('',#5823,609.6);
#1353=VECTOR('',#5826,609.6);
#1354=VECTOR('',#5829,609.6);
#1355=VECTOR('',#5832,609.6);
#1356=VECTOR('',#5835,609.6);
#1357=VECTOR('',#5838,609.6);
#1358=VECTOR('',#5841,609.6);
#1359=VECTOR('',#5844,609.6);
#1360=VECTOR('',#5847,609.6);
#1361=VECTOR('',#5852,609.6);
#1362=VECTOR('',#5855,609.6);
#1363=VECTOR('',#5858,609.6);
#1364=VECTOR('',#5861,609.6);
#1365=VECTOR('',#5864,609.6);
#1366=VECTOR('',#5867,609.6);
#1367=VECTOR('',#5870,609.6);
#1368=VECTOR('',#5873,609.6);
#1369=VECTOR('',#5882,10.);
#1370=VECTOR('',#5885,10.);
#1371=VECTOR('',#5888,10.);
#1372=VECTOR('',#5891,10.);
#1373=VECTOR('',#5894,10.);
#1374=VECTOR('',#5897,10.);
#1375=VECTOR('',#5900,10.);
#1376=VECTOR('',#5903,10.);
#1377=VECTOR('',#5906,10.);
#1378=VECTOR('',#5909,10.);
#1379=VECTOR('',#5912,10.);
#1380=VECTOR('',#5915,10.);
#1381=VECTOR('',#5918,10.);
#1382=VECTOR('',#5921,10.);
#1383=VECTOR('',#5924,10.);
#1384=VECTOR('',#5927,10.);
#1385=VECTOR('',#5930,10.);
#1386=VECTOR('',#5933,10.);
#1387=VECTOR('',#5936,10.);
#1388=VECTOR('',#5939,10.);
#1389=VECTOR('',#5942,10.);
#1390=VECTOR('',#5945,10.);
#1391=VECTOR('',#5948,10.);
#1392=VECTOR('',#5951,10.);
#1393=VECTOR('',#5954,10.);
#1394=VECTOR('',#5957,10.);
#1395=VECTOR('',#5960,10.);
#1396=VECTOR('',#5963,10.);
#1397=VECTOR('',#5966,10.);
#1398=VECTOR('',#5969,10.);
#1399=VECTOR('',#5972,10.);
#1400=VECTOR('',#5975,10.);
#1401=VECTOR('',#5978,10.);
#1402=VECTOR('',#5981,10.);
#1403=VECTOR('',#5984,10.);
#1404=VECTOR('',#5987,10.);
#1405=VECTOR('',#5992,609.6);
#1406=VECTOR('',#5993,5.25);
#1407=VECTOR('',#5994,609.6);
#1408=VECTOR('',#5997,609.6);
#1409=VECTOR('',#6002,609.6);
#1410=VECTOR('',#6003,1.07537879754125);
#1411=VECTOR('',#6006,609.6);
#1412=VECTOR('',#6011,609.6);
#1413=VECTOR('',#6012,2.25);
#1414=VECTOR('',#6015,609.6);
#1415=VECTOR('',#6020,609.6);
#1416=VECTOR('',#6021,3.66619048833757);
#1417=VECTOR('',#6024,609.6);
#1418=VECTOR('',#6029,609.6);
#1419=VECTOR('',#6030,1.77968978321704);
#1420=VECTOR('',#6033,609.6);
#1421=VECTOR('',#6038,609.6);
#1422=VECTOR('',#6039,3.66619048833757);
#1423=VECTOR('',#6042,609.6);
#1424=VECTOR('',#6047,609.6);
#1425=VECTOR('',#6048,2.25);
#1426=VECTOR('',#6051,609.6);
#1427=VECTOR('',#6056,609.6);
#1428=VECTOR('',#6057,1.07537879754125);
#1429=VECTOR('',#6060,609.6);
#1430=VECTOR('',#6065,609.6);
#1431=VECTOR('',#6066,5.25);
#1432=VECTOR('',#6069,609.6);
#1433=VECTOR('',#6074,609.6);
#1434=VECTOR('',#6075,5.25);
#1435=VECTOR('',#6078,609.6);
#1436=VECTOR('',#6083,609.6);
#1437=VECTOR('',#6084,1.07537879754125);
#1438=VECTOR('',#6087,609.6);
#1439=VECTOR('',#6092,609.6);
#1440=VECTOR('',#6093,2.24999999999999);
#1441=VECTOR('',#6096,609.6);
#1442=VECTOR('',#6101,609.6);
#1443=VECTOR('',#6102,3.66619048833757);
#1444=VECTOR('',#6105,609.6);
#1445=VECTOR('',#6110,609.6);
#1446=VECTOR('',#6111,1.77968978321702);
#1447=VECTOR('',#6114,609.6);
#1448=VECTOR('',#6119,609.6);
#1449=VECTOR('',#6120,3.66619048833757);
#1450=VECTOR('',#6123,609.6);
#1451=VECTOR('',#6128,609.6);
#1452=VECTOR('',#6129,2.24999999999999);
#1453=VECTOR('',#6132,609.6);
#1454=VECTOR('',#6137,609.6);
#1455=VECTOR('',#6138,1.07537879754125);
#1456=VECTOR('',#6141,609.6);
#1457=VECTOR('',#6146,609.6);
#1458=VECTOR('',#6147,5.25);
#1459=VECTOR('',#6150,609.6);
#1460=VECTOR('',#6155,609.6);
#1461=VECTOR('',#6156,5.25);
#1462=VECTOR('',#6159,609.6);
#1463=VECTOR('',#6164,2.15000000000001);
#1464=VECTOR('',#6169,609.6);
#1465=VECTOR('',#6170,1.77968978321704);
#1466=VECTOR('',#6171,609.6);
#1467=VECTOR('',#6176,609.6);
#1468=VECTOR('',#6179,3.66619048833757);
#1469=VECTOR('',#6180,609.6);
#1470=VECTOR('',#6185,609.6);
#1471=VECTOR('',#6188,2.25);
#1472=VECTOR('',#6189,609.6);
#1473=VECTOR('',#6194,609.6);
#1474=VECTOR('',#6197,1.07537879754125);
#1475=VECTOR('',#6202,3.66619048833757);
#1476=VECTOR('',#6205,2.25);
#1477=VECTOR('',#6208,1.07537879754125);
#1478=VECTOR('',#6211,5.25);
#1479=VECTOR('',#6214,5.25);
#1480=VECTOR('',#6217,1.07537879754125);
#1481=VECTOR('',#6220,2.24999999999999);
#1482=VECTOR('',#6223,3.66619048833757);
#1483=VECTOR('',#6226,1.77968978321702);
#1484=VECTOR('',#6229,3.66619048833757);
#1485=VECTOR('',#6232,2.24999999999999);
#1486=VECTOR('',#6235,1.07537879754125);
#1487=VECTOR('',#6238,5.25);
#1488=VECTOR('',#6243,609.6);
#1489=VECTOR('',#6244,609.6);
#1490=VECTOR('',#6247,609.6);
#1491=VECTOR('',#6250,609.6);
#1492=VECTOR('',#6253,609.6);
#1493=VECTOR('',#6256,609.6);
#1494=VECTOR('',#6259,609.6);
#1495=VECTOR('',#6262,609.6);
#1496=VECTOR('',#6265,609.6);
#1497=VECTOR('',#6268,609.6);
#1498=VECTOR('',#6271,609.6);
#1499=VECTOR('',#6274,609.6);
#1500=VECTOR('',#6277,609.6);
#1501=VECTOR('',#6280,609.6);
#1502=VECTOR('',#6283,609.6);
#1503=VECTOR('',#6286,609.6);
#1504=VECTOR('',#6289,609.6);
#1505=VECTOR('',#6292,609.6);
#1506=VECTOR('',#6297,609.6);
#1507=VECTOR('',#6300,609.6);
#1508=VECTOR('',#6303,609.6);
#1509=VECTOR('',#6306,609.6);
#1510=VECTOR('',#6309,609.6);
#1511=VECTOR('',#6312,609.6);
#1512=VECTOR('',#6315,609.6);
#1513=VECTOR('',#6318,609.6);
#1514=CIRCLE('',#4524,0.5);
#1515=CIRCLE('',#4525,1.75);
#1516=CIRCLE('',#4526,0.500000000000001);
#1517=CIRCLE('',#4527,0.5);
#1518=CIRCLE('',#4528,0.5);
#1519=CIRCLE('',#4529,3.);
#1520=CIRCLE('',#4530,3.);
#1521=CIRCLE('',#4531,0.5);
#1522=CIRCLE('',#4532,0.5);
#1523=CIRCLE('',#4533,0.500000000000001);
#1524=CIRCLE('',#4534,1.75);
#1525=CIRCLE('',#4535,0.5);
#1526=CIRCLE('',#4536,0.500000000000001);
#1527=CIRCLE('',#4537,0.500000000000001);
#1528=CIRCLE('',#4538,3.);
#1529=CIRCLE('',#4539,3.);
#1530=CIRCLE('',#4540,0.500000000000001);
#1531=CIRCLE('',#4541,0.500000000000001);
#1532=CIRCLE('',#4542,0.5);
#1533=CIRCLE('',#4543,1.75);
#1534=CIRCLE('',#4544,0.500000000000001);
#1535=CIRCLE('',#4545,0.5);
#1536=CIRCLE('',#4546,0.5);
#1537=CIRCLE('',#4547,3.);
#1538=CIRCLE('',#4548,3.);
#1539=CIRCLE('',#4549,0.5);
#1540=CIRCLE('',#4550,0.5);
#1541=CIRCLE('',#4551,0.500000000000001);
#1542=CIRCLE('',#4552,1.75);
#1543=CIRCLE('',#4553,0.5);
#1544=CIRCLE('',#4554,0.500000000000001);
#1545=CIRCLE('',#4555,0.500000000000001);
#1546=CIRCLE('',#4556,3.);
#1547=CIRCLE('',#4557,3.);
#1548=CIRCLE('',#4558,0.500000000000001);
#1549=CIRCLE('',#4559,0.500000000000001);
#1550=CIRCLE('',#4560,2.15000000000001);
#1551=CIRCLE('',#4563,0.5);
#1552=CIRCLE('',#4566,0.500000000000001);
#1553=CIRCLE('',#4569,0.500000000000001);
#1554=CIRCLE('',#4572,3.);
#1555=CIRCLE('',#4575,3.);
#1556=CIRCLE('',#4578,0.500000000000001);
#1557=CIRCLE('',#4581,0.500000000000001);
#1558=CIRCLE('',#4584,0.5);
#1559=CIRCLE('',#4587,1.75);
#1560=CIRCLE('',#4590,0.500000000000001);
#1561=CIRCLE('',#4593,0.5);
#1562=CIRCLE('',#4596,0.5);
#1563=CIRCLE('',#4599,3.);
#1564=CIRCLE('',#4602,3.);
#1565=CIRCLE('',#4605,0.5);
#1566=CIRCLE('',#4608,0.5);
#1567=CIRCLE('',#4611,0.500000000000001);
#1568=CIRCLE('',#4614,1.75);
#1569=CIRCLE('',#4617,0.5);
#1570=CIRCLE('',#4619,2.15000000000001);
#1571=CIRCLE('',#4622,3.);
#1572=CIRCLE('',#4625,0.500000000000001);
#1573=CIRCLE('',#4628,0.500000000000001);
#1574=CIRCLE('',#4631,3.);
#1575=CIRCLE('',#4632,0.500000000000001);
#1576=CIRCLE('',#4633,0.500000000000001);
#1577=CIRCLE('',#4634,0.5);
#1578=CIRCLE('',#4635,1.75);
#1579=CIRCLE('',#4636,0.500000000000001);
#1580=CIRCLE('',#4637,0.5);
#1581=CIRCLE('',#4638,0.5);
#1582=CIRCLE('',#4639,3.);
#1583=CIRCLE('',#4640,3.);
#1584=CIRCLE('',#4641,0.5);
#1585=CIRCLE('',#4642,0.5);
#1586=CIRCLE('',#4643,0.500000000000001);
#1587=CIRCLE('',#4644,1.75);
#1588=CIRCLE('',#4674,0.5);
#1589=CIRCLE('',#4675,1.75);
#1590=CIRCLE('',#4676,0.500000000000001);
#1591=CIRCLE('',#4677,0.5);
#1592=CIRCLE('',#4678,0.5);
#1593=CIRCLE('',#4679,3.);
#1594=CIRCLE('',#4680,3.);
#1595=CIRCLE('',#4681,0.5);
#1596=CIRCLE('',#4682,0.5);
#1597=CIRCLE('',#4683,0.500000000000001);
#1598=CIRCLE('',#4684,1.75);
#1599=CIRCLE('',#4685,0.5);
#1600=CIRCLE('',#4686,0.500000000000001);
#1601=CIRCLE('',#4687,0.500000000000001);
#1602=CIRCLE('',#4688,3.);
#1603=CIRCLE('',#4689,3.);
#1604=CIRCLE('',#4690,0.500000000000001);
#1605=CIRCLE('',#4691,0.500000000000001);
#1606=CIRCLE('',#4692,0.5);
#1607=CIRCLE('',#4693,1.75);
#1608=CIRCLE('',#4694,0.500000000000001);
#1609=CIRCLE('',#4695,0.5);
#1610=CIRCLE('',#4696,0.5);
#1611=CIRCLE('',#4697,3.);
#1612=CIRCLE('',#4698,3.);
#1613=CIRCLE('',#4699,0.5);
#1614=CIRCLE('',#4700,0.5);
#1615=CIRCLE('',#4701,0.500000000000001);
#1616=CIRCLE('',#4702,1.75);
#1617=CIRCLE('',#4703,0.5);
#1618=CIRCLE('',#4704,0.500000000000001);
#1619=CIRCLE('',#4705,0.500000000000001);
#1620=CIRCLE('',#4706,3.);
#1621=CIRCLE('',#4707,3.);
#1622=CIRCLE('',#4708,0.500000000000001);
#1623=CIRCLE('',#4709,0.500000000000001);
#1624=CIRCLE('',#4710,2.15000000000001);
#1625=CIRCLE('',#4713,0.5);
#1626=CIRCLE('',#4716,0.500000000000001);
#1627=CIRCLE('',#4719,0.500000000000001);
#1628=CIRCLE('',#4722,3.);
#1629=CIRCLE('',#4725,3.);
#1630=CIRCLE('',#4728,0.500000000000001);
#1631=CIRCLE('',#4731,0.500000000000001);
#1632=CIRCLE('',#4734,0.5);
#1633=CIRCLE('',#4737,1.75);
#1634=CIRCLE('',#4740,0.500000000000001);
#1635=CIRCLE('',#4743,0.5);
#1636=CIRCLE('',#4746,0.5);
#1637=CIRCLE('',#4749,3.);
#1638=CIRCLE('',#4752,3.);
#1639=CIRCLE('',#4755,0.5);
#1640=CIRCLE('',#4758,0.5);
#1641=CIRCLE('',#4761,0.500000000000001);
#1642=CIRCLE('',#4764,1.75);
#1643=CIRCLE('',#4767,0.5);
#1644=CIRCLE('',#4769,2.15000000000001);
#1645=CIRCLE('',#4772,3.);
#1646=CIRCLE('',#4775,0.500000000000001);
#1647=CIRCLE('',#4778,0.500000000000001);
#1648=CIRCLE('',#4781,3.);
#1649=CIRCLE('',#4782,0.500000000000001);
#1650=CIRCLE('',#4783,0.500000000000001);
#1651=CIRCLE('',#4784,0.5);
#1652=CIRCLE('',#4785,1.75);
#1653=CIRCLE('',#4786,0.500000000000001);
#1654=CIRCLE('',#4787,0.5);
#1655=CIRCLE('',#4788,0.5);
#1656=CIRCLE('',#4789,3.);
#1657=CIRCLE('',#4790,3.);
#1658=CIRCLE('',#4791,0.5);
#1659=CIRCLE('',#4792,0.5);
#1660=CIRCLE('',#4793,0.500000000000001);
#1661=CIRCLE('',#4794,1.75);
#1662=CIRCLE('',#4824,0.5);
#1663=CIRCLE('',#4825,1.75);
#1664=CIRCLE('',#4826,0.500000000000001);
#1665=CIRCLE('',#4827,0.5);
#1666=CIRCLE('',#4828,0.5);
#1667=CIRCLE('',#4829,3.);
#1668=CIRCLE('',#4830,3.);
#1669=CIRCLE('',#4831,0.5);
#1670=CIRCLE('',#4832,0.5);
#1671=CIRCLE('',#4833,0.500000000000001);
#1672=CIRCLE('',#4834,1.75);
#1673=CIRCLE('',#4835,0.5);
#1674=CIRCLE('',#4836,0.500000000000001);
#1675=CIRCLE('',#4837,0.500000000000001);
#1676=CIRCLE('',#4838,3.);
#1677=CIRCLE('',#4839,3.);
#1678=CIRCLE('',#4840,0.500000000000001);
#1679=CIRCLE('',#4841,0.500000000000001);
#1680=CIRCLE('',#4842,0.5);
#1681=CIRCLE('',#4843,1.75);
#1682=CIRCLE('',#4844,0.500000000000001);
#1683=CIRCLE('',#4845,0.5);
#1684=CIRCLE('',#4846,0.5);
#1685=CIRCLE('',#4847,3.);
#1686=CIRCLE('',#4848,3.);
#1687=CIRCLE('',#4849,0.5);
#1688=CIRCLE('',#4850,0.5);
#1689=CIRCLE('',#4851,0.500000000000001);
#1690=CIRCLE('',#4852,1.75);
#1691=CIRCLE('',#4853,0.5);
#1692=CIRCLE('',#4854,0.500000000000001);
#1693=CIRCLE('',#4855,0.500000000000001);
#1694=CIRCLE('',#4856,3.);
#1695=CIRCLE('',#4857,3.);
#1696=CIRCLE('',#4858,0.500000000000001);
#1697=CIRCLE('',#4859,0.500000000000001);
#1698=CIRCLE('',#4860,2.15000000000001);
#1699=CIRCLE('',#4863,0.5);
#1700=CIRCLE('',#4866,0.500000000000001);
#1701=CIRCLE('',#4869,0.500000000000001);
#1702=CIRCLE('',#4872,3.);
#1703=CIRCLE('',#4875,3.);
#1704=CIRCLE('',#4878,0.500000000000001);
#1705=CIRCLE('',#4881,0.500000000000001);
#1706=CIRCLE('',#4884,0.5);
#1707=CIRCLE('',#4887,1.75);
#1708=CIRCLE('',#4890,0.500000000000001);
#1709=CIRCLE('',#4893,0.5);
#1710=CIRCLE('',#4896,0.5);
#1711=CIRCLE('',#4899,3.);
#1712=CIRCLE('',#4902,3.);
#1713=CIRCLE('',#4905,0.5);
#1714=CIRCLE('',#4908,0.5);
#1715=CIRCLE('',#4911,0.500000000000001);
#1716=CIRCLE('',#4914,1.75);
#1717=CIRCLE('',#4917,0.5);
#1718=CIRCLE('',#4919,2.15000000000001);
#1719=CIRCLE('',#4922,3.);
#1720=CIRCLE('',#4925,0.500000000000001);
#1721=CIRCLE('',#4928,0.500000000000001);
#1722=CIRCLE('',#4931,3.);
#1723=CIRCLE('',#4932,0.500000000000001);
#1724=CIRCLE('',#4933,0.500000000000001);
#1725=CIRCLE('',#4934,0.5);
#1726=CIRCLE('',#4935,1.75);
#1727=CIRCLE('',#4936,0.500000000000001);
#1728=CIRCLE('',#4937,0.5);
#1729=CIRCLE('',#4938,0.5);
#1730=CIRCLE('',#4939,3.);
#1731=CIRCLE('',#4940,3.);
#1732=CIRCLE('',#4941,0.5);
#1733=CIRCLE('',#4942,0.5);
#1734=CIRCLE('',#4943,0.500000000000001);
#1735=CIRCLE('',#4944,1.75);
#1736=VERTEX_POINT('',#6348);
#1737=VERTEX_POINT('',#6349);
#1738=VERTEX_POINT('',#6351);
#1739=VERTEX_POINT('',#6353);
#1740=VERTEX_POINT('',#6355);
#1741=VERTEX_POINT('',#6357);
#1742=VERTEX_POINT('',#6359);
#1743=VERTEX_POINT('',#6361);
#1744=VERTEX_POINT('',#6363);
#1745=VERTEX_POINT('',#6365);
#1746=VERTEX_POINT('',#6367);
#1747=VERTEX_POINT('',#6369);
#1748=VERTEX_POINT('',#6371);
#1749=VERTEX_POINT('',#6373);
#1750=VERTEX_POINT('',#6375);
#1751=VERTEX_POINT('',#6377);
#1752=VERTEX_POINT('',#6379);
#1753=VERTEX_POINT('',#6381);
#1754=VERTEX_POINT('',#6383);
#1755=VERTEX_POINT('',#6385);
#1756=VERTEX_POINT('',#6387);
#1757=VERTEX_POINT('',#6389);
#1758=VERTEX_POINT('',#6391);
#1759=VERTEX_POINT('',#6393);
#1760=VERTEX_POINT('',#6395);
#1761=VERTEX_POINT('',#6397);
#1762=VERTEX_POINT('',#6399);
#1763=VERTEX_POINT('',#6401);
#1764=VERTEX_POINT('',#6403);
#1765=VERTEX_POINT('',#6405);
#1766=VERTEX_POINT('',#6407);
#1767=VERTEX_POINT('',#6409);
#1768=VERTEX_POINT('',#6411);
#1769=VERTEX_POINT('',#6413);
#1770=VERTEX_POINT('',#6415);
#1771=VERTEX_POINT('',#6417);
#1772=VERTEX_POINT('',#6419);
#1773=VERTEX_POINT('',#6421);
#1774=VERTEX_POINT('',#6423);
#1775=VERTEX_POINT('',#6425);
#1776=VERTEX_POINT('',#6427);
#1777=VERTEX_POINT('',#6429);
#1778=VERTEX_POINT('',#6431);
#1779=VERTEX_POINT('',#6433);
#1780=VERTEX_POINT('',#6435);
#1781=VERTEX_POINT('',#6437);
#1782=VERTEX_POINT('',#6439);
#1783=VERTEX_POINT('',#6441);
#1784=VERTEX_POINT('',#6443);
#1785=VERTEX_POINT('',#6445);
#1786=VERTEX_POINT('',#6447);
#1787=VERTEX_POINT('',#6449);
#1788=VERTEX_POINT('',#6451);
#1789=VERTEX_POINT('',#6453);
#1790=VERTEX_POINT('',#6455);
#1791=VERTEX_POINT('',#6457);
#1792=VERTEX_POINT('',#6459);
#1793=VERTEX_POINT('',#6461);
#1794=VERTEX_POINT('',#6463);
#1795=VERTEX_POINT('',#6465);
#1796=VERTEX_POINT('',#6467);
#1797=VERTEX_POINT('',#6469);
#1798=VERTEX_POINT('',#6471);
#1799=VERTEX_POINT('',#6473);
#1800=VERTEX_POINT('',#6475);
#1801=VERTEX_POINT('',#6477);
#1802=VERTEX_POINT('',#6479);
#1803=VERTEX_POINT('',#6481);
#1804=VERTEX_POINT('',#6483);
#1805=VERTEX_POINT('',#6485);
#1806=VERTEX_POINT('',#6487);
#1807=VERTEX_POINT('',#6489);
#1808=VERTEX_POINT('',#6492);
#1809=VERTEX_POINT('',#6495);
#1810=VERTEX_POINT('',#6497);
#1811=VERTEX_POINT('',#6501);
#1812=VERTEX_POINT('',#6505);
#1813=VERTEX_POINT('',#6509);
#1814=VERTEX_POINT('',#6513);
#1815=VERTEX_POINT('',#6517);
#1816=VERTEX_POINT('',#6521);
#1817=VERTEX_POINT('',#6525);
#1818=VERTEX_POINT('',#6529);
#1819=VERTEX_POINT('',#6533);
#1820=VERTEX_POINT('',#6537);
#1821=VERTEX_POINT('',#6541);
#1822=VERTEX_POINT('',#6545);
#1823=VERTEX_POINT('',#6549);
#1824=VERTEX_POINT('',#6553);
#1825=VERTEX_POINT('',#6557);
#1826=VERTEX_POINT('',#6561);
#1827=VERTEX_POINT('',#6565);
#1828=VERTEX_POINT('',#6569);
#1829=VERTEX_POINT('',#6573);
#1830=VERTEX_POINT('',#6577);
#1831=VERTEX_POINT('',#6581);
#1832=VERTEX_POINT('',#6585);
#1833=VERTEX_POINT('',#6589);
#1834=VERTEX_POINT('',#6593);
#1835=VERTEX_POINT('',#6597);
#1836=VERTEX_POINT('',#6601);
#1837=VERTEX_POINT('',#6605);
#1838=VERTEX_POINT('',#6609);
#1839=VERTEX_POINT('',#6613);
#1840=VERTEX_POINT('',#6617);
#1841=VERTEX_POINT('',#6621);
#1842=VERTEX_POINT('',#6625);
#1843=VERTEX_POINT('',#6629);
#1844=VERTEX_POINT('',#6633);
#1845=VERTEX_POINT('',#6637);
#1846=VERTEX_POINT('',#6641);
#1847=VERTEX_POINT('',#6645);
#1848=VERTEX_POINT('',#6649);
#1849=VERTEX_POINT('',#6653);
#1850=VERTEX_POINT('',#6655);
#1851=VERTEX_POINT('',#6659);
#1852=VERTEX_POINT('',#6663);
#1853=VERTEX_POINT('',#6667);
#1854=VERTEX_POINT('',#6671);
#1855=VERTEX_POINT('',#6675);
#1856=VERTEX_POINT('',#6681);
#1857=VERTEX_POINT('',#6683);
#1858=VERTEX_POINT('',#6685);
#1859=VERTEX_POINT('',#6687);
#1860=VERTEX_POINT('',#6689);
#1861=VERTEX_POINT('',#6691);
#1862=VERTEX_POINT('',#6693);
#1863=VERTEX_POINT('',#6695);
#1864=VERTEX_POINT('',#6697);
#1865=VERTEX_POINT('',#6699);
#1866=VERTEX_POINT('',#6701);
#1867=VERTEX_POINT('',#6703);
#1868=VERTEX_POINT('',#6705);
#1869=VERTEX_POINT('',#6707);
#1870=VERTEX_POINT('',#6709);
#1871=VERTEX_POINT('',#6711);
#1872=VERTEX_POINT('',#6713);
#1873=VERTEX_POINT('',#6715);
#1874=VERTEX_POINT('',#6717);
#1875=VERTEX_POINT('',#6719);
#1876=VERTEX_POINT('',#6721);
#1877=VERTEX_POINT('',#6723);
#1878=VERTEX_POINT('',#6725);
#1879=VERTEX_POINT('',#6727);
#1880=VERTEX_POINT('',#6729);
#1881=VERTEX_POINT('',#6731);
#1882=VERTEX_POINT('',#6789);
#1883=VERTEX_POINT('',#6790);
#1884=VERTEX_POINT('',#6792);
#1885=VERTEX_POINT('',#6794);
#1886=VERTEX_POINT('',#6796);
#1887=VERTEX_POINT('',#6798);
#1888=VERTEX_POINT('',#6800);
#1889=VERTEX_POINT('',#6802);
#1890=VERTEX_POINT('',#6804);
#1891=VERTEX_POINT('',#6806);
#1892=VERTEX_POINT('',#6808);
#1893=VERTEX_POINT('',#6810);
#1894=VERTEX_POINT('',#6812);
#1895=VERTEX_POINT('',#6814);
#1896=VERTEX_POINT('',#6816);
#1897=VERTEX_POINT('',#6818);
#1898=VERTEX_POINT('',#6820);
#1899=VERTEX_POINT('',#6822);
#1900=VERTEX_POINT('',#6824);
#1901=VERTEX_POINT('',#6826);
#1902=VERTEX_POINT('',#6828);
#1903=VERTEX_POINT('',#6830);
#1904=VERTEX_POINT('',#6832);
#1905=VERTEX_POINT('',#6834);
#1906=VERTEX_POINT('',#6836);
#1907=VERTEX_POINT('',#6838);
#1908=VERTEX_POINT('',#6840);
#1909=VERTEX_POINT('',#6842);
#1910=VERTEX_POINT('',#6844);
#1911=VERTEX_POINT('',#6846);
#1912=VERTEX_POINT('',#6848);
#1913=VERTEX_POINT('',#6850);
#1914=VERTEX_POINT('',#6852);
#1915=VERTEX_POINT('',#6854);
#1916=VERTEX_POINT('',#6856);
#1917=VERTEX_POINT('',#6858);
#1918=VERTEX_POINT('',#6860);
#1919=VERTEX_POINT('',#6862);
#1920=VERTEX_POINT('',#6864);
#1921=VERTEX_POINT('',#6866);
#1922=VERTEX_POINT('',#6868);
#1923=VERTEX_POINT('',#6870);
#1924=VERTEX_POINT('',#6872);
#1925=VERTEX_POINT('',#6874);
#1926=VERTEX_POINT('',#6876);
#1927=VERTEX_POINT('',#6878);
#1928=VERTEX_POINT('',#6880);
#1929=VERTEX_POINT('',#6882);
#1930=VERTEX_POINT('',#6884);
#1931=VERTEX_POINT('',#6886);
#1932=VERTEX_POINT('',#6888);
#1933=VERTEX_POINT('',#6890);
#1934=VERTEX_POINT('',#6892);
#1935=VERTEX_POINT('',#6894);
#1936=VERTEX_POINT('',#6896);
#1937=VERTEX_POINT('',#6898);
#1938=VERTEX_POINT('',#6900);
#1939=VERTEX_POINT('',#6902);
#1940=VERTEX_POINT('',#6904);
#1941=VERTEX_POINT('',#6906);
#1942=VERTEX_POINT('',#6908);
#1943=VERTEX_POINT('',#6910);
#1944=VERTEX_POINT('',#6912);
#1945=VERTEX_POINT('',#6914);
#1946=VERTEX_POINT('',#6916);
#1947=VERTEX_POINT('',#6918);
#1948=VERTEX_POINT('',#6920);
#1949=VERTEX_POINT('',#6922);
#1950=VERTEX_POINT('',#6924);
#1951=VERTEX_POINT('',#6926);
#1952=VERTEX_POINT('',#6928);
#1953=VERTEX_POINT('',#6930);
#1954=VERTEX_POINT('',#6933);
#1955=VERTEX_POINT('',#6936);
#1956=VERTEX_POINT('',#6938);
#1957=VERTEX_POINT('',#6942);
#1958=VERTEX_POINT('',#6946);
#1959=VERTEX_POINT('',#6950);
#1960=VERTEX_POINT('',#6954);
#1961=VERTEX_POINT('',#6958);
#1962=VERTEX_POINT('',#6962);
#1963=VERTEX_POINT('',#6966);
#1964=VERTEX_POINT('',#6970);
#1965=VERTEX_POINT('',#6974);
#1966=VERTEX_POINT('',#6978);
#1967=VERTEX_POINT('',#6982);
#1968=VERTEX_POINT('',#6986);
#1969=VERTEX_POINT('',#6990);
#1970=VERTEX_POINT('',#6994);
#1971=VERTEX_POINT('',#6998);
#1972=VERTEX_POINT('',#7002);
#1973=VERTEX_POINT('',#7006);
#1974=VERTEX_POINT('',#7010);
#1975=VERTEX_POINT('',#7014);
#1976=VERTEX_POINT('',#7018);
#1977=VERTEX_POINT('',#7022);
#1978=VERTEX_POINT('',#7026);
#1979=VERTEX_POINT('',#7030);
#1980=VERTEX_POINT('',#7034);
#1981=VERTEX_POINT('',#7038);
#1982=VERTEX_POINT('',#7042);
#1983=VERTEX_POINT('',#7046);
#1984=VERTEX_POINT('',#7050);
#1985=VERTEX_POINT('',#7054);
#1986=VERTEX_POINT('',#7058);
#1987=VERTEX_POINT('',#7062);
#1988=VERTEX_POINT('',#7066);
#1989=VERTEX_POINT('',#7070);
#1990=VERTEX_POINT('',#7074);
#1991=VERTEX_POINT('',#7078);
#1992=VERTEX_POINT('',#7082);
#1993=VERTEX_POINT('',#7086);
#1994=VERTEX_POINT('',#7090);
#1995=VERTEX_POINT('',#7094);
#1996=VERTEX_POINT('',#7096);
#1997=VERTEX_POINT('',#7100);
#1998=VERTEX_POINT('',#7104);
#1999=VERTEX_POINT('',#7108);
#2000=VERTEX_POINT('',#7112);
#2001=VERTEX_POINT('',#7116);
#2002=VERTEX_POINT('',#7122);
#2003=VERTEX_POINT('',#7124);
#2004=VERTEX_POINT('',#7126);
#2005=VERTEX_POINT('',#7128);
#2006=VERTEX_POINT('',#7130);
#2007=VERTEX_POINT('',#7132);
#2008=VERTEX_POINT('',#7134);
#2009=VERTEX_POINT('',#7136);
#2010=VERTEX_POINT('',#7138);
#2011=VERTEX_POINT('',#7140);
#2012=VERTEX_POINT('',#7142);
#2013=VERTEX_POINT('',#7144);
#2014=VERTEX_POINT('',#7146);
#2015=VERTEX_POINT('',#7148);
#2016=VERTEX_POINT('',#7150);
#2017=VERTEX_POINT('',#7152);
#2018=VERTEX_POINT('',#7154);
#2019=VERTEX_POINT('',#7156);
#2020=VERTEX_POINT('',#7158);
#2021=VERTEX_POINT('',#7160);
#2022=VERTEX_POINT('',#7162);
#2023=VERTEX_POINT('',#7164);
#2024=VERTEX_POINT('',#7166);
#2025=VERTEX_POINT('',#7168);
#2026=VERTEX_POINT('',#7170);
#2027=VERTEX_POINT('',#7172);
#2028=VERTEX_POINT('',#7230);
#2029=VERTEX_POINT('',#7231);
#2030=VERTEX_POINT('',#7233);
#2031=VERTEX_POINT('',#7235);
#2032=VERTEX_POINT('',#7237);
#2033=VERTEX_POINT('',#7239);
#2034=VERTEX_POINT('',#7241);
#2035=VERTEX_POINT('',#7243);
#2036=VERTEX_POINT('',#7245);
#2037=VERTEX_POINT('',#7247);
#2038=VERTEX_POINT('',#7249);
#2039=VERTEX_POINT('',#7251);
#2040=VERTEX_POINT('',#7253);
#2041=VERTEX_POINT('',#7255);
#2042=VERTEX_POINT('',#7257);
#2043=VERTEX_POINT('',#7259);
#2044=VERTEX_POINT('',#7261);
#2045=VERTEX_POINT('',#7263);
#2046=VERTEX_POINT('',#7265);
#2047=VERTEX_POINT('',#7267);
#2048=VERTEX_POINT('',#7269);
#2049=VERTEX_POINT('',#7271);
#2050=VERTEX_POINT('',#7273);
#2051=VERTEX_POINT('',#7275);
#2052=VERTEX_POINT('',#7277);
#2053=VERTEX_POINT('',#7279);
#2054=VERTEX_POINT('',#7281);
#2055=VERTEX_POINT('',#7283);
#2056=VERTEX_POINT('',#7285);
#2057=VERTEX_POINT('',#7287);
#2058=VERTEX_POINT('',#7289);
#2059=VERTEX_POINT('',#7291);
#2060=VERTEX_POINT('',#7293);
#2061=VERTEX_POINT('',#7295);
#2062=VERTEX_POINT('',#7297);
#2063=VERTEX_POINT('',#7299);
#2064=VERTEX_POINT('',#7301);
#2065=VERTEX_POINT('',#7303);
#2066=VERTEX_POINT('',#7305);
#2067=VERTEX_POINT('',#7307);
#2068=VERTEX_POINT('',#7309);
#2069=VERTEX_POINT('',#7311);
#2070=VERTEX_POINT('',#7313);
#2071=VERTEX_POINT('',#7315);
#2072=VERTEX_POINT('',#7317);
#2073=VERTEX_POINT('',#7319);
#2074=VERTEX_POINT('',#7321);
#2075=VERTEX_POINT('',#7323);
#2076=VERTEX_POINT('',#7325);
#2077=VERTEX_POINT('',#7327);
#2078=VERTEX_POINT('',#7329);
#2079=VERTEX_POINT('',#7331);
#2080=VERTEX_POINT('',#7333);
#2081=VERTEX_POINT('',#7335);
#2082=VERTEX_POINT('',#7337);
#2083=VERTEX_POINT('',#7339);
#2084=VERTEX_POINT('',#7341);
#2085=VERTEX_POINT('',#7343);
#2086=VERTEX_POINT('',#7345);
#2087=VERTEX_POINT('',#7347);
#2088=VERTEX_POINT('',#7349);
#2089=VERTEX_POINT('',#7351);
#2090=VERTEX_POINT('',#7353);
#2091=VERTEX_POINT('',#7355);
#2092=VERTEX_POINT('',#7357);
#2093=VERTEX_POINT('',#7359);
#2094=VERTEX_POINT('',#7361);
#2095=VERTEX_POINT('',#7363);
#2096=VERTEX_POINT('',#7365);
#2097=VERTEX_POINT('',#7367);
#2098=VERTEX_POINT('',#7369);
#2099=VERTEX_POINT('',#7371);
#2100=VERTEX_POINT('',#7374);
#2101=VERTEX_POINT('',#7377);
#2102=VERTEX_POINT('',#7379);
#2103=VERTEX_POINT('',#7383);
#2104=VERTEX_POINT('',#7387);
#2105=VERTEX_POINT('',#7391);
#2106=VERTEX_POINT('',#7395);
#2107=VERTEX_POINT('',#7399);
#2108=VERTEX_POINT('',#7403);
#2109=VERTEX_POINT('',#7407);
#2110=VERTEX_POINT('',#7411);
#2111=VERTEX_POINT('',#7415);
#2112=VERTEX_POINT('',#7419);
#2113=VERTEX_POINT('',#7423);
#2114=VERTEX_POINT('',#7427);
#2115=VERTEX_POINT('',#7431);
#2116=VERTEX_POINT('',#7435);
#2117=VERTEX_POINT('',#7439);
#2118=VERTEX_POINT('',#7443);
#2119=VERTEX_POINT('',#7447);
#2120=VERTEX_POINT('',#7451);
#2121=VERTEX_POINT('',#7455);
#2122=VERTEX_POINT('',#7459);
#2123=VERTEX_POINT('',#7463);
#2124=VERTEX_POINT('',#7467);
#2125=VERTEX_POINT('',#7471);
#2126=VERTEX_POINT('',#7475);
#2127=VERTEX_POINT('',#7479);
#2128=VERTEX_POINT('',#7483);
#2129=VERTEX_POINT('',#7487);
#2130=VERTEX_POINT('',#7491);
#2131=VERTEX_POINT('',#7495);
#2132=VERTEX_POINT('',#7499);
#2133=VERTEX_POINT('',#7503);
#2134=VERTEX_POINT('',#7507);
#2135=VERTEX_POINT('',#7511);
#2136=VERTEX_POINT('',#7515);
#2137=VERTEX_POINT('',#7519);
#2138=VERTEX_POINT('',#7523);
#2139=VERTEX_POINT('',#7527);
#2140=VERTEX_POINT('',#7531);
#2141=VERTEX_POINT('',#7535);
#2142=VERTEX_POINT('',#7537);
#2143=VERTEX_POINT('',#7541);
#2144=VERTEX_POINT('',#7545);
#2145=VERTEX_POINT('',#7549);
#2146=VERTEX_POINT('',#7553);
#2147=VERTEX_POINT('',#7557);
#2148=VERTEX_POINT('',#7563);
#2149=VERTEX_POINT('',#7565);
#2150=VERTEX_POINT('',#7567);
#2151=VERTEX_POINT('',#7569);
#2152=VERTEX_POINT('',#7571);
#2153=VERTEX_POINT('',#7573);
#2154=VERTEX_POINT('',#7575);
#2155=VERTEX_POINT('',#7577);
#2156=VERTEX_POINT('',#7579);
#2157=VERTEX_POINT('',#7581);
#2158=VERTEX_POINT('',#7583);
#2159=VERTEX_POINT('',#7585);
#2160=VERTEX_POINT('',#7587);
#2161=VERTEX_POINT('',#7589);
#2162=VERTEX_POINT('',#7591);
#2163=VERTEX_POINT('',#7593);
#2164=VERTEX_POINT('',#7595);
#2165=VERTEX_POINT('',#7597);
#2166=VERTEX_POINT('',#7599);
#2167=VERTEX_POINT('',#7601);
#2168=VERTEX_POINT('',#7603);
#2169=VERTEX_POINT('',#7605);
#2170=VERTEX_POINT('',#7607);
#2171=VERTEX_POINT('',#7609);
#2172=VERTEX_POINT('',#7611);
#2173=VERTEX_POINT('',#7613);
#2174=EDGE_CURVE('',#1736,#1737,#1514,.T.);
#2175=EDGE_CURVE('',#1738,#1736,#644,.T.);
#2176=EDGE_CURVE('',#1739,#1738,#1515,.T.);
#2177=EDGE_CURVE('',#1740,#1739,#645,.T.);
#2178=EDGE_CURVE('',#1741,#1740,#1516,.T.);
#2179=EDGE_CURVE('',#1742,#1741,#646,.T.);
#2180=EDGE_CURVE('',#1743,#1742,#1517,.T.);
#2181=EDGE_CURVE('',#1744,#1743,#647,.T.);
#2182=EDGE_CURVE('',#1745,#1744,#1518,.T.);
#2183=EDGE_CURVE('',#1746,#1745,#648,.T.);
#2184=EDGE_CURVE('',#1747,#1746,#1519,.T.);
#2185=EDGE_CURVE('',#1748,#1747,#649,.T.);
#2186=EDGE_CURVE('',#1749,#1748,#1520,.T.);
#2187=EDGE_CURVE('',#1750,#1749,#650,.T.);
#2188=EDGE_CURVE('',#1751,#1750,#1521,.T.);
#2189=EDGE_CURVE('',#1752,#1751,#651,.T.);
#2190=EDGE_CURVE('',#1753,#1752,#1522,.T.);
#2191=EDGE_CURVE('',#1754,#1753,#652,.T.);
#2192=EDGE_CURVE('',#1755,#1754,#1523,.T.);
#2193=EDGE_CURVE('',#1756,#1755,#653,.T.);
#2194=EDGE_CURVE('',#1757,#1756,#1524,.T.);
#2195=EDGE_CURVE('',#1758,#1757,#654,.T.);
#2196=EDGE_CURVE('',#1759,#1758,#1525,.T.);
#2197=EDGE_CURVE('',#1760,#1759,#655,.T.);
#2198=EDGE_CURVE('',#1761,#1760,#1526,.T.);
#2199=EDGE_CURVE('',#1762,#1761,#656,.T.);
#2200=EDGE_CURVE('',#1763,#1762,#1527,.T.);
#2201=EDGE_CURVE('',#1764,#1763,#657,.T.);
#2202=EDGE_CURVE('',#1765,#1764,#1528,.T.);
#2203=EDGE_CURVE('',#1766,#1765,#658,.T.);
#2204=EDGE_CURVE('',#1767,#1766,#1529,.T.);
#2205=EDGE_CURVE('',#1768,#1767,#659,.T.);
#2206=EDGE_CURVE('',#1769,#1768,#1530,.T.);
#2207=EDGE_CURVE('',#1770,#1769,#660,.T.);
#2208=EDGE_CURVE('',#1771,#1770,#1531,.T.);
#2209=EDGE_CURVE('',#1772,#1771,#661,.T.);
#2210=EDGE_CURVE('',#1773,#1772,#1532,.T.);
#2211=EDGE_CURVE('',#1774,#1773,#662,.T.);
#2212=EDGE_CURVE('',#1775,#1774,#1533,.T.);
#2213=EDGE_CURVE('',#1776,#1775,#663,.T.);
#2214=EDGE_CURVE('',#1777,#1776,#1534,.T.);
#2215=EDGE_CURVE('',#1778,#1777,#664,.T.);
#2216=EDGE_CURVE('',#1779,#1778,#1535,.T.);
#2217=EDGE_CURVE('',#1780,#1779,#665,.T.);
#2218=EDGE_CURVE('',#1781,#1780,#1536,.T.);
#2219=EDGE_CURVE('',#1782,#1781,#666,.T.);
#2220=EDGE_CURVE('',#1783,#1782,#1537,.T.);
#2221=EDGE_CURVE('',#1784,#1783,#667,.T.);
#2222=EDGE_CURVE('',#1785,#1784,#1538,.T.);
#2223=EDGE_CURVE('',#1786,#1785,#668,.T.);
#2224=EDGE_CURVE('',#1787,#1786,#1539,.T.);
#2225=EDGE_CURVE('',#1788,#1787,#669,.T.);
#2226=EDGE_CURVE('',#1789,#1788,#1540,.T.);
#2227=EDGE_CURVE('',#1790,#1789,#670,.T.);
#2228=EDGE_CURVE('',#1791,#1790,#1541,.T.);
#2229=EDGE_CURVE('',#1792,#1791,#671,.T.);
#2230=EDGE_CURVE('',#1793,#1792,#1542,.T.);
#2231=EDGE_CURVE('',#1794,#1793,#672,.T.);
#2232=EDGE_CURVE('',#1795,#1794,#1543,.T.);
#2233=EDGE_CURVE('',#1796,#1795,#673,.T.);
#2234=EDGE_CURVE('',#1797,#1796,#1544,.T.);
#2235=EDGE_CURVE('',#1798,#1797,#674,.T.);
#2236=EDGE_CURVE('',#1799,#1798,#1545,.T.);
#2237=EDGE_CURVE('',#1800,#1799,#675,.T.);
#2238=EDGE_CURVE('',#1801,#1800,#1546,.T.);
#2239=EDGE_CURVE('',#1802,#1801,#676,.T.);
#2240=EDGE_CURVE('',#1803,#1802,#1547,.T.);
#2241=EDGE_CURVE('',#1804,#1803,#677,.T.);
#2242=EDGE_CURVE('',#1805,#1804,#1548,.T.);
#2243=EDGE_CURVE('',#1806,#1805,#678,.T.);
#2244=EDGE_CURVE('',#1807,#1806,#1549,.T.);
#2245=EDGE_CURVE('',#1737,#1807,#679,.T.);
#2246=EDGE_CURVE('',#1808,#1808,#1550,.T.);
#2247=EDGE_CURVE('',#1773,#1809,#680,.T.);
#2248=EDGE_CURVE('',#1809,#1810,#681,.T.);
#2249=EDGE_CURVE('',#1774,#1810,#682,.T.);
#2250=EDGE_CURVE('',#1772,#1811,#683,.T.);
#2251=EDGE_CURVE('',#1811,#1809,#1551,.T.);
#2252=EDGE_CURVE('',#1771,#1812,#684,.T.);
#2253=EDGE_CURVE('',#1812,#1811,#685,.T.);
#2254=EDGE_CURVE('',#1770,#1813,#686,.T.);
#2255=EDGE_CURVE('',#1813,#1812,#1552,.T.);
#2256=EDGE_CURVE('',#1769,#1814,#687,.T.);
#2257=EDGE_CURVE('',#1814,#1813,#688,.T.);
#2258=EDGE_CURVE('',#1768,#1815,#689,.T.);
#2259=EDGE_CURVE('',#1815,#1814,#1553,.T.);
#2260=EDGE_CURVE('',#1767,#1816,#690,.T.);
#2261=EDGE_CURVE('',#1816,#1815,#691,.T.);
#2262=EDGE_CURVE('',#1766,#1817,#692,.T.);
#2263=EDGE_CURVE('',#1817,#1816,#1554,.T.);
#2264=EDGE_CURVE('',#1765,#1818,#693,.T.);
#2265=EDGE_CURVE('',#1817,#1818,#694,.T.);
#2266=EDGE_CURVE('',#1764,#1819,#695,.T.);
#2267=EDGE_CURVE('',#1818,#1819,#1555,.T.);
#2268=EDGE_CURVE('',#1763,#1820,#696,.T.);
#2269=EDGE_CURVE('',#1819,#1820,#697,.T.);
#2270=EDGE_CURVE('',#1762,#1821,#698,.T.);
#2271=EDGE_CURVE('',#1820,#1821,#1556,.T.);
#2272=EDGE_CURVE('',#1761,#1822,#699,.T.);
#2273=EDGE_CURVE('',#1821,#1822,#700,.T.);
#2274=EDGE_CURVE('',#1760,#1823,#701,.T.);
#2275=EDGE_CURVE('',#1822,#1823,#1557,.T.);
#2276=EDGE_CURVE('',#1759,#1824,#702,.T.);
#2277=EDGE_CURVE('',#1823,#1824,#703,.T.);
#2278=EDGE_CURVE('',#1758,#1825,#704,.T.);
#2279=EDGE_CURVE('',#1824,#1825,#1558,.T.);
#2280=EDGE_CURVE('',#1757,#1826,#705,.T.);
#2281=EDGE_CURVE('',#1825,#1826,#706,.T.);
#2282=EDGE_CURVE('',#1756,#1827,#707,.T.);
#2283=EDGE_CURVE('',#1826,#1827,#1559,.T.);
#2284=EDGE_CURVE('',#1755,#1828,#708,.T.);
#2285=EDGE_CURVE('',#1827,#1828,#709,.T.);
#2286=EDGE_CURVE('',#1754,#1829,#710,.T.);
#2287=EDGE_CURVE('',#1828,#1829,#1560,.T.);
#2288=EDGE_CURVE('',#1753,#1830,#711,.T.);
#2289=EDGE_CURVE('',#1829,#1830,#712,.T.);
#2290=EDGE_CURVE('',#1752,#1831,#713,.T.);
#2291=EDGE_CURVE('',#1830,#1831,#1561,.T.);
#2292=EDGE_CURVE('',#1751,#1832,#714,.T.);
#2293=EDGE_CURVE('',#1831,#1832,#715,.T.);
#2294=EDGE_CURVE('',#1750,#1833,#716,.T.);
#2295=EDGE_CURVE('',#1832,#1833,#1562,.T.);
#2296=EDGE_CURVE('',#1749,#1834,#717,.T.);
#2297=EDGE_CURVE('',#1833,#1834,#718,.T.);
#2298=EDGE_CURVE('',#1748,#1835,#719,.T.);
#2299=EDGE_CURVE('',#1834,#1835,#1563,.T.);
#2300=EDGE_CURVE('',#1747,#1836,#720,.T.);
#2301=EDGE_CURVE('',#1836,#1835,#721,.T.);
#2302=EDGE_CURVE('',#1746,#1837,#722,.T.);
#2303=EDGE_CURVE('',#1837,#1836,#1564,.T.);
#2304=EDGE_CURVE('',#1745,#1838,#723,.T.);
#2305=EDGE_CURVE('',#1838,#1837,#724,.T.);
#2306=EDGE_CURVE('',#1744,#1839,#725,.T.);
#2307=EDGE_CURVE('',#1839,#1838,#1565,.T.);
#2308=EDGE_CURVE('',#1743,#1840,#726,.T.);
#2309=EDGE_CURVE('',#1840,#1839,#727,.T.);
#2310=EDGE_CURVE('',#1742,#1841,#728,.T.);
#2311=EDGE_CURVE('',#1841,#1840,#1566,.T.);
#2312=EDGE_CURVE('',#1741,#1842,#729,.T.);
#2313=EDGE_CURVE('',#1842,#1841,#730,.T.);
#2314=EDGE_CURVE('',#1740,#1843,#731,.T.);
#2315=EDGE_CURVE('',#1843,#1842,#1567,.T.);
#2316=EDGE_CURVE('',#1739,#1844,#732,.T.);
#2317=EDGE_CURVE('',#1844,#1843,#733,.T.);
#2318=EDGE_CURVE('',#1738,#1845,#734,.T.);
#2319=EDGE_CURVE('',#1845,#1844,#1568,.T.);
#2320=EDGE_CURVE('',#1736,#1846,#735,.T.);
#2321=EDGE_CURVE('',#1846,#1845,#736,.T.);
#2322=EDGE_CURVE('',#1737,#1847,#737,.T.);
#2323=EDGE_CURVE('',#1847,#1846,#1569,.T.);
#2324=EDGE_CURVE('',#1808,#1848,#738,.T.);
#2325=EDGE_CURVE('',#1848,#1848,#1570,.T.);
#2326=EDGE_CURVE('',#1801,#1849,#739,.T.);
#2327=EDGE_CURVE('',#1849,#1850,#740,.T.);
#2328=EDGE_CURVE('',#1802,#1850,#741,.T.);
#2329=EDGE_CURVE('',#1850,#1851,#1571,.T.);
#2330=EDGE_CURVE('',#1803,#1851,#742,.T.);
#2331=EDGE_CURVE('',#1851,#1852,#743,.T.);
#2332=EDGE_CURVE('',#1804,#1852,#744,.T.);
#2333=EDGE_CURVE('',#1852,#1853,#1572,.T.);
#2334=EDGE_CURVE('',#1805,#1853,#745,.T.);
#2335=EDGE_CURVE('',#1853,#1854,#746,.T.);
#2336=EDGE_CURVE('',#1806,#1854,#747,.T.);
#2337=EDGE_CURVE('',#1854,#1855,#1573,.T.);
#2338=EDGE_CURVE('',#1807,#1855,#748,.T.);
#2339=EDGE_CURVE('',#1855,#1847,#749,.T.);
#2340=EDGE_CURVE('',#1849,#1856,#1574,.T.);
#2341=EDGE_CURVE('',#1856,#1857,#750,.T.);
#2342=EDGE_CURVE('',#1857,#1858,#1575,.T.);
#2343=EDGE_CURVE('',#1858,#1859,#751,.T.);
#2344=EDGE_CURVE('',#1859,#1860,#1576,.T.);
#2345=EDGE_CURVE('',#1860,#1861,#752,.T.);
#2346=EDGE_CURVE('',#1861,#1862,#1577,.T.);
#2347=EDGE_CURVE('',#1862,#1863,#753,.T.);
#2348=EDGE_CURVE('',#1863,#1864,#1578,.T.);
#2349=EDGE_CURVE('',#1864,#1865,#754,.T.);
#2350=EDGE_CURVE('',#1865,#1866,#1579,.T.);
#2351=EDGE_CURVE('',#1866,#1867,#755,.T.);
#2352=EDGE_CURVE('',#1867,#1868,#1580,.T.);
#2353=EDGE_CURVE('',#1868,#1869,#756,.T.);
#2354=EDGE_CURVE('',#1869,#1870,#1581,.T.);
#2355=EDGE_CURVE('',#1870,#1871,#757,.T.);
#2356=EDGE_CURVE('',#1871,#1872,#1582,.T.);
#2357=EDGE_CURVE('',#1872,#1873,#758,.T.);
#2358=EDGE_CURVE('',#1874,#1873,#1583,.T.);
#2359=EDGE_CURVE('',#1875,#1874,#759,.T.);
#2360=EDGE_CURVE('',#1876,#1875,#1584,.T.);
#2361=EDGE_CURVE('',#1877,#1876,#760,.T.);
#2362=EDGE_CURVE('',#1878,#1877,#1585,.T.);
#2363=EDGE_CURVE('',#1879,#1878,#761,.T.);
#2364=EDGE_CURVE('',#1880,#1879,#1586,.T.);
#2365=EDGE_CURVE('',#1881,#1880,#762,.T.);
#2366=EDGE_CURVE('',#1810,#1881,#1587,.T.);
#2367=EDGE_CURVE('',#1794,#1862,#763,.T.);
#2368=EDGE_CURVE('',#1795,#1861,#764,.T.);
#2369=EDGE_CURVE('',#1793,#1863,#765,.T.);
#2370=EDGE_CURVE('',#1792,#1864,#766,.T.);
#2371=EDGE_CURVE('',#1791,#1865,#767,.T.);
#2372=EDGE_CURVE('',#1790,#1866,#768,.T.);
#2373=EDGE_CURVE('',#1789,#1867,#769,.T.);
#2374=EDGE_CURVE('',#1788,#1868,#770,.T.);
#2375=EDGE_CURVE('',#1787,#1869,#771,.T.);
#2376=EDGE_CURVE('',#1786,#1870,#772,.T.);
#2377=EDGE_CURVE('',#1785,#1871,#773,.T.);
#2378=EDGE_CURVE('',#1784,#1872,#774,.T.);
#2379=EDGE_CURVE('',#1783,#1873,#775,.T.);
#2380=EDGE_CURVE('',#1800,#1856,#776,.T.);
#2381=EDGE_CURVE('',#1799,#1857,#777,.T.);
#2382=EDGE_CURVE('',#1798,#1858,#778,.T.);
#2383=EDGE_CURVE('',#1797,#1859,#779,.T.);
#2384=EDGE_CURVE('',#1796,#1860,#780,.T.);
#2385=EDGE_CURVE('',#1775,#1881,#781,.T.);
#2386=EDGE_CURVE('',#1776,#1880,#782,.T.);
#2387=EDGE_CURVE('',#1777,#1879,#783,.T.);
#2388=EDGE_CURVE('',#1778,#1878,#784,.T.);
#2389=EDGE_CURVE('',#1779,#1877,#785,.T.);
#2390=EDGE_CURVE('',#1780,#1876,#786,.T.);
#2391=EDGE_CURVE('',#1781,#1875,#787,.T.);
#2392=EDGE_CURVE('',#1782,#1874,#788,.T.);
#2393=EDGE_CURVE('',#1882,#1883,#1588,.T.);
#2394=EDGE_CURVE('',#1884,#1882,#789,.T.);
#2395=EDGE_CURVE('',#1885,#1884,#1589,.T.);
#2396=EDGE_CURVE('',#1886,#1885,#790,.T.);
#2397=EDGE_CURVE('',#1887,#1886,#1590,.T.);
#2398=EDGE_CURVE('',#1888,#1887,#791,.T.);
#2399=EDGE_CURVE('',#1889,#1888,#1591,.T.);
#2400=EDGE_CURVE('',#1890,#1889,#792,.T.);
#2401=EDGE_CURVE('',#1891,#1890,#1592,.T.);
#2402=EDGE_CURVE('',#1892,#1891,#793,.T.);
#2403=EDGE_CURVE('',#1893,#1892,#1593,.T.);
#2404=EDGE_CURVE('',#1894,#1893,#794,.T.);
#2405=EDGE_CURVE('',#1895,#1894,#1594,.T.);
#2406=EDGE_CURVE('',#1896,#1895,#795,.T.);
#2407=EDGE_CURVE('',#1897,#1896,#1595,.T.);
#2408=EDGE_CURVE('',#1898,#1897,#796,.T.);
#2409=EDGE_CURVE('',#1899,#1898,#1596,.T.);
#2410=EDGE_CURVE('',#1900,#1899,#797,.T.);
#2411=EDGE_CURVE('',#1901,#1900,#1597,.T.);
#2412=EDGE_CURVE('',#1902,#1901,#798,.T.);
#2413=EDGE_CURVE('',#1903,#1902,#1598,.T.);
#2414=EDGE_CURVE('',#1904,#1903,#799,.T.);
#2415=EDGE_CURVE('',#1905,#1904,#1599,.T.);
#2416=EDGE_CURVE('',#1906,#1905,#800,.T.);
#2417=EDGE_CURVE('',#1907,#1906,#1600,.T.);
#2418=EDGE_CURVE('',#1908,#1907,#801,.T.);
#2419=EDGE_CURVE('',#1909,#1908,#1601,.T.);
#2420=EDGE_CURVE('',#1910,#1909,#802,.T.);
#2421=EDGE_CURVE('',#1911,#1910,#1602,.T.);
#2422=EDGE_CURVE('',#1912,#1911,#803,.T.);
#2423=EDGE_CURVE('',#1913,#1912,#1603,.T.);
#2424=EDGE_CURVE('',#1914,#1913,#804,.T.);
#2425=EDGE_CURVE('',#1915,#1914,#1604,.T.);
#2426=EDGE_CURVE('',#1916,#1915,#805,.T.);
#2427=EDGE_CURVE('',#1917,#1916,#1605,.T.);
#2428=EDGE_CURVE('',#1918,#1917,#806,.T.);
#2429=EDGE_CURVE('',#1919,#1918,#1606,.T.);
#2430=EDGE_CURVE('',#1920,#1919,#807,.T.);
#2431=EDGE_CURVE('',#1921,#1920,#1607,.T.);
#2432=EDGE_CURVE('',#1922,#1921,#808,.T.);
#2433=EDGE_CURVE('',#1923,#1922,#1608,.T.);
#2434=EDGE_CURVE('',#1924,#1923,#809,.T.);
#2435=EDGE_CURVE('',#1925,#1924,#1609,.T.);
#2436=EDGE_CURVE('',#1926,#1925,#810,.T.);
#2437=EDGE_CURVE('',#1927,#1926,#1610,.T.);
#2438=EDGE_CURVE('',#1928,#1927,#811,.T.);
#2439=EDGE_CURVE('',#1929,#1928,#1611,.T.);
#2440=EDGE_CURVE('',#1930,#1929,#812,.T.);
#2441=EDGE_CURVE('',#1931,#1930,#1612,.T.);
#2442=EDGE_CURVE('',#1932,#1931,#813,.T.);
#2443=EDGE_CURVE('',#1933,#1932,#1613,.T.);
#2444=EDGE_CURVE('',#1934,#1933,#814,.T.);
#2445=EDGE_CURVE('',#1935,#1934,#1614,.T.);
#2446=EDGE_CURVE('',#1936,#1935,#815,.T.);
#2447=EDGE_CURVE('',#1937,#1936,#1615,.T.);
#2448=EDGE_CURVE('',#1938,#1937,#816,.T.);
#2449=EDGE_CURVE('',#1939,#1938,#1616,.T.);
#2450=EDGE_CURVE('',#1940,#1939,#817,.T.);
#2451=EDGE_CURVE('',#1941,#1940,#1617,.T.);
#2452=EDGE_CURVE('',#1942,#1941,#818,.T.);
#2453=EDGE_CURVE('',#1943,#1942,#1618,.T.);
#2454=EDGE_CURVE('',#1944,#1943,#819,.T.);
#2455=EDGE_CURVE('',#1945,#1944,#1619,.T.);
#2456=EDGE_CURVE('',#1946,#1945,#820,.T.);
#2457=EDGE_CURVE('',#1947,#1946,#1620,.T.);
#2458=EDGE_CURVE('',#1948,#1947,#821,.T.);
#2459=EDGE_CURVE('',#1949,#1948,#1621,.T.);
#2460=EDGE_CURVE('',#1950,#1949,#822,.T.);
#2461=EDGE_CURVE('',#1951,#1950,#1622,.T.);
#2462=EDGE_CURVE('',#1952,#1951,#823,.T.);
#2463=EDGE_CURVE('',#1953,#1952,#1623,.T.);
#2464=EDGE_CURVE('',#1883,#1953,#824,.T.);
#2465=EDGE_CURVE('',#1954,#1954,#1624,.T.);
#2466=EDGE_CURVE('',#1919,#1955,#825,.T.);
#2467=EDGE_CURVE('',#1955,#1956,#826,.T.);
#2468=EDGE_CURVE('',#1920,#1956,#827,.T.);
#2469=EDGE_CURVE('',#1918,#1957,#828,.T.);
#2470=EDGE_CURVE('',#1957,#1955,#1625,.T.);
#2471=EDGE_CURVE('',#1917,#1958,#829,.T.);
#2472=EDGE_CURVE('',#1958,#1957,#830,.T.);
#2473=EDGE_CURVE('',#1916,#1959,#831,.T.);
#2474=EDGE_CURVE('',#1959,#1958,#1626,.T.);
#2475=EDGE_CURVE('',#1915,#1960,#832,.T.);
#2476=EDGE_CURVE('',#1960,#1959,#833,.T.);
#2477=EDGE_CURVE('',#1914,#1961,#834,.T.);
#2478=EDGE_CURVE('',#1961,#1960,#1627,.T.);
#2479=EDGE_CURVE('',#1913,#1962,#835,.T.);
#2480=EDGE_CURVE('',#1962,#1961,#836,.T.);
#2481=EDGE_CURVE('',#1912,#1963,#837,.T.);
#2482=EDGE_CURVE('',#1963,#1962,#1628,.T.);
#2483=EDGE_CURVE('',#1911,#1964,#838,.T.);
#2484=EDGE_CURVE('',#1963,#1964,#839,.T.);
#2485=EDGE_CURVE('',#1910,#1965,#840,.T.);
#2486=EDGE_CURVE('',#1964,#1965,#1629,.T.);
#2487=EDGE_CURVE('',#1909,#1966,#841,.T.);
#2488=EDGE_CURVE('',#1965,#1966,#842,.T.);
#2489=EDGE_CURVE('',#1908,#1967,#843,.T.);
#2490=EDGE_CURVE('',#1966,#1967,#1630,.T.);
#2491=EDGE_CURVE('',#1907,#1968,#844,.T.);
#2492=EDGE_CURVE('',#1967,#1968,#845,.T.);
#2493=EDGE_CURVE('',#1906,#1969,#846,.T.);
#2494=EDGE_CURVE('',#1968,#1969,#1631,.T.);
#2495=EDGE_CURVE('',#1905,#1970,#847,.T.);
#2496=EDGE_CURVE('',#1969,#1970,#848,.T.);
#2497=EDGE_CURVE('',#1904,#1971,#849,.T.);
#2498=EDGE_CURVE('',#1970,#1971,#1632,.T.);
#2499=EDGE_CURVE('',#1903,#1972,#850,.T.);
#2500=EDGE_CURVE('',#1971,#1972,#851,.T.);
#2501=EDGE_CURVE('',#1902,#1973,#852,.T.);
#2502=EDGE_CURVE('',#1972,#1973,#1633,.T.);
#2503=EDGE_CURVE('',#1901,#1974,#853,.T.);
#2504=EDGE_CURVE('',#1973,#1974,#854,.T.);
#2505=EDGE_CURVE('',#1900,#1975,#855,.T.);
#2506=EDGE_CURVE('',#1974,#1975,#1634,.T.);
#2507=EDGE_CURVE('',#1899,#1976,#856,.T.);
#2508=EDGE_CURVE('',#1975,#1976,#857,.T.);
#2509=EDGE_CURVE('',#1898,#1977,#858,.T.);
#2510=EDGE_CURVE('',#1976,#1977,#1635,.T.);
#2511=EDGE_CURVE('',#1897,#1978,#859,.T.);
#2512=EDGE_CURVE('',#1977,#1978,#860,.T.);
#2513=EDGE_CURVE('',#1896,#1979,#861,.T.);
#2514=EDGE_CURVE('',#1978,#1979,#1636,.T.);
#2515=EDGE_CURVE('',#1895,#1980,#862,.T.);
#2516=EDGE_CURVE('',#1979,#1980,#863,.T.);
#2517=EDGE_CURVE('',#1894,#1981,#864,.T.);
#2518=EDGE_CURVE('',#1980,#1981,#1637,.T.);
#2519=EDGE_CURVE('',#1893,#1982,#865,.T.);
#2520=EDGE_CURVE('',#1982,#1981,#866,.T.);
#2521=EDGE_CURVE('',#1892,#1983,#867,.T.);
#2522=EDGE_CURVE('',#1983,#1982,#1638,.T.);
#2523=EDGE_CURVE('',#1891,#1984,#868,.T.);
#2524=EDGE_CURVE('',#1984,#1983,#869,.T.);
#2525=EDGE_CURVE('',#1890,#1985,#870,.T.);
#2526=EDGE_CURVE('',#1985,#1984,#1639,.T.);
#2527=EDGE_CURVE('',#1889,#1986,#871,.T.);
#2528=EDGE_CURVE('',#1986,#1985,#872,.T.);
#2529=EDGE_CURVE('',#1888,#1987,#873,.T.);
#2530=EDGE_CURVE('',#1987,#1986,#1640,.T.);
#2531=EDGE_CURVE('',#1887,#1988,#874,.T.);
#2532=EDGE_CURVE('',#1988,#1987,#875,.T.);
#2533=EDGE_CURVE('',#1886,#1989,#876,.T.);
#2534=EDGE_CURVE('',#1989,#1988,#1641,.T.);
#2535=EDGE_CURVE('',#1885,#1990,#877,.T.);
#2536=EDGE_CURVE('',#1990,#1989,#878,.T.);
#2537=EDGE_CURVE('',#1884,#1991,#879,.T.);
#2538=EDGE_CURVE('',#1991,#1990,#1642,.T.);
#2539=EDGE_CURVE('',#1882,#1992,#880,.T.);
#2540=EDGE_CURVE('',#1992,#1991,#881,.T.);
#2541=EDGE_CURVE('',#1883,#1993,#882,.T.);
#2542=EDGE_CURVE('',#1993,#1992,#1643,.T.);
#2543=EDGE_CURVE('',#1954,#1994,#883,.T.);
#2544=EDGE_CURVE('',#1994,#1994,#1644,.T.);
#2545=EDGE_CURVE('',#1947,#1995,#884,.T.);
#2546=EDGE_CURVE('',#1995,#1996,#885,.T.);
#2547=EDGE_CURVE('',#1948,#1996,#886,.T.);
#2548=EDGE_CURVE('',#1996,#1997,#1645,.T.);
#2549=EDGE_CURVE('',#1949,#1997,#887,.T.);
#2550=EDGE_CURVE('',#1997,#1998,#888,.T.);
#2551=EDGE_CURVE('',#1950,#1998,#889,.T.);
#2552=EDGE_CURVE('',#1998,#1999,#1646,.T.);
#2553=EDGE_CURVE('',#1951,#1999,#890,.T.);
#2554=EDGE_CURVE('',#1999,#2000,#891,.T.);
#2555=EDGE_CURVE('',#1952,#2000,#892,.T.);
#2556=EDGE_CURVE('',#2000,#2001,#1647,.T.);
#2557=EDGE_CURVE('',#1953,#2001,#893,.T.);
#2558=EDGE_CURVE('',#2001,#1993,#894,.T.);
#2559=EDGE_CURVE('',#1995,#2002,#1648,.T.);
#2560=EDGE_CURVE('',#2002,#2003,#895,.T.);
#2561=EDGE_CURVE('',#2003,#2004,#1649,.T.);
#2562=EDGE_CURVE('',#2004,#2005,#896,.T.);
#2563=EDGE_CURVE('',#2005,#2006,#1650,.T.);
#2564=EDGE_CURVE('',#2006,#2007,#897,.T.);
#2565=EDGE_CURVE('',#2007,#2008,#1651,.T.);
#2566=EDGE_CURVE('',#2008,#2009,#898,.T.);
#2567=EDGE_CURVE('',#2009,#2010,#1652,.T.);
#2568=EDGE_CURVE('',#2010,#2011,#899,.T.);
#2569=EDGE_CURVE('',#2011,#2012,#1653,.T.);
#2570=EDGE_CURVE('',#2012,#2013,#900,.T.);
#2571=EDGE_CURVE('',#2013,#2014,#1654,.T.);
#2572=EDGE_CURVE('',#2014,#2015,#901,.T.);
#2573=EDGE_CURVE('',#2015,#2016,#1655,.T.);
#2574=EDGE_CURVE('',#2016,#2017,#902,.T.);
#2575=EDGE_CURVE('',#2017,#2018,#1656,.T.);
#2576=EDGE_CURVE('',#2018,#2019,#903,.T.);
#2577=EDGE_CURVE('',#2020,#2019,#1657,.T.);
#2578=EDGE_CURVE('',#2021,#2020,#904,.T.);
#2579=EDGE_CURVE('',#2022,#2021,#1658,.T.);
#2580=EDGE_CURVE('',#2023,#2022,#905,.T.);
#2581=EDGE_CURVE('',#2024,#2023,#1659,.T.);
#2582=EDGE_CURVE('',#2025,#2024,#906,.T.);
#2583=EDGE_CURVE('',#2026,#2025,#1660,.T.);
#2584=EDGE_CURVE('',#2027,#2026,#907,.T.);
#2585=EDGE_CURVE('',#1956,#2027,#1661,.T.);
#2586=EDGE_CURVE('',#1940,#2008,#908,.T.);
#2587=EDGE_CURVE('',#1941,#2007,#909,.T.);
#2588=EDGE_CURVE('',#1939,#2009,#910,.T.);
#2589=EDGE_CURVE('',#1938,#2010,#911,.T.);
#2590=EDGE_CURVE('',#1937,#2011,#912,.T.);
#2591=EDGE_CURVE('',#1936,#2012,#913,.T.);
#2592=EDGE_CURVE('',#1935,#2013,#914,.T.);
#2593=EDGE_CURVE('',#1934,#2014,#915,.T.);
#2594=EDGE_CURVE('',#1933,#2015,#916,.T.);
#2595=EDGE_CURVE('',#1932,#2016,#917,.T.);
#2596=EDGE_CURVE('',#1931,#2017,#918,.T.);
#2597=EDGE_CURVE('',#1930,#2018,#919,.T.);
#2598=EDGE_CURVE('',#1929,#2019,#920,.T.);
#2599=EDGE_CURVE('',#1946,#2002,#921,.T.);
#2600=EDGE_CURVE('',#1945,#2003,#922,.T.);
#2601=EDGE_CURVE('',#1944,#2004,#923,.T.);
#2602=EDGE_CURVE('',#1943,#2005,#924,.T.);
#2603=EDGE_CURVE('',#1942,#2006,#925,.T.);
#2604=EDGE_CURVE('',#1921,#2027,#926,.T.);
#2605=EDGE_CURVE('',#1922,#2026,#927,.T.);
#2606=EDGE_CURVE('',#1923,#2025,#928,.T.);
#2607=EDGE_CURVE('',#1924,#2024,#929,.T.);
#2608=EDGE_CURVE('',#1925,#2023,#930,.T.);
#2609=EDGE_CURVE('',#1926,#2022,#931,.T.);
#2610=EDGE_CURVE('',#1927,#2021,#932,.T.);
#2611=EDGE_CURVE('',#1928,#2020,#933,.T.);
#2612=EDGE_CURVE('',#2028,#2029,#1662,.T.);
#2613=EDGE_CURVE('',#2030,#2028,#934,.T.);
#2614=EDGE_CURVE('',#2031,#2030,#1663,.T.);
#2615=EDGE_CURVE('',#2032,#2031,#935,.T.);
#2616=EDGE_CURVE('',#2033,#2032,#1664,.T.);
#2617=EDGE_CURVE('',#2034,#2033,#936,.T.);
#2618=EDGE_CURVE('',#2035,#2034,#1665,.T.);
#2619=EDGE_CURVE('',#2036,#2035,#937,.T.);
#2620=EDGE_CURVE('',#2037,#2036,#1666,.T.);
#2621=EDGE_CURVE('',#2038,#2037,#938,.T.);
#2622=EDGE_CURVE('',#2039,#2038,#1667,.T.);
#2623=EDGE_CURVE('',#2040,#2039,#939,.T.);
#2624=EDGE_CURVE('',#2041,#2040,#1668,.T.);
#2625=EDGE_CURVE('',#2042,#2041,#940,.T.);
#2626=EDGE_CURVE('',#2043,#2042,#1669,.T.);
#2627=EDGE_CURVE('',#2044,#2043,#941,.T.);
#2628=EDGE_CURVE('',#2045,#2044,#1670,.T.);
#2629=EDGE_CURVE('',#2046,#2045,#942,.T.);
#2630=EDGE_CURVE('',#2047,#2046,#1671,.T.);
#2631=EDGE_CURVE('',#2048,#2047,#943,.T.);
#2632=EDGE_CURVE('',#2049,#2048,#1672,.T.);
#2633=EDGE_CURVE('',#2050,#2049,#944,.T.);
#2634=EDGE_CURVE('',#2051,#2050,#1673,.T.);
#2635=EDGE_CURVE('',#2052,#2051,#945,.T.);
#2636=EDGE_CURVE('',#2053,#2052,#1674,.T.);
#2637=EDGE_CURVE('',#2054,#2053,#946,.T.);
#2638=EDGE_CURVE('',#2055,#2054,#1675,.T.);
#2639=EDGE_CURVE('',#2056,#2055,#947,.T.);
#2640=EDGE_CURVE('',#2057,#2056,#1676,.T.);
#2641=EDGE_CURVE('',#2058,#2057,#948,.T.);
#2642=EDGE_CURVE('',#2059,#2058,#1677,.T.);
#2643=EDGE_CURVE('',#2060,#2059,#949,.T.);
#2644=EDGE_CURVE('',#2061,#2060,#1678,.T.);
#2645=EDGE_CURVE('',#2062,#2061,#950,.T.);
#2646=EDGE_CURVE('',#2063,#2062,#1679,.T.);
#2647=EDGE_CURVE('',#2064,#2063,#951,.T.);
#2648=EDGE_CURVE('',#2065,#2064,#1680,.T.);
#2649=EDGE_CURVE('',#2066,#2065,#952,.T.);
#2650=EDGE_CURVE('',#2067,#2066,#1681,.T.);
#2651=EDGE_CURVE('',#2068,#2067,#953,.T.);
#2652=EDGE_CURVE('',#2069,#2068,#1682,.T.);
#2653=EDGE_CURVE('',#2070,#2069,#954,.T.);
#2654=EDGE_CURVE('',#2071,#2070,#1683,.T.);
#2655=EDGE_CURVE('',#2072,#2071,#955,.T.);
#2656=EDGE_CURVE('',#2073,#2072,#1684,.T.);
#2657=EDGE_CURVE('',#2074,#2073,#956,.T.);
#2658=EDGE_CURVE('',#2075,#2074,#1685,.T.);
#2659=EDGE_CURVE('',#2076,#2075,#957,.T.);
#2660=EDGE_CURVE('',#2077,#2076,#1686,.T.);
#2661=EDGE_CURVE('',#2078,#2077,#958,.T.);
#2662=EDGE_CURVE('',#2079,#2078,#1687,.T.);
#2663=EDGE_CURVE('',#2080,#2079,#959,.T.);
#2664=EDGE_CURVE('',#2081,#2080,#1688,.T.);
#2665=EDGE_CURVE('',#2082,#2081,#960,.T.);
#2666=EDGE_CURVE('',#2083,#2082,#1689,.T.);
#2667=EDGE_CURVE('',#2084,#2083,#961,.T.);
#2668=EDGE_CURVE('',#2085,#2084,#1690,.T.);
#2669=EDGE_CURVE('',#2086,#2085,#962,.T.);
#2670=EDGE_CURVE('',#2087,#2086,#1691,.T.);
#2671=EDGE_CURVE('',#2088,#2087,#963,.T.);
#2672=EDGE_CURVE('',#2089,#2088,#1692,.T.);
#2673=EDGE_CURVE('',#2090,#2089,#964,.T.);
#2674=EDGE_CURVE('',#2091,#2090,#1693,.T.);
#2675=EDGE_CURVE('',#2092,#2091,#965,.T.);
#2676=EDGE_CURVE('',#2093,#2092,#1694,.T.);
#2677=EDGE_CURVE('',#2094,#2093,#966,.T.);
#2678=EDGE_CURVE('',#2095,#2094,#1695,.T.);
#2679=EDGE_CURVE('',#2096,#2095,#967,.T.);
#2680=EDGE_CURVE('',#2097,#2096,#1696,.T.);
#2681=EDGE_CURVE('',#2098,#2097,#968,.T.);
#2682=EDGE_CURVE('',#2099,#2098,#1697,.T.);
#2683=EDGE_CURVE('',#2029,#2099,#969,.T.);
#2684=EDGE_CURVE('',#2100,#2100,#1698,.T.);
#2685=EDGE_CURVE('',#2065,#2101,#970,.T.);
#2686=EDGE_CURVE('',#2101,#2102,#971,.T.);
#2687=EDGE_CURVE('',#2066,#2102,#972,.T.);
#2688=EDGE_CURVE('',#2064,#2103,#973,.T.);
#2689=EDGE_CURVE('',#2103,#2101,#1699,.T.);
#2690=EDGE_CURVE('',#2063,#2104,#974,.T.);
#2691=EDGE_CURVE('',#2104,#2103,#975,.T.);
#2692=EDGE_CURVE('',#2062,#2105,#976,.T.);
#2693=EDGE_CURVE('',#2105,#2104,#1700,.T.);
#2694=EDGE_CURVE('',#2061,#2106,#977,.T.);
#2695=EDGE_CURVE('',#2106,#2105,#978,.T.);
#2696=EDGE_CURVE('',#2060,#2107,#979,.T.);
#2697=EDGE_CURVE('',#2107,#2106,#1701,.T.);
#2698=EDGE_CURVE('',#2059,#2108,#980,.T.);
#2699=EDGE_CURVE('',#2108,#2107,#981,.T.);
#2700=EDGE_CURVE('',#2058,#2109,#982,.T.);
#2701=EDGE_CURVE('',#2109,#2108,#1702,.T.);
#2702=EDGE_CURVE('',#2057,#2110,#983,.T.);
#2703=EDGE_CURVE('',#2109,#2110,#984,.T.);
#2704=EDGE_CURVE('',#2056,#2111,#985,.T.);
#2705=EDGE_CURVE('',#2110,#2111,#1703,.T.);
#2706=EDGE_CURVE('',#2055,#2112,#986,.T.);
#2707=EDGE_CURVE('',#2111,#2112,#987,.T.);
#2708=EDGE_CURVE('',#2054,#2113,#988,.T.);
#2709=EDGE_CURVE('',#2112,#2113,#1704,.T.);
#2710=EDGE_CURVE('',#2053,#2114,#989,.T.);
#2711=EDGE_CURVE('',#2113,#2114,#990,.T.);
#2712=EDGE_CURVE('',#2052,#2115,#991,.T.);
#2713=EDGE_CURVE('',#2114,#2115,#1705,.T.);
#2714=EDGE_CURVE('',#2051,#2116,#992,.T.);
#2715=EDGE_CURVE('',#2115,#2116,#993,.T.);
#2716=EDGE_CURVE('',#2050,#2117,#994,.T.);
#2717=EDGE_CURVE('',#2116,#2117,#1706,.T.);
#2718=EDGE_CURVE('',#2049,#2118,#995,.T.);
#2719=EDGE_CURVE('',#2117,#2118,#996,.T.);
#2720=EDGE_CURVE('',#2048,#2119,#997,.T.);
#2721=EDGE_CURVE('',#2118,#2119,#1707,.T.);
#2722=EDGE_CURVE('',#2047,#2120,#998,.T.);
#2723=EDGE_CURVE('',#2119,#2120,#999,.T.);
#2724=EDGE_CURVE('',#2046,#2121,#1000,.T.);
#2725=EDGE_CURVE('',#2120,#2121,#1708,.T.);
#2726=EDGE_CURVE('',#2045,#2122,#1001,.T.);
#2727=EDGE_CURVE('',#2121,#2122,#1002,.T.);
#2728=EDGE_CURVE('',#2044,#2123,#1003,.T.);
#2729=EDGE_CURVE('',#2122,#2123,#1709,.T.);
#2730=EDGE_CURVE('',#2043,#2124,#1004,.T.);
#2731=EDGE_CURVE('',#2123,#2124,#1005,.T.);
#2732=EDGE_CURVE('',#2042,#2125,#1006,.T.);
#2733=EDGE_CURVE('',#2124,#2125,#1710,.T.);
#2734=EDGE_CURVE('',#2041,#2126,#1007,.T.);
#2735=EDGE_CURVE('',#2125,#2126,#1008,.T.);
#2736=EDGE_CURVE('',#2040,#2127,#1009,.T.);
#2737=EDGE_CURVE('',#2126,#2127,#1711,.T.);
#2738=EDGE_CURVE('',#2039,#2128,#1010,.T.);
#2739=EDGE_CURVE('',#2128,#2127,#1011,.T.);
#2740=EDGE_CURVE('',#2038,#2129,#1012,.T.);
#2741=EDGE_CURVE('',#2129,#2128,#1712,.T.);
#2742=EDGE_CURVE('',#2037,#2130,#1013,.T.);
#2743=EDGE_CURVE('',#2130,#2129,#1014,.T.);
#2744=EDGE_CURVE('',#2036,#2131,#1015,.T.);
#2745=EDGE_CURVE('',#2131,#2130,#1713,.T.);
#2746=EDGE_CURVE('',#2035,#2132,#1016,.T.);
#2747=EDGE_CURVE('',#2132,#2131,#1017,.T.);
#2748=EDGE_CURVE('',#2034,#2133,#1018,.T.);
#2749=EDGE_CURVE('',#2133,#2132,#1714,.T.);
#2750=EDGE_CURVE('',#2033,#2134,#1019,.T.);
#2751=EDGE_CURVE('',#2134,#2133,#1020,.T.);
#2752=EDGE_CURVE('',#2032,#2135,#1021,.T.);
#2753=EDGE_CURVE('',#2135,#2134,#1715,.T.);
#2754=EDGE_CURVE('',#2031,#2136,#1022,.T.);
#2755=EDGE_CURVE('',#2136,#2135,#1023,.T.);
#2756=EDGE_CURVE('',#2030,#2137,#1024,.T.);
#2757=EDGE_CURVE('',#2137,#2136,#1716,.T.);
#2758=EDGE_CURVE('',#2028,#2138,#1025,.T.);
#2759=EDGE_CURVE('',#2138,#2137,#1026,.T.);
#2760=EDGE_CURVE('',#2029,#2139,#1027,.T.);
#2761=EDGE_CURVE('',#2139,#2138,#1717,.T.);
#2762=EDGE_CURVE('',#2100,#2140,#1028,.T.);
#2763=EDGE_CURVE('',#2140,#2140,#1718,.T.);
#2764=EDGE_CURVE('',#2093,#2141,#1029,.T.);
#2765=EDGE_CURVE('',#2141,#2142,#1030,.T.);
#2766=EDGE_CURVE('',#2094,#2142,#1031,.T.);
#2767=EDGE_CURVE('',#2142,#2143,#1719,.T.);
#2768=EDGE_CURVE('',#2095,#2143,#1032,.T.);
#2769=EDGE_CURVE('',#2143,#2144,#1033,.T.);
#2770=EDGE_CURVE('',#2096,#2144,#1034,.T.);
#2771=EDGE_CURVE('',#2144,#2145,#1720,.T.);
#2772=EDGE_CURVE('',#2097,#2145,#1035,.T.);
#2773=EDGE_CURVE('',#2145,#2146,#1036,.T.);
#2774=EDGE_CURVE('',#2098,#2146,#1037,.T.);
#2775=EDGE_CURVE('',#2146,#2147,#1721,.T.);
#2776=EDGE_CURVE('',#2099,#2147,#1038,.T.);
#2777=EDGE_CURVE('',#2147,#2139,#1039,.T.);
#2778=EDGE_CURVE('',#2141,#2148,#1722,.T.);
#2779=EDGE_CURVE('',#2148,#2149,#1040,.T.);
#2780=EDGE_CURVE('',#2149,#2150,#1723,.T.);
#2781=EDGE_CURVE('',#2150,#2151,#1041,.T.);
#2782=EDGE_CURVE('',#2151,#2152,#1724,.T.);
#2783=EDGE_CURVE('',#2152,#2153,#1042,.T.);
#2784=EDGE_CURVE('',#2153,#2154,#1725,.T.);
#2785=EDGE_CURVE('',#2154,#2155,#1043,.T.);
#2786=EDGE_CURVE('',#2155,#2156,#1726,.T.);
#2787=EDGE_CURVE('',#2156,#2157,#1044,.T.);
#2788=EDGE_CURVE('',#2157,#2158,#1727,.T.);
#2789=EDGE_CURVE('',#2158,#2159,#1045,.T.);
#2790=EDGE_CURVE('',#2159,#2160,#1728,.T.);
#2791=EDGE_CURVE('',#2160,#2161,#1046,.T.);
#2792=EDGE_CURVE('',#2161,#2162,#1729,.T.);
#2793=EDGE_CURVE('',#2162,#2163,#1047,.T.);
#2794=EDGE_CURVE('',#2163,#2164,#1730,.T.);
#2795=EDGE_CURVE('',#2164,#2165,#1048,.T.);
#2796=EDGE_CURVE('',#2166,#2165,#1731,.T.);
#2797=EDGE_CURVE('',#2167,#2166,#1049,.T.);
#2798=EDGE_CURVE('',#2168,#2167,#1732,.T.);
#2799=EDGE_CURVE('',#2169,#2168,#1050,.T.);
#2800=EDGE_CURVE('',#2170,#2169,#1733,.T.);
#2801=EDGE_CURVE('',#2171,#2170,#1051,.T.);
#2802=EDGE_CURVE('',#2172,#2171,#1734,.T.);
#2803=EDGE_CURVE('',#2173,#2172,#1052,.T.);
#2804=EDGE_CURVE('',#2102,#2173,#1735,.T.);
#2805=EDGE_CURVE('',#2086,#2154,#1053,.T.);
#2806=EDGE_CURVE('',#2087,#2153,#1054,.T.);
#2807=EDGE_CURVE('',#2085,#2155,#1055,.T.);
#2808=EDGE_CURVE('',#2084,#2156,#1056,.T.);
#2809=EDGE_CURVE('',#2083,#2157,#1057,.T.);
#2810=EDGE_CURVE('',#2082,#2158,#1058,.T.);
#2811=EDGE_CURVE('',#2081,#2159,#1059,.T.);
#2812=EDGE_CURVE('',#2080,#2160,#1060,.T.);
#2813=EDGE_CURVE('',#2079,#2161,#1061,.T.);
#2814=EDGE_CURVE('',#2078,#2162,#1062,.T.);
#2815=EDGE_CURVE('',#2077,#2163,#1063,.T.);
#2816=EDGE_CURVE('',#2076,#2164,#1064,.T.);
#2817=EDGE_CURVE('',#2075,#2165,#1065,.T.);
#2818=EDGE_CURVE('',#2092,#2148,#1066,.T.);
#2819=EDGE_CURVE('',#2091,#2149,#1067,.T.);
#2820=EDGE_CURVE('',#2090,#2150,#1068,.T.);
#2821=EDGE_CURVE('',#2089,#2151,#1069,.T.);
#2822=EDGE_CURVE('',#2088,#2152,#1070,.T.);
#2823=EDGE_CURVE('',#2067,#2173,#1071,.T.);
#2824=EDGE_CURVE('',#2068,#2172,#1072,.T.);
#2825=EDGE_CURVE('',#2069,#2171,#1073,.T.);
#2826=EDGE_CURVE('',#2070,#2170,#1074,.T.);
#2827=EDGE_CURVE('',#2071,#2169,#1075,.T.);
#2828=EDGE_CURVE('',#2072,#2168,#1076,.T.);
#2829=EDGE_CURVE('',#2073,#2167,#1077,.T.);
#2830=EDGE_CURVE('',#2074,#2166,#1078,.T.);
#2831=ORIENTED_EDGE('',*,*,#2174,.F.);
#2832=ORIENTED_EDGE('',*,*,#2175,.F.);
#2833=ORIENTED_EDGE('',*,*,#2176,.F.);
#2834=ORIENTED_EDGE('',*,*,#2177,.F.);
#2835=ORIENTED_EDGE('',*,*,#2178,.F.);
#2836=ORIENTED_EDGE('',*,*,#2179,.F.);
#2837=ORIENTED_EDGE('',*,*,#2180,.F.);
#2838=ORIENTED_EDGE('',*,*,#2181,.F.);
#2839=ORIENTED_EDGE('',*,*,#2182,.F.);
#2840=ORIENTED_EDGE('',*,*,#2183,.F.);
#2841=ORIENTED_EDGE('',*,*,#2184,.F.);
#2842=ORIENTED_EDGE('',*,*,#2185,.F.);
#2843=ORIENTED_EDGE('',*,*,#2186,.F.);
#2844=ORIENTED_EDGE('',*,*,#2187,.F.);
#2845=ORIENTED_EDGE('',*,*,#2188,.F.);
#2846=ORIENTED_EDGE('',*,*,#2189,.F.);
#2847=ORIENTED_EDGE('',*,*,#2190,.F.);
#2848=ORIENTED_EDGE('',*,*,#2191,.F.);
#2849=ORIENTED_EDGE('',*,*,#2192,.F.);
#2850=ORIENTED_EDGE('',*,*,#2193,.F.);
#2851=ORIENTED_EDGE('',*,*,#2194,.F.);
#2852=ORIENTED_EDGE('',*,*,#2195,.F.);
#2853=ORIENTED_EDGE('',*,*,#2196,.F.);
#2854=ORIENTED_EDGE('',*,*,#2197,.F.);
#2855=ORIENTED_EDGE('',*,*,#2198,.F.);
#2856=ORIENTED_EDGE('',*,*,#2199,.F.);
#2857=ORIENTED_EDGE('',*,*,#2200,.F.);
#2858=ORIENTED_EDGE('',*,*,#2201,.F.);
#2859=ORIENTED_EDGE('',*,*,#2202,.F.);
#2860=ORIENTED_EDGE('',*,*,#2203,.F.);
#2861=ORIENTED_EDGE('',*,*,#2204,.F.);
#2862=ORIENTED_EDGE('',*,*,#2205,.F.);
#2863=ORIENTED_EDGE('',*,*,#2206,.F.);
#2864=ORIENTED_EDGE('',*,*,#2207,.F.);
#2865=ORIENTED_EDGE('',*,*,#2208,.F.);
#2866=ORIENTED_EDGE('',*,*,#2209,.F.);
#2867=ORIENTED_EDGE('',*,*,#2210,.F.);
#2868=ORIENTED_EDGE('',*,*,#2211,.F.);
#2869=ORIENTED_EDGE('',*,*,#2212,.F.);
#2870=ORIENTED_EDGE('',*,*,#2213,.F.);
#2871=ORIENTED_EDGE('',*,*,#2214,.F.);
#2872=ORIENTED_EDGE('',*,*,#2215,.F.);
#2873=ORIENTED_EDGE('',*,*,#2216,.F.);
#2874=ORIENTED_EDGE('',*,*,#2217,.F.);
#2875=ORIENTED_EDGE('',*,*,#2218,.F.);
#2876=ORIENTED_EDGE('',*,*,#2219,.F.);
#2877=ORIENTED_EDGE('',*,*,#2220,.F.);
#2878=ORIENTED_EDGE('',*,*,#2221,.F.);
#2879=ORIENTED_EDGE('',*,*,#2222,.F.);
#2880=ORIENTED_EDGE('',*,*,#2223,.F.);
#2881=ORIENTED_EDGE('',*,*,#2224,.F.);
#2882=ORIENTED_EDGE('',*,*,#2225,.F.);
#2883=ORIENTED_EDGE('',*,*,#2226,.F.);
#2884=ORIENTED_EDGE('',*,*,#2227,.F.);
#2885=ORIENTED_EDGE('',*,*,#2228,.F.);
#2886=ORIENTED_EDGE('',*,*,#2229,.F.);
#2887=ORIENTED_EDGE('',*,*,#2230,.F.);
#2888=ORIENTED_EDGE('',*,*,#2231,.F.);
#2889=ORIENTED_EDGE('',*,*,#2232,.F.);
#2890=ORIENTED_EDGE('',*,*,#2233,.F.);
#2891=ORIENTED_EDGE('',*,*,#2234,.F.);
#2892=ORIENTED_EDGE('',*,*,#2235,.F.);
#2893=ORIENTED_EDGE('',*,*,#2236,.F.);
#2894=ORIENTED_EDGE('',*,*,#2237,.F.);
#2895=ORIENTED_EDGE('',*,*,#2238,.F.);
#2896=ORIENTED_EDGE('',*,*,#2239,.F.);
#2897=ORIENTED_EDGE('',*,*,#2240,.F.);
#2898=ORIENTED_EDGE('',*,*,#2241,.F.);
#2899=ORIENTED_EDGE('',*,*,#2242,.F.);
#2900=ORIENTED_EDGE('',*,*,#2243,.F.);
#2901=ORIENTED_EDGE('',*,*,#2244,.F.);
#2902=ORIENTED_EDGE('',*,*,#2245,.F.);
#2903=ORIENTED_EDGE('',*,*,#2246,.F.);
#2904=ORIENTED_EDGE('',*,*,#2211,.T.);
#2905=ORIENTED_EDGE('',*,*,#2247,.T.);
#2906=ORIENTED_EDGE('',*,*,#2248,.T.);
#2907=ORIENTED_EDGE('',*,*,#2249,.F.);
#2908=ORIENTED_EDGE('',*,*,#2210,.T.);
#2909=ORIENTED_EDGE('',*,*,#2250,.T.);
#2910=ORIENTED_EDGE('',*,*,#2251,.T.);
#2911=ORIENTED_EDGE('',*,*,#2247,.F.);
#2912=ORIENTED_EDGE('',*,*,#2209,.T.);
#2913=ORIENTED_EDGE('',*,*,#2252,.T.);
#2914=ORIENTED_EDGE('',*,*,#2253,.T.);
#2915=ORIENTED_EDGE('',*,*,#2250,.F.);
#2916=ORIENTED_EDGE('',*,*,#2208,.T.);
#2917=ORIENTED_EDGE('',*,*,#2254,.T.);
#2918=ORIENTED_EDGE('',*,*,#2255,.T.);
#2919=ORIENTED_EDGE('',*,*,#2252,.F.);
#2920=ORIENTED_EDGE('',*,*,#2207,.T.);
#2921=ORIENTED_EDGE('',*,*,#2256,.T.);
#2922=ORIENTED_EDGE('',*,*,#2257,.T.);
#2923=ORIENTED_EDGE('',*,*,#2254,.F.);
#2924=ORIENTED_EDGE('',*,*,#2206,.T.);
#2925=ORIENTED_EDGE('',*,*,#2258,.T.);
#2926=ORIENTED_EDGE('',*,*,#2259,.T.);
#2927=ORIENTED_EDGE('',*,*,#2256,.F.);
#2928=ORIENTED_EDGE('',*,*,#2205,.T.);
#2929=ORIENTED_EDGE('',*,*,#2260,.T.);
#2930=ORIENTED_EDGE('',*,*,#2261,.T.);
#2931=ORIENTED_EDGE('',*,*,#2258,.F.);
#2932=ORIENTED_EDGE('',*,*,#2204,.T.);
#2933=ORIENTED_EDGE('',*,*,#2262,.T.);
#2934=ORIENTED_EDGE('',*,*,#2263,.T.);
#2935=ORIENTED_EDGE('',*,*,#2260,.F.);
#2936=ORIENTED_EDGE('',*,*,#2203,.T.);
#2937=ORIENTED_EDGE('',*,*,#2264,.T.);
#2938=ORIENTED_EDGE('',*,*,#2265,.F.);
#2939=ORIENTED_EDGE('',*,*,#2262,.F.);
#2940=ORIENTED_EDGE('',*,*,#2202,.T.);
#2941=ORIENTED_EDGE('',*,*,#2266,.T.);
#2942=ORIENTED_EDGE('',*,*,#2267,.F.);
#2943=ORIENTED_EDGE('',*,*,#2264,.F.);
#2944=ORIENTED_EDGE('',*,*,#2201,.T.);
#2945=ORIENTED_EDGE('',*,*,#2268,.T.);
#2946=ORIENTED_EDGE('',*,*,#2269,.F.);
#2947=ORIENTED_EDGE('',*,*,#2266,.F.);
#2948=ORIENTED_EDGE('',*,*,#2200,.T.);
#2949=ORIENTED_EDGE('',*,*,#2270,.T.);
#2950=ORIENTED_EDGE('',*,*,#2271,.F.);
#2951=ORIENTED_EDGE('',*,*,#2268,.F.);
#2952=ORIENTED_EDGE('',*,*,#2199,.T.);
#2953=ORIENTED_EDGE('',*,*,#2272,.T.);
#2954=ORIENTED_EDGE('',*,*,#2273,.F.);
#2955=ORIENTED_EDGE('',*,*,#2270,.F.);
#2956=ORIENTED_EDGE('',*,*,#2198,.T.);
#2957=ORIENTED_EDGE('',*,*,#2274,.T.);
#2958=ORIENTED_EDGE('',*,*,#2275,.F.);
#2959=ORIENTED_EDGE('',*,*,#2272,.F.);
#2960=ORIENTED_EDGE('',*,*,#2197,.T.);
#2961=ORIENTED_EDGE('',*,*,#2276,.T.);
#2962=ORIENTED_EDGE('',*,*,#2277,.F.);
#2963=ORIENTED_EDGE('',*,*,#2274,.F.);
#2964=ORIENTED_EDGE('',*,*,#2196,.T.);
#2965=ORIENTED_EDGE('',*,*,#2278,.T.);
#2966=ORIENTED_EDGE('',*,*,#2279,.F.);
#2967=ORIENTED_EDGE('',*,*,#2276,.F.);
#2968=ORIENTED_EDGE('',*,*,#2195,.T.);
#2969=ORIENTED_EDGE('',*,*,#2280,.T.);
#2970=ORIENTED_EDGE('',*,*,#2281,.F.);
#2971=ORIENTED_EDGE('',*,*,#2278,.F.);
#2972=ORIENTED_EDGE('',*,*,#2194,.T.);
#2973=ORIENTED_EDGE('',*,*,#2282,.T.);
#2974=ORIENTED_EDGE('',*,*,#2283,.F.);
#2975=ORIENTED_EDGE('',*,*,#2280,.F.);
#2976=ORIENTED_EDGE('',*,*,#2193,.T.);
#2977=ORIENTED_EDGE('',*,*,#2284,.T.);
#2978=ORIENTED_EDGE('',*,*,#2285,.F.);
#2979=ORIENTED_EDGE('',*,*,#2282,.F.);
#2980=ORIENTED_EDGE('',*,*,#2192,.T.);
#2981=ORIENTED_EDGE('',*,*,#2286,.T.);
#2982=ORIENTED_EDGE('',*,*,#2287,.F.);
#2983=ORIENTED_EDGE('',*,*,#2284,.F.);
#2984=ORIENTED_EDGE('',*,*,#2191,.T.);
#2985=ORIENTED_EDGE('',*,*,#2288,.T.);
#2986=ORIENTED_EDGE('',*,*,#2289,.F.);
#2987=ORIENTED_EDGE('',*,*,#2286,.F.);
#2988=ORIENTED_EDGE('',*,*,#2190,.T.);
#2989=ORIENTED_EDGE('',*,*,#2290,.T.);
#2990=ORIENTED_EDGE('',*,*,#2291,.F.);
#2991=ORIENTED_EDGE('',*,*,#2288,.F.);
#2992=ORIENTED_EDGE('',*,*,#2189,.T.);
#2993=ORIENTED_EDGE('',*,*,#2292,.T.);
#2994=ORIENTED_EDGE('',*,*,#2293,.F.);
#2995=ORIENTED_EDGE('',*,*,#2290,.F.);
#2996=ORIENTED_EDGE('',*,*,#2188,.T.);
#2997=ORIENTED_EDGE('',*,*,#2294,.T.);
#2998=ORIENTED_EDGE('',*,*,#2295,.F.);
#2999=ORIENTED_EDGE('',*,*,#2292,.F.);
#3000=ORIENTED_EDGE('',*,*,#2187,.T.);
#3001=ORIENTED_EDGE('',*,*,#2296,.T.);
#3002=ORIENTED_EDGE('',*,*,#2297,.F.);
#3003=ORIENTED_EDGE('',*,*,#2294,.F.);
#3004=ORIENTED_EDGE('',*,*,#2186,.T.);
#3005=ORIENTED_EDGE('',*,*,#2298,.T.);
#3006=ORIENTED_EDGE('',*,*,#2299,.F.);
#3007=ORIENTED_EDGE('',*,*,#2296,.F.);
#3008=ORIENTED_EDGE('',*,*,#2185,.T.);
#3009=ORIENTED_EDGE('',*,*,#2300,.T.);
#3010=ORIENTED_EDGE('',*,*,#2301,.T.);
#3011=ORIENTED_EDGE('',*,*,#2298,.F.);
#3012=ORIENTED_EDGE('',*,*,#2184,.T.);
#3013=ORIENTED_EDGE('',*,*,#2302,.T.);
#3014=ORIENTED_EDGE('',*,*,#2303,.T.);
#3015=ORIENTED_EDGE('',*,*,#2300,.F.);
#3016=ORIENTED_EDGE('',*,*,#2183,.T.);
#3017=ORIENTED_EDGE('',*,*,#2304,.T.);
#3018=ORIENTED_EDGE('',*,*,#2305,.T.);
#3019=ORIENTED_EDGE('',*,*,#2302,.F.);
#3020=ORIENTED_EDGE('',*,*,#2182,.T.);
#3021=ORIENTED_EDGE('',*,*,#2306,.T.);
#3022=ORIENTED_EDGE('',*,*,#2307,.T.);
#3023=ORIENTED_EDGE('',*,*,#2304,.F.);
#3024=ORIENTED_EDGE('',*,*,#2181,.T.);
#3025=ORIENTED_EDGE('',*,*,#2308,.T.);
#3026=ORIENTED_EDGE('',*,*,#2309,.T.);
#3027=ORIENTED_EDGE('',*,*,#2306,.F.);
#3028=ORIENTED_EDGE('',*,*,#2180,.T.);
#3029=ORIENTED_EDGE('',*,*,#2310,.T.);
#3030=ORIENTED_EDGE('',*,*,#2311,.T.);
#3031=ORIENTED_EDGE('',*,*,#2308,.F.);
#3032=ORIENTED_EDGE('',*,*,#2179,.T.);
#3033=ORIENTED_EDGE('',*,*,#2312,.T.);
#3034=ORIENTED_EDGE('',*,*,#2313,.T.);
#3035=ORIENTED_EDGE('',*,*,#2310,.F.);
#3036=ORIENTED_EDGE('',*,*,#2178,.T.);
#3037=ORIENTED_EDGE('',*,*,#2314,.T.);
#3038=ORIENTED_EDGE('',*,*,#2315,.T.);
#3039=ORIENTED_EDGE('',*,*,#2312,.F.);
#3040=ORIENTED_EDGE('',*,*,#2177,.T.);
#3041=ORIENTED_EDGE('',*,*,#2316,.T.);
#3042=ORIENTED_EDGE('',*,*,#2317,.T.);
#3043=ORIENTED_EDGE('',*,*,#2314,.F.);
#3044=ORIENTED_EDGE('',*,*,#2176,.T.);
#3045=ORIENTED_EDGE('',*,*,#2318,.T.);
#3046=ORIENTED_EDGE('',*,*,#2319,.T.);
#3047=ORIENTED_EDGE('',*,*,#2316,.F.);
#3048=ORIENTED_EDGE('',*,*,#2175,.T.);
#3049=ORIENTED_EDGE('',*,*,#2320,.T.);
#3050=ORIENTED_EDGE('',*,*,#2321,.T.);
#3051=ORIENTED_EDGE('',*,*,#2318,.F.);
#3052=ORIENTED_EDGE('',*,*,#2174,.T.);
#3053=ORIENTED_EDGE('',*,*,#2322,.T.);
#3054=ORIENTED_EDGE('',*,*,#2323,.T.);
#3055=ORIENTED_EDGE('',*,*,#2320,.F.);
#3056=ORIENTED_EDGE('',*,*,#2246,.T.);
#3057=ORIENTED_EDGE('',*,*,#2324,.T.);
#3058=ORIENTED_EDGE('',*,*,#2325,.T.);
#3059=ORIENTED_EDGE('',*,*,#2324,.F.);
#3060=ORIENTED_EDGE('',*,*,#2239,.T.);
#3061=ORIENTED_EDGE('',*,*,#2326,.T.);
#3062=ORIENTED_EDGE('',*,*,#2327,.T.);
#3063=ORIENTED_EDGE('',*,*,#2328,.F.);
#3064=ORIENTED_EDGE('',*,*,#2240,.T.);
#3065=ORIENTED_EDGE('',*,*,#2328,.T.);
#3066=ORIENTED_EDGE('',*,*,#2329,.T.);
#3067=ORIENTED_EDGE('',*,*,#2330,.F.);
#3068=ORIENTED_EDGE('',*,*,#2241,.T.);
#3069=ORIENTED_EDGE('',*,*,#2330,.T.);
#3070=ORIENTED_EDGE('',*,*,#2331,.T.);
#3071=ORIENTED_EDGE('',*,*,#2332,.F.);
#3072=ORIENTED_EDGE('',*,*,#2242,.T.);
#3073=ORIENTED_EDGE('',*,*,#2332,.T.);
#3074=ORIENTED_EDGE('',*,*,#2333,.T.);
#3075=ORIENTED_EDGE('',*,*,#2334,.F.);
#3076=ORIENTED_EDGE('',*,*,#2243,.T.);
#3077=ORIENTED_EDGE('',*,*,#2334,.T.);
#3078=ORIENTED_EDGE('',*,*,#2335,.T.);
#3079=ORIENTED_EDGE('',*,*,#2336,.F.);
#3080=ORIENTED_EDGE('',*,*,#2244,.T.);
#3081=ORIENTED_EDGE('',*,*,#2336,.T.);
#3082=ORIENTED_EDGE('',*,*,#2337,.T.);
#3083=ORIENTED_EDGE('',*,*,#2338,.F.);
#3084=ORIENTED_EDGE('',*,*,#2245,.T.);
#3085=ORIENTED_EDGE('',*,*,#2338,.T.);
#3086=ORIENTED_EDGE('',*,*,#2339,.T.);
#3087=ORIENTED_EDGE('',*,*,#2322,.F.);
#3088=ORIENTED_EDGE('',*,*,#2323,.F.);
#3089=ORIENTED_EDGE('',*,*,#2339,.F.);
#3090=ORIENTED_EDGE('',*,*,#2337,.F.);
#3091=ORIENTED_EDGE('',*,*,#2335,.F.);
#3092=ORIENTED_EDGE('',*,*,#2333,.F.);
#3093=ORIENTED_EDGE('',*,*,#2331,.F.);
#3094=ORIENTED_EDGE('',*,*,#2329,.F.);
#3095=ORIENTED_EDGE('',*,*,#2327,.F.);
#3096=ORIENTED_EDGE('',*,*,#2340,.T.);
#3097=ORIENTED_EDGE('',*,*,#2341,.T.);
#3098=ORIENTED_EDGE('',*,*,#2342,.T.);
#3099=ORIENTED_EDGE('',*,*,#2343,.T.);
#3100=ORIENTED_EDGE('',*,*,#2344,.T.);
#3101=ORIENTED_EDGE('',*,*,#2345,.T.);
#3102=ORIENTED_EDGE('',*,*,#2346,.T.);
#3103=ORIENTED_EDGE('',*,*,#2347,.T.);
#3104=ORIENTED_EDGE('',*,*,#2348,.T.);
#3105=ORIENTED_EDGE('',*,*,#2349,.T.);
#3106=ORIENTED_EDGE('',*,*,#2350,.T.);
#3107=ORIENTED_EDGE('',*,*,#2351,.T.);
#3108=ORIENTED_EDGE('',*,*,#2352,.T.);
#3109=ORIENTED_EDGE('',*,*,#2353,.T.);
#3110=ORIENTED_EDGE('',*,*,#2354,.T.);
#3111=ORIENTED_EDGE('',*,*,#2355,.T.);
#3112=ORIENTED_EDGE('',*,*,#2356,.T.);
#3113=ORIENTED_EDGE('',*,*,#2357,.T.);
#3114=ORIENTED_EDGE('',*,*,#2358,.F.);
#3115=ORIENTED_EDGE('',*,*,#2359,.F.);
#3116=ORIENTED_EDGE('',*,*,#2360,.F.);
#3117=ORIENTED_EDGE('',*,*,#2361,.F.);
#3118=ORIENTED_EDGE('',*,*,#2362,.F.);
#3119=ORIENTED_EDGE('',*,*,#2363,.F.);
#3120=ORIENTED_EDGE('',*,*,#2364,.F.);
#3121=ORIENTED_EDGE('',*,*,#2365,.F.);
#3122=ORIENTED_EDGE('',*,*,#2366,.F.);
#3123=ORIENTED_EDGE('',*,*,#2248,.F.);
#3124=ORIENTED_EDGE('',*,*,#2251,.F.);
#3125=ORIENTED_EDGE('',*,*,#2253,.F.);
#3126=ORIENTED_EDGE('',*,*,#2255,.F.);
#3127=ORIENTED_EDGE('',*,*,#2257,.F.);
#3128=ORIENTED_EDGE('',*,*,#2259,.F.);
#3129=ORIENTED_EDGE('',*,*,#2261,.F.);
#3130=ORIENTED_EDGE('',*,*,#2263,.F.);
#3131=ORIENTED_EDGE('',*,*,#2265,.T.);
#3132=ORIENTED_EDGE('',*,*,#2267,.T.);
#3133=ORIENTED_EDGE('',*,*,#2269,.T.);
#3134=ORIENTED_EDGE('',*,*,#2271,.T.);
#3135=ORIENTED_EDGE('',*,*,#2273,.T.);
#3136=ORIENTED_EDGE('',*,*,#2275,.T.);
#3137=ORIENTED_EDGE('',*,*,#2277,.T.);
#3138=ORIENTED_EDGE('',*,*,#2279,.T.);
#3139=ORIENTED_EDGE('',*,*,#2281,.T.);
#3140=ORIENTED_EDGE('',*,*,#2283,.T.);
#3141=ORIENTED_EDGE('',*,*,#2285,.T.);
#3142=ORIENTED_EDGE('',*,*,#2287,.T.);
#3143=ORIENTED_EDGE('',*,*,#2289,.T.);
#3144=ORIENTED_EDGE('',*,*,#2291,.T.);
#3145=ORIENTED_EDGE('',*,*,#2293,.T.);
#3146=ORIENTED_EDGE('',*,*,#2295,.T.);
#3147=ORIENTED_EDGE('',*,*,#2297,.T.);
#3148=ORIENTED_EDGE('',*,*,#2299,.T.);
#3149=ORIENTED_EDGE('',*,*,#2301,.F.);
#3150=ORIENTED_EDGE('',*,*,#2303,.F.);
#3151=ORIENTED_EDGE('',*,*,#2305,.F.);
#3152=ORIENTED_EDGE('',*,*,#2307,.F.);
#3153=ORIENTED_EDGE('',*,*,#2309,.F.);
#3154=ORIENTED_EDGE('',*,*,#2311,.F.);
#3155=ORIENTED_EDGE('',*,*,#2313,.F.);
#3156=ORIENTED_EDGE('',*,*,#2315,.F.);
#3157=ORIENTED_EDGE('',*,*,#2317,.F.);
#3158=ORIENTED_EDGE('',*,*,#2319,.F.);
#3159=ORIENTED_EDGE('',*,*,#2321,.F.);
#3160=ORIENTED_EDGE('',*,*,#2325,.F.);
#3161=ORIENTED_EDGE('',*,*,#2232,.T.);
#3162=ORIENTED_EDGE('',*,*,#2367,.T.);
#3163=ORIENTED_EDGE('',*,*,#2346,.F.);
#3164=ORIENTED_EDGE('',*,*,#2368,.F.);
#3165=ORIENTED_EDGE('',*,*,#2231,.T.);
#3166=ORIENTED_EDGE('',*,*,#2369,.T.);
#3167=ORIENTED_EDGE('',*,*,#2347,.F.);
#3168=ORIENTED_EDGE('',*,*,#2367,.F.);
#3169=ORIENTED_EDGE('',*,*,#2230,.T.);
#3170=ORIENTED_EDGE('',*,*,#2370,.T.);
#3171=ORIENTED_EDGE('',*,*,#2348,.F.);
#3172=ORIENTED_EDGE('',*,*,#2369,.F.);
#3173=ORIENTED_EDGE('',*,*,#2229,.T.);
#3174=ORIENTED_EDGE('',*,*,#2371,.T.);
#3175=ORIENTED_EDGE('',*,*,#2349,.F.);
#3176=ORIENTED_EDGE('',*,*,#2370,.F.);
#3177=ORIENTED_EDGE('',*,*,#2228,.T.);
#3178=ORIENTED_EDGE('',*,*,#2372,.T.);
#3179=ORIENTED_EDGE('',*,*,#2350,.F.);
#3180=ORIENTED_EDGE('',*,*,#2371,.F.);
#3181=ORIENTED_EDGE('',*,*,#2227,.T.);
#3182=ORIENTED_EDGE('',*,*,#2373,.T.);
#3183=ORIENTED_EDGE('',*,*,#2351,.F.);
#3184=ORIENTED_EDGE('',*,*,#2372,.F.);
#3185=ORIENTED_EDGE('',*,*,#2226,.T.);
#3186=ORIENTED_EDGE('',*,*,#2374,.T.);
#3187=ORIENTED_EDGE('',*,*,#2352,.F.);
#3188=ORIENTED_EDGE('',*,*,#2373,.F.);
#3189=ORIENTED_EDGE('',*,*,#2225,.T.);
#3190=ORIENTED_EDGE('',*,*,#2375,.T.);
#3191=ORIENTED_EDGE('',*,*,#2353,.F.);
#3192=ORIENTED_EDGE('',*,*,#2374,.F.);
#3193=ORIENTED_EDGE('',*,*,#2224,.T.);
#3194=ORIENTED_EDGE('',*,*,#2376,.T.);
#3195=ORIENTED_EDGE('',*,*,#2354,.F.);
#3196=ORIENTED_EDGE('',*,*,#2375,.F.);
#3197=ORIENTED_EDGE('',*,*,#2223,.T.);
#3198=ORIENTED_EDGE('',*,*,#2377,.T.);
#3199=ORIENTED_EDGE('',*,*,#2355,.F.);
#3200=ORIENTED_EDGE('',*,*,#2376,.F.);
#3201=ORIENTED_EDGE('',*,*,#2222,.T.);
#3202=ORIENTED_EDGE('',*,*,#2378,.T.);
#3203=ORIENTED_EDGE('',*,*,#2356,.F.);
#3204=ORIENTED_EDGE('',*,*,#2377,.F.);
#3205=ORIENTED_EDGE('',*,*,#2221,.T.);
#3206=ORIENTED_EDGE('',*,*,#2379,.T.);
#3207=ORIENTED_EDGE('',*,*,#2357,.F.);
#3208=ORIENTED_EDGE('',*,*,#2378,.F.);
#3209=ORIENTED_EDGE('',*,*,#2238,.T.);
#3210=ORIENTED_EDGE('',*,*,#2380,.T.);
#3211=ORIENTED_EDGE('',*,*,#2340,.F.);
#3212=ORIENTED_EDGE('',*,*,#2326,.F.);
#3213=ORIENTED_EDGE('',*,*,#2237,.T.);
#3214=ORIENTED_EDGE('',*,*,#2381,.T.);
#3215=ORIENTED_EDGE('',*,*,#2341,.F.);
#3216=ORIENTED_EDGE('',*,*,#2380,.F.);
#3217=ORIENTED_EDGE('',*,*,#2236,.T.);
#3218=ORIENTED_EDGE('',*,*,#2382,.T.);
#3219=ORIENTED_EDGE('',*,*,#2342,.F.);
#3220=ORIENTED_EDGE('',*,*,#2381,.F.);
#3221=ORIENTED_EDGE('',*,*,#2235,.T.);
#3222=ORIENTED_EDGE('',*,*,#2383,.T.);
#3223=ORIENTED_EDGE('',*,*,#2343,.F.);
#3224=ORIENTED_EDGE('',*,*,#2382,.F.);
#3225=ORIENTED_EDGE('',*,*,#2234,.T.);
#3226=ORIENTED_EDGE('',*,*,#2384,.T.);
#3227=ORIENTED_EDGE('',*,*,#2344,.F.);
#3228=ORIENTED_EDGE('',*,*,#2383,.F.);
#3229=ORIENTED_EDGE('',*,*,#2233,.T.);
#3230=ORIENTED_EDGE('',*,*,#2368,.T.);
#3231=ORIENTED_EDGE('',*,*,#2345,.F.);
#3232=ORIENTED_EDGE('',*,*,#2384,.F.);
#3233=ORIENTED_EDGE('',*,*,#2212,.T.);
#3234=ORIENTED_EDGE('',*,*,#2249,.T.);
#3235=ORIENTED_EDGE('',*,*,#2366,.T.);
#3236=ORIENTED_EDGE('',*,*,#2385,.F.);
#3237=ORIENTED_EDGE('',*,*,#2213,.T.);
#3238=ORIENTED_EDGE('',*,*,#2385,.T.);
#3239=ORIENTED_EDGE('',*,*,#2365,.T.);
#3240=ORIENTED_EDGE('',*,*,#2386,.F.);
#3241=ORIENTED_EDGE('',*,*,#2214,.T.);
#3242=ORIENTED_EDGE('',*,*,#2386,.T.);
#3243=ORIENTED_EDGE('',*,*,#2364,.T.);
#3244=ORIENTED_EDGE('',*,*,#2387,.F.);
#3245=ORIENTED_EDGE('',*,*,#2215,.T.);
#3246=ORIENTED_EDGE('',*,*,#2387,.T.);
#3247=ORIENTED_EDGE('',*,*,#2363,.T.);
#3248=ORIENTED_EDGE('',*,*,#2388,.F.);
#3249=ORIENTED_EDGE('',*,*,#2216,.T.);
#3250=ORIENTED_EDGE('',*,*,#2388,.T.);
#3251=ORIENTED_EDGE('',*,*,#2362,.T.);
#3252=ORIENTED_EDGE('',*,*,#2389,.F.);
#3253=ORIENTED_EDGE('',*,*,#2217,.T.);
#3254=ORIENTED_EDGE('',*,*,#2389,.T.);
#3255=ORIENTED_EDGE('',*,*,#2361,.T.);
#3256=ORIENTED_EDGE('',*,*,#2390,.F.);
#3257=ORIENTED_EDGE('',*,*,#2218,.T.);
#3258=ORIENTED_EDGE('',*,*,#2390,.T.);
#3259=ORIENTED_EDGE('',*,*,#2360,.T.);
#3260=ORIENTED_EDGE('',*,*,#2391,.F.);
#3261=ORIENTED_EDGE('',*,*,#2219,.T.);
#3262=ORIENTED_EDGE('',*,*,#2391,.T.);
#3263=ORIENTED_EDGE('',*,*,#2359,.T.);
#3264=ORIENTED_EDGE('',*,*,#2392,.F.);
#3265=ORIENTED_EDGE('',*,*,#2220,.T.);
#3266=ORIENTED_EDGE('',*,*,#2392,.T.);
#3267=ORIENTED_EDGE('',*,*,#2358,.T.);
#3268=ORIENTED_EDGE('',*,*,#2379,.F.);
#3269=ORIENTED_EDGE('',*,*,#2393,.F.);
#3270=ORIENTED_EDGE('',*,*,#2394,.F.);
#3271=ORIENTED_EDGE('',*,*,#2395,.F.);
#3272=ORIENTED_EDGE('',*,*,#2396,.F.);
#3273=ORIENTED_EDGE('',*,*,#2397,.F.);
#3274=ORIENTED_EDGE('',*,*,#2398,.F.);
#3275=ORIENTED_EDGE('',*,*,#2399,.F.);
#3276=ORIENTED_EDGE('',*,*,#2400,.F.);
#3277=ORIENTED_EDGE('',*,*,#2401,.F.);
#3278=ORIENTED_EDGE('',*,*,#2402,.F.);
#3279=ORIENTED_EDGE('',*,*,#2403,.F.);
#3280=ORIENTED_EDGE('',*,*,#2404,.F.);
#3281=ORIENTED_EDGE('',*,*,#2405,.F.);
#3282=ORIENTED_EDGE('',*,*,#2406,.F.);
#3283=ORIENTED_EDGE('',*,*,#2407,.F.);
#3284=ORIENTED_EDGE('',*,*,#2408,.F.);
#3285=ORIENTED_EDGE('',*,*,#2409,.F.);
#3286=ORIENTED_EDGE('',*,*,#2410,.F.);
#3287=ORIENTED_EDGE('',*,*,#2411,.F.);
#3288=ORIENTED_EDGE('',*,*,#2412,.F.);
#3289=ORIENTED_EDGE('',*,*,#2413,.F.);
#3290=ORIENTED_EDGE('',*,*,#2414,.F.);
#3291=ORIENTED_EDGE('',*,*,#2415,.F.);
#3292=ORIENTED_EDGE('',*,*,#2416,.F.);
#3293=ORIENTED_EDGE('',*,*,#2417,.F.);
#3294=ORIENTED_EDGE('',*,*,#2418,.F.);
#3295=ORIENTED_EDGE('',*,*,#2419,.F.);
#3296=ORIENTED_EDGE('',*,*,#2420,.F.);
#3297=ORIENTED_EDGE('',*,*,#2421,.F.);
#3298=ORIENTED_EDGE('',*,*,#2422,.F.);
#3299=ORIENTED_EDGE('',*,*,#2423,.F.);
#3300=ORIENTED_EDGE('',*,*,#2424,.F.);
#3301=ORIENTED_EDGE('',*,*,#2425,.F.);
#3302=ORIENTED_EDGE('',*,*,#2426,.F.);
#3303=ORIENTED_EDGE('',*,*,#2427,.F.);
#3304=ORIENTED_EDGE('',*,*,#2428,.F.);
#3305=ORIENTED_EDGE('',*,*,#2429,.F.);
#3306=ORIENTED_EDGE('',*,*,#2430,.F.);
#3307=ORIENTED_EDGE('',*,*,#2431,.F.);
#3308=ORIENTED_EDGE('',*,*,#2432,.F.);
#3309=ORIENTED_EDGE('',*,*,#2433,.F.);
#3310=ORIENTED_EDGE('',*,*,#2434,.F.);
#3311=ORIENTED_EDGE('',*,*,#2435,.F.);
#3312=ORIENTED_EDGE('',*,*,#2436,.F.);
#3313=ORIENTED_EDGE('',*,*,#2437,.F.);
#3314=ORIENTED_EDGE('',*,*,#2438,.F.);
#3315=ORIENTED_EDGE('',*,*,#2439,.F.);
#3316=ORIENTED_EDGE('',*,*,#2440,.F.);
#3317=ORIENTED_EDGE('',*,*,#2441,.F.);
#3318=ORIENTED_EDGE('',*,*,#2442,.F.);
#3319=ORIENTED_EDGE('',*,*,#2443,.F.);
#3320=ORIENTED_EDGE('',*,*,#2444,.F.);
#3321=ORIENTED_EDGE('',*,*,#2445,.F.);
#3322=ORIENTED_EDGE('',*,*,#2446,.F.);
#3323=ORIENTED_EDGE('',*,*,#2447,.F.);
#3324=ORIENTED_EDGE('',*,*,#2448,.F.);
#3325=ORIENTED_EDGE('',*,*,#2449,.F.);
#3326=ORIENTED_EDGE('',*,*,#2450,.F.);
#3327=ORIENTED_EDGE('',*,*,#2451,.F.);
#3328=ORIENTED_EDGE('',*,*,#2452,.F.);
#3329=ORIENTED_EDGE('',*,*,#2453,.F.);
#3330=ORIENTED_EDGE('',*,*,#2454,.F.);
#3331=ORIENTED_EDGE('',*,*,#2455,.F.);
#3332=ORIENTED_EDGE('',*,*,#2456,.F.);
#3333=ORIENTED_EDGE('',*,*,#2457,.F.);
#3334=ORIENTED_EDGE('',*,*,#2458,.F.);
#3335=ORIENTED_EDGE('',*,*,#2459,.F.);
#3336=ORIENTED_EDGE('',*,*,#2460,.F.);
#3337=ORIENTED_EDGE('',*,*,#2461,.F.);
#3338=ORIENTED_EDGE('',*,*,#2462,.F.);
#3339=ORIENTED_EDGE('',*,*,#2463,.F.);
#3340=ORIENTED_EDGE('',*,*,#2464,.F.);
#3341=ORIENTED_EDGE('',*,*,#2465,.F.);
#3342=ORIENTED_EDGE('',*,*,#2430,.T.);
#3343=ORIENTED_EDGE('',*,*,#2466,.T.);
#3344=ORIENTED_EDGE('',*,*,#2467,.T.);
#3345=ORIENTED_EDGE('',*,*,#2468,.F.);
#3346=ORIENTED_EDGE('',*,*,#2429,.T.);
#3347=ORIENTED_EDGE('',*,*,#2469,.T.);
#3348=ORIENTED_EDGE('',*,*,#2470,.T.);
#3349=ORIENTED_EDGE('',*,*,#2466,.F.);
#3350=ORIENTED_EDGE('',*,*,#2428,.T.);
#3351=ORIENTED_EDGE('',*,*,#2471,.T.);
#3352=ORIENTED_EDGE('',*,*,#2472,.T.);
#3353=ORIENTED_EDGE('',*,*,#2469,.F.);
#3354=ORIENTED_EDGE('',*,*,#2427,.T.);
#3355=ORIENTED_EDGE('',*,*,#2473,.T.);
#3356=ORIENTED_EDGE('',*,*,#2474,.T.);
#3357=ORIENTED_EDGE('',*,*,#2471,.F.);
#3358=ORIENTED_EDGE('',*,*,#2426,.T.);
#3359=ORIENTED_EDGE('',*,*,#2475,.T.);
#3360=ORIENTED_EDGE('',*,*,#2476,.T.);
#3361=ORIENTED_EDGE('',*,*,#2473,.F.);
#3362=ORIENTED_EDGE('',*,*,#2425,.T.);
#3363=ORIENTED_EDGE('',*,*,#2477,.T.);
#3364=ORIENTED_EDGE('',*,*,#2478,.T.);
#3365=ORIENTED_EDGE('',*,*,#2475,.F.);
#3366=ORIENTED_EDGE('',*,*,#2424,.T.);
#3367=ORIENTED_EDGE('',*,*,#2479,.T.);
#3368=ORIENTED_EDGE('',*,*,#2480,.T.);
#3369=ORIENTED_EDGE('',*,*,#2477,.F.);
#3370=ORIENTED_EDGE('',*,*,#2423,.T.);
#3371=ORIENTED_EDGE('',*,*,#2481,.T.);
#3372=ORIENTED_EDGE('',*,*,#2482,.T.);
#3373=ORIENTED_EDGE('',*,*,#2479,.F.);
#3374=ORIENTED_EDGE('',*,*,#2422,.T.);
#3375=ORIENTED_EDGE('',*,*,#2483,.T.);
#3376=ORIENTED_EDGE('',*,*,#2484,.F.);
#3377=ORIENTED_EDGE('',*,*,#2481,.F.);
#3378=ORIENTED_EDGE('',*,*,#2421,.T.);
#3379=ORIENTED_EDGE('',*,*,#2485,.T.);
#3380=ORIENTED_EDGE('',*,*,#2486,.F.);
#3381=ORIENTED_EDGE('',*,*,#2483,.F.);
#3382=ORIENTED_EDGE('',*,*,#2420,.T.);
#3383=ORIENTED_EDGE('',*,*,#2487,.T.);
#3384=ORIENTED_EDGE('',*,*,#2488,.F.);
#3385=ORIENTED_EDGE('',*,*,#2485,.F.);
#3386=ORIENTED_EDGE('',*,*,#2419,.T.);
#3387=ORIENTED_EDGE('',*,*,#2489,.T.);
#3388=ORIENTED_EDGE('',*,*,#2490,.F.);
#3389=ORIENTED_EDGE('',*,*,#2487,.F.);
#3390=ORIENTED_EDGE('',*,*,#2418,.T.);
#3391=ORIENTED_EDGE('',*,*,#2491,.T.);
#3392=ORIENTED_EDGE('',*,*,#2492,.F.);
#3393=ORIENTED_EDGE('',*,*,#2489,.F.);
#3394=ORIENTED_EDGE('',*,*,#2417,.T.);
#3395=ORIENTED_EDGE('',*,*,#2493,.T.);
#3396=ORIENTED_EDGE('',*,*,#2494,.F.);
#3397=ORIENTED_EDGE('',*,*,#2491,.F.);
#3398=ORIENTED_EDGE('',*,*,#2416,.T.);
#3399=ORIENTED_EDGE('',*,*,#2495,.T.);
#3400=ORIENTED_EDGE('',*,*,#2496,.F.);
#3401=ORIENTED_EDGE('',*,*,#2493,.F.);
#3402=ORIENTED_EDGE('',*,*,#2415,.T.);
#3403=ORIENTED_EDGE('',*,*,#2497,.T.);
#3404=ORIENTED_EDGE('',*,*,#2498,.F.);
#3405=ORIENTED_EDGE('',*,*,#2495,.F.);
#3406=ORIENTED_EDGE('',*,*,#2414,.T.);
#3407=ORIENTED_EDGE('',*,*,#2499,.T.);
#3408=ORIENTED_EDGE('',*,*,#2500,.F.);
#3409=ORIENTED_EDGE('',*,*,#2497,.F.);
#3410=ORIENTED_EDGE('',*,*,#2413,.T.);
#3411=ORIENTED_EDGE('',*,*,#2501,.T.);
#3412=ORIENTED_EDGE('',*,*,#2502,.F.);
#3413=ORIENTED_EDGE('',*,*,#2499,.F.);
#3414=ORIENTED_EDGE('',*,*,#2412,.T.);
#3415=ORIENTED_EDGE('',*,*,#2503,.T.);
#3416=ORIENTED_EDGE('',*,*,#2504,.F.);
#3417=ORIENTED_EDGE('',*,*,#2501,.F.);
#3418=ORIENTED_EDGE('',*,*,#2411,.T.);
#3419=ORIENTED_EDGE('',*,*,#2505,.T.);
#3420=ORIENTED_EDGE('',*,*,#2506,.F.);
#3421=ORIENTED_EDGE('',*,*,#2503,.F.);
#3422=ORIENTED_EDGE('',*,*,#2410,.T.);
#3423=ORIENTED_EDGE('',*,*,#2507,.T.);
#3424=ORIENTED_EDGE('',*,*,#2508,.F.);
#3425=ORIENTED_EDGE('',*,*,#2505,.F.);
#3426=ORIENTED_EDGE('',*,*,#2409,.T.);
#3427=ORIENTED_EDGE('',*,*,#2509,.T.);
#3428=ORIENTED_EDGE('',*,*,#2510,.F.);
#3429=ORIENTED_EDGE('',*,*,#2507,.F.);
#3430=ORIENTED_EDGE('',*,*,#2408,.T.);
#3431=ORIENTED_EDGE('',*,*,#2511,.T.);
#3432=ORIENTED_EDGE('',*,*,#2512,.F.);
#3433=ORIENTED_EDGE('',*,*,#2509,.F.);
#3434=ORIENTED_EDGE('',*,*,#2407,.T.);
#3435=ORIENTED_EDGE('',*,*,#2513,.T.);
#3436=ORIENTED_EDGE('',*,*,#2514,.F.);
#3437=ORIENTED_EDGE('',*,*,#2511,.F.);
#3438=ORIENTED_EDGE('',*,*,#2406,.T.);
#3439=ORIENTED_EDGE('',*,*,#2515,.T.);
#3440=ORIENTED_EDGE('',*,*,#2516,.F.);
#3441=ORIENTED_EDGE('',*,*,#2513,.F.);
#3442=ORIENTED_EDGE('',*,*,#2405,.T.);
#3443=ORIENTED_EDGE('',*,*,#2517,.T.);
#3444=ORIENTED_EDGE('',*,*,#2518,.F.);
#3445=ORIENTED_EDGE('',*,*,#2515,.F.);
#3446=ORIENTED_EDGE('',*,*,#2404,.T.);
#3447=ORIENTED_EDGE('',*,*,#2519,.T.);
#3448=ORIENTED_EDGE('',*,*,#2520,.T.);
#3449=ORIENTED_EDGE('',*,*,#2517,.F.);
#3450=ORIENTED_EDGE('',*,*,#2403,.T.);
#3451=ORIENTED_EDGE('',*,*,#2521,.T.);
#3452=ORIENTED_EDGE('',*,*,#2522,.T.);
#3453=ORIENTED_EDGE('',*,*,#2519,.F.);
#3454=ORIENTED_EDGE('',*,*,#2402,.T.);
#3455=ORIENTED_EDGE('',*,*,#2523,.T.);
#3456=ORIENTED_EDGE('',*,*,#2524,.T.);
#3457=ORIENTED_EDGE('',*,*,#2521,.F.);
#3458=ORIENTED_EDGE('',*,*,#2401,.T.);
#3459=ORIENTED_EDGE('',*,*,#2525,.T.);
#3460=ORIENTED_EDGE('',*,*,#2526,.T.);
#3461=ORIENTED_EDGE('',*,*,#2523,.F.);
#3462=ORIENTED_EDGE('',*,*,#2400,.T.);
#3463=ORIENTED_EDGE('',*,*,#2527,.T.);
#3464=ORIENTED_EDGE('',*,*,#2528,.T.);
#3465=ORIENTED_EDGE('',*,*,#2525,.F.);
#3466=ORIENTED_EDGE('',*,*,#2399,.T.);
#3467=ORIENTED_EDGE('',*,*,#2529,.T.);
#3468=ORIENTED_EDGE('',*,*,#2530,.T.);
#3469=ORIENTED_EDGE('',*,*,#2527,.F.);
#3470=ORIENTED_EDGE('',*,*,#2398,.T.);
#3471=ORIENTED_EDGE('',*,*,#2531,.T.);
#3472=ORIENTED_EDGE('',*,*,#2532,.T.);
#3473=ORIENTED_EDGE('',*,*,#2529,.F.);
#3474=ORIENTED_EDGE('',*,*,#2397,.T.);
#3475=ORIENTED_EDGE('',*,*,#2533,.T.);
#3476=ORIENTED_EDGE('',*,*,#2534,.T.);
#3477=ORIENTED_EDGE('',*,*,#2531,.F.);
#3478=ORIENTED_EDGE('',*,*,#2396,.T.);
#3479=ORIENTED_EDGE('',*,*,#2535,.T.);
#3480=ORIENTED_EDGE('',*,*,#2536,.T.);
#3481=ORIENTED_EDGE('',*,*,#2533,.F.);
#3482=ORIENTED_EDGE('',*,*,#2395,.T.);
#3483=ORIENTED_EDGE('',*,*,#2537,.T.);
#3484=ORIENTED_EDGE('',*,*,#2538,.T.);
#3485=ORIENTED_EDGE('',*,*,#2535,.F.);
#3486=ORIENTED_EDGE('',*,*,#2394,.T.);
#3487=ORIENTED_EDGE('',*,*,#2539,.T.);
#3488=ORIENTED_EDGE('',*,*,#2540,.T.);
#3489=ORIENTED_EDGE('',*,*,#2537,.F.);
#3490=ORIENTED_EDGE('',*,*,#2393,.T.);
#3491=ORIENTED_EDGE('',*,*,#2541,.T.);
#3492=ORIENTED_EDGE('',*,*,#2542,.T.);
#3493=ORIENTED_EDGE('',*,*,#2539,.F.);
#3494=ORIENTED_EDGE('',*,*,#2465,.T.);
#3495=ORIENTED_EDGE('',*,*,#2543,.T.);
#3496=ORIENTED_EDGE('',*,*,#2544,.T.);
#3497=ORIENTED_EDGE('',*,*,#2543,.F.);
#3498=ORIENTED_EDGE('',*,*,#2458,.T.);
#3499=ORIENTED_EDGE('',*,*,#2545,.T.);
#3500=ORIENTED_EDGE('',*,*,#2546,.T.);
#3501=ORIENTED_EDGE('',*,*,#2547,.F.);
#3502=ORIENTED_EDGE('',*,*,#2459,.T.);
#3503=ORIENTED_EDGE('',*,*,#2547,.T.);
#3504=ORIENTED_EDGE('',*,*,#2548,.T.);
#3505=ORIENTED_EDGE('',*,*,#2549,.F.);
#3506=ORIENTED_EDGE('',*,*,#2460,.T.);
#3507=ORIENTED_EDGE('',*,*,#2549,.T.);
#3508=ORIENTED_EDGE('',*,*,#2550,.T.);
#3509=ORIENTED_EDGE('',*,*,#2551,.F.);
#3510=ORIENTED_EDGE('',*,*,#2461,.T.);
#3511=ORIENTED_EDGE('',*,*,#2551,.T.);
#3512=ORIENTED_EDGE('',*,*,#2552,.T.);
#3513=ORIENTED_EDGE('',*,*,#2553,.F.);
#3514=ORIENTED_EDGE('',*,*,#2462,.T.);
#3515=ORIENTED_EDGE('',*,*,#2553,.T.);
#3516=ORIENTED_EDGE('',*,*,#2554,.T.);
#3517=ORIENTED_EDGE('',*,*,#2555,.F.);
#3518=ORIENTED_EDGE('',*,*,#2463,.T.);
#3519=ORIENTED_EDGE('',*,*,#2555,.T.);
#3520=ORIENTED_EDGE('',*,*,#2556,.T.);
#3521=ORIENTED_EDGE('',*,*,#2557,.F.);
#3522=ORIENTED_EDGE('',*,*,#2464,.T.);
#3523=ORIENTED_EDGE('',*,*,#2557,.T.);
#3524=ORIENTED_EDGE('',*,*,#2558,.T.);
#3525=ORIENTED_EDGE('',*,*,#2541,.F.);
#3526=ORIENTED_EDGE('',*,*,#2542,.F.);
#3527=ORIENTED_EDGE('',*,*,#2558,.F.);
#3528=ORIENTED_EDGE('',*,*,#2556,.F.);
#3529=ORIENTED_EDGE('',*,*,#2554,.F.);
#3530=ORIENTED_EDGE('',*,*,#2552,.F.);
#3531=ORIENTED_EDGE('',*,*,#2550,.F.);
#3532=ORIENTED_EDGE('',*,*,#2548,.F.);
#3533=ORIENTED_EDGE('',*,*,#2546,.F.);
#3534=ORIENTED_EDGE('',*,*,#2559,.T.);
#3535=ORIENTED_EDGE('',*,*,#2560,.T.);
#3536=ORIENTED_EDGE('',*,*,#2561,.T.);
#3537=ORIENTED_EDGE('',*,*,#2562,.T.);
#3538=ORIENTED_EDGE('',*,*,#2563,.T.);
#3539=ORIENTED_EDGE('',*,*,#2564,.T.);
#3540=ORIENTED_EDGE('',*,*,#2565,.T.);
#3541=ORIENTED_EDGE('',*,*,#2566,.T.);
#3542=ORIENTED_EDGE('',*,*,#2567,.T.);
#3543=ORIENTED_EDGE('',*,*,#2568,.T.);
#3544=ORIENTED_EDGE('',*,*,#2569,.T.);
#3545=ORIENTED_EDGE('',*,*,#2570,.T.);
#3546=ORIENTED_EDGE('',*,*,#2571,.T.);
#3547=ORIENTED_EDGE('',*,*,#2572,.T.);
#3548=ORIENTED_EDGE('',*,*,#2573,.T.);
#3549=ORIENTED_EDGE('',*,*,#2574,.T.);
#3550=ORIENTED_EDGE('',*,*,#2575,.T.);
#3551=ORIENTED_EDGE('',*,*,#2576,.T.);
#3552=ORIENTED_EDGE('',*,*,#2577,.F.);
#3553=ORIENTED_EDGE('',*,*,#2578,.F.);
#3554=ORIENTED_EDGE('',*,*,#2579,.F.);
#3555=ORIENTED_EDGE('',*,*,#2580,.F.);
#3556=ORIENTED_EDGE('',*,*,#2581,.F.);
#3557=ORIENTED_EDGE('',*,*,#2582,.F.);
#3558=ORIENTED_EDGE('',*,*,#2583,.F.);
#3559=ORIENTED_EDGE('',*,*,#2584,.F.);
#3560=ORIENTED_EDGE('',*,*,#2585,.F.);
#3561=ORIENTED_EDGE('',*,*,#2467,.F.);
#3562=ORIENTED_EDGE('',*,*,#2470,.F.);
#3563=ORIENTED_EDGE('',*,*,#2472,.F.);
#3564=ORIENTED_EDGE('',*,*,#2474,.F.);
#3565=ORIENTED_EDGE('',*,*,#2476,.F.);
#3566=ORIENTED_EDGE('',*,*,#2478,.F.);
#3567=ORIENTED_EDGE('',*,*,#2480,.F.);
#3568=ORIENTED_EDGE('',*,*,#2482,.F.);
#3569=ORIENTED_EDGE('',*,*,#2484,.T.);
#3570=ORIENTED_EDGE('',*,*,#2486,.T.);
#3571=ORIENTED_EDGE('',*,*,#2488,.T.);
#3572=ORIENTED_EDGE('',*,*,#2490,.T.);
#3573=ORIENTED_EDGE('',*,*,#2492,.T.);
#3574=ORIENTED_EDGE('',*,*,#2494,.T.);
#3575=ORIENTED_EDGE('',*,*,#2496,.T.);
#3576=ORIENTED_EDGE('',*,*,#2498,.T.);
#3577=ORIENTED_EDGE('',*,*,#2500,.T.);
#3578=ORIENTED_EDGE('',*,*,#2502,.T.);
#3579=ORIENTED_EDGE('',*,*,#2504,.T.);
#3580=ORIENTED_EDGE('',*,*,#2506,.T.);
#3581=ORIENTED_EDGE('',*,*,#2508,.T.);
#3582=ORIENTED_EDGE('',*,*,#2510,.T.);
#3583=ORIENTED_EDGE('',*,*,#2512,.T.);
#3584=ORIENTED_EDGE('',*,*,#2514,.T.);
#3585=ORIENTED_EDGE('',*,*,#2516,.T.);
#3586=ORIENTED_EDGE('',*,*,#2518,.T.);
#3587=ORIENTED_EDGE('',*,*,#2520,.F.);
#3588=ORIENTED_EDGE('',*,*,#2522,.F.);
#3589=ORIENTED_EDGE('',*,*,#2524,.F.);
#3590=ORIENTED_EDGE('',*,*,#2526,.F.);
#3591=ORIENTED_EDGE('',*,*,#2528,.F.);
#3592=ORIENTED_EDGE('',*,*,#2530,.F.);
#3593=ORIENTED_EDGE('',*,*,#2532,.F.);
#3594=ORIENTED_EDGE('',*,*,#2534,.F.);
#3595=ORIENTED_EDGE('',*,*,#2536,.F.);
#3596=ORIENTED_EDGE('',*,*,#2538,.F.);
#3597=ORIENTED_EDGE('',*,*,#2540,.F.);
#3598=ORIENTED_EDGE('',*,*,#2544,.F.);
#3599=ORIENTED_EDGE('',*,*,#2451,.T.);
#3600=ORIENTED_EDGE('',*,*,#2586,.T.);
#3601=ORIENTED_EDGE('',*,*,#2565,.F.);
#3602=ORIENTED_EDGE('',*,*,#2587,.F.);
#3603=ORIENTED_EDGE('',*,*,#2450,.T.);
#3604=ORIENTED_EDGE('',*,*,#2588,.T.);
#3605=ORIENTED_EDGE('',*,*,#2566,.F.);
#3606=ORIENTED_EDGE('',*,*,#2586,.F.);
#3607=ORIENTED_EDGE('',*,*,#2449,.T.);
#3608=ORIENTED_EDGE('',*,*,#2589,.T.);
#3609=ORIENTED_EDGE('',*,*,#2567,.F.);
#3610=ORIENTED_EDGE('',*,*,#2588,.F.);
#3611=ORIENTED_EDGE('',*,*,#2448,.T.);
#3612=ORIENTED_EDGE('',*,*,#2590,.T.);
#3613=ORIENTED_EDGE('',*,*,#2568,.F.);
#3614=ORIENTED_EDGE('',*,*,#2589,.F.);
#3615=ORIENTED_EDGE('',*,*,#2447,.T.);
#3616=ORIENTED_EDGE('',*,*,#2591,.T.);
#3617=ORIENTED_EDGE('',*,*,#2569,.F.);
#3618=ORIENTED_EDGE('',*,*,#2590,.F.);
#3619=ORIENTED_EDGE('',*,*,#2446,.T.);
#3620=ORIENTED_EDGE('',*,*,#2592,.T.);
#3621=ORIENTED_EDGE('',*,*,#2570,.F.);
#3622=ORIENTED_EDGE('',*,*,#2591,.F.);
#3623=ORIENTED_EDGE('',*,*,#2445,.T.);
#3624=ORIENTED_EDGE('',*,*,#2593,.T.);
#3625=ORIENTED_EDGE('',*,*,#2571,.F.);
#3626=ORIENTED_EDGE('',*,*,#2592,.F.);
#3627=ORIENTED_EDGE('',*,*,#2444,.T.);
#3628=ORIENTED_EDGE('',*,*,#2594,.T.);
#3629=ORIENTED_EDGE('',*,*,#2572,.F.);
#3630=ORIENTED_EDGE('',*,*,#2593,.F.);
#3631=ORIENTED_EDGE('',*,*,#2443,.T.);
#3632=ORIENTED_EDGE('',*,*,#2595,.T.);
#3633=ORIENTED_EDGE('',*,*,#2573,.F.);
#3634=ORIENTED_EDGE('',*,*,#2594,.F.);
#3635=ORIENTED_EDGE('',*,*,#2442,.T.);
#3636=ORIENTED_EDGE('',*,*,#2596,.T.);
#3637=ORIENTED_EDGE('',*,*,#2574,.F.);
#3638=ORIENTED_EDGE('',*,*,#2595,.F.);
#3639=ORIENTED_EDGE('',*,*,#2441,.T.);
#3640=ORIENTED_EDGE('',*,*,#2597,.T.);
#3641=ORIENTED_EDGE('',*,*,#2575,.F.);
#3642=ORIENTED_EDGE('',*,*,#2596,.F.);
#3643=ORIENTED_EDGE('',*,*,#2440,.T.);
#3644=ORIENTED_EDGE('',*,*,#2598,.T.);
#3645=ORIENTED_EDGE('',*,*,#2576,.F.);
#3646=ORIENTED_EDGE('',*,*,#2597,.F.);
#3647=ORIENTED_EDGE('',*,*,#2457,.T.);
#3648=ORIENTED_EDGE('',*,*,#2599,.T.);
#3649=ORIENTED_EDGE('',*,*,#2559,.F.);
#3650=ORIENTED_EDGE('',*,*,#2545,.F.);
#3651=ORIENTED_EDGE('',*,*,#2456,.T.);
#3652=ORIENTED_EDGE('',*,*,#2600,.T.);
#3653=ORIENTED_EDGE('',*,*,#2560,.F.);
#3654=ORIENTED_EDGE('',*,*,#2599,.F.);
#3655=ORIENTED_EDGE('',*,*,#2455,.T.);
#3656=ORIENTED_EDGE('',*,*,#2601,.T.);
#3657=ORIENTED_EDGE('',*,*,#2561,.F.);
#3658=ORIENTED_EDGE('',*,*,#2600,.F.);
#3659=ORIENTED_EDGE('',*,*,#2454,.T.);
#3660=ORIENTED_EDGE('',*,*,#2602,.T.);
#3661=ORIENTED_EDGE('',*,*,#2562,.F.);
#3662=ORIENTED_EDGE('',*,*,#2601,.F.);
#3663=ORIENTED_EDGE('',*,*,#2453,.T.);
#3664=ORIENTED_EDGE('',*,*,#2603,.T.);
#3665=ORIENTED_EDGE('',*,*,#2563,.F.);
#3666=ORIENTED_EDGE('',*,*,#2602,.F.);
#3667=ORIENTED_EDGE('',*,*,#2452,.T.);
#3668=ORIENTED_EDGE('',*,*,#2587,.T.);
#3669=ORIENTED_EDGE('',*,*,#2564,.F.);
#3670=ORIENTED_EDGE('',*,*,#2603,.F.);
#3671=ORIENTED_EDGE('',*,*,#2431,.T.);
#3672=ORIENTED_EDGE('',*,*,#2468,.T.);
#3673=ORIENTED_EDGE('',*,*,#2585,.T.);
#3674=ORIENTED_EDGE('',*,*,#2604,.F.);
#3675=ORIENTED_EDGE('',*,*,#2432,.T.);
#3676=ORIENTED_EDGE('',*,*,#2604,.T.);
#3677=ORIENTED_EDGE('',*,*,#2584,.T.);
#3678=ORIENTED_EDGE('',*,*,#2605,.F.);
#3679=ORIENTED_EDGE('',*,*,#2433,.T.);
#3680=ORIENTED_EDGE('',*,*,#2605,.T.);
#3681=ORIENTED_EDGE('',*,*,#2583,.T.);
#3682=ORIENTED_EDGE('',*,*,#2606,.F.);
#3683=ORIENTED_EDGE('',*,*,#2434,.T.);
#3684=ORIENTED_EDGE('',*,*,#2606,.T.);
#3685=ORIENTED_EDGE('',*,*,#2582,.T.);
#3686=ORIENTED_EDGE('',*,*,#2607,.F.);
#3687=ORIENTED_EDGE('',*,*,#2435,.T.);
#3688=ORIENTED_EDGE('',*,*,#2607,.T.);
#3689=ORIENTED_EDGE('',*,*,#2581,.T.);
#3690=ORIENTED_EDGE('',*,*,#2608,.F.);
#3691=ORIENTED_EDGE('',*,*,#2436,.T.);
#3692=ORIENTED_EDGE('',*,*,#2608,.T.);
#3693=ORIENTED_EDGE('',*,*,#2580,.T.);
#3694=ORIENTED_EDGE('',*,*,#2609,.F.);
#3695=ORIENTED_EDGE('',*,*,#2437,.T.);
#3696=ORIENTED_EDGE('',*,*,#2609,.T.);
#3697=ORIENTED_EDGE('',*,*,#2579,.T.);
#3698=ORIENTED_EDGE('',*,*,#2610,.F.);
#3699=ORIENTED_EDGE('',*,*,#2438,.T.);
#3700=ORIENTED_EDGE('',*,*,#2610,.T.);
#3701=ORIENTED_EDGE('',*,*,#2578,.T.);
#3702=ORIENTED_EDGE('',*,*,#2611,.F.);
#3703=ORIENTED_EDGE('',*,*,#2439,.T.);
#3704=ORIENTED_EDGE('',*,*,#2611,.T.);
#3705=ORIENTED_EDGE('',*,*,#2577,.T.);
#3706=ORIENTED_EDGE('',*,*,#2598,.F.);
#3707=ORIENTED_EDGE('',*,*,#2612,.F.);
#3708=ORIENTED_EDGE('',*,*,#2613,.F.);
#3709=ORIENTED_EDGE('',*,*,#2614,.F.);
#3710=ORIENTED_EDGE('',*,*,#2615,.F.);
#3711=ORIENTED_EDGE('',*,*,#2616,.F.);
#3712=ORIENTED_EDGE('',*,*,#2617,.F.);
#3713=ORIENTED_EDGE('',*,*,#2618,.F.);
#3714=ORIENTED_EDGE('',*,*,#2619,.F.);
#3715=ORIENTED_EDGE('',*,*,#2620,.F.);
#3716=ORIENTED_EDGE('',*,*,#2621,.F.);
#3717=ORIENTED_EDGE('',*,*,#2622,.F.);
#3718=ORIENTED_EDGE('',*,*,#2623,.F.);
#3719=ORIENTED_EDGE('',*,*,#2624,.F.);
#3720=ORIENTED_EDGE('',*,*,#2625,.F.);
#3721=ORIENTED_EDGE('',*,*,#2626,.F.);
#3722=ORIENTED_EDGE('',*,*,#2627,.F.);
#3723=ORIENTED_EDGE('',*,*,#2628,.F.);
#3724=ORIENTED_EDGE('',*,*,#2629,.F.);
#3725=ORIENTED_EDGE('',*,*,#2630,.F.);
#3726=ORIENTED_EDGE('',*,*,#2631,.F.);
#3727=ORIENTED_EDGE('',*,*,#2632,.F.);
#3728=ORIENTED_EDGE('',*,*,#2633,.F.);
#3729=ORIENTED_EDGE('',*,*,#2634,.F.);
#3730=ORIENTED_EDGE('',*,*,#2635,.F.);
#3731=ORIENTED_EDGE('',*,*,#2636,.F.);
#3732=ORIENTED_EDGE('',*,*,#2637,.F.);
#3733=ORIENTED_EDGE('',*,*,#2638,.F.);
#3734=ORIENTED_EDGE('',*,*,#2639,.F.);
#3735=ORIENTED_EDGE('',*,*,#2640,.F.);
#3736=ORIENTED_EDGE('',*,*,#2641,.F.);
#3737=ORIENTED_EDGE('',*,*,#2642,.F.);
#3738=ORIENTED_EDGE('',*,*,#2643,.F.);
#3739=ORIENTED_EDGE('',*,*,#2644,.F.);
#3740=ORIENTED_EDGE('',*,*,#2645,.F.);
#3741=ORIENTED_EDGE('',*,*,#2646,.F.);
#3742=ORIENTED_EDGE('',*,*,#2647,.F.);
#3743=ORIENTED_EDGE('',*,*,#2648,.F.);
#3744=ORIENTED_EDGE('',*,*,#2649,.F.);
#3745=ORIENTED_EDGE('',*,*,#2650,.F.);
#3746=ORIENTED_EDGE('',*,*,#2651,.F.);
#3747=ORIENTED_EDGE('',*,*,#2652,.F.);
#3748=ORIENTED_EDGE('',*,*,#2653,.F.);
#3749=ORIENTED_EDGE('',*,*,#2654,.F.);
#3750=ORIENTED_EDGE('',*,*,#2655,.F.);
#3751=ORIENTED_EDGE('',*,*,#2656,.F.);
#3752=ORIENTED_EDGE('',*,*,#2657,.F.);
#3753=ORIENTED_EDGE('',*,*,#2658,.F.);
#3754=ORIENTED_EDGE('',*,*,#2659,.F.);
#3755=ORIENTED_EDGE('',*,*,#2660,.F.);
#3756=ORIENTED_EDGE('',*,*,#2661,.F.);
#3757=ORIENTED_EDGE('',*,*,#2662,.F.);
#3758=ORIENTED_EDGE('',*,*,#2663,.F.);
#3759=ORIENTED_EDGE('',*,*,#2664,.F.);
#3760=ORIENTED_EDGE('',*,*,#2665,.F.);
#3761=ORIENTED_EDGE('',*,*,#2666,.F.);
#3762=ORIENTED_EDGE('',*,*,#2667,.F.);
#3763=ORIENTED_EDGE('',*,*,#2668,.F.);
#3764=ORIENTED_EDGE('',*,*,#2669,.F.);
#3765=ORIENTED_EDGE('',*,*,#2670,.F.);
#3766=ORIENTED_EDGE('',*,*,#2671,.F.);
#3767=ORIENTED_EDGE('',*,*,#2672,.F.);
#3768=ORIENTED_EDGE('',*,*,#2673,.F.);
#3769=ORIENTED_EDGE('',*,*,#2674,.F.);
#3770=ORIENTED_EDGE('',*,*,#2675,.F.);
#3771=ORIENTED_EDGE('',*,*,#2676,.F.);
#3772=ORIENTED_EDGE('',*,*,#2677,.F.);
#3773=ORIENTED_EDGE('',*,*,#2678,.F.);
#3774=ORIENTED_EDGE('',*,*,#2679,.F.);
#3775=ORIENTED_EDGE('',*,*,#2680,.F.);
#3776=ORIENTED_EDGE('',*,*,#2681,.F.);
#3777=ORIENTED_EDGE('',*,*,#2682,.F.);
#3778=ORIENTED_EDGE('',*,*,#2683,.F.);
#3779=ORIENTED_EDGE('',*,*,#2684,.F.);
#3780=ORIENTED_EDGE('',*,*,#2649,.T.);
#3781=ORIENTED_EDGE('',*,*,#2685,.T.);
#3782=ORIENTED_EDGE('',*,*,#2686,.T.);
#3783=ORIENTED_EDGE('',*,*,#2687,.F.);
#3784=ORIENTED_EDGE('',*,*,#2648,.T.);
#3785=ORIENTED_EDGE('',*,*,#2688,.T.);
#3786=ORIENTED_EDGE('',*,*,#2689,.T.);
#3787=ORIENTED_EDGE('',*,*,#2685,.F.);
#3788=ORIENTED_EDGE('',*,*,#2647,.T.);
#3789=ORIENTED_EDGE('',*,*,#2690,.T.);
#3790=ORIENTED_EDGE('',*,*,#2691,.T.);
#3791=ORIENTED_EDGE('',*,*,#2688,.F.);
#3792=ORIENTED_EDGE('',*,*,#2646,.T.);
#3793=ORIENTED_EDGE('',*,*,#2692,.T.);
#3794=ORIENTED_EDGE('',*,*,#2693,.T.);
#3795=ORIENTED_EDGE('',*,*,#2690,.F.);
#3796=ORIENTED_EDGE('',*,*,#2645,.T.);
#3797=ORIENTED_EDGE('',*,*,#2694,.T.);
#3798=ORIENTED_EDGE('',*,*,#2695,.T.);
#3799=ORIENTED_EDGE('',*,*,#2692,.F.);
#3800=ORIENTED_EDGE('',*,*,#2644,.T.);
#3801=ORIENTED_EDGE('',*,*,#2696,.T.);
#3802=ORIENTED_EDGE('',*,*,#2697,.T.);
#3803=ORIENTED_EDGE('',*,*,#2694,.F.);
#3804=ORIENTED_EDGE('',*,*,#2643,.T.);
#3805=ORIENTED_EDGE('',*,*,#2698,.T.);
#3806=ORIENTED_EDGE('',*,*,#2699,.T.);
#3807=ORIENTED_EDGE('',*,*,#2696,.F.);
#3808=ORIENTED_EDGE('',*,*,#2642,.T.);
#3809=ORIENTED_EDGE('',*,*,#2700,.T.);
#3810=ORIENTED_EDGE('',*,*,#2701,.T.);
#3811=ORIENTED_EDGE('',*,*,#2698,.F.);
#3812=ORIENTED_EDGE('',*,*,#2641,.T.);
#3813=ORIENTED_EDGE('',*,*,#2702,.T.);
#3814=ORIENTED_EDGE('',*,*,#2703,.F.);
#3815=ORIENTED_EDGE('',*,*,#2700,.F.);
#3816=ORIENTED_EDGE('',*,*,#2640,.T.);
#3817=ORIENTED_EDGE('',*,*,#2704,.T.);
#3818=ORIENTED_EDGE('',*,*,#2705,.F.);
#3819=ORIENTED_EDGE('',*,*,#2702,.F.);
#3820=ORIENTED_EDGE('',*,*,#2639,.T.);
#3821=ORIENTED_EDGE('',*,*,#2706,.T.);
#3822=ORIENTED_EDGE('',*,*,#2707,.F.);
#3823=ORIENTED_EDGE('',*,*,#2704,.F.);
#3824=ORIENTED_EDGE('',*,*,#2638,.T.);
#3825=ORIENTED_EDGE('',*,*,#2708,.T.);
#3826=ORIENTED_EDGE('',*,*,#2709,.F.);
#3827=ORIENTED_EDGE('',*,*,#2706,.F.);
#3828=ORIENTED_EDGE('',*,*,#2637,.T.);
#3829=ORIENTED_EDGE('',*,*,#2710,.T.);
#3830=ORIENTED_EDGE('',*,*,#2711,.F.);
#3831=ORIENTED_EDGE('',*,*,#2708,.F.);
#3832=ORIENTED_EDGE('',*,*,#2636,.T.);
#3833=ORIENTED_EDGE('',*,*,#2712,.T.);
#3834=ORIENTED_EDGE('',*,*,#2713,.F.);
#3835=ORIENTED_EDGE('',*,*,#2710,.F.);
#3836=ORIENTED_EDGE('',*,*,#2635,.T.);
#3837=ORIENTED_EDGE('',*,*,#2714,.T.);
#3838=ORIENTED_EDGE('',*,*,#2715,.F.);
#3839=ORIENTED_EDGE('',*,*,#2712,.F.);
#3840=ORIENTED_EDGE('',*,*,#2634,.T.);
#3841=ORIENTED_EDGE('',*,*,#2716,.T.);
#3842=ORIENTED_EDGE('',*,*,#2717,.F.);
#3843=ORIENTED_EDGE('',*,*,#2714,.F.);
#3844=ORIENTED_EDGE('',*,*,#2633,.T.);
#3845=ORIENTED_EDGE('',*,*,#2718,.T.);
#3846=ORIENTED_EDGE('',*,*,#2719,.F.);
#3847=ORIENTED_EDGE('',*,*,#2716,.F.);
#3848=ORIENTED_EDGE('',*,*,#2632,.T.);
#3849=ORIENTED_EDGE('',*,*,#2720,.T.);
#3850=ORIENTED_EDGE('',*,*,#2721,.F.);
#3851=ORIENTED_EDGE('',*,*,#2718,.F.);
#3852=ORIENTED_EDGE('',*,*,#2631,.T.);
#3853=ORIENTED_EDGE('',*,*,#2722,.T.);
#3854=ORIENTED_EDGE('',*,*,#2723,.F.);
#3855=ORIENTED_EDGE('',*,*,#2720,.F.);
#3856=ORIENTED_EDGE('',*,*,#2630,.T.);
#3857=ORIENTED_EDGE('',*,*,#2724,.T.);
#3858=ORIENTED_EDGE('',*,*,#2725,.F.);
#3859=ORIENTED_EDGE('',*,*,#2722,.F.);
#3860=ORIENTED_EDGE('',*,*,#2629,.T.);
#3861=ORIENTED_EDGE('',*,*,#2726,.T.);
#3862=ORIENTED_EDGE('',*,*,#2727,.F.);
#3863=ORIENTED_EDGE('',*,*,#2724,.F.);
#3864=ORIENTED_EDGE('',*,*,#2628,.T.);
#3865=ORIENTED_EDGE('',*,*,#2728,.T.);
#3866=ORIENTED_EDGE('',*,*,#2729,.F.);
#3867=ORIENTED_EDGE('',*,*,#2726,.F.);
#3868=ORIENTED_EDGE('',*,*,#2627,.T.);
#3869=ORIENTED_EDGE('',*,*,#2730,.T.);
#3870=ORIENTED_EDGE('',*,*,#2731,.F.);
#3871=ORIENTED_EDGE('',*,*,#2728,.F.);
#3872=ORIENTED_EDGE('',*,*,#2626,.T.);
#3873=ORIENTED_EDGE('',*,*,#2732,.T.);
#3874=ORIENTED_EDGE('',*,*,#2733,.F.);
#3875=ORIENTED_EDGE('',*,*,#2730,.F.);
#3876=ORIENTED_EDGE('',*,*,#2625,.T.);
#3877=ORIENTED_EDGE('',*,*,#2734,.T.);
#3878=ORIENTED_EDGE('',*,*,#2735,.F.);
#3879=ORIENTED_EDGE('',*,*,#2732,.F.);
#3880=ORIENTED_EDGE('',*,*,#2624,.T.);
#3881=ORIENTED_EDGE('',*,*,#2736,.T.);
#3882=ORIENTED_EDGE('',*,*,#2737,.F.);
#3883=ORIENTED_EDGE('',*,*,#2734,.F.);
#3884=ORIENTED_EDGE('',*,*,#2623,.T.);
#3885=ORIENTED_EDGE('',*,*,#2738,.T.);
#3886=ORIENTED_EDGE('',*,*,#2739,.T.);
#3887=ORIENTED_EDGE('',*,*,#2736,.F.);
#3888=ORIENTED_EDGE('',*,*,#2622,.T.);
#3889=ORIENTED_EDGE('',*,*,#2740,.T.);
#3890=ORIENTED_EDGE('',*,*,#2741,.T.);
#3891=ORIENTED_EDGE('',*,*,#2738,.F.);
#3892=ORIENTED_EDGE('',*,*,#2621,.T.);
#3893=ORIENTED_EDGE('',*,*,#2742,.T.);
#3894=ORIENTED_EDGE('',*,*,#2743,.T.);
#3895=ORIENTED_EDGE('',*,*,#2740,.F.);
#3896=ORIENTED_EDGE('',*,*,#2620,.T.);
#3897=ORIENTED_EDGE('',*,*,#2744,.T.);
#3898=ORIENTED_EDGE('',*,*,#2745,.T.);
#3899=ORIENTED_EDGE('',*,*,#2742,.F.);
#3900=ORIENTED_EDGE('',*,*,#2619,.T.);
#3901=ORIENTED_EDGE('',*,*,#2746,.T.);
#3902=ORIENTED_EDGE('',*,*,#2747,.T.);
#3903=ORIENTED_EDGE('',*,*,#2744,.F.);
#3904=ORIENTED_EDGE('',*,*,#2618,.T.);
#3905=ORIENTED_EDGE('',*,*,#2748,.T.);
#3906=ORIENTED_EDGE('',*,*,#2749,.T.);
#3907=ORIENTED_EDGE('',*,*,#2746,.F.);
#3908=ORIENTED_EDGE('',*,*,#2617,.T.);
#3909=ORIENTED_EDGE('',*,*,#2750,.T.);
#3910=ORIENTED_EDGE('',*,*,#2751,.T.);
#3911=ORIENTED_EDGE('',*,*,#2748,.F.);
#3912=ORIENTED_EDGE('',*,*,#2616,.T.);
#3913=ORIENTED_EDGE('',*,*,#2752,.T.);
#3914=ORIENTED_EDGE('',*,*,#2753,.T.);
#3915=ORIENTED_EDGE('',*,*,#2750,.F.);
#3916=ORIENTED_EDGE('',*,*,#2615,.T.);
#3917=ORIENTED_EDGE('',*,*,#2754,.T.);
#3918=ORIENTED_EDGE('',*,*,#2755,.T.);
#3919=ORIENTED_EDGE('',*,*,#2752,.F.);
#3920=ORIENTED_EDGE('',*,*,#2614,.T.);
#3921=ORIENTED_EDGE('',*,*,#2756,.T.);
#3922=ORIENTED_EDGE('',*,*,#2757,.T.);
#3923=ORIENTED_EDGE('',*,*,#2754,.F.);
#3924=ORIENTED_EDGE('',*,*,#2613,.T.);
#3925=ORIENTED_EDGE('',*,*,#2758,.T.);
#3926=ORIENTED_EDGE('',*,*,#2759,.T.);
#3927=ORIENTED_EDGE('',*,*,#2756,.F.);
#3928=ORIENTED_EDGE('',*,*,#2612,.T.);
#3929=ORIENTED_EDGE('',*,*,#2760,.T.);
#3930=ORIENTED_EDGE('',*,*,#2761,.T.);
#3931=ORIENTED_EDGE('',*,*,#2758,.F.);
#3932=ORIENTED_EDGE('',*,*,#2684,.T.);
#3933=ORIENTED_EDGE('',*,*,#2762,.T.);
#3934=ORIENTED_EDGE('',*,*,#2763,.T.);
#3935=ORIENTED_EDGE('',*,*,#2762,.F.);
#3936=ORIENTED_EDGE('',*,*,#2677,.T.);
#3937=ORIENTED_EDGE('',*,*,#2764,.T.);
#3938=ORIENTED_EDGE('',*,*,#2765,.T.);
#3939=ORIENTED_EDGE('',*,*,#2766,.F.);
#3940=ORIENTED_EDGE('',*,*,#2678,.T.);
#3941=ORIENTED_EDGE('',*,*,#2766,.T.);
#3942=ORIENTED_EDGE('',*,*,#2767,.T.);
#3943=ORIENTED_EDGE('',*,*,#2768,.F.);
#3944=ORIENTED_EDGE('',*,*,#2679,.T.);
#3945=ORIENTED_EDGE('',*,*,#2768,.T.);
#3946=ORIENTED_EDGE('',*,*,#2769,.T.);
#3947=ORIENTED_EDGE('',*,*,#2770,.F.);
#3948=ORIENTED_EDGE('',*,*,#2680,.T.);
#3949=ORIENTED_EDGE('',*,*,#2770,.T.);
#3950=ORIENTED_EDGE('',*,*,#2771,.T.);
#3951=ORIENTED_EDGE('',*,*,#2772,.F.);
#3952=ORIENTED_EDGE('',*,*,#2681,.T.);
#3953=ORIENTED_EDGE('',*,*,#2772,.T.);
#3954=ORIENTED_EDGE('',*,*,#2773,.T.);
#3955=ORIENTED_EDGE('',*,*,#2774,.F.);
#3956=ORIENTED_EDGE('',*,*,#2682,.T.);
#3957=ORIENTED_EDGE('',*,*,#2774,.T.);
#3958=ORIENTED_EDGE('',*,*,#2775,.T.);
#3959=ORIENTED_EDGE('',*,*,#2776,.F.);
#3960=ORIENTED_EDGE('',*,*,#2683,.T.);
#3961=ORIENTED_EDGE('',*,*,#2776,.T.);
#3962=ORIENTED_EDGE('',*,*,#2777,.T.);
#3963=ORIENTED_EDGE('',*,*,#2760,.F.);
#3964=ORIENTED_EDGE('',*,*,#2761,.F.);
#3965=ORIENTED_EDGE('',*,*,#2777,.F.);
#3966=ORIENTED_EDGE('',*,*,#2775,.F.);
#3967=ORIENTED_EDGE('',*,*,#2773,.F.);
#3968=ORIENTED_EDGE('',*,*,#2771,.F.);
#3969=ORIENTED_EDGE('',*,*,#2769,.F.);
#3970=ORIENTED_EDGE('',*,*,#2767,.F.);
#3971=ORIENTED_EDGE('',*,*,#2765,.F.);
#3972=ORIENTED_EDGE('',*,*,#2778,.T.);
#3973=ORIENTED_EDGE('',*,*,#2779,.T.);
#3974=ORIENTED_EDGE('',*,*,#2780,.T.);
#3975=ORIENTED_EDGE('',*,*,#2781,.T.);
#3976=ORIENTED_EDGE('',*,*,#2782,.T.);
#3977=ORIENTED_EDGE('',*,*,#2783,.T.);
#3978=ORIENTED_EDGE('',*,*,#2784,.T.);
#3979=ORIENTED_EDGE('',*,*,#2785,.T.);
#3980=ORIENTED_EDGE('',*,*,#2786,.T.);
#3981=ORIENTED_EDGE('',*,*,#2787,.T.);
#3982=ORIENTED_EDGE('',*,*,#2788,.T.);
#3983=ORIENTED_EDGE('',*,*,#2789,.T.);
#3984=ORIENTED_EDGE('',*,*,#2790,.T.);
#3985=ORIENTED_EDGE('',*,*,#2791,.T.);
#3986=ORIENTED_EDGE('',*,*,#2792,.T.);
#3987=ORIENTED_EDGE('',*,*,#2793,.T.);
#3988=ORIENTED_EDGE('',*,*,#2794,.T.);
#3989=ORIENTED_EDGE('',*,*,#2795,.T.);
#3990=ORIENTED_EDGE('',*,*,#2796,.F.);
#3991=ORIENTED_EDGE('',*,*,#2797,.F.);
#3992=ORIENTED_EDGE('',*,*,#2798,.F.);
#3993=ORIENTED_EDGE('',*,*,#2799,.F.);
#3994=ORIENTED_EDGE('',*,*,#2800,.F.);
#3995=ORIENTED_EDGE('',*,*,#2801,.F.);
#3996=ORIENTED_EDGE('',*,*,#2802,.F.);
#3997=ORIENTED_EDGE('',*,*,#2803,.F.);
#3998=ORIENTED_EDGE('',*,*,#2804,.F.);
#3999=ORIENTED_EDGE('',*,*,#2686,.F.);
#4000=ORIENTED_EDGE('',*,*,#2689,.F.);
#4001=ORIENTED_EDGE('',*,*,#2691,.F.);
#4002=ORIENTED_EDGE('',*,*,#2693,.F.);
#4003=ORIENTED_EDGE('',*,*,#2695,.F.);
#4004=ORIENTED_EDGE('',*,*,#2697,.F.);
#4005=ORIENTED_EDGE('',*,*,#2699,.F.);
#4006=ORIENTED_EDGE('',*,*,#2701,.F.);
#4007=ORIENTED_EDGE('',*,*,#2703,.T.);
#4008=ORIENTED_EDGE('',*,*,#2705,.T.);
#4009=ORIENTED_EDGE('',*,*,#2707,.T.);
#4010=ORIENTED_EDGE('',*,*,#2709,.T.);
#4011=ORIENTED_EDGE('',*,*,#2711,.T.);
#4012=ORIENTED_EDGE('',*,*,#2713,.T.);
#4013=ORIENTED_EDGE('',*,*,#2715,.T.);
#4014=ORIENTED_EDGE('',*,*,#2717,.T.);
#4015=ORIENTED_EDGE('',*,*,#2719,.T.);
#4016=ORIENTED_EDGE('',*,*,#2721,.T.);
#4017=ORIENTED_EDGE('',*,*,#2723,.T.);
#4018=ORIENTED_EDGE('',*,*,#2725,.T.);
#4019=ORIENTED_EDGE('',*,*,#2727,.T.);
#4020=ORIENTED_EDGE('',*,*,#2729,.T.);
#4021=ORIENTED_EDGE('',*,*,#2731,.T.);
#4022=ORIENTED_EDGE('',*,*,#2733,.T.);
#4023=ORIENTED_EDGE('',*,*,#2735,.T.);
#4024=ORIENTED_EDGE('',*,*,#2737,.T.);
#4025=ORIENTED_EDGE('',*,*,#2739,.F.);
#4026=ORIENTED_EDGE('',*,*,#2741,.F.);
#4027=ORIENTED_EDGE('',*,*,#2743,.F.);
#4028=ORIENTED_EDGE('',*,*,#2745,.F.);
#4029=ORIENTED_EDGE('',*,*,#2747,.F.);
#4030=ORIENTED_EDGE('',*,*,#2749,.F.);
#4031=ORIENTED_EDGE('',*,*,#2751,.F.);
#4032=ORIENTED_EDGE('',*,*,#2753,.F.);
#4033=ORIENTED_EDGE('',*,*,#2755,.F.);
#4034=ORIENTED_EDGE('',*,*,#2757,.F.);
#4035=ORIENTED_EDGE('',*,*,#2759,.F.);
#4036=ORIENTED_EDGE('',*,*,#2763,.F.);
#4037=ORIENTED_EDGE('',*,*,#2670,.T.);
#4038=ORIENTED_EDGE('',*,*,#2805,.T.);
#4039=ORIENTED_EDGE('',*,*,#2784,.F.);
#4040=ORIENTED_EDGE('',*,*,#2806,.F.);
#4041=ORIENTED_EDGE('',*,*,#2669,.T.);
#4042=ORIENTED_EDGE('',*,*,#2807,.T.);
#4043=ORIENTED_EDGE('',*,*,#2785,.F.);
#4044=ORIENTED_EDGE('',*,*,#2805,.F.);
#4045=ORIENTED_EDGE('',*,*,#2668,.T.);
#4046=ORIENTED_EDGE('',*,*,#2808,.T.);
#4047=ORIENTED_EDGE('',*,*,#2786,.F.);
#4048=ORIENTED_EDGE('',*,*,#2807,.F.);
#4049=ORIENTED_EDGE('',*,*,#2667,.T.);
#4050=ORIENTED_EDGE('',*,*,#2809,.T.);
#4051=ORIENTED_EDGE('',*,*,#2787,.F.);
#4052=ORIENTED_EDGE('',*,*,#2808,.F.);
#4053=ORIENTED_EDGE('',*,*,#2666,.T.);
#4054=ORIENTED_EDGE('',*,*,#2810,.T.);
#4055=ORIENTED_EDGE('',*,*,#2788,.F.);
#4056=ORIENTED_EDGE('',*,*,#2809,.F.);
#4057=ORIENTED_EDGE('',*,*,#2665,.T.);
#4058=ORIENTED_EDGE('',*,*,#2811,.T.);
#4059=ORIENTED_EDGE('',*,*,#2789,.F.);
#4060=ORIENTED_EDGE('',*,*,#2810,.F.);
#4061=ORIENTED_EDGE('',*,*,#2664,.T.);
#4062=ORIENTED_EDGE('',*,*,#2812,.T.);
#4063=ORIENTED_EDGE('',*,*,#2790,.F.);
#4064=ORIENTED_EDGE('',*,*,#2811,.F.);
#4065=ORIENTED_EDGE('',*,*,#2663,.T.);
#4066=ORIENTED_EDGE('',*,*,#2813,.T.);
#4067=ORIENTED_EDGE('',*,*,#2791,.F.);
#4068=ORIENTED_EDGE('',*,*,#2812,.F.);
#4069=ORIENTED_EDGE('',*,*,#2662,.T.);
#4070=ORIENTED_EDGE('',*,*,#2814,.T.);
#4071=ORIENTED_EDGE('',*,*,#2792,.F.);
#4072=ORIENTED_EDGE('',*,*,#2813,.F.);
#4073=ORIENTED_EDGE('',*,*,#2661,.T.);
#4074=ORIENTED_EDGE('',*,*,#2815,.T.);
#4075=ORIENTED_EDGE('',*,*,#2793,.F.);
#4076=ORIENTED_EDGE('',*,*,#2814,.F.);
#4077=ORIENTED_EDGE('',*,*,#2660,.T.);
#4078=ORIENTED_EDGE('',*,*,#2816,.T.);
#4079=ORIENTED_EDGE('',*,*,#2794,.F.);
#4080=ORIENTED_EDGE('',*,*,#2815,.F.);
#4081=ORIENTED_EDGE('',*,*,#2659,.T.);
#4082=ORIENTED_EDGE('',*,*,#2817,.T.);
#4083=ORIENTED_EDGE('',*,*,#2795,.F.);
#4084=ORIENTED_EDGE('',*,*,#2816,.F.);
#4085=ORIENTED_EDGE('',*,*,#2676,.T.);
#4086=ORIENTED_EDGE('',*,*,#2818,.T.);
#4087=ORIENTED_EDGE('',*,*,#2778,.F.);
#4088=ORIENTED_EDGE('',*,*,#2764,.F.);
#4089=ORIENTED_EDGE('',*,*,#2675,.T.);
#4090=ORIENTED_EDGE('',*,*,#2819,.T.);
#4091=ORIENTED_EDGE('',*,*,#2779,.F.);
#4092=ORIENTED_EDGE('',*,*,#2818,.F.);
#4093=ORIENTED_EDGE('',*,*,#2674,.T.);
#4094=ORIENTED_EDGE('',*,*,#2820,.T.);
#4095=ORIENTED_EDGE('',*,*,#2780,.F.);
#4096=ORIENTED_EDGE('',*,*,#2819,.F.);
#4097=ORIENTED_EDGE('',*,*,#2673,.T.);
#4098=ORIENTED_EDGE('',*,*,#2821,.T.);
#4099=ORIENTED_EDGE('',*,*,#2781,.F.);
#4100=ORIENTED_EDGE('',*,*,#2820,.F.);
#4101=ORIENTED_EDGE('',*,*,#2672,.T.);
#4102=ORIENTED_EDGE('',*,*,#2822,.T.);
#4103=ORIENTED_EDGE('',*,*,#2782,.F.);
#4104=ORIENTED_EDGE('',*,*,#2821,.F.);
#4105=ORIENTED_EDGE('',*,*,#2671,.T.);
#4106=ORIENTED_EDGE('',*,*,#2806,.T.);
#4107=ORIENTED_EDGE('',*,*,#2783,.F.);
#4108=ORIENTED_EDGE('',*,*,#2822,.F.);
#4109=ORIENTED_EDGE('',*,*,#2650,.T.);
#4110=ORIENTED_EDGE('',*,*,#2687,.T.);
#4111=ORIENTED_EDGE('',*,*,#2804,.T.);
#4112=ORIENTED_EDGE('',*,*,#2823,.F.);
#4113=ORIENTED_EDGE('',*,*,#2651,.T.);
#4114=ORIENTED_EDGE('',*,*,#2823,.T.);
#4115=ORIENTED_EDGE('',*,*,#2803,.T.);
#4116=ORIENTED_EDGE('',*,*,#2824,.F.);
#4117=ORIENTED_EDGE('',*,*,#2652,.T.);
#4118=ORIENTED_EDGE('',*,*,#2824,.T.);
#4119=ORIENTED_EDGE('',*,*,#2802,.T.);
#4120=ORIENTED_EDGE('',*,*,#2825,.F.);
#4121=ORIENTED_EDGE('',*,*,#2653,.T.);
#4122=ORIENTED_EDGE('',*,*,#2825,.T.);
#4123=ORIENTED_EDGE('',*,*,#2801,.T.);
#4124=ORIENTED_EDGE('',*,*,#2826,.F.);
#4125=ORIENTED_EDGE('',*,*,#2654,.T.);
#4126=ORIENTED_EDGE('',*,*,#2826,.T.);
#4127=ORIENTED_EDGE('',*,*,#2800,.T.);
#4128=ORIENTED_EDGE('',*,*,#2827,.F.);
#4129=ORIENTED_EDGE('',*,*,#2655,.T.);
#4130=ORIENTED_EDGE('',*,*,#2827,.T.);
#4131=ORIENTED_EDGE('',*,*,#2799,.T.);
#4132=ORIENTED_EDGE('',*,*,#2828,.F.);
#4133=ORIENTED_EDGE('',*,*,#2656,.T.);
#4134=ORIENTED_EDGE('',*,*,#2828,.T.);
#4135=ORIENTED_EDGE('',*,*,#2798,.T.);
#4136=ORIENTED_EDGE('',*,*,#2829,.F.);
#4137=ORIENTED_EDGE('',*,*,#2657,.T.);
#4138=ORIENTED_EDGE('',*,*,#2829,.T.);
#4139=ORIENTED_EDGE('',*,*,#2797,.T.);
#4140=ORIENTED_EDGE('',*,*,#2830,.F.);
#4141=ORIENTED_EDGE('',*,*,#2658,.T.);
#4142=ORIENTED_EDGE('',*,*,#2830,.T.);
#4143=ORIENTED_EDGE('',*,*,#2796,.T.);
#4144=ORIENTED_EDGE('',*,*,#2817,.F.);
#4145=PLANE('',#4523);
#4146=PLANE('',#4561);
#4147=PLANE('',#4564);
#4148=PLANE('',#4567);
#4149=PLANE('',#4570);
#4150=PLANE('',#4573);
#4151=PLANE('',#4576);
#4152=PLANE('',#4579);
#4153=PLANE('',#4582);
#4154=PLANE('',#4585);
#4155=PLANE('',#4588);
#4156=PLANE('',#4591);
#4157=PLANE('',#4594);
#4158=PLANE('',#4597);
#4159=PLANE('',#4600);
#4160=PLANE('',#4603);
#4161=PLANE('',#4606);
#4162=PLANE('',#4609);
#4163=PLANE('',#4612);
#4164=PLANE('',#4615);
#4165=PLANE('',#4620);
#4166=PLANE('',#4623);
#4167=PLANE('',#4626);
#4168=PLANE('',#4629);
#4169=PLANE('',#4630);
#4170=PLANE('',#4646);
#4171=PLANE('',#4648);
#4172=PLANE('',#4650);
#4173=PLANE('',#4652);
#4174=PLANE('',#4654);
#4175=PLANE('',#4656);
#4176=PLANE('',#4658);
#4177=PLANE('',#4660);
#4178=PLANE('',#4662);
#4179=PLANE('',#4664);
#4180=PLANE('',#4666);
#4181=PLANE('',#4668);
#4182=PLANE('',#4670);
#4183=PLANE('',#4673);
#4184=PLANE('',#4711);
#4185=PLANE('',#4714);
#4186=PLANE('',#4717);
#4187=PLANE('',#4720);
#4188=PLANE('',#4723);
#4189=PLANE('',#4726);
#4190=PLANE('',#4729);
#4191=PLANE('',#4732);
#4192=PLANE('',#4735);
#4193=PLANE('',#4738);
#4194=PLANE('',#4741);
#4195=PLANE('',#4744);
#4196=PLANE('',#4747);
#4197=PLANE('',#4750);
#4198=PLANE('',#4753);
#4199=PLANE('',#4756);
#4200=PLANE('',#4759);
#4201=PLANE('',#4762);
#4202=PLANE('',#4765);
#4203=PLANE('',#4770);
#4204=PLANE('',#4773);
#4205=PLANE('',#4776);
#4206=PLANE('',#4779);
#4207=PLANE('',#4780);
#4208=PLANE('',#4796);
#4209=PLANE('',#4798);
#4210=PLANE('',#4800);
#4211=PLANE('',#4802);
#4212=PLANE('',#4804);
#4213=PLANE('',#4806);
#4214=PLANE('',#4808);
#4215=PLANE('',#4810);
#4216=PLANE('',#4812);
#4217=PLANE('',#4814);
#4218=PLANE('',#4816);
#4219=PLANE('',#4818);
#4220=PLANE('',#4820);
#4221=PLANE('',#4823);
#4222=PLANE('',#4861);
#4223=PLANE('',#4864);
#4224=PLANE('',#4867);
#4225=PLANE('',#4870);
#4226=PLANE('',#4873);
#4227=PLANE('',#4876);
#4228=PLANE('',#4879);
#4229=PLANE('',#4882);
#4230=PLANE('',#4885);
#4231=PLANE('',#4888);
#4232=PLANE('',#4891);
#4233=PLANE('',#4894);
#4234=PLANE('',#4897);
#4235=PLANE('',#4900);
#4236=PLANE('',#4903);
#4237=PLANE('',#4906);
#4238=PLANE('',#4909);
#4239=PLANE('',#4912);
#4240=PLANE('',#4915);
#4241=PLANE('',#4920);
#4242=PLANE('',#4923);
#4243=PLANE('',#4926);
#4244=PLANE('',#4929);
#4245=PLANE('',#4930);
#4246=PLANE('',#4946);
#4247=PLANE('',#4948);
#4248=PLANE('',#4950);
#4249=PLANE('',#4952);
#4250=PLANE('',#4954);
#4251=PLANE('',#4956);
#4252=PLANE('',#4958);
#4253=PLANE('',#4960);
#4254=PLANE('',#4962);
#4255=PLANE('',#4964);
#4256=PLANE('',#4966);
#4257=PLANE('',#4968);
#4258=PLANE('',#4970);
#4259=ADVANCED_FACE('',(#188,#182),#4145,.T.);
#4260=ADVANCED_FACE('',(#189),#4146,.F.);
#4261=ADVANCED_FACE('',(#190),#71,.T.);
#4262=ADVANCED_FACE('',(#191),#4147,.F.);
#4263=ADVANCED_FACE('',(#192),#72,.T.);
#4264=ADVANCED_FACE('',(#193),#4148,.F.);
#4265=ADVANCED_FACE('',(#194),#73,.F.);
#4266=ADVANCED_FACE('',(#195),#4149,.F.);
#4267=ADVANCED_FACE('',(#196),#74,.F.);
#4268=ADVANCED_FACE('',(#197),#4150,.F.);
#4269=ADVANCED_FACE('',(#198),#75,.F.);
#4270=ADVANCED_FACE('',(#199),#4151,.F.);
#4271=ADVANCED_FACE('',(#200),#76,.F.);
#4272=ADVANCED_FACE('',(#201),#4152,.F.);
#4273=ADVANCED_FACE('',(#202),#77,.T.);
#4274=ADVANCED_FACE('',(#203),#4153,.F.);
#4275=ADVANCED_FACE('',(#204),#78,.T.);
#4276=ADVANCED_FACE('',(#205),#4154,.F.);
#4277=ADVANCED_FACE('',(#206),#79,.T.);
#4278=ADVANCED_FACE('',(#207),#4155,.F.);
#4279=ADVANCED_FACE('',(#208),#80,.T.);
#4280=ADVANCED_FACE('',(#209),#4156,.F.);
#4281=ADVANCED_FACE('',(#210),#81,.T.);
#4282=ADVANCED_FACE('',(#211),#4157,.F.);
#4283=ADVANCED_FACE('',(#212),#82,.F.);
#4284=ADVANCED_FACE('',(#213),#4158,.F.);
#4285=ADVANCED_FACE('',(#214),#83,.F.);
#4286=ADVANCED_FACE('',(#215),#4159,.F.);
#4287=ADVANCED_FACE('',(#216),#84,.F.);
#4288=ADVANCED_FACE('',(#217),#4160,.F.);
#4289=ADVANCED_FACE('',(#218),#85,.F.);
#4290=ADVANCED_FACE('',(#219),#4161,.F.);
#4291=ADVANCED_FACE('',(#220),#86,.T.);
#4292=ADVANCED_FACE('',(#221),#4162,.F.);
#4293=ADVANCED_FACE('',(#222),#87,.T.);
#4294=ADVANCED_FACE('',(#223),#4163,.F.);
#4295=ADVANCED_FACE('',(#224),#88,.T.);
#4296=ADVANCED_FACE('',(#225),#4164,.F.);
#4297=ADVANCED_FACE('',(#226),#89,.T.);
#4298=ADVANCED_FACE('',(#227),#90,.F.);
#4299=ADVANCED_FACE('',(#228),#4165,.F.);
#4300=ADVANCED_FACE('',(#229),#91,.F.);
#4301=ADVANCED_FACE('',(#230),#4166,.F.);
#4302=ADVANCED_FACE('',(#231),#92,.F.);
#4303=ADVANCED_FACE('',(#232),#4167,.F.);
#4304=ADVANCED_FACE('',(#233),#93,.T.);
#4305=ADVANCED_FACE('',(#234),#4168,.F.);
#4306=ADVANCED_FACE('',(#235,#183),#4169,.F.);
#4307=ADVANCED_FACE('',(#236),#94,.T.);
#4308=ADVANCED_FACE('',(#237),#4170,.F.);
#4309=ADVANCED_FACE('',(#238),#95,.T.);
#4310=ADVANCED_FACE('',(#239),#4171,.F.);
#4311=ADVANCED_FACE('',(#240),#96,.T.);
#4312=ADVANCED_FACE('',(#241),#4172,.F.);
#4313=ADVANCED_FACE('',(#242),#97,.T.);
#4314=ADVANCED_FACE('',(#243),#4173,.F.);
#4315=ADVANCED_FACE('',(#244),#98,.F.);
#4316=ADVANCED_FACE('',(#245),#4174,.F.);
#4317=ADVANCED_FACE('',(#246),#99,.F.);
#4318=ADVANCED_FACE('',(#247),#4175,.F.);
#4319=ADVANCED_FACE('',(#248),#100,.F.);
#4320=ADVANCED_FACE('',(#249),#4176,.F.);
#4321=ADVANCED_FACE('',(#250),#101,.F.);
#4322=ADVANCED_FACE('',(#251),#4177,.F.);
#4323=ADVANCED_FACE('',(#252),#102,.T.);
#4324=ADVANCED_FACE('',(#253),#4178,.F.);
#4325=ADVANCED_FACE('',(#254),#103,.T.);
#4326=ADVANCED_FACE('',(#255),#4179,.F.);
#4327=ADVANCED_FACE('',(#256),#104,.T.);
#4328=ADVANCED_FACE('',(#257),#4180,.F.);
#4329=ADVANCED_FACE('',(#258),#105,.T.);
#4330=ADVANCED_FACE('',(#259),#4181,.F.);
#4331=ADVANCED_FACE('',(#260),#106,.F.);
#4332=ADVANCED_FACE('',(#261),#4182,.F.);
#4333=ADVANCED_FACE('',(#262),#107,.F.);
#4334=ADVANCED_FACE('',(#263,#184),#4183,.T.);
#4335=ADVANCED_FACE('',(#264),#4184,.F.);
#4336=ADVANCED_FACE('',(#265),#108,.T.);
#4337=ADVANCED_FACE('',(#266),#4185,.F.);
#4338=ADVANCED_FACE('',(#267),#109,.T.);
#4339=ADVANCED_FACE('',(#268),#4186,.F.);
#4340=ADVANCED_FACE('',(#269),#110,.F.);
#4341=ADVANCED_FACE('',(#270),#4187,.F.);
#4342=ADVANCED_FACE('',(#271),#111,.F.);
#4343=ADVANCED_FACE('',(#272),#4188,.F.);
#4344=ADVANCED_FACE('',(#273),#112,.F.);
#4345=ADVANCED_FACE('',(#274),#4189,.F.);
#4346=ADVANCED_FACE('',(#275),#113,.F.);
#4347=ADVANCED_FACE('',(#276),#4190,.F.);
#4348=ADVANCED_FACE('',(#277),#114,.T.);
#4349=ADVANCED_FACE('',(#278),#4191,.F.);
#4350=ADVANCED_FACE('',(#279),#115,.T.);
#4351=ADVANCED_FACE('',(#280),#4192,.F.);
#4352=ADVANCED_FACE('',(#281),#116,.T.);
#4353=ADVANCED_FACE('',(#282),#4193,.F.);
#4354=ADVANCED_FACE('',(#283),#117,.T.);
#4355=ADVANCED_FACE('',(#284),#4194,.F.);
#4356=ADVANCED_FACE('',(#285),#118,.T.);
#4357=ADVANCED_FACE('',(#286),#4195,.F.);
#4358=ADVANCED_FACE('',(#287),#119,.F.);
#4359=ADVANCED_FACE('',(#288),#4196,.F.);
#4360=ADVANCED_FACE('',(#289),#120,.F.);
#4361=ADVANCED_FACE('',(#290),#4197,.F.);
#4362=ADVANCED_FACE('',(#291),#121,.F.);
#4363=ADVANCED_FACE('',(#292),#4198,.F.);
#4364=ADVANCED_FACE('',(#293),#122,.F.);
#4365=ADVANCED_FACE('',(#294),#4199,.F.);
#4366=ADVANCED_FACE('',(#295),#123,.T.);
#4367=ADVANCED_FACE('',(#296),#4200,.F.);
#4368=ADVANCED_FACE('',(#297),#124,.T.);
#4369=ADVANCED_FACE('',(#298),#4201,.F.);
#4370=ADVANCED_FACE('',(#299),#125,.T.);
#4371=ADVANCED_FACE('',(#300),#4202,.F.);
#4372=ADVANCED_FACE('',(#301),#126,.T.);
#4373=ADVANCED_FACE('',(#302),#127,.F.);
#4374=ADVANCED_FACE('',(#303),#4203,.F.);
#4375=ADVANCED_FACE('',(#304),#128,.F.);
#4376=ADVANCED_FACE('',(#305),#4204,.F.);
#4377=ADVANCED_FACE('',(#306),#129,.F.);
#4378=ADVANCED_FACE('',(#307),#4205,.F.);
#4379=ADVANCED_FACE('',(#308),#130,.T.);
#4380=ADVANCED_FACE('',(#309),#4206,.F.);
#4381=ADVANCED_FACE('',(#310,#185),#4207,.F.);
#4382=ADVANCED_FACE('',(#311),#131,.T.);
#4383=ADVANCED_FACE('',(#312),#4208,.F.);
#4384=ADVANCED_FACE('',(#313),#132,.T.);
#4385=ADVANCED_FACE('',(#314),#4209,.F.);
#4386=ADVANCED_FACE('',(#315),#133,.T.);
#4387=ADVANCED_FACE('',(#316),#4210,.F.);
#4388=ADVANCED_FACE('',(#317),#134,.T.);
#4389=ADVANCED_FACE('',(#318),#4211,.F.);
#4390=ADVANCED_FACE('',(#319),#135,.F.);
#4391=ADVANCED_FACE('',(#320),#4212,.F.);
#4392=ADVANCED_FACE('',(#321),#136,.F.);
#4393=ADVANCED_FACE('',(#322),#4213,.F.);
#4394=ADVANCED_FACE('',(#323),#137,.F.);
#4395=ADVANCED_FACE('',(#324),#4214,.F.);
#4396=ADVANCED_FACE('',(#325),#138,.F.);
#4397=ADVANCED_FACE('',(#326),#4215,.F.);
#4398=ADVANCED_FACE('',(#327),#139,.T.);
#4399=ADVANCED_FACE('',(#328),#4216,.F.);
#4400=ADVANCED_FACE('',(#329),#140,.T.);
#4401=ADVANCED_FACE('',(#330),#4217,.F.);
#4402=ADVANCED_FACE('',(#331),#141,.T.);
#4403=ADVANCED_FACE('',(#332),#4218,.F.);
#4404=ADVANCED_FACE('',(#333),#142,.T.);
#4405=ADVANCED_FACE('',(#334),#4219,.F.);
#4406=ADVANCED_FACE('',(#335),#143,.F.);
#4407=ADVANCED_FACE('',(#336),#4220,.F.);
#4408=ADVANCED_FACE('',(#337),#144,.F.);
#4409=ADVANCED_FACE('',(#338,#186),#4221,.T.);
#4410=ADVANCED_FACE('',(#339),#4222,.F.);
#4411=ADVANCED_FACE('',(#340),#145,.T.);
#4412=ADVANCED_FACE('',(#341),#4223,.F.);
#4413=ADVANCED_FACE('',(#342),#146,.T.);
#4414=ADVANCED_FACE('',(#343),#4224,.F.);
#4415=ADVANCED_FACE('',(#344),#147,.F.);
#4416=ADVANCED_FACE('',(#345),#4225,.F.);
#4417=ADVANCED_FACE('',(#346),#148,.F.);
#4418=ADVANCED_FACE('',(#347),#4226,.F.);
#4419=ADVANCED_FACE('',(#348),#149,.F.);
#4420=ADVANCED_FACE('',(#349),#4227,.F.);
#4421=ADVANCED_FACE('',(#350),#150,.F.);
#4422=ADVANCED_FACE('',(#351),#4228,.F.);
#4423=ADVANCED_FACE('',(#352),#151,.T.);
#4424=ADVANCED_FACE('',(#353),#4229,.F.);
#4425=ADVANCED_FACE('',(#354),#152,.T.);
#4426=ADVANCED_FACE('',(#355),#4230,.F.);
#4427=ADVANCED_FACE('',(#356),#153,.T.);
#4428=ADVANCED_FACE('',(#357),#4231,.F.);
#4429=ADVANCED_FACE('',(#358),#154,.T.);
#4430=ADVANCED_FACE('',(#359),#4232,.F.);
#4431=ADVANCED_FACE('',(#360),#155,.T.);
#4432=ADVANCED_FACE('',(#361),#4233,.F.);
#4433=ADVANCED_FACE('',(#362),#156,.F.);
#4434=ADVANCED_FACE('',(#363),#4234,.F.);
#4435=ADVANCED_FACE('',(#364),#157,.F.);
#4436=ADVANCED_FACE('',(#365),#4235,.F.);
#4437=ADVANCED_FACE('',(#366),#158,.F.);
#4438=ADVANCED_FACE('',(#367),#4236,.F.);
#4439=ADVANCED_FACE('',(#368),#159,.F.);
#4440=ADVANCED_FACE('',(#369),#4237,.F.);
#4441=ADVANCED_FACE('',(#370),#160,.T.);
#4442=ADVANCED_FACE('',(#371),#4238,.F.);
#4443=ADVANCED_FACE('',(#372),#161,.T.);
#4444=ADVANCED_FACE('',(#373),#4239,.F.);
#4445=ADVANCED_FACE('',(#374),#162,.T.);
#4446=ADVANCED_FACE('',(#375),#4240,.F.);
#4447=ADVANCED_FACE('',(#376),#163,.T.);
#4448=ADVANCED_FACE('',(#377),#164,.F.);
#4449=ADVANCED_FACE('',(#378),#4241,.F.);
#4450=ADVANCED_FACE('',(#379),#165,.F.);
#4451=ADVANCED_FACE('',(#380),#4242,.F.);
#4452=ADVANCED_FACE('',(#381),#166,.F.);
#4453=ADVANCED_FACE('',(#382),#4243,.F.);
#4454=ADVANCED_FACE('',(#383),#167,.T.);
#4455=ADVANCED_FACE('',(#384),#4244,.F.);
#4456=ADVANCED_FACE('',(#385,#187),#4245,.F.);
#4457=ADVANCED_FACE('',(#386),#168,.T.);
#4458=ADVANCED_FACE('',(#387),#4246,.F.);
#4459=ADVANCED_FACE('',(#388),#169,.T.);
#4460=ADVANCED_FACE('',(#389),#4247,.F.);
#4461=ADVANCED_FACE('',(#390),#170,.T.);
#4462=ADVANCED_FACE('',(#391),#4248,.F.);
#4463=ADVANCED_FACE('',(#392),#171,.T.);
#4464=ADVANCED_FACE('',(#393),#4249,.F.);
#4465=ADVANCED_FACE('',(#394),#172,.F.);
#4466=ADVANCED_FACE('',(#395),#4250,.F.);
#4467=ADVANCED_FACE('',(#396),#173,.F.);
#4468=ADVANCED_FACE('',(#397),#4251,.F.);
#4469=ADVANCED_FACE('',(#398),#174,.F.);
#4470=ADVANCED_FACE('',(#399),#4252,.F.);
#4471=ADVANCED_FACE('',(#400),#175,.F.);
#4472=ADVANCED_FACE('',(#401),#4253,.F.);
#4473=ADVANCED_FACE('',(#402),#176,.T.);
#4474=ADVANCED_FACE('',(#403),#4254,.F.);
#4475=ADVANCED_FACE('',(#404),#177,.T.);
#4476=ADVANCED_FACE('',(#405),#4255,.F.);
#4477=ADVANCED_FACE('',(#406),#178,.T.);
#4478=ADVANCED_FACE('',(#407),#4256,.F.);
#4479=ADVANCED_FACE('',(#408),#179,.T.);
#4480=ADVANCED_FACE('',(#409),#4257,.F.);
#4481=ADVANCED_FACE('',(#410),#180,.F.);
#4482=ADVANCED_FACE('',(#411),#4258,.F.);
#4483=ADVANCED_FACE('',(#412),#181,.F.);
#4484=CLOSED_SHELL('',(#4259,#4260,#4261,#4262,#4263,#4264,#4265,#4266,
#4267,#4268,#4269,#4270,#4271,#4272,#4273,#4274,#4275,#4276,#4277,#4278,
#4279,#4280,#4281,#4282,#4283,#4284,#4285,#4286,#4287,#4288,#4289,#4290,
#4291,#4292,#4293,#4294,#4295,#4296,#4297,#4298,#4299,#4300,#4301,#4302,
#4303,#4304,#4305,#4306,#4307,#4308,#4309,#4310,#4311,#4312,#4313,#4314,
#4315,#4316,#4317,#4318,#4319,#4320,#4321,#4322,#4323,#4324,#4325,#4326,
#4327,#4328,#4329,#4330,#4331,#4332,#4333));
#4485=CLOSED_SHELL('',(#4334,#4335,#4336,#4337,#4338,#4339,#4340,#4341,
#4342,#4343,#4344,#4345,#4346,#4347,#4348,#4349,#4350,#4351,#4352,#4353,
#4354,#4355,#4356,#4357,#4358,#4359,#4360,#4361,#4362,#4363,#4364,#4365,
#4366,#4367,#4368,#4369,#4370,#4371,#4372,#4373,#4374,#4375,#4376,#4377,
#4378,#4379,#4380,#4381,#4382,#4383,#4384,#4385,#4386,#4387,#4388,#4389,
#4390,#4391,#4392,#4393,#4394,#4395,#4396,#4397,#4398,#4399,#4400,#4401,
#4402,#4403,#4404,#4405,#4406,#4407,#4408));
#4486=CLOSED_SHELL('',(#4409,#4410,#4411,#4412,#4413,#4414,#4415,#4416,
#4417,#4418,#4419,#4420,#4421,#4422,#4423,#4424,#4425,#4426,#4427,#4428,
#4429,#4430,#4431,#4432,#4433,#4434,#4435,#4436,#4437,#4438,#4439,#4440,
#4441,#4442,#4443,#4444,#4445,#4446,#4447,#4448,#4449,#4450,#4451,#4452,
#4453,#4454,#4455,#4456,#4457,#4458,#4459,#4460,#4461,#4462,#4463,#4464,
#4465,#4466,#4467,#4468,#4469,#4470,#4471,#4472,#4473,#4474,#4475,#4476,
#4477,#4478,#4479,#4480,#4481,#4482,#4483));
#4487=DERIVED_UNIT_ELEMENT(#4493,1.);
#4488=DERIVED_UNIT_ELEMENT(#7692,-3.);
#4489=DERIVED_UNIT_ELEMENT(#4493,1.);
#4490=DERIVED_UNIT_ELEMENT(#7692,-3.);
#4491=DERIVED_UNIT_ELEMENT(#4493,1.);
#4492=DERIVED_UNIT_ELEMENT(#7692,-3.);
#4493=(
MASS_UNIT()
NAMED_UNIT(*)
SI_UNIT(.KILO.,.GRAM.)
);
#4494=DERIVED_UNIT((#4487,#4488));
#4495=DERIVED_UNIT((#4489,#4490));
#4496=DERIVED_UNIT((#4491,#4492));
#4497=MEASURE_REPRESENTATION_ITEM('density measure',
POSITIVE_RATIO_MEASURE(7850.),#4494);
#4498=MEASURE_REPRESENTATION_ITEM('density measure',
POSITIVE_RATIO_MEASURE(7850.),#4495);
#4499=MEASURE_REPRESENTATION_ITEM('density measure',
POSITIVE_RATIO_MEASURE(7850.),#4496);
#4500=PROPERTY_DEFINITION_REPRESENTATION(#4515,#4506);
#4501=PROPERTY_DEFINITION_REPRESENTATION(#4516,#4507);
#4502=PROPERTY_DEFINITION_REPRESENTATION(#4517,#4508);
#4503=PROPERTY_DEFINITION_REPRESENTATION(#4518,#4509);
#4504=PROPERTY_DEFINITION_REPRESENTATION(#4519,#4510);
#4505=PROPERTY_DEFINITION_REPRESENTATION(#4520,#4511);
#4506=REPRESENTATION('material name',(#4512),#7687);
#4507=REPRESENTATION('density',(#4497),#7687);
#4508=REPRESENTATION('material name',(#4513),#7688);
#4509=REPRESENTATION('density',(#4498),#7688);
#4510=REPRESENTATION('material name',(#4514),#7689);
#4511=REPRESENTATION('density',(#4499),#7689);
#4512=DESCRIPTIVE_REPRESENTATION_ITEM('Steel','Steel');
#4513=DESCRIPTIVE_REPRESENTATION_ITEM('Steel','Steel');
#4514=DESCRIPTIVE_REPRESENTATION_ITEM('Steel','Steel');
#4515=PROPERTY_DEFINITION('material property','material name',#7721);
#4516=PROPERTY_DEFINITION('material property','density of part',#7721);
#4517=PROPERTY_DEFINITION('material property','material name',#7722);
#4518=PROPERTY_DEFINITION('material property','density of part',#7722);
#4519=PROPERTY_DEFINITION('material property','material name',#7723);
#4520=PROPERTY_DEFINITION('material property','density of part',#7723);
#4521=AXIS2_PLACEMENT_3D('',#6345,#4984,#4985);
#4522=AXIS2_PLACEMENT_3D('',#6346,#4986,#4987);
#4523=AXIS2_PLACEMENT_3D('',#6347,#4988,#4989);
#4524=AXIS2_PLACEMENT_3D('',#6350,#4990,#4991);
#4525=AXIS2_PLACEMENT_3D('',#6354,#4993,#4994);
#4526=AXIS2_PLACEMENT_3D('',#6358,#4996,#4997);
#4527=AXIS2_PLACEMENT_3D('',#6362,#4999,#5000);
#4528=AXIS2_PLACEMENT_3D('',#6366,#5002,#5003);
#4529=AXIS2_PLACEMENT_3D('',#6370,#5005,#5006);
#4530=AXIS2_PLACEMENT_3D('',#6374,#5008,#5009);
#4531=AXIS2_PLACEMENT_3D('',#6378,#5011,#5012);
#4532=AXIS2_PLACEMENT_3D('',#6382,#5014,#5015);
#4533=AXIS2_PLACEMENT_3D('',#6386,#5017,#5018);
#4534=AXIS2_PLACEMENT_3D('',#6390,#5020,#5021);
#4535=AXIS2_PLACEMENT_3D('',#6394,#5023,#5024);
#4536=AXIS2_PLACEMENT_3D('',#6398,#5026,#5027);
#4537=AXIS2_PLACEMENT_3D('',#6402,#5029,#5030);
#4538=AXIS2_PLACEMENT_3D('',#6406,#5032,#5033);
#4539=AXIS2_PLACEMENT_3D('',#6410,#5035,#5036);
#4540=AXIS2_PLACEMENT_3D('',#6414,#5038,#5039);
#4541=AXIS2_PLACEMENT_3D('',#6418,#5041,#5042);
#4542=AXIS2_PLACEMENT_3D('',#6422,#5044,#5045);
#4543=AXIS2_PLACEMENT_3D('',#6426,#5047,#5048);
#4544=AXIS2_PLACEMENT_3D('',#6430,#5050,#5051);
#4545=AXIS2_PLACEMENT_3D('',#6434,#5053,#5054);
#4546=AXIS2_PLACEMENT_3D('',#6438,#5056,#5057);
#4547=AXIS2_PLACEMENT_3D('',#6442,#5059,#5060);
#4548=AXIS2_PLACEMENT_3D('',#6446,#5062,#5063);
#4549=AXIS2_PLACEMENT_3D('',#6450,#5065,#5066);
#4550=AXIS2_PLACEMENT_3D('',#6454,#5068,#5069);
#4551=AXIS2_PLACEMENT_3D('',#6458,#5071,#5072);
#4552=AXIS2_PLACEMENT_3D('',#6462,#5074,#5075);
#4553=AXIS2_PLACEMENT_3D('',#6466,#5077,#5078);
#4554=AXIS2_PLACEMENT_3D('',#6470,#5080,#5081);
#4555=AXIS2_PLACEMENT_3D('',#6474,#5083,#5084);
#4556=AXIS2_PLACEMENT_3D('',#6478,#5086,#5087);
#4557=AXIS2_PLACEMENT_3D('',#6482,#5089,#5090);
#4558=AXIS2_PLACEMENT_3D('',#6486,#5092,#5093);
#4559=AXIS2_PLACEMENT_3D('',#6490,#5095,#5096);
#4560=AXIS2_PLACEMENT_3D('',#6493,#5098,#5099);
#4561=AXIS2_PLACEMENT_3D('',#6494,#5100,#5101);
#4562=AXIS2_PLACEMENT_3D('',#6500,#5105,#5106);
#4563=AXIS2_PLACEMENT_3D('',#6503,#5108,#5109);
#4564=AXIS2_PLACEMENT_3D('',#6504,#5110,#5111);
#4565=AXIS2_PLACEMENT_3D('',#6508,#5114,#5115);
#4566=AXIS2_PLACEMENT_3D('',#6511,#5117,#5118);
#4567=AXIS2_PLACEMENT_3D('',#6512,#5119,#5120);
#4568=AXIS2_PLACEMENT_3D('',#6516,#5123,#5124);
#4569=AXIS2_PLACEMENT_3D('',#6519,#5126,#5127);
#4570=AXIS2_PLACEMENT_3D('',#6520,#5128,#5129);
#4571=AXIS2_PLACEMENT_3D('',#6524,#5132,#5133);
#4572=AXIS2_PLACEMENT_3D('',#6527,#5135,#5136);
#4573=AXIS2_PLACEMENT_3D('',#6528,#5137,#5138);
#4574=AXIS2_PLACEMENT_3D('',#6532,#5141,#5142);
#4575=AXIS2_PLACEMENT_3D('',#6535,#5144,#5145);
#4576=AXIS2_PLACEMENT_3D('',#6536,#5146,#5147);
#4577=AXIS2_PLACEMENT_3D('',#6540,#5150,#5151);
#4578=AXIS2_PLACEMENT_3D('',#6543,#5153,#5154);
#4579=AXIS2_PLACEMENT_3D('',#6544,#5155,#5156);
#4580=AXIS2_PLACEMENT_3D('',#6548,#5159,#5160);
#4581=AXIS2_PLACEMENT_3D('',#6551,#5162,#5163);
#4582=AXIS2_PLACEMENT_3D('',#6552,#5164,#5165);
#4583=AXIS2_PLACEMENT_3D('',#6556,#5168,#5169);
#4584=AXIS2_PLACEMENT_3D('',#6559,#5171,#5172);
#4585=AXIS2_PLACEMENT_3D('',#6560,#5173,#5174);
#4586=AXIS2_PLACEMENT_3D('',#6564,#5177,#5178);
#4587=AXIS2_PLACEMENT_3D('',#6567,#5180,#5181);
#4588=AXIS2_PLACEMENT_3D('',#6568,#5182,#5183);
#4589=AXIS2_PLACEMENT_3D('',#6572,#5186,#5187);
#4590=AXIS2_PLACEMENT_3D('',#6575,#5189,#5190);
#4591=AXIS2_PLACEMENT_3D('',#6576,#5191,#5192);
#4592=AXIS2_PLACEMENT_3D('',#6580,#5195,#5196);
#4593=AXIS2_PLACEMENT_3D('',#6583,#5198,#5199);
#4594=AXIS2_PLACEMENT_3D('',#6584,#5200,#5201);
#4595=AXIS2_PLACEMENT_3D('',#6588,#5204,#5205);
#4596=AXIS2_PLACEMENT_3D('',#6591,#5207,#5208);
#4597=AXIS2_PLACEMENT_3D('',#6592,#5209,#5210);
#4598=AXIS2_PLACEMENT_3D('',#6596,#5213,#5214);
#4599=AXIS2_PLACEMENT_3D('',#6599,#5216,#5217);
#4600=AXIS2_PLACEMENT_3D('',#6600,#5218,#5219);
#4601=AXIS2_PLACEMENT_3D('',#6604,#5222,#5223);
#4602=AXIS2_PLACEMENT_3D('',#6607,#5225,#5226);
#4603=AXIS2_PLACEMENT_3D('',#6608,#5227,#5228);
#4604=AXIS2_PLACEMENT_3D('',#6612,#5231,#5232);
#4605=AXIS2_PLACEMENT_3D('',#6615,#5234,#5235);
#4606=AXIS2_PLACEMENT_3D('',#6616,#5236,#5237);
#4607=AXIS2_PLACEMENT_3D('',#6620,#5240,#5241);
#4608=AXIS2_PLACEMENT_3D('',#6623,#5243,#5244);
#4609=AXIS2_PLACEMENT_3D('',#6624,#5245,#5246);
#4610=AXIS2_PLACEMENT_3D('',#6628,#5249,#5250);
#4611=AXIS2_PLACEMENT_3D('',#6631,#5252,#5253);
#4612=AXIS2_PLACEMENT_3D('',#6632,#5254,#5255);
#4613=AXIS2_PLACEMENT_3D('',#6636,#5258,#5259);
#4614=AXIS2_PLACEMENT_3D('',#6639,#5261,#5262);
#4615=AXIS2_PLACEMENT_3D('',#6640,#5263,#5264);
#4616=AXIS2_PLACEMENT_3D('',#6644,#5267,#5268);
#4617=AXIS2_PLACEMENT_3D('',#6647,#5270,#5271);
#4618=AXIS2_PLACEMENT_3D('',#6648,#5272,#5273);
#4619=AXIS2_PLACEMENT_3D('',#6651,#5275,#5276);
#4620=AXIS2_PLACEMENT_3D('',#6652,#5277,#5278);
#4621=AXIS2_PLACEMENT_3D('',#6658,#5282,#5283);
#4622=AXIS2_PLACEMENT_3D('',#6660,#5284,#5285);
#4623=AXIS2_PLACEMENT_3D('',#6662,#5287,#5288);
#4624=AXIS2_PLACEMENT_3D('',#6666,#5291,#5292);
#4625=AXIS2_PLACEMENT_3D('',#6668,#5293,#5294);
#4626=AXIS2_PLACEMENT_3D('',#6670,#5296,#5297);
#4627=AXIS2_PLACEMENT_3D('',#6674,#5300,#5301);
#4628=AXIS2_PLACEMENT_3D('',#6676,#5302,#5303);
#4629=AXIS2_PLACEMENT_3D('',#6678,#5305,#5306);
#4630=AXIS2_PLACEMENT_3D('',#6680,#5308,#5309);
#4631=AXIS2_PLACEMENT_3D('',#6682,#5310,#5311);
#4632=AXIS2_PLACEMENT_3D('',#6686,#5313,#5314);
#4633=AXIS2_PLACEMENT_3D('',#6690,#5316,#5317);
#4634=AXIS2_PLACEMENT_3D('',#6694,#5319,#5320);
#4635=AXIS2_PLACEMENT_3D('',#6698,#5322,#5323);
#4636=AXIS2_PLACEMENT_3D('',#6702,#5325,#5326);
#4637=AXIS2_PLACEMENT_3D('',#6706,#5328,#5329);
#4638=AXIS2_PLACEMENT_3D('',#6710,#5331,#5332);
#4639=AXIS2_PLACEMENT_3D('',#6714,#5334,#5335);
#4640=AXIS2_PLACEMENT_3D('',#6718,#5337,#5338);
#4641=AXIS2_PLACEMENT_3D('',#6722,#5340,#5341);
#4642=AXIS2_PLACEMENT_3D('',#6726,#5343,#5344);
#4643=AXIS2_PLACEMENT_3D('',#6730,#5346,#5347);
#4644=AXIS2_PLACEMENT_3D('',#6733,#5349,#5350);
#4645=AXIS2_PLACEMENT_3D('',#6734,#5351,#5352);
#4646=AXIS2_PLACEMENT_3D('',#6737,#5355,#5356);
#4647=AXIS2_PLACEMENT_3D('',#6739,#5358,#5359);
#4648=AXIS2_PLACEMENT_3D('',#6741,#5361,#5362);
#4649=AXIS2_PLACEMENT_3D('',#6743,#5364,#5365);
#4650=AXIS2_PLACEMENT_3D('',#6745,#5367,#5368);
#4651=AXIS2_PLACEMENT_3D('',#6747,#5370,#5371);
#4652=AXIS2_PLACEMENT_3D('',#6749,#5373,#5374);
#4653=AXIS2_PLACEMENT_3D('',#6751,#5376,#5377);
#4654=AXIS2_PLACEMENT_3D('',#6753,#5379,#5380);
#4655=AXIS2_PLACEMENT_3D('',#6755,#5382,#5383);
#4656=AXIS2_PLACEMENT_3D('',#6757,#5385,#5386);
#4657=AXIS2_PLACEMENT_3D('',#6759,#5388,#5389);
#4658=AXIS2_PLACEMENT_3D('',#6761,#5391,#5392);
#4659=AXIS2_PLACEMENT_3D('',#6763,#5394,#5395);
#4660=AXIS2_PLACEMENT_3D('',#6765,#5397,#5398);
#4661=AXIS2_PLACEMENT_3D('',#6767,#5400,#5401);
#4662=AXIS2_PLACEMENT_3D('',#6769,#5403,#5404);
#4663=AXIS2_PLACEMENT_3D('',#6770,#5405,#5406);
#4664=AXIS2_PLACEMENT_3D('',#6772,#5408,#5409);
#4665=AXIS2_PLACEMENT_3D('',#6774,#5411,#5412);
#4666=AXIS2_PLACEMENT_3D('',#6776,#5414,#5415);
#4667=AXIS2_PLACEMENT_3D('',#6778,#5417,#5418);
#4668=AXIS2_PLACEMENT_3D('',#6780,#5420,#5421);
#4669=AXIS2_PLACEMENT_3D('',#6782,#5423,#5424);
#4670=AXIS2_PLACEMENT_3D('',#6784,#5426,#5427);
#4671=AXIS2_PLACEMENT_3D('',#6786,#5429,#5430);
#4672=AXIS2_PLACEMENT_3D('',#6787,#5431,#5432);
#4673=AXIS2_PLACEMENT_3D('',#6788,#5433,#5434);
#4674=AXIS2_PLACEMENT_3D('',#6791,#5435,#5436);
#4675=AXIS2_PLACEMENT_3D('',#6795,#5438,#5439);
#4676=AXIS2_PLACEMENT_3D('',#6799,#5441,#5442);
#4677=AXIS2_PLACEMENT_3D('',#6803,#5444,#5445);
#4678=AXIS2_PLACEMENT_3D('',#6807,#5447,#5448);
#4679=AXIS2_PLACEMENT_3D('',#6811,#5450,#5451);
#4680=AXIS2_PLACEMENT_3D('',#6815,#5453,#5454);
#4681=AXIS2_PLACEMENT_3D('',#6819,#5456,#5457);
#4682=AXIS2_PLACEMENT_3D('',#6823,#5459,#5460);
#4683=AXIS2_PLACEMENT_3D('',#6827,#5462,#5463);
#4684=AXIS2_PLACEMENT_3D('',#6831,#5465,#5466);
#4685=AXIS2_PLACEMENT_3D('',#6835,#5468,#5469);
#4686=AXIS2_PLACEMENT_3D('',#6839,#5471,#5472);
#4687=AXIS2_PLACEMENT_3D('',#6843,#5474,#5475);
#4688=AXIS2_PLACEMENT_3D('',#6847,#5477,#5478);
#4689=AXIS2_PLACEMENT_3D('',#6851,#5480,#5481);
#4690=AXIS2_PLACEMENT_3D('',#6855,#5483,#5484);
#4691=AXIS2_PLACEMENT_3D('',#6859,#5486,#5487);
#4692=AXIS2_PLACEMENT_3D('',#6863,#5489,#5490);
#4693=AXIS2_PLACEMENT_3D('',#6867,#5492,#5493);
#4694=AXIS2_PLACEMENT_3D('',#6871,#5495,#5496);
#4695=AXIS2_PLACEMENT_3D('',#6875,#5498,#5499);
#4696=AXIS2_PLACEMENT_3D('',#6879,#5501,#5502);
#4697=AXIS2_PLACEMENT_3D('',#6883,#5504,#5505);
#4698=AXIS2_PLACEMENT_3D('',#6887,#5507,#5508);
#4699=AXIS2_PLACEMENT_3D('',#6891,#5510,#5511);
#4700=AXIS2_PLACEMENT_3D('',#6895,#5513,#5514);
#4701=AXIS2_PLACEMENT_3D('',#6899,#5516,#5517);
#4702=AXIS2_PLACEMENT_3D('',#6903,#5519,#5520);
#4703=AXIS2_PLACEMENT_3D('',#6907,#5522,#5523);
#4704=AXIS2_PLACEMENT_3D('',#6911,#5525,#5526);
#4705=AXIS2_PLACEMENT_3D('',#6915,#5528,#5529);
#4706=AXIS2_PLACEMENT_3D('',#6919,#5531,#5532);
#4707=AXIS2_PLACEMENT_3D('',#6923,#5534,#5535);
#4708=AXIS2_PLACEMENT_3D('',#6927,#5537,#5538);
#4709=AXIS2_PLACEMENT_3D('',#6931,#5540,#5541);
#4710=AXIS2_PLACEMENT_3D('',#6934,#5543,#5544);
#4711=AXIS2_PLACEMENT_3D('',#6935,#5545,#5546);
#4712=AXIS2_PLACEMENT_3D('',#6941,#5550,#5551);
#4713=AXIS2_PLACEMENT_3D('',#6944,#5553,#5554);
#4714=AXIS2_PLACEMENT_3D('',#6945,#5555,#5556);
#4715=AXIS2_PLACEMENT_3D('',#6949,#5559,#5560);
#4716=AXIS2_PLACEMENT_3D('',#6952,#5562,#5563);
#4717=AXIS2_PLACEMENT_3D('',#6953,#5564,#5565);
#4718=AXIS2_PLACEMENT_3D('',#6957,#5568,#5569);
#4719=AXIS2_PLACEMENT_3D('',#6960,#5571,#5572);
#4720=AXIS2_PLACEMENT_3D('',#6961,#5573,#5574);
#4721=AXIS2_PLACEMENT_3D('',#6965,#5577,#5578);
#4722=AXIS2_PLACEMENT_3D('',#6968,#5580,#5581);
#4723=AXIS2_PLACEMENT_3D('',#6969,#5582,#5583);
#4724=AXIS2_PLACEMENT_3D('',#6973,#5586,#5587);
#4725=AXIS2_PLACEMENT_3D('',#6976,#5589,#5590);
#4726=AXIS2_PLACEMENT_3D('',#6977,#5591,#5592);
#4727=AXIS2_PLACEMENT_3D('',#6981,#5595,#5596);
#4728=AXIS2_PLACEMENT_3D('',#6984,#5598,#5599);
#4729=AXIS2_PLACEMENT_3D('',#6985,#5600,#5601);
#4730=AXIS2_PLACEMENT_3D('',#6989,#5604,#5605);
#4731=AXIS2_PLACEMENT_3D('',#6992,#5607,#5608);
#4732=AXIS2_PLACEMENT_3D('',#6993,#5609,#5610);
#4733=AXIS2_PLACEMENT_3D('',#6997,#5613,#5614);
#4734=AXIS2_PLACEMENT_3D('',#7000,#5616,#5617);
#4735=AXIS2_PLACEMENT_3D('',#7001,#5618,#5619);
#4736=AXIS2_PLACEMENT_3D('',#7005,#5622,#5623);
#4737=AXIS2_PLACEMENT_3D('',#7008,#5625,#5626);
#4738=AXIS2_PLACEMENT_3D('',#7009,#5627,#5628);
#4739=AXIS2_PLACEMENT_3D('',#7013,#5631,#5632);
#4740=AXIS2_PLACEMENT_3D('',#7016,#5634,#5635);
#4741=AXIS2_PLACEMENT_3D('',#7017,#5636,#5637);
#4742=AXIS2_PLACEMENT_3D('',#7021,#5640,#5641);
#4743=AXIS2_PLACEMENT_3D('',#7024,#5643,#5644);
#4744=AXIS2_PLACEMENT_3D('',#7025,#5645,#5646);
#4745=AXIS2_PLACEMENT_3D('',#7029,#5649,#5650);
#4746=AXIS2_PLACEMENT_3D('',#7032,#5652,#5653);
#4747=AXIS2_PLACEMENT_3D('',#7033,#5654,#5655);
#4748=AXIS2_PLACEMENT_3D('',#7037,#5658,#5659);
#4749=AXIS2_PLACEMENT_3D('',#7040,#5661,#5662);
#4750=AXIS2_PLACEMENT_3D('',#7041,#5663,#5664);
#4751=AXIS2_PLACEMENT_3D('',#7045,#5667,#5668);
#4752=AXIS2_PLACEMENT_3D('',#7048,#5670,#5671);
#4753=AXIS2_PLACEMENT_3D('',#7049,#5672,#5673);
#4754=AXIS2_PLACEMENT_3D('',#7053,#5676,#5677);
#4755=AXIS2_PLACEMENT_3D('',#7056,#5679,#5680);
#4756=AXIS2_PLACEMENT_3D('',#7057,#5681,#5682);
#4757=AXIS2_PLACEMENT_3D('',#7061,#5685,#5686);
#4758=AXIS2_PLACEMENT_3D('',#7064,#5688,#5689);
#4759=AXIS2_PLACEMENT_3D('',#7065,#5690,#5691);
#4760=AXIS2_PLACEMENT_3D('',#7069,#5694,#5695);
#4761=AXIS2_PLACEMENT_3D('',#7072,#5697,#5698);
#4762=AXIS2_PLACEMENT_3D('',#7073,#5699,#5700);
#4763=AXIS2_PLACEMENT_3D('',#7077,#5703,#5704);
#4764=AXIS2_PLACEMENT_3D('',#7080,#5706,#5707);
#4765=AXIS2_PLACEMENT_3D('',#7081,#5708,#5709);
#4766=AXIS2_PLACEMENT_3D('',#7085,#5712,#5713);
#4767=AXIS2_PLACEMENT_3D('',#7088,#5715,#5716);
#4768=AXIS2_PLACEMENT_3D('',#7089,#5717,#5718);
#4769=AXIS2_PLACEMENT_3D('',#7092,#5720,#5721);
#4770=AXIS2_PLACEMENT_3D('',#7093,#5722,#5723);
#4771=AXIS2_PLACEMENT_3D('',#7099,#5727,#5728);
#4772=AXIS2_PLACEMENT_3D('',#7101,#5729,#5730);
#4773=AXIS2_PLACEMENT_3D('',#7103,#5732,#5733);
#4774=AXIS2_PLACEMENT_3D('',#7107,#5736,#5737);
#4775=AXIS2_PLACEMENT_3D('',#7109,#5738,#5739);
#4776=AXIS2_PLACEMENT_3D('',#7111,#5741,#5742);
#4777=AXIS2_PLACEMENT_3D('',#7115,#5745,#5746);
#4778=AXIS2_PLACEMENT_3D('',#7117,#5747,#5748);
#4779=AXIS2_PLACEMENT_3D('',#7119,#5750,#5751);
#4780=AXIS2_PLACEMENT_3D('',#7121,#5753,#5754);
#4781=AXIS2_PLACEMENT_3D('',#7123,#5755,#5756);
#4782=AXIS2_PLACEMENT_3D('',#7127,#5758,#5759);
#4783=AXIS2_PLACEMENT_3D('',#7131,#5761,#5762);
#4784=AXIS2_PLACEMENT_3D('',#7135,#5764,#5765);
#4785=AXIS2_PLACEMENT_3D('',#7139,#5767,#5768);
#4786=AXIS2_PLACEMENT_3D('',#7143,#5770,#5771);
#4787=AXIS2_PLACEMENT_3D('',#7147,#5773,#5774);
#4788=AXIS2_PLACEMENT_3D('',#7151,#5776,#5777);
#4789=AXIS2_PLACEMENT_3D('',#7155,#5779,#5780);
#4790=AXIS2_PLACEMENT_3D('',#7159,#5782,#5783);
#4791=AXIS2_PLACEMENT_3D('',#7163,#5785,#5786);
#4792=AXIS2_PLACEMENT_3D('',#7167,#5788,#5789);
#4793=AXIS2_PLACEMENT_3D('',#7171,#5791,#5792);
#4794=AXIS2_PLACEMENT_3D('',#7174,#5794,#5795);
#4795=AXIS2_PLACEMENT_3D('',#7175,#5796,#5797);
#4796=AXIS2_PLACEMENT_3D('',#7178,#5800,#5801);
#4797=AXIS2_PLACEMENT_3D('',#7180,#5803,#5804);
#4798=AXIS2_PLACEMENT_3D('',#7182,#5806,#5807);
#4799=AXIS2_PLACEMENT_3D('',#7184,#5809,#5810);
#4800=AXIS2_PLACEMENT_3D('',#7186,#5812,#5813);
#4801=AXIS2_PLACEMENT_3D('',#7188,#5815,#5816);
#4802=AXIS2_PLACEMENT_3D('',#7190,#5818,#5819);
#4803=AXIS2_PLACEMENT_3D('',#7192,#5821,#5822);
#4804=AXIS2_PLACEMENT_3D('',#7194,#5824,#5825);
#4805=AXIS2_PLACEMENT_3D('',#7196,#5827,#5828);
#4806=AXIS2_PLACEMENT_3D('',#7198,#5830,#5831);
#4807=AXIS2_PLACEMENT_3D('',#7200,#5833,#5834);
#4808=AXIS2_PLACEMENT_3D('',#7202,#5836,#5837);
#4809=AXIS2_PLACEMENT_3D('',#7204,#5839,#5840);
#4810=AXIS2_PLACEMENT_3D('',#7206,#5842,#5843);
#4811=AXIS2_PLACEMENT_3D('',#7208,#5845,#5846);
#4812=AXIS2_PLACEMENT_3D('',#7210,#5848,#5849);
#4813=AXIS2_PLACEMENT_3D('',#7211,#5850,#5851);
#4814=AXIS2_PLACEMENT_3D('',#7213,#5853,#5854);
#4815=AXIS2_PLACEMENT_3D('',#7215,#5856,#5857);
#4816=AXIS2_PLACEMENT_3D('',#7217,#5859,#5860);
#4817=AXIS2_PLACEMENT_3D('',#7219,#5862,#5863);
#4818=AXIS2_PLACEMENT_3D('',#7221,#5865,#5866);
#4819=AXIS2_PLACEMENT_3D('',#7223,#5868,#5869);
#4820=AXIS2_PLACEMENT_3D('',#7225,#5871,#5872);
#4821=AXIS2_PLACEMENT_3D('',#7227,#5874,#5875);
#4822=AXIS2_PLACEMENT_3D('',#7228,#5876,#5877);
#4823=AXIS2_PLACEMENT_3D('',#7229,#5878,#5879);
#4824=AXIS2_PLACEMENT_3D('',#7232,#5880,#5881);
#4825=AXIS2_PLACEMENT_3D('',#7236,#5883,#5884);
#4826=AXIS2_PLACEMENT_3D('',#7240,#5886,#5887);
#4827=AXIS2_PLACEMENT_3D('',#7244,#5889,#5890);
#4828=AXIS2_PLACEMENT_3D('',#7248,#5892,#5893);
#4829=AXIS2_PLACEMENT_3D('',#7252,#5895,#5896);
#4830=AXIS2_PLACEMENT_3D('',#7256,#5898,#5899);
#4831=AXIS2_PLACEMENT_3D('',#7260,#5901,#5902);
#4832=AXIS2_PLACEMENT_3D('',#7264,#5904,#5905);
#4833=AXIS2_PLACEMENT_3D('',#7268,#5907,#5908);
#4834=AXIS2_PLACEMENT_3D('',#7272,#5910,#5911);
#4835=AXIS2_PLACEMENT_3D('',#7276,#5913,#5914);
#4836=AXIS2_PLACEMENT_3D('',#7280,#5916,#5917);
#4837=AXIS2_PLACEMENT_3D('',#7284,#5919,#5920);
#4838=AXIS2_PLACEMENT_3D('',#7288,#5922,#5923);
#4839=AXIS2_PLACEMENT_3D('',#7292,#5925,#5926);
#4840=AXIS2_PLACEMENT_3D('',#7296,#5928,#5929);
#4841=AXIS2_PLACEMENT_3D('',#7300,#5931,#5932);
#4842=AXIS2_PLACEMENT_3D('',#7304,#5934,#5935);
#4843=AXIS2_PLACEMENT_3D('',#7308,#5937,#5938);
#4844=AXIS2_PLACEMENT_3D('',#7312,#5940,#5941);
#4845=AXIS2_PLACEMENT_3D('',#7316,#5943,#5944);
#4846=AXIS2_PLACEMENT_3D('',#7320,#5946,#5947);
#4847=AXIS2_PLACEMENT_3D('',#7324,#5949,#5950);
#4848=AXIS2_PLACEMENT_3D('',#7328,#5952,#5953);
#4849=AXIS2_PLACEMENT_3D('',#7332,#5955,#5956);
#4850=AXIS2_PLACEMENT_3D('',#7336,#5958,#5959);
#4851=AXIS2_PLACEMENT_3D('',#7340,#5961,#5962);
#4852=AXIS2_PLACEMENT_3D('',#7344,#5964,#5965);
#4853=AXIS2_PLACEMENT_3D('',#7348,#5967,#5968);
#4854=AXIS2_PLACEMENT_3D('',#7352,#5970,#5971);
#4855=AXIS2_PLACEMENT_3D('',#7356,#5973,#5974);
#4856=AXIS2_PLACEMENT_3D('',#7360,#5976,#5977);
#4857=AXIS2_PLACEMENT_3D('',#7364,#5979,#5980);
#4858=AXIS2_PLACEMENT_3D('',#7368,#5982,#5983);
#4859=AXIS2_PLACEMENT_3D('',#7372,#5985,#5986);
#4860=AXIS2_PLACEMENT_3D('',#7375,#5988,#5989);
#4861=AXIS2_PLACEMENT_3D('',#7376,#5990,#5991);
#4862=AXIS2_PLACEMENT_3D('',#7382,#5995,#5996);
#4863=AXIS2_PLACEMENT_3D('',#7385,#5998,#5999);
#4864=AXIS2_PLACEMENT_3D('',#7386,#6000,#6001);
#4865=AXIS2_PLACEMENT_3D('',#7390,#6004,#6005);
#4866=AXIS2_PLACEMENT_3D('',#7393,#6007,#6008);
#4867=AXIS2_PLACEMENT_3D('',#7394,#6009,#6010);
#4868=AXIS2_PLACEMENT_3D('',#7398,#6013,#6014);
#4869=AXIS2_PLACEMENT_3D('',#7401,#6016,#6017);
#4870=AXIS2_PLACEMENT_3D('',#7402,#6018,#6019);
#4871=AXIS2_PLACEMENT_3D('',#7406,#6022,#6023);
#4872=AXIS2_PLACEMENT_3D('',#7409,#6025,#6026);
#4873=AXIS2_PLACEMENT_3D('',#7410,#6027,#6028);
#4874=AXIS2_PLACEMENT_3D('',#7414,#6031,#6032);
#4875=AXIS2_PLACEMENT_3D('',#7417,#6034,#6035);
#4876=AXIS2_PLACEMENT_3D('',#7418,#6036,#6037);
#4877=AXIS2_PLACEMENT_3D('',#7422,#6040,#6041);
#4878=AXIS2_PLACEMENT_3D('',#7425,#6043,#6044);
#4879=AXIS2_PLACEMENT_3D('',#7426,#6045,#6046);
#4880=AXIS2_PLACEMENT_3D('',#7430,#6049,#6050);
#4881=AXIS2_PLACEMENT_3D('',#7433,#6052,#6053);
#4882=AXIS2_PLACEMENT_3D('',#7434,#6054,#6055);
#4883=AXIS2_PLACEMENT_3D('',#7438,#6058,#6059);
#4884=AXIS2_PLACEMENT_3D('',#7441,#6061,#6062);
#4885=AXIS2_PLACEMENT_3D('',#7442,#6063,#6064);
#4886=AXIS2_PLACEMENT_3D('',#7446,#6067,#6068);
#4887=AXIS2_PLACEMENT_3D('',#7449,#6070,#6071);
#4888=AXIS2_PLACEMENT_3D('',#7450,#6072,#6073);
#4889=AXIS2_PLACEMENT_3D('',#7454,#6076,#6077);
#4890=AXIS2_PLACEMENT_3D('',#7457,#6079,#6080);
#4891=AXIS2_PLACEMENT_3D('',#7458,#6081,#6082);
#4892=AXIS2_PLACEMENT_3D('',#7462,#6085,#6086);
#4893=AXIS2_PLACEMENT_3D('',#7465,#6088,#6089);
#4894=AXIS2_PLACEMENT_3D('',#7466,#6090,#6091);
#4895=AXIS2_PLACEMENT_3D('',#7470,#6094,#6095);
#4896=AXIS2_PLACEMENT_3D('',#7473,#6097,#6098);
#4897=AXIS2_PLACEMENT_3D('',#7474,#6099,#6100);
#4898=AXIS2_PLACEMENT_3D('',#7478,#6103,#6104);
#4899=AXIS2_PLACEMENT_3D('',#7481,#6106,#6107);
#4900=AXIS2_PLACEMENT_3D('',#7482,#6108,#6109);
#4901=AXIS2_PLACEMENT_3D('',#7486,#6112,#6113);
#4902=AXIS2_PLACEMENT_3D('',#7489,#6115,#6116);
#4903=AXIS2_PLACEMENT_3D('',#7490,#6117,#6118);
#4904=AXIS2_PLACEMENT_3D('',#7494,#6121,#6122);
#4905=AXIS2_PLACEMENT_3D('',#7497,#6124,#6125);
#4906=AXIS2_PLACEMENT_3D('',#7498,#6126,#6127);
#4907=AXIS2_PLACEMENT_3D('',#7502,#6130,#6131);
#4908=AXIS2_PLACEMENT_3D('',#7505,#6133,#6134);
#4909=AXIS2_PLACEMENT_3D('',#7506,#6135,#6136);
#4910=AXIS2_PLACEMENT_3D('',#7510,#6139,#6140);
#4911=AXIS2_PLACEMENT_3D('',#7513,#6142,#6143);
#4912=AXIS2_PLACEMENT_3D('',#7514,#6144,#6145);
#4913=AXIS2_PLACEMENT_3D('',#7518,#6148,#6149);
#4914=AXIS2_PLACEMENT_3D('',#7521,#6151,#6152);
#4915=AXIS2_PLACEMENT_3D('',#7522,#6153,#6154);
#4916=AXIS2_PLACEMENT_3D('',#7526,#6157,#6158);
#4917=AXIS2_PLACEMENT_3D('',#7529,#6160,#6161);
#4918=AXIS2_PLACEMENT_3D('',#7530,#6162,#6163);
#4919=AXIS2_PLACEMENT_3D('',#7533,#6165,#6166);
#4920=AXIS2_PLACEMENT_3D('',#7534,#6167,#6168);
#4921=AXIS2_PLACEMENT_3D('',#7540,#6172,#6173);
#4922=AXIS2_PLACEMENT_3D('',#7542,#6174,#6175);
#4923=AXIS2_PLACEMENT_3D('',#7544,#6177,#6178);
#4924=AXIS2_PLACEMENT_3D('',#7548,#6181,#6182);
#4925=AXIS2_PLACEMENT_3D('',#7550,#6183,#6184);
#4926=AXIS2_PLACEMENT_3D('',#7552,#6186,#6187);
#4927=AXIS2_PLACEMENT_3D('',#7556,#6190,#6191);
#4928=AXIS2_PLACEMENT_3D('',#7558,#6192,#6193);
#4929=AXIS2_PLACEMENT_3D('',#7560,#6195,#6196);
#4930=AXIS2_PLACEMENT_3D('',#7562,#6198,#6199);
#4931=AXIS2_PLACEMENT_3D('',#7564,#6200,#6201);
#4932=AXIS2_PLACEMENT_3D('',#7568,#6203,#6204);
#4933=AXIS2_PLACEMENT_3D('',#7572,#6206,#6207);
#4934=AXIS2_PLACEMENT_3D('',#7576,#6209,#6210);
#4935=AXIS2_PLACEMENT_3D('',#7580,#6212,#6213);
#4936=AXIS2_PLACEMENT_3D('',#7584,#6215,#6216);
#4937=AXIS2_PLACEMENT_3D('',#7588,#6218,#6219);
#4938=AXIS2_PLACEMENT_3D('',#7592,#6221,#6222);
#4939=AXIS2_PLACEMENT_3D('',#7596,#6224,#6225);
#4940=AXIS2_PLACEMENT_3D('',#7600,#6227,#6228);
#4941=AXIS2_PLACEMENT_3D('',#7604,#6230,#6231);
#4942=AXIS2_PLACEMENT_3D('',#7608,#6233,#6234);
#4943=AXIS2_PLACEMENT_3D('',#7612,#6236,#6237);
#4944=AXIS2_PLACEMENT_3D('',#7615,#6239,#6240);
#4945=AXIS2_PLACEMENT_3D('',#7616,#6241,#6242);
#4946=AXIS2_PLACEMENT_3D('',#7619,#6245,#6246);
#4947=AXIS2_PLACEMENT_3D('',#7621,#6248,#6249);
#4948=AXIS2_PLACEMENT_3D('',#7623,#6251,#6252);
#4949=AXIS2_PLACEMENT_3D('',#7625,#6254,#6255);
#4950=AXIS2_PLACEMENT_3D('',#7627,#6257,#6258);
#4951=AXIS2_PLACEMENT_3D('',#7629,#6260,#6261);
#4952=AXIS2_PLACEMENT_3D('',#7631,#6263,#6264);
#4953=AXIS2_PLACEMENT_3D('',#7633,#6266,#6267);
#4954=AXIS2_PLACEMENT_3D('',#7635,#6269,#6270);
#4955=AXIS2_PLACEMENT_3D('',#7637,#6272,#6273);
#4956=AXIS2_PLACEMENT_3D('',#7639,#6275,#6276);
#4957=AXIS2_PLACEMENT_3D('',#7641,#6278,#6279);
#4958=AXIS2_PLACEMENT_3D('',#7643,#6281,#6282);
#4959=AXIS2_PLACEMENT_3D('',#7645,#6284,#6285);
#4960=AXIS2_PLACEMENT_3D('',#7647,#6287,#6288);
#4961=AXIS2_PLACEMENT_3D('',#7649,#6290,#6291);
#4962=AXIS2_PLACEMENT_3D('',#7651,#6293,#6294);
#4963=AXIS2_PLACEMENT_3D('',#7652,#6295,#6296);
#4964=AXIS2_PLACEMENT_3D('',#7654,#6298,#6299);
#4965=AXIS2_PLACEMENT_3D('',#7656,#6301,#6302);
#4966=AXIS2_PLACEMENT_3D('',#7658,#6304,#6305);
#4967=AXIS2_PLACEMENT_3D('',#7660,#6307,#6308);
#4968=AXIS2_PLACEMENT_3D('',#7662,#6310,#6311);
#4969=AXIS2_PLACEMENT_3D('',#7664,#6313,#6314);
#4970=AXIS2_PLACEMENT_3D('',#7666,#6316,#6317);
#4971=AXIS2_PLACEMENT_3D('',#7668,#6319,#6320);
#4972=AXIS2_PLACEMENT_3D('',#7669,#6321,#6322);
#4973=AXIS2_PLACEMENT_3D('',#7670,#6323,#6324);
#4974=AXIS2_PLACEMENT_3D('',#7671,#6325,#6326);
#4975=AXIS2_PLACEMENT_3D('',#7672,#6327,#6328);
#4976=AXIS2_PLACEMENT_3D('',#7673,#6329,#6330);
#4977=AXIS2_PLACEMENT_3D('',#7674,#6331,#6332);
#4978=AXIS2_PLACEMENT_3D('',#7675,#6333,#6334);
#4979=AXIS2_PLACEMENT_3D('',#7676,#6335,#6336);
#4980=AXIS2_PLACEMENT_3D('',#7677,#6337,#6338);
#4981=AXIS2_PLACEMENT_3D('',#7678,#6339,#6340);
#4982=AXIS2_PLACEMENT_3D('',#7679,#6341,#6342);
#4983=AXIS2_PLACEMENT_3D('',#7680,#6343,#6344);
#4984=DIRECTION('axis',(0.,0.,1.));
#4985=DIRECTION('refdir',(1.,0.,0.));
#4986=DIRECTION('axis',(0.,0.,1.));
#4987=DIRECTION('refdir',(1.,0.,0.));
#4988=DIRECTION('center_axis',(0.,0.,1.));
#4989=DIRECTION('ref_axis',(1.,0.,0.));
#4990=DIRECTION('center_axis',(0.,0.,-1.));
#4991=DIRECTION('ref_axis',(-1.,0.,0.));
#4992=DIRECTION('',(-1.,3.30423519233678E-16,0.));
#4993=DIRECTION('center_axis',(0.,0.,-1.));
#4994=DIRECTION('ref_axis',(-1.,0.,0.));
#4995=DIRECTION('',(-3.30423519233678E-16,-1.,0.));
#4996=DIRECTION('center_axis',(0.,0.,-1.));
#4997=DIRECTION('ref_axis',(-1.,0.,0.));
#4998=DIRECTION('',(1.,0.,0.));
#4999=DIRECTION('center_axis',(0.,0.,-1.));
#5000=DIRECTION('ref_axis',(-1.,0.,0.));
#5001=DIRECTION('',(1.5419764230905E-15,1.,0.));
#5002=DIRECTION('center_axis',(0.,0.,1.));
#5003=DIRECTION('ref_axis',(-1.,0.,0.));
#5004=DIRECTION('',(0.707106781186547,-0.707106781186548,0.));
#5005=DIRECTION('center_axis',(0.,0.,1.));
#5006=DIRECTION('ref_axis',(-1.,0.,0.));
#5007=DIRECTION('',(-2.924200878719E-15,-1.,0.));
#5008=DIRECTION('center_axis',(0.,0.,1.));
#5009=DIRECTION('ref_axis',(-1.,0.,0.));
#5010=DIRECTION('',(-0.707106781186547,-0.707106781186548,0.));
#5011=DIRECTION('center_axis',(0.,0.,1.));
#5012=DIRECTION('ref_axis',(-1.,0.,0.));
#5013=DIRECTION('',(-1.5419764230905E-15,1.,0.));
#5014=DIRECTION('center_axis',(0.,0.,-1.));
#5015=DIRECTION('ref_axis',(-1.,0.,0.));
#5016=DIRECTION('',(-1.,0.,0.));
#5017=DIRECTION('center_axis',(0.,0.,-1.));
#5018=DIRECTION('ref_axis',(-1.,0.,0.));
#5019=DIRECTION('',(3.30423519233678E-16,-1.,0.));
#5020=DIRECTION('center_axis',(0.,0.,-1.));
#5021=DIRECTION('ref_axis',(-1.,0.,0.));
#5022=DIRECTION('',(1.,3.30423519233678E-16,0.));
#5023=DIRECTION('center_axis',(0.,0.,-1.));
#5024=DIRECTION('ref_axis',(-1.,0.,0.));
#5025=DIRECTION('',(8.06563919589585E-16,1.,0.));
#5026=DIRECTION('center_axis',(0.,0.,-1.));
#5027=DIRECTION('ref_axis',(-1.,0.,0.));
#5028=DIRECTION('',(-1.,0.,0.));
#5029=DIRECTION('center_axis',(0.,0.,1.));
#5030=DIRECTION('ref_axis',(-1.,0.,0.));
#5031=DIRECTION('',(0.707106781186547,0.707106781186548,0.));
#5032=DIRECTION('center_axis',(0.,0.,1.));
#5033=DIRECTION('ref_axis',(-1.,0.,0.));
#5034=DIRECTION('',(1.,4.87366813119827E-16,0.));
#5035=DIRECTION('center_axis',(0.,0.,1.));
#5036=DIRECTION('ref_axis',(1.,0.,0.));
#5037=DIRECTION('',(0.707106781186547,-0.707106781186548,0.));
#5038=DIRECTION('center_axis',(0.,0.,1.));
#5039=DIRECTION('ref_axis',(1.,0.,0.));
#5040=DIRECTION('',(-1.,0.,0.));
#5041=DIRECTION('center_axis',(0.,0.,-1.));
#5042=DIRECTION('ref_axis',(1.,0.,0.));
#5043=DIRECTION('',(8.06563919589585E-16,-1.,0.));
#5044=DIRECTION('center_axis',(0.,0.,-1.));
#5045=DIRECTION('ref_axis',(1.,0.,0.));
#5046=DIRECTION('',(1.,-3.30423519233678E-16,0.));
#5047=DIRECTION('center_axis',(0.,0.,-1.));
#5048=DIRECTION('ref_axis',(1.,0.,0.));
#5049=DIRECTION('',(3.30423519233678E-16,1.,0.));
#5050=DIRECTION('center_axis',(0.,0.,-1.));
#5051=DIRECTION('ref_axis',(1.,0.,0.));
#5052=DIRECTION('',(-1.,0.,0.));
#5053=DIRECTION('center_axis',(0.,0.,-1.));
#5054=DIRECTION('ref_axis',(1.,0.,0.));
#5055=DIRECTION('',(-1.5419764230905E-15,-1.,0.));
#5056=DIRECTION('center_axis',(0.,0.,1.));
#5057=DIRECTION('ref_axis',(1.,0.,0.));
#5058=DIRECTION('',(-0.707106781186547,0.707106781186548,0.));
#5059=DIRECTION('center_axis',(0.,0.,1.));
#5060=DIRECTION('ref_axis',(1.,0.,0.));
#5061=DIRECTION('',(-2.924200878719E-15,1.,0.));
#5062=DIRECTION('center_axis',(0.,0.,1.));
#5063=DIRECTION('ref_axis',(1.,0.,0.));
#5064=DIRECTION('',(0.707106781186547,0.707106781186548,0.));
#5065=DIRECTION('center_axis',(0.,0.,1.));
#5066=DIRECTION('ref_axis',(1.,0.,0.));
#5067=DIRECTION('',(1.5419764230905E-15,-1.,0.));
#5068=DIRECTION('center_axis',(0.,0.,-1.));
#5069=DIRECTION('ref_axis',(1.,0.,0.));
#5070=DIRECTION('',(1.,0.,0.));
#5071=DIRECTION('center_axis',(0.,0.,-1.));
#5072=DIRECTION('ref_axis',(1.,0.,0.));
#5073=DIRECTION('',(-3.30423519233678E-16,1.,0.));
#5074=DIRECTION('center_axis',(0.,0.,-1.));
#5075=DIRECTION('ref_axis',(1.,0.,0.));
#5076=DIRECTION('',(-1.,-3.30423519233678E-16,0.));
#5077=DIRECTION('center_axis',(0.,0.,-1.));
#5078=DIRECTION('ref_axis',(1.,0.,0.));
#5079=DIRECTION('',(-8.06563919589585E-16,-1.,0.));
#5080=DIRECTION('center_axis',(0.,0.,-1.));
#5081=DIRECTION('ref_axis',(1.,0.,0.));
#5082=DIRECTION('',(1.,0.,0.));
#5083=DIRECTION('center_axis',(0.,0.,1.));
#5084=DIRECTION('ref_axis',(1.,0.,0.));
#5085=DIRECTION('',(-0.707106781186547,-0.707106781186548,0.));
#5086=DIRECTION('center_axis',(0.,0.,1.));
#5087=DIRECTION('ref_axis',(1.,0.,0.));
#5088=DIRECTION('',(-1.,4.87366813119827E-16,0.));
#5089=DIRECTION('center_axis',(0.,0.,1.));
#5090=DIRECTION('ref_axis',(-1.,0.,0.));
#5091=DIRECTION('',(-0.707106781186547,0.707106781186548,0.));
#5092=DIRECTION('center_axis',(0.,0.,1.));
#5093=DIRECTION('ref_axis',(-1.,0.,0.));
#5094=DIRECTION('',(1.,0.,0.));
#5095=DIRECTION('center_axis',(0.,0.,-1.));
#5096=DIRECTION('ref_axis',(-1.,0.,0.));
#5097=DIRECTION('',(-8.06563919589585E-16,1.,0.));
#5098=DIRECTION('center_axis',(0.,0.,1.));
#5099=DIRECTION('ref_axis',(-1.,0.,0.));
#5100=DIRECTION('center_axis',(-3.30423519233678E-16,-1.,0.));
#5101=DIRECTION('ref_axis',(0.,0.,-1.));
#5102=DIRECTION('',(0.,0.,-1.));
#5103=DIRECTION('',(-1.,4.22942104619107E-16,0.));
#5104=DIRECTION('',(0.,0.,-1.));
#5105=DIRECTION('center_axis',(0.,0.,-1.));
#5106=DIRECTION('ref_axis',(1.,0.,0.));
#5107=DIRECTION('',(0.,0.,-1.));
#5108=DIRECTION('center_axis',(0.,0.,1.));
#5109=DIRECTION('ref_axis',(-1.,0.,0.));
#5110=DIRECTION('center_axis',(-1.,-8.06563919589585E-16,0.));
#5111=DIRECTION('ref_axis',(0.,0.,1.));
#5112=DIRECTION('',(0.,0.,-1.));
#5113=DIRECTION('',(-7.74301362806001E-16,1.,0.));
#5114=DIRECTION('center_axis',(0.,0.,-1.));
#5115=DIRECTION('ref_axis',(1.,0.,0.));
#5116=DIRECTION('',(0.,0.,-1.));
#5117=DIRECTION('center_axis',(0.,0.,1.));
#5118=DIRECTION('ref_axis',(1.,0.,0.));
#5119=DIRECTION('center_axis',(0.,1.,0.));
#5120=DIRECTION('ref_axis',(0.,0.,1.));
#5121=DIRECTION('',(0.,0.,-1.));
#5122=DIRECTION('',(1.,0.,0.));
#5123=DIRECTION('center_axis',(0.,0.,-1.));
#5124=DIRECTION('ref_axis',(-0.923879532511287,0.38268343236509,0.));
#5125=DIRECTION('',(0.,0.,-1.));
#5126=DIRECTION('center_axis',(0.,0.,-1.));
#5127=DIRECTION('ref_axis',(-1.,0.,0.));
#5128=DIRECTION('center_axis',(-0.707106781186548,-0.707106781186547,0.));
#5129=DIRECTION('ref_axis',(0.,0.,1.));
#5130=DIRECTION('',(0.,0.,-1.));
#5131=DIRECTION('',(-0.707106781186547,0.707106781186548,0.));
#5132=DIRECTION('center_axis',(0.,0.,-1.));
#5133=DIRECTION('ref_axis',(1.,0.,0.));
#5134=DIRECTION('',(0.,0.,-1.));
#5135=DIRECTION('center_axis',(0.,0.,-1.));
#5136=DIRECTION('ref_axis',(1.,0.,0.));
#5137=DIRECTION('center_axis',(4.87366813119827E-16,-1.,0.));
#5138=DIRECTION('ref_axis',(0.,0.,-1.));
#5139=DIRECTION('',(0.,0.,-1.));
#5140=DIRECTION('',(1.,6.23829520793379E-16,0.));
#5141=DIRECTION('center_axis',(0.,0.,-1.));
#5142=DIRECTION('ref_axis',(-1.,0.,0.));
#5143=DIRECTION('',(0.,0.,-1.));
#5144=DIRECTION('center_axis',(0.,0.,1.));
#5145=DIRECTION('ref_axis',(-1.,0.,0.));
#5146=DIRECTION('center_axis',(0.707106781186548,-0.707106781186547,0.));
#5147=DIRECTION('ref_axis',(0.,0.,-1.));
#5148=DIRECTION('',(0.,0.,-1.));
#5149=DIRECTION('',(0.707106781186547,0.707106781186548,0.));
#5150=DIRECTION('center_axis',(0.,0.,-1.));
#5151=DIRECTION('ref_axis',(0.923879532511287,0.38268343236509,0.));
#5152=DIRECTION('',(0.,0.,-1.));
#5153=DIRECTION('center_axis',(0.,0.,1.));
#5154=DIRECTION('ref_axis',(1.,0.,0.));
#5155=DIRECTION('center_axis',(0.,1.,0.));
#5156=DIRECTION('ref_axis',(0.,0.,1.));
#5157=DIRECTION('',(0.,0.,-1.));
#5158=DIRECTION('',(-1.,0.,0.));
#5159=DIRECTION('center_axis',(0.,0.,-1.));
#5160=DIRECTION('ref_axis',(-1.,0.,0.));
#5161=DIRECTION('',(0.,0.,-1.));
#5162=DIRECTION('center_axis',(0.,0.,-1.));
#5163=DIRECTION('ref_axis',(-1.,0.,0.));
#5164=DIRECTION('center_axis',(1.,-8.06563919589585E-16,0.));
#5165=DIRECTION('ref_axis',(0.,0.,-1.));
#5166=DIRECTION('',(0.,0.,-1.));
#5167=DIRECTION('',(7.74301362806001E-16,1.,0.));
#5168=DIRECTION('center_axis',(0.,0.,-1.));
#5169=DIRECTION('ref_axis',(-1.,0.,0.));
#5170=DIRECTION('',(0.,0.,-1.));
#5171=DIRECTION('center_axis',(0.,0.,-1.));
#5172=DIRECTION('ref_axis',(1.,0.,0.));
#5173=DIRECTION('center_axis',(3.30423519233678E-16,-1.,0.));
#5174=DIRECTION('ref_axis',(0.,0.,-1.));
#5175=DIRECTION('',(0.,0.,-1.));
#5176=DIRECTION('',(1.,4.22942104619107E-16,0.));
#5177=DIRECTION('center_axis',(0.,0.,-1.));
#5178=DIRECTION('ref_axis',(-1.,0.,0.));
#5179=DIRECTION('',(0.,0.,-1.));
#5180=DIRECTION('center_axis',(0.,0.,-1.));
#5181=DIRECTION('ref_axis',(1.,0.,0.));
#5182=DIRECTION('center_axis',(-1.,-3.30423519233678E-16,0.));
#5183=DIRECTION('ref_axis',(0.,0.,1.));
#5184=DIRECTION('',(0.,0.,-1.));
#5185=DIRECTION('',(2.11471052309554E-16,-1.,0.));
#5186=DIRECTION('center_axis',(0.,0.,-1.));
#5187=DIRECTION('ref_axis',(-1.,0.,0.));
#5188=DIRECTION('',(0.,0.,-1.));
#5189=DIRECTION('center_axis',(0.,0.,-1.));
#5190=DIRECTION('ref_axis',(-1.,0.,0.));
#5191=DIRECTION('center_axis',(0.,1.,0.));
#5192=DIRECTION('ref_axis',(0.,0.,1.));
#5193=DIRECTION('',(0.,0.,-1.));
#5194=DIRECTION('',(-1.,0.,0.));
#5195=DIRECTION('center_axis',(0.,0.,-1.));
#5196=DIRECTION('ref_axis',(-1.,0.,0.));
#5197=DIRECTION('',(0.,0.,-1.));
#5198=DIRECTION('center_axis',(0.,0.,-1.));
#5199=DIRECTION('ref_axis',(-1.,0.,0.));
#5200=DIRECTION('center_axis',(1.,1.5419764230905E-15,0.));
#5201=DIRECTION('ref_axis',(0.,0.,-1.));
#5202=DIRECTION('',(0.,0.,-1.));
#5203=DIRECTION('',(-1.48029736616688E-15,1.,0.));
#5204=DIRECTION('center_axis',(0.,0.,-1.));
#5205=DIRECTION('ref_axis',(-1.,0.,0.));
#5206=DIRECTION('',(0.,0.,-1.));
#5207=DIRECTION('center_axis',(0.,0.,1.));
#5208=DIRECTION('ref_axis',(1.,0.,0.));
#5209=DIRECTION('center_axis',(-0.707106781186548,0.707106781186547,0.));
#5210=DIRECTION('ref_axis',(0.,0.,1.));
#5211=DIRECTION('',(0.,0.,-1.));
#5212=DIRECTION('',(-0.707106781186547,-0.707106781186548,0.));
#5213=DIRECTION('center_axis',(0.,0.,-1.));
#5214=DIRECTION('ref_axis',(-1.,0.,0.));
#5215=DIRECTION('',(0.,0.,-1.));
#5216=DIRECTION('center_axis',(0.,0.,1.));
#5217=DIRECTION('ref_axis',(-1.,0.,0.));
#5218=DIRECTION('center_axis',(-1.,2.924200878719E-15,0.));
#5219=DIRECTION('ref_axis',(0.,0.,1.));
#5220=DIRECTION('',(0.,0.,-1.));
#5221=DIRECTION('',(3.11914760396693E-15,1.,0.));
#5222=DIRECTION('center_axis',(0.,0.,-1.));
#5223=DIRECTION('ref_axis',(-1.,0.,0.));
#5224=DIRECTION('',(0.,0.,-1.));
#5225=DIRECTION('center_axis',(0.,0.,-1.));
#5226=DIRECTION('ref_axis',(-1.,0.,0.));
#5227=DIRECTION('center_axis',(-0.707106781186548,-0.707106781186547,0.));
#5228=DIRECTION('ref_axis',(0.,0.,1.));
#5229=DIRECTION('',(0.,0.,-1.));
#5230=DIRECTION('',(-0.707106781186547,0.707106781186548,0.));
#5231=DIRECTION('center_axis',(0.,0.,-1.));
#5232=DIRECTION('ref_axis',(-1.,0.,0.));
#5233=DIRECTION('',(0.,0.,-1.));
#5234=DIRECTION('center_axis',(0.,0.,-1.));
#5235=DIRECTION('ref_axis',(1.,0.,0.));
#5236=DIRECTION('center_axis',(1.,-1.5419764230905E-15,0.));
#5237=DIRECTION('ref_axis',(0.,0.,-1.));
#5238=DIRECTION('',(0.,0.,-1.));
#5239=DIRECTION('',(-1.48029736616688E-15,-1.,0.));
#5240=DIRECTION('center_axis',(0.,0.,-1.));
#5241=DIRECTION('ref_axis',(-1.,0.,0.));
#5242=DIRECTION('',(0.,0.,-1.));
#5243=DIRECTION('center_axis',(0.,0.,1.));
#5244=DIRECTION('ref_axis',(-1.,0.,0.));
#5245=DIRECTION('center_axis',(0.,-1.,0.));
#5246=DIRECTION('ref_axis',(0.,0.,-1.));
#5247=DIRECTION('',(0.,0.,-1.));
#5248=DIRECTION('',(-1.,0.,0.));
#5249=DIRECTION('center_axis',(0.,0.,-1.));
#5250=DIRECTION('ref_axis',(-1.,0.,0.));
#5251=DIRECTION('',(0.,0.,-1.));
#5252=DIRECTION('center_axis',(0.,0.,1.));
#5253=DIRECTION('ref_axis',(-1.,0.,0.));
#5254=DIRECTION('center_axis',(-1.,3.30423519233678E-16,0.));
#5255=DIRECTION('ref_axis',(0.,0.,1.));
#5256=DIRECTION('',(0.,0.,-1.));
#5257=DIRECTION('',(2.11471052309554E-16,1.,0.));
#5258=DIRECTION('center_axis',(0.,0.,-1.));
#5259=DIRECTION('ref_axis',(-1.,0.,0.));
#5260=DIRECTION('',(0.,0.,-1.));
#5261=DIRECTION('center_axis',(0.,0.,1.));
#5262=DIRECTION('ref_axis',(1.,0.,0.));
#5263=DIRECTION('center_axis',(3.30423519233678E-16,1.,0.));
#5264=DIRECTION('ref_axis',(0.,0.,1.));
#5265=DIRECTION('',(0.,0.,-1.));
#5266=DIRECTION('',(1.,-4.22942104619107E-16,0.));
#5267=DIRECTION('center_axis',(0.,0.,-1.));
#5268=DIRECTION('ref_axis',(-1.,0.,0.));
#5269=DIRECTION('',(0.,0.,-1.));
#5270=DIRECTION('center_axis',(0.,0.,1.));
#5271=DIRECTION('ref_axis',(1.,0.,0.));
#5272=DIRECTION('center_axis',(0.,0.,-1.));
#5273=DIRECTION('ref_axis',(-1.,0.,0.));
#5274=DIRECTION('',(0.,0.,-1.));
#5275=DIRECTION('center_axis',(0.,0.,-1.));
#5276=DIRECTION('ref_axis',(1.,0.,0.));
#5277=DIRECTION('center_axis',(4.87366813119827E-16,1.,0.));
#5278=DIRECTION('ref_axis',(0.,0.,1.));
#5279=DIRECTION('',(0.,0.,-1.));
#5280=DIRECTION('',(1.,-6.23829520793379E-16,0.));
#5281=DIRECTION('',(0.,0.,-1.));
#5282=DIRECTION('center_axis',(0.,0.,-1.));
#5283=DIRECTION('ref_axis',(-1.,0.,0.));
#5284=DIRECTION('center_axis',(0.,0.,-1.));
#5285=DIRECTION('ref_axis',(-1.,0.,0.));
#5286=DIRECTION('',(0.,0.,-1.));
#5287=DIRECTION('center_axis',(0.707106781186548,0.707106781186547,0.));
#5288=DIRECTION('ref_axis',(0.,0.,-1.));
#5289=DIRECTION('',(0.707106781186547,-0.707106781186548,0.));
#5290=DIRECTION('',(0.,0.,-1.));
#5291=DIRECTION('center_axis',(0.,0.,-1.));
#5292=DIRECTION('ref_axis',(0.923879532511287,-0.38268343236509,0.));
#5293=DIRECTION('center_axis',(0.,0.,-1.));
#5294=DIRECTION('ref_axis',(1.,0.,0.));
#5295=DIRECTION('',(0.,0.,-1.));
#5296=DIRECTION('center_axis',(0.,-1.,0.));
#5297=DIRECTION('ref_axis',(0.,0.,-1.));
#5298=DIRECTION('',(-1.,0.,0.));
#5299=DIRECTION('',(0.,0.,-1.));
#5300=DIRECTION('center_axis',(0.,0.,-1.));
#5301=DIRECTION('ref_axis',(-1.,0.,0.));
#5302=DIRECTION('center_axis',(0.,0.,1.));
#5303=DIRECTION('ref_axis',(-1.,0.,0.));
#5304=DIRECTION('',(0.,0.,-1.));
#5305=DIRECTION('center_axis',(1.,8.06563919589585E-16,0.));
#5306=DIRECTION('ref_axis',(0.,0.,-1.));
#5307=DIRECTION('',(7.74301362806001E-16,-1.,0.));
#5308=DIRECTION('center_axis',(0.,0.,1.));
#5309=DIRECTION('ref_axis',(1.,0.,0.));
#5310=DIRECTION('center_axis',(0.,0.,1.));
#5311=DIRECTION('ref_axis',(1.,0.,0.));
#5312=DIRECTION('',(-0.707106781186547,-0.707106781186548,0.));
#5313=DIRECTION('center_axis',(0.,0.,1.));
#5314=DIRECTION('ref_axis',(-1.,0.,0.));
#5315=DIRECTION('',(1.,0.,0.));
#5316=DIRECTION('center_axis',(0.,0.,-1.));
#5317=DIRECTION('ref_axis',(1.,0.,0.));
#5318=DIRECTION('',(-7.74301362806001E-16,-1.,0.));
#5319=DIRECTION('center_axis',(0.,0.,-1.));
#5320=DIRECTION('ref_axis',(-1.,0.,0.));
#5321=DIRECTION('',(-1.,-4.22942104619107E-16,0.));
#5322=DIRECTION('center_axis',(0.,0.,-1.));
#5323=DIRECTION('ref_axis',(-1.,0.,0.));
#5324=DIRECTION('',(-2.11471052309554E-16,1.,0.));
#5325=DIRECTION('center_axis',(0.,0.,-1.));
#5326=DIRECTION('ref_axis',(1.,0.,0.));
#5327=DIRECTION('',(1.,0.,0.));
#5328=DIRECTION('center_axis',(0.,0.,-1.));
#5329=DIRECTION('ref_axis',(1.,0.,0.));
#5330=DIRECTION('',(1.48029736616688E-15,-1.,0.));
#5331=DIRECTION('center_axis',(0.,0.,1.));
#5332=DIRECTION('ref_axis',(-1.,0.,0.));
#5333=DIRECTION('',(0.707106781186547,0.707106781186548,0.));
#5334=DIRECTION('center_axis',(0.,0.,1.));
#5335=DIRECTION('ref_axis',(1.,0.,0.));
#5336=DIRECTION('',(-3.11914760396693E-15,1.,0.));
#5337=DIRECTION('center_axis',(0.,0.,-1.));
#5338=DIRECTION('ref_axis',(1.,0.,0.));
#5339=DIRECTION('',(0.707106781186547,-0.707106781186548,0.));
#5340=DIRECTION('center_axis',(0.,0.,-1.));
#5341=DIRECTION('ref_axis',(-1.,0.,0.));
#5342=DIRECTION('',(1.48029736616688E-15,1.,0.));
#5343=DIRECTION('center_axis',(0.,0.,1.));
#5344=DIRECTION('ref_axis',(1.,0.,0.));
#5345=DIRECTION('',(1.,0.,0.));
#5346=DIRECTION('center_axis',(0.,0.,1.));
#5347=DIRECTION('ref_axis',(1.,0.,0.));
#5348=DIRECTION('',(-2.11471052309554E-16,-1.,0.));
#5349=DIRECTION('center_axis',(0.,0.,1.));
#5350=DIRECTION('ref_axis',(-1.,0.,0.));
#5351=DIRECTION('center_axis',(0.,0.,-1.));
#5352=DIRECTION('ref_axis',(1.,0.,0.));
#5353=DIRECTION('',(0.,0.,-1.));
#5354=DIRECTION('',(0.,0.,-1.));
#5355=DIRECTION('center_axis',(-3.30423519233678E-16,1.,0.));
#5356=DIRECTION('ref_axis',(0.,0.,1.));
#5357=DIRECTION('',(0.,0.,-1.));
#5358=DIRECTION('center_axis',(0.,0.,-1.));
#5359=DIRECTION('ref_axis',(1.,0.,0.));
#5360=DIRECTION('',(0.,0.,-1.));
#5361=DIRECTION('center_axis',(1.,3.30423519233678E-16,0.));
#5362=DIRECTION('ref_axis',(0.,0.,-1.));
#5363=DIRECTION('',(0.,0.,-1.));
#5364=DIRECTION('center_axis',(0.,0.,-1.));
#5365=DIRECTION('ref_axis',(1.,0.,0.));
#5366=DIRECTION('',(0.,0.,-1.));
#5367=DIRECTION('center_axis',(0.,-1.,0.));
#5368=DIRECTION('ref_axis',(0.,0.,-1.));
#5369=DIRECTION('',(0.,0.,-1.));
#5370=DIRECTION('center_axis',(0.,0.,-1.));
#5371=DIRECTION('ref_axis',(1.,0.,0.));
#5372=DIRECTION('',(0.,0.,-1.));
#5373=DIRECTION('center_axis',(-1.,-1.5419764230905E-15,0.));
#5374=DIRECTION('ref_axis',(0.,0.,1.));
#5375=DIRECTION('',(0.,0.,-1.));
#5376=DIRECTION('center_axis',(0.,0.,-1.));
#5377=DIRECTION('ref_axis',(1.,0.,0.));
#5378=DIRECTION('',(0.,0.,-1.));
#5379=DIRECTION('center_axis',(0.707106781186548,-0.707106781186547,0.));
#5380=DIRECTION('ref_axis',(0.,0.,-1.));
#5381=DIRECTION('',(0.,0.,-1.));
#5382=DIRECTION('center_axis',(0.,0.,-1.));
#5383=DIRECTION('ref_axis',(1.,0.,0.));
#5384=DIRECTION('',(0.,0.,-1.));
#5385=DIRECTION('center_axis',(1.,2.924200878719E-15,0.));
#5386=DIRECTION('ref_axis',(0.,0.,-1.));
#5387=DIRECTION('',(0.,0.,-1.));
#5388=DIRECTION('center_axis',(0.,0.,-1.));
#5389=DIRECTION('ref_axis',(1.,0.,0.));
#5390=DIRECTION('',(0.,0.,-1.));
#5391=DIRECTION('center_axis',(-0.707106781186548,0.707106781186547,0.));
#5392=DIRECTION('ref_axis',(0.,0.,1.));
#5393=DIRECTION('',(0.,0.,-1.));
#5394=DIRECTION('center_axis',(0.,0.,-1.));
#5395=DIRECTION('ref_axis',(-0.923879532511287,-0.38268343236509,0.));
#5396=DIRECTION('',(0.,0.,-1.));
#5397=DIRECTION('center_axis',(0.,-1.,0.));
#5398=DIRECTION('ref_axis',(0.,0.,-1.));
#5399=DIRECTION('',(0.,0.,-1.));
#5400=DIRECTION('center_axis',(0.,0.,-1.));
#5401=DIRECTION('ref_axis',(1.,0.,0.));
#5402=DIRECTION('',(0.,0.,-1.));
#5403=DIRECTION('center_axis',(-1.,8.06563919589585E-16,0.));
#5404=DIRECTION('ref_axis',(0.,0.,1.));
#5405=DIRECTION('center_axis',(0.,0.,-1.));
#5406=DIRECTION('ref_axis',(1.,0.,0.));
#5407=DIRECTION('',(0.,0.,-1.));
#5408=DIRECTION('center_axis',(1.,-3.30423519233678E-16,0.));
#5409=DIRECTION('ref_axis',(0.,0.,-1.));
#5410=DIRECTION('',(0.,0.,-1.));
#5411=DIRECTION('center_axis',(0.,0.,-1.));
#5412=DIRECTION('ref_axis',(1.,0.,0.));
#5413=DIRECTION('',(0.,0.,-1.));
#5414=DIRECTION('center_axis',(0.,1.,0.));
#5415=DIRECTION('ref_axis',(0.,0.,1.));
#5416=DIRECTION('',(0.,0.,-1.));
#5417=DIRECTION('center_axis',(0.,0.,-1.));
#5418=DIRECTION('ref_axis',(1.,0.,0.));
#5419=DIRECTION('',(0.,0.,-1.));
#5420=DIRECTION('center_axis',(-1.,1.5419764230905E-15,0.));
#5421=DIRECTION('ref_axis',(0.,0.,1.));
#5422=DIRECTION('',(0.,0.,-1.));
#5423=DIRECTION('center_axis',(0.,0.,-1.));
#5424=DIRECTION('ref_axis',(1.,0.,0.));
#5425=DIRECTION('',(0.,0.,-1.));
#5426=DIRECTION('center_axis',(0.707106781186548,0.707106781186547,0.));
#5427=DIRECTION('ref_axis',(0.,0.,-1.));
#5428=DIRECTION('',(0.,0.,-1.));
#5429=DIRECTION('center_axis',(0.,0.,-1.));
#5430=DIRECTION('ref_axis',(1.,0.,0.));
#5431=DIRECTION('axis',(0.,0.,1.));
#5432=DIRECTION('refdir',(1.,0.,0.));
#5433=DIRECTION('center_axis',(0.,0.,1.));
#5434=DIRECTION('ref_axis',(1.,0.,0.));
#5435=DIRECTION('center_axis',(0.,0.,-1.));
#5436=DIRECTION('ref_axis',(-1.,0.,0.));
#5437=DIRECTION('',(-1.,3.30423519233678E-16,0.));
#5438=DIRECTION('center_axis',(0.,0.,-1.));
#5439=DIRECTION('ref_axis',(-1.,0.,0.));
#5440=DIRECTION('',(-3.30423519233678E-16,-1.,0.));
#5441=DIRECTION('center_axis',(0.,0.,-1.));
#5442=DIRECTION('ref_axis',(-1.,0.,0.));
#5443=DIRECTION('',(1.,0.,0.));
#5444=DIRECTION('center_axis',(0.,0.,-1.));
#5445=DIRECTION('ref_axis',(-1.,0.,0.));
#5446=DIRECTION('',(1.5419764230905E-15,1.,0.));
#5447=DIRECTION('center_axis',(0.,0.,1.));
#5448=DIRECTION('ref_axis',(-1.,0.,0.));
#5449=DIRECTION('',(0.707106781186547,-0.707106781186548,0.));
#5450=DIRECTION('center_axis',(0.,0.,1.));
#5451=DIRECTION('ref_axis',(-1.,0.,0.));
#5452=DIRECTION('',(-2.924200878719E-15,-1.,0.));
#5453=DIRECTION('center_axis',(0.,0.,1.));
#5454=DIRECTION('ref_axis',(-1.,0.,0.));
#5455=DIRECTION('',(-0.707106781186547,-0.707106781186548,0.));
#5456=DIRECTION('center_axis',(0.,0.,1.));
#5457=DIRECTION('ref_axis',(-1.,0.,0.));
#5458=DIRECTION('',(-1.5419764230905E-15,1.,0.));
#5459=DIRECTION('center_axis',(0.,0.,-1.));
#5460=DIRECTION('ref_axis',(-1.,0.,0.));
#5461=DIRECTION('',(-1.,0.,0.));
#5462=DIRECTION('center_axis',(0.,0.,-1.));
#5463=DIRECTION('ref_axis',(-1.,0.,0.));
#5464=DIRECTION('',(3.30423519233678E-16,-1.,0.));
#5465=DIRECTION('center_axis',(0.,0.,-1.));
#5466=DIRECTION('ref_axis',(-1.,0.,0.));
#5467=DIRECTION('',(1.,3.30423519233678E-16,0.));
#5468=DIRECTION('center_axis',(0.,0.,-1.));
#5469=DIRECTION('ref_axis',(-1.,0.,0.));
#5470=DIRECTION('',(8.06563919589585E-16,1.,0.));
#5471=DIRECTION('center_axis',(0.,0.,-1.));
#5472=DIRECTION('ref_axis',(-1.,0.,0.));
#5473=DIRECTION('',(-1.,0.,0.));
#5474=DIRECTION('center_axis',(0.,0.,1.));
#5475=DIRECTION('ref_axis',(-1.,0.,0.));
#5476=DIRECTION('',(0.707106781186547,0.707106781186548,0.));
#5477=DIRECTION('center_axis',(0.,0.,1.));
#5478=DIRECTION('ref_axis',(-1.,0.,0.));
#5479=DIRECTION('',(1.,4.87366813119827E-16,0.));
#5480=DIRECTION('center_axis',(0.,0.,1.));
#5481=DIRECTION('ref_axis',(1.,0.,0.));
#5482=DIRECTION('',(0.707106781186547,-0.707106781186548,0.));
#5483=DIRECTION('center_axis',(0.,0.,1.));
#5484=DIRECTION('ref_axis',(1.,0.,0.));
#5485=DIRECTION('',(-1.,0.,0.));
#5486=DIRECTION('center_axis',(0.,0.,-1.));
#5487=DIRECTION('ref_axis',(1.,0.,0.));
#5488=DIRECTION('',(8.06563919589585E-16,-1.,0.));
#5489=DIRECTION('center_axis',(0.,0.,-1.));
#5490=DIRECTION('ref_axis',(1.,0.,0.));
#5491=DIRECTION('',(1.,-3.30423519233678E-16,0.));
#5492=DIRECTION('center_axis',(0.,0.,-1.));
#5493=DIRECTION('ref_axis',(1.,0.,0.));
#5494=DIRECTION('',(3.30423519233678E-16,1.,0.));
#5495=DIRECTION('center_axis',(0.,0.,-1.));
#5496=DIRECTION('ref_axis',(1.,0.,0.));
#5497=DIRECTION('',(-1.,0.,0.));
#5498=DIRECTION('center_axis',(0.,0.,-1.));
#5499=DIRECTION('ref_axis',(1.,0.,0.));
#5500=DIRECTION('',(-1.5419764230905E-15,-1.,0.));
#5501=DIRECTION('center_axis',(0.,0.,1.));
#5502=DIRECTION('ref_axis',(1.,0.,0.));
#5503=DIRECTION('',(-0.707106781186547,0.707106781186548,0.));
#5504=DIRECTION('center_axis',(0.,0.,1.));
#5505=DIRECTION('ref_axis',(1.,0.,0.));
#5506=DIRECTION('',(-2.924200878719E-15,1.,0.));
#5507=DIRECTION('center_axis',(0.,0.,1.));
#5508=DIRECTION('ref_axis',(1.,0.,0.));
#5509=DIRECTION('',(0.707106781186547,0.707106781186548,0.));
#5510=DIRECTION('center_axis',(0.,0.,1.));
#5511=DIRECTION('ref_axis',(1.,0.,0.));
#5512=DIRECTION('',(1.5419764230905E-15,-1.,0.));
#5513=DIRECTION('center_axis',(0.,0.,-1.));
#5514=DIRECTION('ref_axis',(1.,0.,0.));
#5515=DIRECTION('',(1.,0.,0.));
#5516=DIRECTION('center_axis',(0.,0.,-1.));
#5517=DIRECTION('ref_axis',(1.,0.,0.));
#5518=DIRECTION('',(-3.30423519233678E-16,1.,0.));
#5519=DIRECTION('center_axis',(0.,0.,-1.));
#5520=DIRECTION('ref_axis',(1.,0.,0.));
#5521=DIRECTION('',(-1.,-3.30423519233678E-16,0.));
#5522=DIRECTION('center_axis',(0.,0.,-1.));
#5523=DIRECTION('ref_axis',(1.,0.,0.));
#5524=DIRECTION('',(-8.06563919589585E-16,-1.,0.));
#5525=DIRECTION('center_axis',(0.,0.,-1.));
#5526=DIRECTION('ref_axis',(1.,0.,0.));
#5527=DIRECTION('',(1.,0.,0.));
#5528=DIRECTION('center_axis',(0.,0.,1.));
#5529=DIRECTION('ref_axis',(1.,0.,0.));
#5530=DIRECTION('',(-0.707106781186547,-0.707106781186548,0.));
#5531=DIRECTION('center_axis',(0.,0.,1.));
#5532=DIRECTION('ref_axis',(1.,0.,0.));
#5533=DIRECTION('',(-1.,4.87366813119827E-16,0.));
#5534=DIRECTION('center_axis',(0.,0.,1.));
#5535=DIRECTION('ref_axis',(-1.,0.,0.));
#5536=DIRECTION('',(-0.707106781186547,0.707106781186548,0.));
#5537=DIRECTION('center_axis',(0.,0.,1.));
#5538=DIRECTION('ref_axis',(-1.,0.,0.));
#5539=DIRECTION('',(1.,0.,0.));
#5540=DIRECTION('center_axis',(0.,0.,-1.));
#5541=DIRECTION('ref_axis',(-1.,0.,0.));
#5542=DIRECTION('',(-8.06563919589585E-16,1.,0.));
#5543=DIRECTION('center_axis',(0.,0.,1.));
#5544=DIRECTION('ref_axis',(-1.,0.,0.));
#5545=DIRECTION('center_axis',(-3.30423519233678E-16,-1.,0.));
#5546=DIRECTION('ref_axis',(0.,0.,-1.));
#5547=DIRECTION('',(0.,0.,-1.));
#5548=DIRECTION('',(-1.,4.22942104619107E-16,0.));
#5549=DIRECTION('',(0.,0.,-1.));
#5550=DIRECTION('center_axis',(0.,0.,-1.));
#5551=DIRECTION('ref_axis',(1.,0.,0.));
#5552=DIRECTION('',(0.,0.,-1.));
#5553=DIRECTION('center_axis',(0.,0.,1.));
#5554=DIRECTION('ref_axis',(-1.,0.,0.));
#5555=DIRECTION('center_axis',(-1.,-8.06563919589585E-16,0.));
#5556=DIRECTION('ref_axis',(0.,0.,1.));
#5557=DIRECTION('',(0.,0.,-1.));
#5558=DIRECTION('',(-7.74301362806001E-16,1.,0.));
#5559=DIRECTION('center_axis',(0.,0.,-1.));
#5560=DIRECTION('ref_axis',(1.,0.,0.));
#5561=DIRECTION('',(0.,0.,-1.));
#5562=DIRECTION('center_axis',(0.,0.,1.));
#5563=DIRECTION('ref_axis',(1.,0.,0.));
#5564=DIRECTION('center_axis',(0.,1.,0.));
#5565=DIRECTION('ref_axis',(0.,0.,1.));
#5566=DIRECTION('',(0.,0.,-1.));
#5567=DIRECTION('',(1.,0.,0.));
#5568=DIRECTION('center_axis',(0.,0.,-1.));
#5569=DIRECTION('ref_axis',(-0.923879532511287,0.38268343236509,0.));
#5570=DIRECTION('',(0.,0.,-1.));
#5571=DIRECTION('center_axis',(0.,0.,-1.));
#5572=DIRECTION('ref_axis',(-1.,0.,0.));
#5573=DIRECTION('center_axis',(-0.707106781186548,-0.707106781186547,0.));
#5574=DIRECTION('ref_axis',(0.,0.,1.));
#5575=DIRECTION('',(0.,0.,-1.));
#5576=DIRECTION('',(-0.707106781186547,0.707106781186548,0.));
#5577=DIRECTION('center_axis',(0.,0.,-1.));
#5578=DIRECTION('ref_axis',(1.,0.,0.));
#5579=DIRECTION('',(0.,0.,-1.));
#5580=DIRECTION('center_axis',(0.,0.,-1.));
#5581=DIRECTION('ref_axis',(1.,0.,0.));
#5582=DIRECTION('center_axis',(4.87366813119827E-16,-1.,0.));
#5583=DIRECTION('ref_axis',(0.,0.,-1.));
#5584=DIRECTION('',(0.,0.,-1.));
#5585=DIRECTION('',(1.,6.23829520793379E-16,0.));
#5586=DIRECTION('center_axis',(0.,0.,-1.));
#5587=DIRECTION('ref_axis',(-1.,0.,0.));
#5588=DIRECTION('',(0.,0.,-1.));
#5589=DIRECTION('center_axis',(0.,0.,1.));
#5590=DIRECTION('ref_axis',(-1.,0.,0.));
#5591=DIRECTION('center_axis',(0.707106781186548,-0.707106781186547,0.));
#5592=DIRECTION('ref_axis',(0.,0.,-1.));
#5593=DIRECTION('',(0.,0.,-1.));
#5594=DIRECTION('',(0.707106781186547,0.707106781186548,0.));
#5595=DIRECTION('center_axis',(0.,0.,-1.));
#5596=DIRECTION('ref_axis',(0.923879532511287,0.38268343236509,0.));
#5597=DIRECTION('',(0.,0.,-1.));
#5598=DIRECTION('center_axis',(0.,0.,1.));
#5599=DIRECTION('ref_axis',(1.,0.,0.));
#5600=DIRECTION('center_axis',(0.,1.,0.));
#5601=DIRECTION('ref_axis',(0.,0.,1.));
#5602=DIRECTION('',(0.,0.,-1.));
#5603=DIRECTION('',(-1.,0.,0.));
#5604=DIRECTION('center_axis',(0.,0.,-1.));
#5605=DIRECTION('ref_axis',(-1.,0.,0.));
#5606=DIRECTION('',(0.,0.,-1.));
#5607=DIRECTION('center_axis',(0.,0.,-1.));
#5608=DIRECTION('ref_axis',(-1.,0.,0.));
#5609=DIRECTION('center_axis',(1.,-8.06563919589585E-16,0.));
#5610=DIRECTION('ref_axis',(0.,0.,-1.));
#5611=DIRECTION('',(0.,0.,-1.));
#5612=DIRECTION('',(7.74301362806001E-16,1.,0.));
#5613=DIRECTION('center_axis',(0.,0.,-1.));
#5614=DIRECTION('ref_axis',(-1.,0.,0.));
#5615=DIRECTION('',(0.,0.,-1.));
#5616=DIRECTION('center_axis',(0.,0.,-1.));
#5617=DIRECTION('ref_axis',(1.,0.,0.));
#5618=DIRECTION('center_axis',(3.30423519233678E-16,-1.,0.));
#5619=DIRECTION('ref_axis',(0.,0.,-1.));
#5620=DIRECTION('',(0.,0.,-1.));
#5621=DIRECTION('',(1.,4.22942104619107E-16,0.));
#5622=DIRECTION('center_axis',(0.,0.,-1.));
#5623=DIRECTION('ref_axis',(-1.,0.,0.));
#5624=DIRECTION('',(0.,0.,-1.));
#5625=DIRECTION('center_axis',(0.,0.,-1.));
#5626=DIRECTION('ref_axis',(1.,0.,0.));
#5627=DIRECTION('center_axis',(-1.,-3.30423519233678E-16,0.));
#5628=DIRECTION('ref_axis',(0.,0.,1.));
#5629=DIRECTION('',(0.,0.,-1.));
#5630=DIRECTION('',(2.11471052309554E-16,-1.,0.));
#5631=DIRECTION('center_axis',(0.,0.,-1.));
#5632=DIRECTION('ref_axis',(-1.,0.,0.));
#5633=DIRECTION('',(0.,0.,-1.));
#5634=DIRECTION('center_axis',(0.,0.,-1.));
#5635=DIRECTION('ref_axis',(-1.,0.,0.));
#5636=DIRECTION('center_axis',(0.,1.,0.));
#5637=DIRECTION('ref_axis',(0.,0.,1.));
#5638=DIRECTION('',(0.,0.,-1.));
#5639=DIRECTION('',(-1.,0.,0.));
#5640=DIRECTION('center_axis',(0.,0.,-1.));
#5641=DIRECTION('ref_axis',(-1.,0.,0.));
#5642=DIRECTION('',(0.,0.,-1.));
#5643=DIRECTION('center_axis',(0.,0.,-1.));
#5644=DIRECTION('ref_axis',(-1.,0.,0.));
#5645=DIRECTION('center_axis',(1.,1.5419764230905E-15,0.));
#5646=DIRECTION('ref_axis',(0.,0.,-1.));
#5647=DIRECTION('',(0.,0.,-1.));
#5648=DIRECTION('',(-1.48029736616688E-15,1.,0.));
#5649=DIRECTION('center_axis',(0.,0.,-1.));
#5650=DIRECTION('ref_axis',(-1.,0.,0.));
#5651=DIRECTION('',(0.,0.,-1.));
#5652=DIRECTION('center_axis',(0.,0.,1.));
#5653=DIRECTION('ref_axis',(1.,0.,0.));
#5654=DIRECTION('center_axis',(-0.707106781186548,0.707106781186547,0.));
#5655=DIRECTION('ref_axis',(0.,0.,1.));
#5656=DIRECTION('',(0.,0.,-1.));
#5657=DIRECTION('',(-0.707106781186547,-0.707106781186548,0.));
#5658=DIRECTION('center_axis',(0.,0.,-1.));
#5659=DIRECTION('ref_axis',(-1.,0.,0.));
#5660=DIRECTION('',(0.,0.,-1.));
#5661=DIRECTION('center_axis',(0.,0.,1.));
#5662=DIRECTION('ref_axis',(-1.,0.,0.));
#5663=DIRECTION('center_axis',(-1.,2.924200878719E-15,0.));
#5664=DIRECTION('ref_axis',(0.,0.,1.));
#5665=DIRECTION('',(0.,0.,-1.));
#5666=DIRECTION('',(3.11914760396693E-15,1.,0.));
#5667=DIRECTION('center_axis',(0.,0.,-1.));
#5668=DIRECTION('ref_axis',(-1.,0.,0.));
#5669=DIRECTION('',(0.,0.,-1.));
#5670=DIRECTION('center_axis',(0.,0.,-1.));
#5671=DIRECTION('ref_axis',(-1.,0.,0.));
#5672=DIRECTION('center_axis',(-0.707106781186548,-0.707106781186547,0.));
#5673=DIRECTION('ref_axis',(0.,0.,1.));
#5674=DIRECTION('',(0.,0.,-1.));
#5675=DIRECTION('',(-0.707106781186547,0.707106781186548,0.));
#5676=DIRECTION('center_axis',(0.,0.,-1.));
#5677=DIRECTION('ref_axis',(-1.,0.,0.));
#5678=DIRECTION('',(0.,0.,-1.));
#5679=DIRECTION('center_axis',(0.,0.,-1.));
#5680=DIRECTION('ref_axis',(1.,0.,0.));
#5681=DIRECTION('center_axis',(1.,-1.5419764230905E-15,0.));
#5682=DIRECTION('ref_axis',(0.,0.,-1.));
#5683=DIRECTION('',(0.,0.,-1.));
#5684=DIRECTION('',(-1.48029736616688E-15,-1.,0.));
#5685=DIRECTION('center_axis',(0.,0.,-1.));
#5686=DIRECTION('ref_axis',(-1.,0.,0.));
#5687=DIRECTION('',(0.,0.,-1.));
#5688=DIRECTION('center_axis',(0.,0.,1.));
#5689=DIRECTION('ref_axis',(-1.,0.,0.));
#5690=DIRECTION('center_axis',(0.,-1.,0.));
#5691=DIRECTION('ref_axis',(0.,0.,-1.));
#5692=DIRECTION('',(0.,0.,-1.));
#5693=DIRECTION('',(-1.,0.,0.));
#5694=DIRECTION('center_axis',(0.,0.,-1.));
#5695=DIRECTION('ref_axis',(-1.,0.,0.));
#5696=DIRECTION('',(0.,0.,-1.));
#5697=DIRECTION('center_axis',(0.,0.,1.));
#5698=DIRECTION('ref_axis',(-1.,0.,0.));
#5699=DIRECTION('center_axis',(-1.,3.30423519233678E-16,0.));
#5700=DIRECTION('ref_axis',(0.,0.,1.));
#5701=DIRECTION('',(0.,0.,-1.));
#5702=DIRECTION('',(2.11471052309554E-16,1.,0.));
#5703=DIRECTION('center_axis',(0.,0.,-1.));
#5704=DIRECTION('ref_axis',(-1.,0.,0.));
#5705=DIRECTION('',(0.,0.,-1.));
#5706=DIRECTION('center_axis',(0.,0.,1.));
#5707=DIRECTION('ref_axis',(1.,0.,0.));
#5708=DIRECTION('center_axis',(3.30423519233678E-16,1.,0.));
#5709=DIRECTION('ref_axis',(0.,0.,1.));
#5710=DIRECTION('',(0.,0.,-1.));
#5711=DIRECTION('',(1.,-4.22942104619107E-16,0.));
#5712=DIRECTION('center_axis',(0.,0.,-1.));
#5713=DIRECTION('ref_axis',(-1.,0.,0.));
#5714=DIRECTION('',(0.,0.,-1.));
#5715=DIRECTION('center_axis',(0.,0.,1.));
#5716=DIRECTION('ref_axis',(1.,0.,0.));
#5717=DIRECTION('center_axis',(0.,0.,-1.));
#5718=DIRECTION('ref_axis',(-1.,0.,0.));
#5719=DIRECTION('',(0.,0.,-1.));
#5720=DIRECTION('center_axis',(0.,0.,-1.));
#5721=DIRECTION('ref_axis',(1.,0.,0.));
#5722=DIRECTION('center_axis',(4.87366813119827E-16,1.,0.));
#5723=DIRECTION('ref_axis',(0.,0.,1.));
#5724=DIRECTION('',(0.,0.,-1.));
#5725=DIRECTION('',(1.,-6.23829520793379E-16,0.));
#5726=DIRECTION('',(0.,0.,-1.));
#5727=DIRECTION('center_axis',(0.,0.,-1.));
#5728=DIRECTION('ref_axis',(-1.,0.,0.));
#5729=DIRECTION('center_axis',(0.,0.,-1.));
#5730=DIRECTION('ref_axis',(-1.,0.,0.));
#5731=DIRECTION('',(0.,0.,-1.));
#5732=DIRECTION('center_axis',(0.707106781186548,0.707106781186547,0.));
#5733=DIRECTION('ref_axis',(0.,0.,-1.));
#5734=DIRECTION('',(0.707106781186547,-0.707106781186548,0.));
#5735=DIRECTION('',(0.,0.,-1.));
#5736=DIRECTION('center_axis',(0.,0.,-1.));
#5737=DIRECTION('ref_axis',(0.923879532511287,-0.38268343236509,0.));
#5738=DIRECTION('center_axis',(0.,0.,-1.));
#5739=DIRECTION('ref_axis',(1.,0.,0.));
#5740=DIRECTION('',(0.,0.,-1.));
#5741=DIRECTION('center_axis',(0.,-1.,0.));
#5742=DIRECTION('ref_axis',(0.,0.,-1.));
#5743=DIRECTION('',(-1.,0.,0.));
#5744=DIRECTION('',(0.,0.,-1.));
#5745=DIRECTION('center_axis',(0.,0.,-1.));
#5746=DIRECTION('ref_axis',(-1.,0.,0.));
#5747=DIRECTION('center_axis',(0.,0.,1.));
#5748=DIRECTION('ref_axis',(-1.,0.,0.));
#5749=DIRECTION('',(0.,0.,-1.));
#5750=DIRECTION('center_axis',(1.,8.06563919589585E-16,0.));
#5751=DIRECTION('ref_axis',(0.,0.,-1.));
#5752=DIRECTION('',(7.74301362806001E-16,-1.,0.));
#5753=DIRECTION('center_axis',(0.,0.,1.));
#5754=DIRECTION('ref_axis',(1.,0.,0.));
#5755=DIRECTION('center_axis',(0.,0.,1.));
#5756=DIRECTION('ref_axis',(1.,0.,0.));
#5757=DIRECTION('',(-0.707106781186547,-0.707106781186548,0.));
#5758=DIRECTION('center_axis',(0.,0.,1.));
#5759=DIRECTION('ref_axis',(-1.,0.,0.));
#5760=DIRECTION('',(1.,0.,0.));
#5761=DIRECTION('center_axis',(0.,0.,-1.));
#5762=DIRECTION('ref_axis',(1.,0.,0.));
#5763=DIRECTION('',(-7.74301362806001E-16,-1.,0.));
#5764=DIRECTION('center_axis',(0.,0.,-1.));
#5765=DIRECTION('ref_axis',(-1.,0.,0.));
#5766=DIRECTION('',(-1.,-4.22942104619107E-16,0.));
#5767=DIRECTION('center_axis',(0.,0.,-1.));
#5768=DIRECTION('ref_axis',(-1.,0.,0.));
#5769=DIRECTION('',(-2.11471052309554E-16,1.,0.));
#5770=DIRECTION('center_axis',(0.,0.,-1.));
#5771=DIRECTION('ref_axis',(1.,0.,0.));
#5772=DIRECTION('',(1.,0.,0.));
#5773=DIRECTION('center_axis',(0.,0.,-1.));
#5774=DIRECTION('ref_axis',(1.,0.,0.));
#5775=DIRECTION('',(1.48029736616688E-15,-1.,0.));
#5776=DIRECTION('center_axis',(0.,0.,1.));
#5777=DIRECTION('ref_axis',(-1.,0.,0.));
#5778=DIRECTION('',(0.707106781186547,0.707106781186548,0.));
#5779=DIRECTION('center_axis',(0.,0.,1.));
#5780=DIRECTION('ref_axis',(1.,0.,0.));
#5781=DIRECTION('',(-3.11914760396693E-15,1.,0.));
#5782=DIRECTION('center_axis',(0.,0.,-1.));
#5783=DIRECTION('ref_axis',(1.,0.,0.));
#5784=DIRECTION('',(0.707106781186547,-0.707106781186548,0.));
#5785=DIRECTION('center_axis',(0.,0.,-1.));
#5786=DIRECTION('ref_axis',(-1.,0.,0.));
#5787=DIRECTION('',(1.48029736616688E-15,1.,0.));
#5788=DIRECTION('center_axis',(0.,0.,1.));
#5789=DIRECTION('ref_axis',(1.,0.,0.));
#5790=DIRECTION('',(1.,0.,0.));
#5791=DIRECTION('center_axis',(0.,0.,1.));
#5792=DIRECTION('ref_axis',(1.,0.,0.));
#5793=DIRECTION('',(-2.11471052309554E-16,-1.,0.));
#5794=DIRECTION('center_axis',(0.,0.,1.));
#5795=DIRECTION('ref_axis',(-1.,0.,0.));
#5796=DIRECTION('center_axis',(0.,0.,-1.));
#5797=DIRECTION('ref_axis',(1.,0.,0.));
#5798=DIRECTION('',(0.,0.,-1.));
#5799=DIRECTION('',(0.,0.,-1.));
#5800=DIRECTION('center_axis',(-3.30423519233678E-16,1.,0.));
#5801=DIRECTION('ref_axis',(0.,0.,1.));
#5802=DIRECTION('',(0.,0.,-1.));
#5803=DIRECTION('center_axis',(0.,0.,-1.));
#5804=DIRECTION('ref_axis',(1.,0.,0.));
#5805=DIRECTION('',(0.,0.,-1.));
#5806=DIRECTION('center_axis',(1.,3.30423519233678E-16,0.));
#5807=DIRECTION('ref_axis',(0.,0.,-1.));
#5808=DIRECTION('',(0.,0.,-1.));
#5809=DIRECTION('center_axis',(0.,0.,-1.));
#5810=DIRECTION('ref_axis',(1.,0.,0.));
#5811=DIRECTION('',(0.,0.,-1.));
#5812=DIRECTION('center_axis',(0.,-1.,0.));
#5813=DIRECTION('ref_axis',(0.,0.,-1.));
#5814=DIRECTION('',(0.,0.,-1.));
#5815=DIRECTION('center_axis',(0.,0.,-1.));
#5816=DIRECTION('ref_axis',(1.,0.,0.));
#5817=DIRECTION('',(0.,0.,-1.));
#5818=DIRECTION('center_axis',(-1.,-1.5419764230905E-15,0.));
#5819=DIRECTION('ref_axis',(0.,0.,1.));
#5820=DIRECTION('',(0.,0.,-1.));
#5821=DIRECTION('center_axis',(0.,0.,-1.));
#5822=DIRECTION('ref_axis',(1.,0.,0.));
#5823=DIRECTION('',(0.,0.,-1.));
#5824=DIRECTION('center_axis',(0.707106781186548,-0.707106781186547,0.));
#5825=DIRECTION('ref_axis',(0.,0.,-1.));
#5826=DIRECTION('',(0.,0.,-1.));
#5827=DIRECTION('center_axis',(0.,0.,-1.));
#5828=DIRECTION('ref_axis',(1.,0.,0.));
#5829=DIRECTION('',(0.,0.,-1.));
#5830=DIRECTION('center_axis',(1.,2.924200878719E-15,0.));
#5831=DIRECTION('ref_axis',(0.,0.,-1.));
#5832=DIRECTION('',(0.,0.,-1.));
#5833=DIRECTION('center_axis',(0.,0.,-1.));
#5834=DIRECTION('ref_axis',(1.,0.,0.));
#5835=DIRECTION('',(0.,0.,-1.));
#5836=DIRECTION('center_axis',(-0.707106781186548,0.707106781186547,0.));
#5837=DIRECTION('ref_axis',(0.,0.,1.));
#5838=DIRECTION('',(0.,0.,-1.));
#5839=DIRECTION('center_axis',(0.,0.,-1.));
#5840=DIRECTION('ref_axis',(-0.923879532511287,-0.38268343236509,0.));
#5841=DIRECTION('',(0.,0.,-1.));
#5842=DIRECTION('center_axis',(0.,-1.,0.));
#5843=DIRECTION('ref_axis',(0.,0.,-1.));
#5844=DIRECTION('',(0.,0.,-1.));
#5845=DIRECTION('center_axis',(0.,0.,-1.));
#5846=DIRECTION('ref_axis',(1.,0.,0.));
#5847=DIRECTION('',(0.,0.,-1.));
#5848=DIRECTION('center_axis',(-1.,8.06563919589585E-16,0.));
#5849=DIRECTION('ref_axis',(0.,0.,1.));
#5850=DIRECTION('center_axis',(0.,0.,-1.));
#5851=DIRECTION('ref_axis',(1.,0.,0.));
#5852=DIRECTION('',(0.,0.,-1.));
#5853=DIRECTION('center_axis',(1.,-3.30423519233678E-16,0.));
#5854=DIRECTION('ref_axis',(0.,0.,-1.));
#5855=DIRECTION('',(0.,0.,-1.));
#5856=DIRECTION('center_axis',(0.,0.,-1.));
#5857=DIRECTION('ref_axis',(1.,0.,0.));
#5858=DIRECTION('',(0.,0.,-1.));
#5859=DIRECTION('center_axis',(0.,1.,0.));
#5860=DIRECTION('ref_axis',(0.,0.,1.));
#5861=DIRECTION('',(0.,0.,-1.));
#5862=DIRECTION('center_axis',(0.,0.,-1.));
#5863=DIRECTION('ref_axis',(1.,0.,0.));
#5864=DIRECTION('',(0.,0.,-1.));
#5865=DIRECTION('center_axis',(-1.,1.5419764230905E-15,0.));
#5866=DIRECTION('ref_axis',(0.,0.,1.));
#5867=DIRECTION('',(0.,0.,-1.));
#5868=DIRECTION('center_axis',(0.,0.,-1.));
#5869=DIRECTION('ref_axis',(1.,0.,0.));
#5870=DIRECTION('',(0.,0.,-1.));
#5871=DIRECTION('center_axis',(0.707106781186548,0.707106781186547,0.));
#5872=DIRECTION('ref_axis',(0.,0.,-1.));
#5873=DIRECTION('',(0.,0.,-1.));
#5874=DIRECTION('center_axis',(0.,0.,-1.));
#5875=DIRECTION('ref_axis',(1.,0.,0.));
#5876=DIRECTION('axis',(0.,0.,1.));
#5877=DIRECTION('refdir',(1.,0.,0.));
#5878=DIRECTION('center_axis',(0.,0.,1.));
#5879=DIRECTION('ref_axis',(1.,0.,0.));
#5880=DIRECTION('center_axis',(0.,0.,-1.));
#5881=DIRECTION('ref_axis',(-1.,0.,0.));
#5882=DIRECTION('',(-1.,3.30423519233678E-16,0.));
#5883=DIRECTION('center_axis',(0.,0.,-1.));
#5884=DIRECTION('ref_axis',(-1.,0.,0.));
#5885=DIRECTION('',(-3.30423519233678E-16,-1.,0.));
#5886=DIRECTION('center_axis',(0.,0.,-1.));
#5887=DIRECTION('ref_axis',(-1.,0.,0.));
#5888=DIRECTION('',(1.,0.,0.));
#5889=DIRECTION('center_axis',(0.,0.,-1.));
#5890=DIRECTION('ref_axis',(-1.,0.,0.));
#5891=DIRECTION('',(1.5419764230905E-15,1.,0.));
#5892=DIRECTION('center_axis',(0.,0.,1.));
#5893=DIRECTION('ref_axis',(-1.,0.,0.));
#5894=DIRECTION('',(0.707106781186547,-0.707106781186548,0.));
#5895=DIRECTION('center_axis',(0.,0.,1.));
#5896=DIRECTION('ref_axis',(-1.,0.,0.));
#5897=DIRECTION('',(-2.924200878719E-15,-1.,0.));
#5898=DIRECTION('center_axis',(0.,0.,1.));
#5899=DIRECTION('ref_axis',(-1.,0.,0.));
#5900=DIRECTION('',(-0.707106781186547,-0.707106781186548,0.));
#5901=DIRECTION('center_axis',(0.,0.,1.));
#5902=DIRECTION('ref_axis',(-1.,0.,0.));
#5903=DIRECTION('',(-1.5419764230905E-15,1.,0.));
#5904=DIRECTION('center_axis',(0.,0.,-1.));
#5905=DIRECTION('ref_axis',(-1.,0.,0.));
#5906=DIRECTION('',(-1.,0.,0.));
#5907=DIRECTION('center_axis',(0.,0.,-1.));
#5908=DIRECTION('ref_axis',(-1.,0.,0.));
#5909=DIRECTION('',(3.30423519233678E-16,-1.,0.));
#5910=DIRECTION('center_axis',(0.,0.,-1.));
#5911=DIRECTION('ref_axis',(-1.,0.,0.));
#5912=DIRECTION('',(1.,3.30423519233678E-16,0.));
#5913=DIRECTION('center_axis',(0.,0.,-1.));
#5914=DIRECTION('ref_axis',(-1.,0.,0.));
#5915=DIRECTION('',(8.06563919589585E-16,1.,0.));
#5916=DIRECTION('center_axis',(0.,0.,-1.));
#5917=DIRECTION('ref_axis',(-1.,0.,0.));
#5918=DIRECTION('',(-1.,0.,0.));
#5919=DIRECTION('center_axis',(0.,0.,1.));
#5920=DIRECTION('ref_axis',(-1.,0.,0.));
#5921=DIRECTION('',(0.707106781186547,0.707106781186548,0.));
#5922=DIRECTION('center_axis',(0.,0.,1.));
#5923=DIRECTION('ref_axis',(-1.,0.,0.));
#5924=DIRECTION('',(1.,4.87366813119827E-16,0.));
#5925=DIRECTION('center_axis',(0.,0.,1.));
#5926=DIRECTION('ref_axis',(1.,0.,0.));
#5927=DIRECTION('',(0.707106781186547,-0.707106781186548,0.));
#5928=DIRECTION('center_axis',(0.,0.,1.));
#5929=DIRECTION('ref_axis',(1.,0.,0.));
#5930=DIRECTION('',(-1.,0.,0.));
#5931=DIRECTION('center_axis',(0.,0.,-1.));
#5932=DIRECTION('ref_axis',(1.,0.,0.));
#5933=DIRECTION('',(8.06563919589585E-16,-1.,0.));
#5934=DIRECTION('center_axis',(0.,0.,-1.));
#5935=DIRECTION('ref_axis',(1.,0.,0.));
#5936=DIRECTION('',(1.,-3.30423519233678E-16,0.));
#5937=DIRECTION('center_axis',(0.,0.,-1.));
#5938=DIRECTION('ref_axis',(1.,0.,0.));
#5939=DIRECTION('',(3.30423519233678E-16,1.,0.));
#5940=DIRECTION('center_axis',(0.,0.,-1.));
#5941=DIRECTION('ref_axis',(1.,0.,0.));
#5942=DIRECTION('',(-1.,0.,0.));
#5943=DIRECTION('center_axis',(0.,0.,-1.));
#5944=DIRECTION('ref_axis',(1.,0.,0.));
#5945=DIRECTION('',(-1.5419764230905E-15,-1.,0.));
#5946=DIRECTION('center_axis',(0.,0.,1.));
#5947=DIRECTION('ref_axis',(1.,0.,0.));
#5948=DIRECTION('',(-0.707106781186547,0.707106781186548,0.));
#5949=DIRECTION('center_axis',(0.,0.,1.));
#5950=DIRECTION('ref_axis',(1.,0.,0.));
#5951=DIRECTION('',(-2.924200878719E-15,1.,0.));
#5952=DIRECTION('center_axis',(0.,0.,1.));
#5953=DIRECTION('ref_axis',(1.,0.,0.));
#5954=DIRECTION('',(0.707106781186547,0.707106781186548,0.));
#5955=DIRECTION('center_axis',(0.,0.,1.));
#5956=DIRECTION('ref_axis',(1.,0.,0.));
#5957=DIRECTION('',(1.5419764230905E-15,-1.,0.));
#5958=DIRECTION('center_axis',(0.,0.,-1.));
#5959=DIRECTION('ref_axis',(1.,0.,0.));
#5960=DIRECTION('',(1.,0.,0.));
#5961=DIRECTION('center_axis',(0.,0.,-1.));
#5962=DIRECTION('ref_axis',(1.,0.,0.));
#5963=DIRECTION('',(-3.30423519233678E-16,1.,0.));
#5964=DIRECTION('center_axis',(0.,0.,-1.));
#5965=DIRECTION('ref_axis',(1.,0.,0.));
#5966=DIRECTION('',(-1.,-3.30423519233678E-16,0.));
#5967=DIRECTION('center_axis',(0.,0.,-1.));
#5968=DIRECTION('ref_axis',(1.,0.,0.));
#5969=DIRECTION('',(-8.06563919589585E-16,-1.,0.));
#5970=DIRECTION('center_axis',(0.,0.,-1.));
#5971=DIRECTION('ref_axis',(1.,0.,0.));
#5972=DIRECTION('',(1.,0.,0.));
#5973=DIRECTION('center_axis',(0.,0.,1.));
#5974=DIRECTION('ref_axis',(1.,0.,0.));
#5975=DIRECTION('',(-0.707106781186547,-0.707106781186548,0.));
#5976=DIRECTION('center_axis',(0.,0.,1.));
#5977=DIRECTION('ref_axis',(1.,0.,0.));
#5978=DIRECTION('',(-1.,4.87366813119827E-16,0.));
#5979=DIRECTION('center_axis',(0.,0.,1.));
#5980=DIRECTION('ref_axis',(-1.,0.,0.));
#5981=DIRECTION('',(-0.707106781186547,0.707106781186548,0.));
#5982=DIRECTION('center_axis',(0.,0.,1.));
#5983=DIRECTION('ref_axis',(-1.,0.,0.));
#5984=DIRECTION('',(1.,0.,0.));
#5985=DIRECTION('center_axis',(0.,0.,-1.));
#5986=DIRECTION('ref_axis',(-1.,0.,0.));
#5987=DIRECTION('',(-8.06563919589585E-16,1.,0.));
#5988=DIRECTION('center_axis',(0.,0.,1.));
#5989=DIRECTION('ref_axis',(-1.,0.,0.));
#5990=DIRECTION('center_axis',(-3.30423519233678E-16,-1.,0.));
#5991=DIRECTION('ref_axis',(0.,0.,-1.));
#5992=DIRECTION('',(0.,0.,-1.));
#5993=DIRECTION('',(-1.,4.22942104619107E-16,0.));
#5994=DIRECTION('',(0.,0.,-1.));
#5995=DIRECTION('center_axis',(0.,0.,-1.));
#5996=DIRECTION('ref_axis',(1.,0.,0.));
#5997=DIRECTION('',(0.,0.,-1.));
#5998=DIRECTION('center_axis',(0.,0.,1.));
#5999=DIRECTION('ref_axis',(-1.,0.,0.));
#6000=DIRECTION('center_axis',(-1.,-8.06563919589585E-16,0.));
#6001=DIRECTION('ref_axis',(0.,0.,1.));
#6002=DIRECTION('',(0.,0.,-1.));
#6003=DIRECTION('',(-7.74301362806001E-16,1.,0.));
#6004=DIRECTION('center_axis',(0.,0.,-1.));
#6005=DIRECTION('ref_axis',(1.,0.,0.));
#6006=DIRECTION('',(0.,0.,-1.));
#6007=DIRECTION('center_axis',(0.,0.,1.));
#6008=DIRECTION('ref_axis',(1.,0.,0.));
#6009=DIRECTION('center_axis',(0.,1.,0.));
#6010=DIRECTION('ref_axis',(0.,0.,1.));
#6011=DIRECTION('',(0.,0.,-1.));
#6012=DIRECTION('',(1.,0.,0.));
#6013=DIRECTION('center_axis',(0.,0.,-1.));
#6014=DIRECTION('ref_axis',(-0.923879532511287,0.38268343236509,0.));
#6015=DIRECTION('',(0.,0.,-1.));
#6016=DIRECTION('center_axis',(0.,0.,-1.));
#6017=DIRECTION('ref_axis',(-1.,0.,0.));
#6018=DIRECTION('center_axis',(-0.707106781186548,-0.707106781186547,0.));
#6019=DIRECTION('ref_axis',(0.,0.,1.));
#6020=DIRECTION('',(0.,0.,-1.));
#6021=DIRECTION('',(-0.707106781186547,0.707106781186548,0.));
#6022=DIRECTION('center_axis',(0.,0.,-1.));
#6023=DIRECTION('ref_axis',(1.,0.,0.));
#6024=DIRECTION('',(0.,0.,-1.));
#6025=DIRECTION('center_axis',(0.,0.,-1.));
#6026=DIRECTION('ref_axis',(1.,0.,0.));
#6027=DIRECTION('center_axis',(4.87366813119827E-16,-1.,0.));
#6028=DIRECTION('ref_axis',(0.,0.,-1.));
#6029=DIRECTION('',(0.,0.,-1.));
#6030=DIRECTION('',(1.,6.23829520793379E-16,0.));
#6031=DIRECTION('center_axis',(0.,0.,-1.));
#6032=DIRECTION('ref_axis',(-1.,0.,0.));
#6033=DIRECTION('',(0.,0.,-1.));
#6034=DIRECTION('center_axis',(0.,0.,1.));
#6035=DIRECTION('ref_axis',(-1.,0.,0.));
#6036=DIRECTION('center_axis',(0.707106781186548,-0.707106781186547,0.));
#6037=DIRECTION('ref_axis',(0.,0.,-1.));
#6038=DIRECTION('',(0.,0.,-1.));
#6039=DIRECTION('',(0.707106781186547,0.707106781186548,0.));
#6040=DIRECTION('center_axis',(0.,0.,-1.));
#6041=DIRECTION('ref_axis',(0.923879532511287,0.38268343236509,0.));
#6042=DIRECTION('',(0.,0.,-1.));
#6043=DIRECTION('center_axis',(0.,0.,1.));
#6044=DIRECTION('ref_axis',(1.,0.,0.));
#6045=DIRECTION('center_axis',(0.,1.,0.));
#6046=DIRECTION('ref_axis',(0.,0.,1.));
#6047=DIRECTION('',(0.,0.,-1.));
#6048=DIRECTION('',(-1.,0.,0.));
#6049=DIRECTION('center_axis',(0.,0.,-1.));
#6050=DIRECTION('ref_axis',(-1.,0.,0.));
#6051=DIRECTION('',(0.,0.,-1.));
#6052=DIRECTION('center_axis',(0.,0.,-1.));
#6053=DIRECTION('ref_axis',(-1.,0.,0.));
#6054=DIRECTION('center_axis',(1.,-8.06563919589585E-16,0.));
#6055=DIRECTION('ref_axis',(0.,0.,-1.));
#6056=DIRECTION('',(0.,0.,-1.));
#6057=DIRECTION('',(7.74301362806001E-16,1.,0.));
#6058=DIRECTION('center_axis',(0.,0.,-1.));
#6059=DIRECTION('ref_axis',(-1.,0.,0.));
#6060=DIRECTION('',(0.,0.,-1.));
#6061=DIRECTION('center_axis',(0.,0.,-1.));
#6062=DIRECTION('ref_axis',(1.,0.,0.));
#6063=DIRECTION('center_axis',(3.30423519233678E-16,-1.,0.));
#6064=DIRECTION('ref_axis',(0.,0.,-1.));
#6065=DIRECTION('',(0.,0.,-1.));
#6066=DIRECTION('',(1.,4.22942104619107E-16,0.));
#6067=DIRECTION('center_axis',(0.,0.,-1.));
#6068=DIRECTION('ref_axis',(-1.,0.,0.));
#6069=DIRECTION('',(0.,0.,-1.));
#6070=DIRECTION('center_axis',(0.,0.,-1.));
#6071=DIRECTION('ref_axis',(1.,0.,0.));
#6072=DIRECTION('center_axis',(-1.,-3.30423519233678E-16,0.));
#6073=DIRECTION('ref_axis',(0.,0.,1.));
#6074=DIRECTION('',(0.,0.,-1.));
#6075=DIRECTION('',(2.11471052309554E-16,-1.,0.));
#6076=DIRECTION('center_axis',(0.,0.,-1.));
#6077=DIRECTION('ref_axis',(-1.,0.,0.));
#6078=DIRECTION('',(0.,0.,-1.));
#6079=DIRECTION('center_axis',(0.,0.,-1.));
#6080=DIRECTION('ref_axis',(-1.,0.,0.));
#6081=DIRECTION('center_axis',(0.,1.,0.));
#6082=DIRECTION('ref_axis',(0.,0.,1.));
#6083=DIRECTION('',(0.,0.,-1.));
#6084=DIRECTION('',(-1.,0.,0.));
#6085=DIRECTION('center_axis',(0.,0.,-1.));
#6086=DIRECTION('ref_axis',(-1.,0.,0.));
#6087=DIRECTION('',(0.,0.,-1.));
#6088=DIRECTION('center_axis',(0.,0.,-1.));
#6089=DIRECTION('ref_axis',(-1.,0.,0.));
#6090=DIRECTION('center_axis',(1.,1.5419764230905E-15,0.));
#6091=DIRECTION('ref_axis',(0.,0.,-1.));
#6092=DIRECTION('',(0.,0.,-1.));
#6093=DIRECTION('',(-1.48029736616688E-15,1.,0.));
#6094=DIRECTION('center_axis',(0.,0.,-1.));
#6095=DIRECTION('ref_axis',(-1.,0.,0.));
#6096=DIRECTION('',(0.,0.,-1.));
#6097=DIRECTION('center_axis',(0.,0.,1.));
#6098=DIRECTION('ref_axis',(1.,0.,0.));
#6099=DIRECTION('center_axis',(-0.707106781186548,0.707106781186547,0.));
#6100=DIRECTION('ref_axis',(0.,0.,1.));
#6101=DIRECTION('',(0.,0.,-1.));
#6102=DIRECTION('',(-0.707106781186547,-0.707106781186548,0.));
#6103=DIRECTION('center_axis',(0.,0.,-1.));
#6104=DIRECTION('ref_axis',(-1.,0.,0.));
#6105=DIRECTION('',(0.,0.,-1.));
#6106=DIRECTION('center_axis',(0.,0.,1.));
#6107=DIRECTION('ref_axis',(-1.,0.,0.));
#6108=DIRECTION('center_axis',(-1.,2.924200878719E-15,0.));
#6109=DIRECTION('ref_axis',(0.,0.,1.));
#6110=DIRECTION('',(0.,0.,-1.));
#6111=DIRECTION('',(3.11914760396693E-15,1.,0.));
#6112=DIRECTION('center_axis',(0.,0.,-1.));
#6113=DIRECTION('ref_axis',(-1.,0.,0.));
#6114=DIRECTION('',(0.,0.,-1.));
#6115=DIRECTION('center_axis',(0.,0.,-1.));
#6116=DIRECTION('ref_axis',(-1.,0.,0.));
#6117=DIRECTION('center_axis',(-0.707106781186548,-0.707106781186547,0.));
#6118=DIRECTION('ref_axis',(0.,0.,1.));
#6119=DIRECTION('',(0.,0.,-1.));
#6120=DIRECTION('',(-0.707106781186547,0.707106781186548,0.));
#6121=DIRECTION('center_axis',(0.,0.,-1.));
#6122=DIRECTION('ref_axis',(-1.,0.,0.));
#6123=DIRECTION('',(0.,0.,-1.));
#6124=DIRECTION('center_axis',(0.,0.,-1.));
#6125=DIRECTION('ref_axis',(1.,0.,0.));
#6126=DIRECTION('center_axis',(1.,-1.5419764230905E-15,0.));
#6127=DIRECTION('ref_axis',(0.,0.,-1.));
#6128=DIRECTION('',(0.,0.,-1.));
#6129=DIRECTION('',(-1.48029736616688E-15,-1.,0.));
#6130=DIRECTION('center_axis',(0.,0.,-1.));
#6131=DIRECTION('ref_axis',(-1.,0.,0.));
#6132=DIRECTION('',(0.,0.,-1.));
#6133=DIRECTION('center_axis',(0.,0.,1.));
#6134=DIRECTION('ref_axis',(-1.,0.,0.));
#6135=DIRECTION('center_axis',(0.,-1.,0.));
#6136=DIRECTION('ref_axis',(0.,0.,-1.));
#6137=DIRECTION('',(0.,0.,-1.));
#6138=DIRECTION('',(-1.,0.,0.));
#6139=DIRECTION('center_axis',(0.,0.,-1.));
#6140=DIRECTION('ref_axis',(-1.,0.,0.));
#6141=DIRECTION('',(0.,0.,-1.));
#6142=DIRECTION('center_axis',(0.,0.,1.));
#6143=DIRECTION('ref_axis',(-1.,0.,0.));
#6144=DIRECTION('center_axis',(-1.,3.30423519233678E-16,0.));
#6145=DIRECTION('ref_axis',(0.,0.,1.));
#6146=DIRECTION('',(0.,0.,-1.));
#6147=DIRECTION('',(2.11471052309554E-16,1.,0.));
#6148=DIRECTION('center_axis',(0.,0.,-1.));
#6149=DIRECTION('ref_axis',(-1.,0.,0.));
#6150=DIRECTION('',(0.,0.,-1.));
#6151=DIRECTION('center_axis',(0.,0.,1.));
#6152=DIRECTION('ref_axis',(1.,0.,0.));
#6153=DIRECTION('center_axis',(3.30423519233678E-16,1.,0.));
#6154=DIRECTION('ref_axis',(0.,0.,1.));
#6155=DIRECTION('',(0.,0.,-1.));
#6156=DIRECTION('',(1.,-4.22942104619107E-16,0.));
#6157=DIRECTION('center_axis',(0.,0.,-1.));
#6158=DIRECTION('ref_axis',(-1.,0.,0.));
#6159=DIRECTION('',(0.,0.,-1.));
#6160=DIRECTION('center_axis',(0.,0.,1.));
#6161=DIRECTION('ref_axis',(1.,0.,0.));
#6162=DIRECTION('center_axis',(0.,0.,-1.));
#6163=DIRECTION('ref_axis',(-1.,0.,0.));
#6164=DIRECTION('',(0.,0.,-1.));
#6165=DIRECTION('center_axis',(0.,0.,-1.));
#6166=DIRECTION('ref_axis',(1.,0.,0.));
#6167=DIRECTION('center_axis',(4.87366813119827E-16,1.,0.));
#6168=DIRECTION('ref_axis',(0.,0.,1.));
#6169=DIRECTION('',(0.,0.,-1.));
#6170=DIRECTION('',(1.,-6.23829520793379E-16,0.));
#6171=DIRECTION('',(0.,0.,-1.));
#6172=DIRECTION('center_axis',(0.,0.,-1.));
#6173=DIRECTION('ref_axis',(-1.,0.,0.));
#6174=DIRECTION('center_axis',(0.,0.,-1.));
#6175=DIRECTION('ref_axis',(-1.,0.,0.));
#6176=DIRECTION('',(0.,0.,-1.));
#6177=DIRECTION('center_axis',(0.707106781186548,0.707106781186547,0.));
#6178=DIRECTION('ref_axis',(0.,0.,-1.));
#6179=DIRECTION('',(0.707106781186547,-0.707106781186548,0.));
#6180=DIRECTION('',(0.,0.,-1.));
#6181=DIRECTION('center_axis',(0.,0.,-1.));
#6182=DIRECTION('ref_axis',(0.923879532511287,-0.38268343236509,0.));
#6183=DIRECTION('center_axis',(0.,0.,-1.));
#6184=DIRECTION('ref_axis',(1.,0.,0.));
#6185=DIRECTION('',(0.,0.,-1.));
#6186=DIRECTION('center_axis',(0.,-1.,0.));
#6187=DIRECTION('ref_axis',(0.,0.,-1.));
#6188=DIRECTION('',(-1.,0.,0.));
#6189=DIRECTION('',(0.,0.,-1.));
#6190=DIRECTION('center_axis',(0.,0.,-1.));
#6191=DIRECTION('ref_axis',(-1.,0.,0.));
#6192=DIRECTION('center_axis',(0.,0.,1.));
#6193=DIRECTION('ref_axis',(-1.,0.,0.));
#6194=DIRECTION('',(0.,0.,-1.));
#6195=DIRECTION('center_axis',(1.,8.06563919589585E-16,0.));
#6196=DIRECTION('ref_axis',(0.,0.,-1.));
#6197=DIRECTION('',(7.74301362806001E-16,-1.,0.));
#6198=DIRECTION('center_axis',(0.,0.,1.));
#6199=DIRECTION('ref_axis',(1.,0.,0.));
#6200=DIRECTION('center_axis',(0.,0.,1.));
#6201=DIRECTION('ref_axis',(1.,0.,0.));
#6202=DIRECTION('',(-0.707106781186547,-0.707106781186548,0.));
#6203=DIRECTION('center_axis',(0.,0.,1.));
#6204=DIRECTION('ref_axis',(-1.,0.,0.));
#6205=DIRECTION('',(1.,0.,0.));
#6206=DIRECTION('center_axis',(0.,0.,-1.));
#6207=DIRECTION('ref_axis',(1.,0.,0.));
#6208=DIRECTION('',(-7.74301362806001E-16,-1.,0.));
#6209=DIRECTION('center_axis',(0.,0.,-1.));
#6210=DIRECTION('ref_axis',(-1.,0.,0.));
#6211=DIRECTION('',(-1.,-4.22942104619107E-16,0.));
#6212=DIRECTION('center_axis',(0.,0.,-1.));
#6213=DIRECTION('ref_axis',(-1.,0.,0.));
#6214=DIRECTION('',(-2.11471052309554E-16,1.,0.));
#6215=DIRECTION('center_axis',(0.,0.,-1.));
#6216=DIRECTION('ref_axis',(1.,0.,0.));
#6217=DIRECTION('',(1.,0.,0.));
#6218=DIRECTION('center_axis',(0.,0.,-1.));
#6219=DIRECTION('ref_axis',(1.,0.,0.));
#6220=DIRECTION('',(1.48029736616688E-15,-1.,0.));
#6221=DIRECTION('center_axis',(0.,0.,1.));
#6222=DIRECTION('ref_axis',(-1.,0.,0.));
#6223=DIRECTION('',(0.707106781186547,0.707106781186548,0.));
#6224=DIRECTION('center_axis',(0.,0.,1.));
#6225=DIRECTION('ref_axis',(1.,0.,0.));
#6226=DIRECTION('',(-3.11914760396693E-15,1.,0.));
#6227=DIRECTION('center_axis',(0.,0.,-1.));
#6228=DIRECTION('ref_axis',(1.,0.,0.));
#6229=DIRECTION('',(0.707106781186547,-0.707106781186548,0.));
#6230=DIRECTION('center_axis',(0.,0.,-1.));
#6231=DIRECTION('ref_axis',(-1.,0.,0.));
#6232=DIRECTION('',(1.48029736616688E-15,1.,0.));
#6233=DIRECTION('center_axis',(0.,0.,1.));
#6234=DIRECTION('ref_axis',(1.,0.,0.));
#6235=DIRECTION('',(1.,0.,0.));
#6236=DIRECTION('center_axis',(0.,0.,1.));
#6237=DIRECTION('ref_axis',(1.,0.,0.));
#6238=DIRECTION('',(-2.11471052309554E-16,-1.,0.));
#6239=DIRECTION('center_axis',(0.,0.,1.));
#6240=DIRECTION('ref_axis',(-1.,0.,0.));
#6241=DIRECTION('center_axis',(0.,0.,-1.));
#6242=DIRECTION('ref_axis',(1.,0.,0.));
#6243=DIRECTION('',(0.,0.,-1.));
#6244=DIRECTION('',(0.,0.,-1.));
#6245=DIRECTION('center_axis',(-3.30423519233678E-16,1.,0.));
#6246=DIRECTION('ref_axis',(0.,0.,1.));
#6247=DIRECTION('',(0.,0.,-1.));
#6248=DIRECTION('center_axis',(0.,0.,-1.));
#6249=DIRECTION('ref_axis',(1.,0.,0.));
#6250=DIRECTION('',(0.,0.,-1.));
#6251=DIRECTION('center_axis',(1.,3.30423519233678E-16,0.));
#6252=DIRECTION('ref_axis',(0.,0.,-1.));
#6253=DIRECTION('',(0.,0.,-1.));
#6254=DIRECTION('center_axis',(0.,0.,-1.));
#6255=DIRECTION('ref_axis',(1.,0.,0.));
#6256=DIRECTION('',(0.,0.,-1.));
#6257=DIRECTION('center_axis',(0.,-1.,0.));
#6258=DIRECTION('ref_axis',(0.,0.,-1.));
#6259=DIRECTION('',(0.,0.,-1.));
#6260=DIRECTION('center_axis',(0.,0.,-1.));
#6261=DIRECTION('ref_axis',(1.,0.,0.));
#6262=DIRECTION('',(0.,0.,-1.));
#6263=DIRECTION('center_axis',(-1.,-1.5419764230905E-15,0.));
#6264=DIRECTION('ref_axis',(0.,0.,1.));
#6265=DIRECTION('',(0.,0.,-1.));
#6266=DIRECTION('center_axis',(0.,0.,-1.));
#6267=DIRECTION('ref_axis',(1.,0.,0.));
#6268=DIRECTION('',(0.,0.,-1.));
#6269=DIRECTION('center_axis',(0.707106781186548,-0.707106781186547,0.));
#6270=DIRECTION('ref_axis',(0.,0.,-1.));
#6271=DIRECTION('',(0.,0.,-1.));
#6272=DIRECTION('center_axis',(0.,0.,-1.));
#6273=DIRECTION('ref_axis',(1.,0.,0.));
#6274=DIRECTION('',(0.,0.,-1.));
#6275=DIRECTION('center_axis',(1.,2.924200878719E-15,0.));
#6276=DIRECTION('ref_axis',(0.,0.,-1.));
#6277=DIRECTION('',(0.,0.,-1.));
#6278=DIRECTION('center_axis',(0.,0.,-1.));
#6279=DIRECTION('ref_axis',(1.,0.,0.));
#6280=DIRECTION('',(0.,0.,-1.));
#6281=DIRECTION('center_axis',(-0.707106781186548,0.707106781186547,0.));
#6282=DIRECTION('ref_axis',(0.,0.,1.));
#6283=DIRECTION('',(0.,0.,-1.));
#6284=DIRECTION('center_axis',(0.,0.,-1.));
#6285=DIRECTION('ref_axis',(-0.923879532511287,-0.38268343236509,0.));
#6286=DIRECTION('',(0.,0.,-1.));
#6287=DIRECTION('center_axis',(0.,-1.,0.));
#6288=DIRECTION('ref_axis',(0.,0.,-1.));
#6289=DIRECTION('',(0.,0.,-1.));
#6290=DIRECTION('center_axis',(0.,0.,-1.));
#6291=DIRECTION('ref_axis',(1.,0.,0.));
#6292=DIRECTION('',(0.,0.,-1.));
#6293=DIRECTION('center_axis',(-1.,8.06563919589585E-16,0.));
#6294=DIRECTION('ref_axis',(0.,0.,1.));
#6295=DIRECTION('center_axis',(0.,0.,-1.));
#6296=DIRECTION('ref_axis',(1.,0.,0.));
#6297=DIRECTION('',(0.,0.,-1.));
#6298=DIRECTION('center_axis',(1.,-3.30423519233678E-16,0.));
#6299=DIRECTION('ref_axis',(0.,0.,-1.));
#6300=DIRECTION('',(0.,0.,-1.));
#6301=DIRECTION('center_axis',(0.,0.,-1.));
#6302=DIRECTION('ref_axis',(1.,0.,0.));
#6303=DIRECTION('',(0.,0.,-1.));
#6304=DIRECTION('center_axis',(0.,1.,0.));
#6305=DIRECTION('ref_axis',(0.,0.,1.));
#6306=DIRECTION('',(0.,0.,-1.));
#6307=DIRECTION('center_axis',(0.,0.,-1.));
#6308=DIRECTION('ref_axis',(1.,0.,0.));
#6309=DIRECTION('',(0.,0.,-1.));
#6310=DIRECTION('center_axis',(-1.,1.5419764230905E-15,0.));
#6311=DIRECTION('ref_axis',(0.,0.,1.));
#6312=DIRECTION('',(0.,0.,-1.));
#6313=DIRECTION('center_axis',(0.,0.,-1.));
#6314=DIRECTION('ref_axis',(1.,0.,0.));
#6315=DIRECTION('',(0.,0.,-1.));
#6316=DIRECTION('center_axis',(0.707106781186548,0.707106781186547,0.));
#6317=DIRECTION('ref_axis',(0.,0.,-1.));
#6318=DIRECTION('',(0.,0.,-1.));
#6319=DIRECTION('center_axis',(0.,0.,-1.));
#6320=DIRECTION('ref_axis',(1.,0.,0.));
#6321=DIRECTION('',(0.,0.,1.));
#6322=DIRECTION('',(1.,0.,0.));
#6323=DIRECTION('',(1.,1.1102230246252E-16,2.33285613049361E-14));
#6324=DIRECTION('',(2.3374369168714E-14,-1.9537319405201E-16,-1.));
#6325=DIRECTION('',(0.,0.,1.));
#6326=DIRECTION('',(1.,0.,0.));
#6327=DIRECTION('',(1.,-5.00741785540699E-32,8.75688410673093E-15));
#6328=DIRECTION('',(8.75688410673093E-15,1.97215226305253E-31,-1.));
#6329=DIRECTION('',(5.55111512312575E-17,1.,-1.23789867245705E-14));
#6330=DIRECTION('',(1.,5.55111512312578E-17,0.));
#6331=DIRECTION('',(5.55111512312556E-17,1.,-1.23789867245705E-14));
#6332=DIRECTION('',(1.,5.5511151231258E-17,8.07388763624768E-47));
#6333=DIRECTION('',(5.55111512312556E-17,1.,-1.23789867245696E-14));
#6334=DIRECTION('',(1.,5.55111512312738E-17,4.83037433532573E-44));
#6335=DIRECTION('',(-1.34169237380013E-16,1.,-1.23789867245696E-14));
#6336=DIRECTION('',(1.,2.45191539854442E-16,-2.34809378819687E-30));
#6337=DIRECTION('',(-3.15544362088405E-30,-5.88008236235529E-49,1.));
#6338=DIRECTION('',(1.,0.,3.15544362088405E-30));
#6339=DIRECTION('',(1.,1.1102230246252E-16,2.33285613049361E-14));
#6340=DIRECTION('',(2.3374369168714E-14,-1.9537319405201E-16,-1.));
#6341=DIRECTION('',(-3.15544362088405E-30,-5.88008236235529E-49,1.));
#6342=DIRECTION('',(1.,0.,3.15544362088405E-30));
#6343=DIRECTION('',(1.,-5.00741785540699E-32,8.75688410673093E-15));
#6344=DIRECTION('',(8.75688410673093E-15,1.97215226305253E-31,-1.));
#6345=CARTESIAN_POINT('',(0.,0.,0.));
#6346=CARTESIAN_POINT('',(0.,0.,0.));
#6347=CARTESIAN_POINT('Origin',(3.,-9.5,-69.8));
#6348=CARTESIAN_POINT('',(3.,-10.,-69.8));
#6349=CARTESIAN_POINT('',(2.5,-9.5,-69.8));
#6350=CARTESIAN_POINT('Origin',(3.,-9.5,-69.8));
#6351=CARTESIAN_POINT('',(8.25,-10.,-69.8));
#6352=CARTESIAN_POINT('',(3.,-10.,-69.8));
#6353=CARTESIAN_POINT('',(10.,-8.25,-69.8));
#6354=CARTESIAN_POINT('Origin',(8.25,-8.25,-69.8));
#6355=CARTESIAN_POINT('',(10.,-3.,-69.8));
#6356=CARTESIAN_POINT('',(10.,-6.25,-69.8));
#6357=CARTESIAN_POINT('',(9.5,-2.5,-69.8));
#6358=CARTESIAN_POINT('Origin',(9.5,-3.,-69.8));
#6359=CARTESIAN_POINT('',(8.42462120245875,-2.5,-69.8));
#6360=CARTESIAN_POINT('',(5.71231060122938,-2.5,-69.8));
#6361=CARTESIAN_POINT('',(7.92462120245875,-3.,-69.8));
#6362=CARTESIAN_POINT('Origin',(8.42462120245875,-3.,-69.8));
#6363=CARTESIAN_POINT('',(7.92462120245875,-5.25,-69.8));
#6364=CARTESIAN_POINT('',(7.92462120245874,-7.375,-69.8));
#6365=CARTESIAN_POINT('',(7.07106781186547,-5.60355339059327,-69.8));
#6366=CARTESIAN_POINT('Origin',(7.42462120245875,-5.25,-69.8));
#6367=CARTESIAN_POINT('',(4.47867965644036,-3.01116523516815,-69.8));
#6368=CARTESIAN_POINT('',(7.02741251125079,-5.55989808997858,-69.8));
#6369=CARTESIAN_POINT('',(3.6,-0.889844891608508,-69.8));
#6370=CARTESIAN_POINT('Origin',(6.6,-0.889844891608508,-69.8));
#6371=CARTESIAN_POINT('',(3.6,0.889844891608509,-69.8));
#6372=CARTESIAN_POINT('',(3.59999999999999,-4.75,-69.8));
#6373=CARTESIAN_POINT('',(4.47867965644036,3.01116523516815,-69.8));
#6374=CARTESIAN_POINT('Origin',(6.6,0.889844891608508,-69.8));
#6375=CARTESIAN_POINT('',(7.07106781186547,5.60355339059327,-69.8));
#6376=CARTESIAN_POINT('',(2.27741251125079,0.809898089978584,-69.8));
#6377=CARTESIAN_POINT('',(7.92462120245875,5.25,-69.8));
#6378=CARTESIAN_POINT('Origin',(7.42462120245875,5.25,-69.8));
#6379=CARTESIAN_POINT('',(7.92462120245875,3.,-69.8));
#6380=CARTESIAN_POINT('',(7.92462120245876,-2.125,-69.8));
#6381=CARTESIAN_POINT('',(8.42462120245875,2.5,-69.8));
#6382=CARTESIAN_POINT('Origin',(8.42462120245875,3.,-69.8));
#6383=CARTESIAN_POINT('',(9.5,2.5,-69.8));
#6384=CARTESIAN_POINT('',(5.71231060122938,2.5,-69.8));
#6385=CARTESIAN_POINT('',(10.,3.,-69.8));
#6386=CARTESIAN_POINT('Origin',(9.5,3.,-69.8));
#6387=CARTESIAN_POINT('',(10.,8.25,-69.8));
#6388=CARTESIAN_POINT('',(10.,-3.25,-69.8));
#6389=CARTESIAN_POINT('',(8.25,10.,-69.8));
#6390=CARTESIAN_POINT('Origin',(8.25,8.25,-69.8));
#6391=CARTESIAN_POINT('',(3.,10.,-69.8));
#6392=CARTESIAN_POINT('',(3.,10.,-69.8));
#6393=CARTESIAN_POINT('',(2.5,9.5,-69.8));
#6394=CARTESIAN_POINT('Origin',(3.,9.5,-69.8));
#6395=CARTESIAN_POINT('',(2.5,8.42462120245875,-69.8));
#6396=CARTESIAN_POINT('',(2.49999999999999,-0.537689398770624,-69.8));
#6397=CARTESIAN_POINT('',(3.,7.92462120245875,-69.8));
#6398=CARTESIAN_POINT('Origin',(3.,8.42462120245875,-69.8));
#6399=CARTESIAN_POINT('',(5.25,7.92462120245875,-69.8));
#6400=CARTESIAN_POINT('',(3.,7.92462120245875,-69.8));
#6401=CARTESIAN_POINT('',(5.60355339059327,7.07106781186548,-69.8));
#6402=CARTESIAN_POINT('Origin',(5.25,7.42462120245875,-69.8));
#6403=CARTESIAN_POINT('',(3.01116523516816,4.47867965644036,-69.8));
#6404=CARTESIAN_POINT('',(-0.486295987733968,0.981218433538218,-69.8));
#6405=CARTESIAN_POINT('',(0.889844891608519,3.6,-69.8));
#6406=CARTESIAN_POINT('Origin',(0.889844891608519,6.6,-69.8));
#6407=CARTESIAN_POINT('',(-0.889844891608518,3.6,-69.8));
#6408=CARTESIAN_POINT('',(1.5,3.6,-69.8));
#6409=CARTESIAN_POINT('',(-3.01116523516816,4.47867965644036,-69.8));
#6410=CARTESIAN_POINT('Origin',(-0.889844891608519,6.6,-69.8));
#6411=CARTESIAN_POINT('',(-5.60355339059327,7.07106781186548,-69.8));
#6412=CARTESIAN_POINT('',(1.98629598773396,-0.518781566461782,-69.8));
#6413=CARTESIAN_POINT('',(-5.25,7.92462120245875,-69.8));
#6414=CARTESIAN_POINT('Origin',(-5.25,7.42462120245875,-69.8));
#6415=CARTESIAN_POINT('',(-3.,7.92462120245875,-69.8));
#6416=CARTESIAN_POINT('',(0.,7.92462120245875,-69.8));
#6417=CARTESIAN_POINT('',(-2.5,8.42462120245875,-69.8));
#6418=CARTESIAN_POINT('Origin',(-3.,8.42462120245875,-69.8));
#6419=CARTESIAN_POINT('',(-2.5,9.5,-69.8));
#6420=CARTESIAN_POINT('',(-2.49999999999999,-0.537689398770627,-69.8));
#6421=CARTESIAN_POINT('',(-3.,10.,-69.8));
#6422=CARTESIAN_POINT('Origin',(-3.,9.5,-69.8));
#6423=CARTESIAN_POINT('',(-8.25,10.,-69.8));
#6424=CARTESIAN_POINT('',(3.22162931252836E-15,10.,-69.8));
#6425=CARTESIAN_POINT('',(-10.,8.25,-69.8));
#6426=CARTESIAN_POINT('Origin',(-8.25,8.25,-69.8));
#6427=CARTESIAN_POINT('',(-10.,3.,-69.8));
#6428=CARTESIAN_POINT('',(-10.,-3.25,-69.8));
#6429=CARTESIAN_POINT('',(-9.5,2.5,-69.8));
#6430=CARTESIAN_POINT('Origin',(-9.5,3.,-69.8));
#6431=CARTESIAN_POINT('',(-8.42462120245875,2.5,-69.8));
#6432=CARTESIAN_POINT('',(-2.71231060122937,2.5,-69.8));
#6433=CARTESIAN_POINT('',(-7.92462120245875,3.,-69.8));
#6434=CARTESIAN_POINT('Origin',(-8.42462120245875,3.,-69.8));
#6435=CARTESIAN_POINT('',(-7.92462120245875,5.25,-69.8));
#6436=CARTESIAN_POINT('',(-7.92462120245876,-2.12499999999999,-69.8));
#6437=CARTESIAN_POINT('',(-7.07106781186547,5.60355339059327,-69.8));
#6438=CARTESIAN_POINT('Origin',(-7.42462120245875,5.25,-69.8));
#6439=CARTESIAN_POINT('',(-4.47867965644036,3.01116523516815,-69.8));
#6440=CARTESIAN_POINT('',(-0.777412511250788,-0.690101910021417,-69.8));
#6441=CARTESIAN_POINT('',(-3.6,0.889844891608509,-69.8));
#6442=CARTESIAN_POINT('Origin',(-6.6,0.889844891608508,-69.8));
#6443=CARTESIAN_POINT('',(-3.6,-0.889844891608508,-69.8));
#6444=CARTESIAN_POINT('',(-3.59999999999999,-4.75000000000001,-69.8));
#6445=CARTESIAN_POINT('',(-4.47867965644036,-3.01116523516815,-69.8));
#6446=CARTESIAN_POINT('Origin',(-6.6,-0.889844891608508,-69.8));
#6447=CARTESIAN_POINT('',(-7.07106781186547,-5.60355339059327,-69.8));
#6448=CARTESIAN_POINT('',(-5.52741251125079,-4.05989808997858,-69.8));
#6449=CARTESIAN_POINT('',(-7.92462120245875,-5.25,-69.8));
#6450=CARTESIAN_POINT('Origin',(-7.42462120245875,-5.25,-69.8));
#6451=CARTESIAN_POINT('',(-7.92462120245875,-3.,-69.8));
#6452=CARTESIAN_POINT('',(-7.92462120245874,-7.37500000000001,-69.8));
#6453=CARTESIAN_POINT('',(-8.42462120245875,-2.5,-69.8));
#6454=CARTESIAN_POINT('Origin',(-8.42462120245875,-3.,-69.8));
#6455=CARTESIAN_POINT('',(-9.5,-2.5,-69.8));
#6456=CARTESIAN_POINT('',(-2.71231060122937,-2.5,-69.8));
#6457=CARTESIAN_POINT('',(-10.,-3.,-69.8));
#6458=CARTESIAN_POINT('Origin',(-9.5,-3.,-69.8));
#6459=CARTESIAN_POINT('',(-10.,-8.25,-69.8));
#6460=CARTESIAN_POINT('',(-10.,-6.25,-69.8));
#6461=CARTESIAN_POINT('',(-8.25,-10.,-69.8));
#6462=CARTESIAN_POINT('Origin',(-8.25,-8.25,-69.8));
#6463=CARTESIAN_POINT('',(-3.,-10.,-69.8));
#6464=CARTESIAN_POINT('',(8.26058798084192E-17,-10.,-69.8));
#6465=CARTESIAN_POINT('',(-2.5,-9.5,-69.8));
#6466=CARTESIAN_POINT('Origin',(-3.,-9.5,-69.8));
#6467=CARTESIAN_POINT('',(-2.5,-8.42462120245875,-69.8));
#6468=CARTESIAN_POINT('',(-2.5,-8.96231060122937,-69.8));
#6469=CARTESIAN_POINT('',(-3.,-7.92462120245875,-69.8));
#6470=CARTESIAN_POINT('Origin',(-3.,-8.42462120245875,-69.8));
#6471=CARTESIAN_POINT('',(-5.25,-7.92462120245875,-69.8));
#6472=CARTESIAN_POINT('',(0.,-7.92462120245875,-69.8));
#6473=CARTESIAN_POINT('',(-5.60355339059327,-7.07106781186548,-69.8));
#6474=CARTESIAN_POINT('Origin',(-5.25,-7.42462120245875,-69.8));
#6475=CARTESIAN_POINT('',(-3.01116523516816,-4.47867965644036,-69.8));
#6476=CARTESIAN_POINT('',(-2.76370401226603,-4.23121843353823,-69.8));
#6477=CARTESIAN_POINT('',(-0.889844891608518,-3.6,-69.8));
#6478=CARTESIAN_POINT('Origin',(-0.889844891608519,-6.6,-69.8));
#6479=CARTESIAN_POINT('',(0.889844891608519,-3.6,-69.8));
#6480=CARTESIAN_POINT('',(1.5,-3.6,-69.8));
#6481=CARTESIAN_POINT('',(3.01116523516816,-4.47867965644036,-69.8));
#6482=CARTESIAN_POINT('Origin',(0.889844891608519,-6.6,-69.8));
#6483=CARTESIAN_POINT('',(5.60355339059327,-7.07106781186548,-69.8));
#6484=CARTESIAN_POINT('',(4.26370401226603,-5.73121843353823,-69.8));
#6485=CARTESIAN_POINT('',(5.25,-7.92462120245875,-69.8));
#6486=CARTESIAN_POINT('Origin',(5.25,-7.42462120245875,-69.8));
#6487=CARTESIAN_POINT('',(3.,-7.92462120245875,-69.8));
#6488=CARTESIAN_POINT('',(3.,-7.92462120245875,-69.8));
#6489=CARTESIAN_POINT('',(2.5,-8.42462120245875,-69.8));
#6490=CARTESIAN_POINT('Origin',(3.,-8.42462120245875,-69.8));
#6491=CARTESIAN_POINT('',(2.5,-8.96231060122938,-69.8));
#6492=CARTESIAN_POINT('',(2.15,1.33226762955019E-14,-69.8));
#6493=CARTESIAN_POINT('Origin',(-1.25767452008319E-14,1.25767452008319E-14,
-69.8));
#6494=CARTESIAN_POINT('Origin',(-3.,10.,304.8));
#6495=CARTESIAN_POINT('',(-3.,10.,-304.8));
#6496=CARTESIAN_POINT('',(-3.,10.,304.8));
#6497=CARTESIAN_POINT('',(-8.25,10.,-304.8));
#6498=CARTESIAN_POINT('',(-3.,10.,-304.8));
#6499=CARTESIAN_POINT('',(-8.25,10.,304.8));
#6500=CARTESIAN_POINT('Origin',(-3.,9.5,304.8));
#6501=CARTESIAN_POINT('',(-2.5,9.5,-304.8));
#6502=CARTESIAN_POINT('',(-2.5,9.5,304.8));
#6503=CARTESIAN_POINT('Origin',(-3.,9.5,-304.8));
#6504=CARTESIAN_POINT('Origin',(-2.5,8.42462120245875,304.8));
#6505=CARTESIAN_POINT('',(-2.5,8.42462120245875,-304.8));
#6506=CARTESIAN_POINT('',(-2.5,8.42462120245875,304.8));
#6507=CARTESIAN_POINT('',(-2.5,8.42462120245875,-304.8));
#6508=CARTESIAN_POINT('Origin',(-3.,8.42462120245875,304.8));
#6509=CARTESIAN_POINT('',(-3.,7.92462120245875,-304.8));
#6510=CARTESIAN_POINT('',(-3.,7.92462120245875,304.8));
#6511=CARTESIAN_POINT('Origin',(-3.,8.42462120245875,-304.8));
#6512=CARTESIAN_POINT('Origin',(-3.,7.92462120245875,304.8));
#6513=CARTESIAN_POINT('',(-5.25,7.92462120245875,-304.8));
#6514=CARTESIAN_POINT('',(-5.25,7.92462120245875,304.8));
#6515=CARTESIAN_POINT('',(-5.25,7.92462120245875,-304.8));
#6516=CARTESIAN_POINT('Origin',(-5.25,7.42462120245875,304.8));
#6517=CARTESIAN_POINT('',(-5.60355339059327,7.07106781186548,-304.8));
#6518=CARTESIAN_POINT('',(-5.60355339059327,7.07106781186548,304.8));
#6519=CARTESIAN_POINT('Origin',(-5.25,7.42462120245875,-304.8));
#6520=CARTESIAN_POINT('Origin',(-3.01116523516816,4.47867965644036,304.8));
#6521=CARTESIAN_POINT('',(-3.01116523516816,4.47867965644036,-304.8));
#6522=CARTESIAN_POINT('',(-3.01116523516816,4.47867965644036,304.8));
#6523=CARTESIAN_POINT('',(-3.01116523516816,4.47867965644036,-304.8));
#6524=CARTESIAN_POINT('Origin',(-0.889844891608519,6.6,304.8));
#6525=CARTESIAN_POINT('',(-0.889844891608519,3.6,-304.8));
#6526=CARTESIAN_POINT('',(-0.889844891608519,3.6,304.8));
#6527=CARTESIAN_POINT('Origin',(-0.889844891608519,6.6,-304.8));
#6528=CARTESIAN_POINT('Origin',(0.,3.6,304.8));
#6529=CARTESIAN_POINT('',(0.889844891608519,3.6,-304.8));
#6530=CARTESIAN_POINT('',(0.889844891608519,3.6,304.8));
#6531=CARTESIAN_POINT('',(-0.889844891608518,3.6,-304.8));
#6532=CARTESIAN_POINT('Origin',(0.889844891608519,6.6,304.8));
#6533=CARTESIAN_POINT('',(3.01116523516816,4.47867965644036,-304.8));
#6534=CARTESIAN_POINT('',(3.01116523516816,4.47867965644036,304.8));
#6535=CARTESIAN_POINT('Origin',(0.889844891608519,6.6,-304.8));
#6536=CARTESIAN_POINT('Origin',(3.01116523516816,4.47867965644036,304.8));
#6537=CARTESIAN_POINT('',(5.60355339059327,7.07106781186548,-304.8));
#6538=CARTESIAN_POINT('',(5.60355339059327,7.07106781186548,304.8));
#6539=CARTESIAN_POINT('',(3.01116523516816,4.47867965644036,-304.8));
#6540=CARTESIAN_POINT('Origin',(5.25,7.42462120245875,304.8));
#6541=CARTESIAN_POINT('',(5.25,7.92462120245875,-304.8));
#6542=CARTESIAN_POINT('',(5.25,7.92462120245875,304.8));
#6543=CARTESIAN_POINT('Origin',(5.25,7.42462120245875,-304.8));
#6544=CARTESIAN_POINT('Origin',(3.,7.92462120245875,304.8));
#6545=CARTESIAN_POINT('',(3.,7.92462120245875,-304.8));
#6546=CARTESIAN_POINT('',(3.,7.92462120245875,304.8));
#6547=CARTESIAN_POINT('',(5.25,7.92462120245875,-304.8));
#6548=CARTESIAN_POINT('Origin',(3.,8.42462120245875,304.8));
#6549=CARTESIAN_POINT('',(2.5,8.42462120245875,-304.8));
#6550=CARTESIAN_POINT('',(2.5,8.42462120245875,304.8));
#6551=CARTESIAN_POINT('Origin',(3.,8.42462120245875,-304.8));
#6552=CARTESIAN_POINT('Origin',(2.5,8.42462120245875,304.8));
#6553=CARTESIAN_POINT('',(2.5,9.5,-304.8));
#6554=CARTESIAN_POINT('',(2.5,9.5,304.8));
#6555=CARTESIAN_POINT('',(2.5,8.42462120245875,-304.8));
#6556=CARTESIAN_POINT('Origin',(3.,9.5,304.8));
#6557=CARTESIAN_POINT('',(3.,10.,-304.8));
#6558=CARTESIAN_POINT('',(3.,10.,304.8));
#6559=CARTESIAN_POINT('Origin',(3.,9.5,-304.8));
#6560=CARTESIAN_POINT('Origin',(3.,10.,304.8));
#6561=CARTESIAN_POINT('',(8.25,10.,-304.8));
#6562=CARTESIAN_POINT('',(8.25,10.,304.8));
#6563=CARTESIAN_POINT('',(3.,10.,-304.8));
#6564=CARTESIAN_POINT('Origin',(8.25,8.25,304.8));
#6565=CARTESIAN_POINT('',(10.,8.25,-304.8));
#6566=CARTESIAN_POINT('',(10.,8.25,304.8));
#6567=CARTESIAN_POINT('Origin',(8.25,8.25,-304.8));
#6568=CARTESIAN_POINT('Origin',(10.,3.,304.8));
#6569=CARTESIAN_POINT('',(10.,3.,-304.8));
#6570=CARTESIAN_POINT('',(10.,3.,304.8));
#6571=CARTESIAN_POINT('',(10.,8.25,-304.8));
#6572=CARTESIAN_POINT('Origin',(9.5,3.,304.8));
#6573=CARTESIAN_POINT('',(9.5,2.5,-304.8));
#6574=CARTESIAN_POINT('',(9.5,2.5,304.8));
#6575=CARTESIAN_POINT('Origin',(9.5,3.,-304.8));
#6576=CARTESIAN_POINT('Origin',(8.42462120245875,2.5,304.8));
#6577=CARTESIAN_POINT('',(8.42462120245875,2.5,-304.8));
#6578=CARTESIAN_POINT('',(8.42462120245875,2.5,304.8));
#6579=CARTESIAN_POINT('',(9.5,2.5,-304.8));
#6580=CARTESIAN_POINT('Origin',(8.42462120245875,3.,304.8));
#6581=CARTESIAN_POINT('',(7.92462120245875,3.,-304.8));
#6582=CARTESIAN_POINT('',(7.92462120245875,3.,304.8));
#6583=CARTESIAN_POINT('Origin',(8.42462120245875,3.,-304.8));
#6584=CARTESIAN_POINT('Origin',(7.92462120245875,5.25,304.8));
#6585=CARTESIAN_POINT('',(7.92462120245875,5.25,-304.8));
#6586=CARTESIAN_POINT('',(7.92462120245875,5.25,304.8));
#6587=CARTESIAN_POINT('',(7.92462120245875,3.,-304.8));
#6588=CARTESIAN_POINT('Origin',(7.42462120245875,5.25,304.8));
#6589=CARTESIAN_POINT('',(7.07106781186547,5.60355339059327,-304.8));
#6590=CARTESIAN_POINT('',(7.07106781186547,5.60355339059327,304.8));
#6591=CARTESIAN_POINT('Origin',(7.42462120245875,5.25,-304.8));
#6592=CARTESIAN_POINT('Origin',(7.07106781186547,5.60355339059327,304.8));
#6593=CARTESIAN_POINT('',(4.47867965644036,3.01116523516815,-304.8));
#6594=CARTESIAN_POINT('',(4.47867965644036,3.01116523516815,304.8));
#6595=CARTESIAN_POINT('',(7.07106781186547,5.60355339059327,-304.8));
#6596=CARTESIAN_POINT('Origin',(6.6,0.889844891608508,304.8));
#6597=CARTESIAN_POINT('',(3.6,0.889844891608508,-304.8));
#6598=CARTESIAN_POINT('',(3.6,0.889844891608508,304.8));
#6599=CARTESIAN_POINT('Origin',(6.6,0.889844891608508,-304.8));
#6600=CARTESIAN_POINT('Origin',(3.6,0.,304.8));
#6601=CARTESIAN_POINT('',(3.6,-0.889844891608508,-304.8));
#6602=CARTESIAN_POINT('',(3.6,-0.889844891608508,304.8));
#6603=CARTESIAN_POINT('',(3.6,-0.889844891608508,-304.8));
#6604=CARTESIAN_POINT('Origin',(6.6,-0.889844891608508,304.8));
#6605=CARTESIAN_POINT('',(4.47867965644036,-3.01116523516815,-304.8));
#6606=CARTESIAN_POINT('',(4.47867965644036,-3.01116523516815,304.8));
#6607=CARTESIAN_POINT('Origin',(6.6,-0.889844891608508,-304.8));
#6608=CARTESIAN_POINT('Origin',(7.07106781186547,-5.60355339059327,304.8));
#6609=CARTESIAN_POINT('',(7.07106781186547,-5.60355339059327,-304.8));
#6610=CARTESIAN_POINT('',(7.07106781186547,-5.60355339059327,304.8));
#6611=CARTESIAN_POINT('',(7.07106781186547,-5.60355339059327,-304.8));
#6612=CARTESIAN_POINT('Origin',(7.42462120245875,-5.25,304.8));
#6613=CARTESIAN_POINT('',(7.92462120245875,-5.25,-304.8));
#6614=CARTESIAN_POINT('',(7.92462120245875,-5.25,304.8));
#6615=CARTESIAN_POINT('Origin',(7.42462120245875,-5.25,-304.8));
#6616=CARTESIAN_POINT('Origin',(7.92462120245875,-5.25,304.8));
#6617=CARTESIAN_POINT('',(7.92462120245875,-3.,-304.8));
#6618=CARTESIAN_POINT('',(7.92462120245875,-3.,304.8));
#6619=CARTESIAN_POINT('',(7.92462120245875,-3.,-304.8));
#6620=CARTESIAN_POINT('Origin',(8.42462120245875,-3.,304.8));
#6621=CARTESIAN_POINT('',(8.42462120245875,-2.5,-304.8));
#6622=CARTESIAN_POINT('',(8.42462120245875,-2.5,304.8));
#6623=CARTESIAN_POINT('Origin',(8.42462120245875,-3.,-304.8));
#6624=CARTESIAN_POINT('Origin',(8.42462120245875,-2.5,304.8));
#6625=CARTESIAN_POINT('',(9.5,-2.5,-304.8));
#6626=CARTESIAN_POINT('',(9.5,-2.5,304.8));
#6627=CARTESIAN_POINT('',(9.5,-2.5,-304.8));
#6628=CARTESIAN_POINT('Origin',(9.5,-3.,304.8));
#6629=CARTESIAN_POINT('',(10.,-3.,-304.8));
#6630=CARTESIAN_POINT('',(10.,-3.,304.8));
#6631=CARTESIAN_POINT('Origin',(9.5,-3.,-304.8));
#6632=CARTESIAN_POINT('Origin',(10.,-3.,304.8));
#6633=CARTESIAN_POINT('',(10.,-8.25,-304.8));
#6634=CARTESIAN_POINT('',(10.,-8.25,304.8));
#6635=CARTESIAN_POINT('',(10.,-8.25,-304.8));
#6636=CARTESIAN_POINT('Origin',(8.25,-8.25,304.8));
#6637=CARTESIAN_POINT('',(8.25,-10.,-304.8));
#6638=CARTESIAN_POINT('',(8.25,-10.,304.8));
#6639=CARTESIAN_POINT('Origin',(8.25,-8.25,-304.8));
#6640=CARTESIAN_POINT('Origin',(3.,-10.,304.8));
#6641=CARTESIAN_POINT('',(3.,-10.,-304.8));
#6642=CARTESIAN_POINT('',(3.,-10.,304.8));
#6643=CARTESIAN_POINT('',(3.,-10.,-304.8));
#6644=CARTESIAN_POINT('Origin',(3.,-9.5,304.8));
#6645=CARTESIAN_POINT('',(2.5,-9.5,-304.8));
#6646=CARTESIAN_POINT('',(2.5,-9.5,304.8));
#6647=CARTESIAN_POINT('Origin',(3.,-9.5,-304.8));
#6648=CARTESIAN_POINT('Origin',(-1.25767452008319E-14,1.25767452008319E-14,
304.8));
#6649=CARTESIAN_POINT('',(2.15,1.25767452008319E-14,-304.8));
#6650=CARTESIAN_POINT('',(2.15,1.23134461390152E-14,304.8));
#6651=CARTESIAN_POINT('Origin',(-1.25767452008319E-14,1.25767452008319E-14,
-304.8));
#6652=CARTESIAN_POINT('Origin',(0.,-3.6,304.8));
#6653=CARTESIAN_POINT('',(-0.889844891608519,-3.6,-304.8));
#6654=CARTESIAN_POINT('',(-0.889844891608519,-3.6,304.8));
#6655=CARTESIAN_POINT('',(0.889844891608519,-3.6,-304.8));
#6656=CARTESIAN_POINT('',(-0.889844891608518,-3.6,-304.8));
#6657=CARTESIAN_POINT('',(0.889844891608519,-3.6,304.8));
#6658=CARTESIAN_POINT('Origin',(0.889844891608519,-6.6,304.8));
#6659=CARTESIAN_POINT('',(3.01116523516816,-4.47867965644036,-304.8));
#6660=CARTESIAN_POINT('Origin',(0.889844891608519,-6.6,-304.8));
#6661=CARTESIAN_POINT('',(3.01116523516816,-4.47867965644036,304.8));
#6662=CARTESIAN_POINT('Origin',(3.01116523516816,-4.47867965644036,304.8));
#6663=CARTESIAN_POINT('',(5.60355339059327,-7.07106781186548,-304.8));
#6664=CARTESIAN_POINT('',(3.01116523516816,-4.47867965644036,-304.8));
#6665=CARTESIAN_POINT('',(5.60355339059327,-7.07106781186548,304.8));
#6666=CARTESIAN_POINT('Origin',(5.25,-7.42462120245875,304.8));
#6667=CARTESIAN_POINT('',(5.25,-7.92462120245875,-304.8));
#6668=CARTESIAN_POINT('Origin',(5.25,-7.42462120245875,-304.8));
#6669=CARTESIAN_POINT('',(5.25,-7.92462120245875,304.8));
#6670=CARTESIAN_POINT('Origin',(3.,-7.92462120245875,304.8));
#6671=CARTESIAN_POINT('',(3.,-7.92462120245875,-304.8));
#6672=CARTESIAN_POINT('',(5.25,-7.92462120245875,-304.8));
#6673=CARTESIAN_POINT('',(3.,-7.92462120245875,304.8));
#6674=CARTESIAN_POINT('Origin',(3.,-8.42462120245875,304.8));
#6675=CARTESIAN_POINT('',(2.5,-8.42462120245875,-304.8));
#6676=CARTESIAN_POINT('Origin',(3.,-8.42462120245875,-304.8));
#6677=CARTESIAN_POINT('',(2.5,-8.42462120245875,304.8));
#6678=CARTESIAN_POINT('Origin',(2.5,-8.42462120245875,304.8));
#6679=CARTESIAN_POINT('',(2.5,-8.42462120245875,-304.8));
#6680=CARTESIAN_POINT('Origin',(3.,-9.5,-304.8));
#6681=CARTESIAN_POINT('',(-3.01116523516816,-4.47867965644036,-304.8));
#6682=CARTESIAN_POINT('Origin',(-0.889844891608519,-6.6,-304.8));
#6683=CARTESIAN_POINT('',(-5.60355339059327,-7.07106781186548,-304.8));
#6684=CARTESIAN_POINT('',(-3.01116523516816,-4.47867965644036,-304.8));
#6685=CARTESIAN_POINT('',(-5.25,-7.92462120245875,-304.8));
#6686=CARTESIAN_POINT('Origin',(-5.25,-7.42462120245875,-304.8));
#6687=CARTESIAN_POINT('',(-3.,-7.92462120245875,-304.8));
#6688=CARTESIAN_POINT('',(-5.25,-7.92462120245875,-304.8));
#6689=CARTESIAN_POINT('',(-2.5,-8.42462120245875,-304.8));
#6690=CARTESIAN_POINT('Origin',(-3.,-8.42462120245875,-304.8));
#6691=CARTESIAN_POINT('',(-2.5,-9.5,-304.8));
#6692=CARTESIAN_POINT('',(-2.5,-8.42462120245875,-304.8));
#6693=CARTESIAN_POINT('',(-3.,-10.,-304.8));
#6694=CARTESIAN_POINT('Origin',(-3.,-9.5,-304.8));
#6695=CARTESIAN_POINT('',(-8.25,-10.,-304.8));
#6696=CARTESIAN_POINT('',(-3.,-10.,-304.8));
#6697=CARTESIAN_POINT('',(-10.,-8.25,-304.8));
#6698=CARTESIAN_POINT('Origin',(-8.25,-8.25,-304.8));
#6699=CARTESIAN_POINT('',(-10.,-3.,-304.8));
#6700=CARTESIAN_POINT('',(-10.,-8.25,-304.8));
#6701=CARTESIAN_POINT('',(-9.5,-2.5,-304.8));
#6702=CARTESIAN_POINT('Origin',(-9.5,-3.,-304.8));
#6703=CARTESIAN_POINT('',(-8.42462120245875,-2.5,-304.8));
#6704=CARTESIAN_POINT('',(-9.5,-2.5,-304.8));
#6705=CARTESIAN_POINT('',(-7.92462120245875,-3.,-304.8));
#6706=CARTESIAN_POINT('Origin',(-8.42462120245875,-3.,-304.8));
#6707=CARTESIAN_POINT('',(-7.92462120245875,-5.25,-304.8));
#6708=CARTESIAN_POINT('',(-7.92462120245875,-3.,-304.8));
#6709=CARTESIAN_POINT('',(-7.07106781186547,-5.60355339059327,-304.8));
#6710=CARTESIAN_POINT('Origin',(-7.42462120245875,-5.25,-304.8));
#6711=CARTESIAN_POINT('',(-4.47867965644036,-3.01116523516815,-304.8));
#6712=CARTESIAN_POINT('',(-7.07106781186547,-5.60355339059327,-304.8));
#6713=CARTESIAN_POINT('',(-3.6,-0.889844891608508,-304.8));
#6714=CARTESIAN_POINT('Origin',(-6.6,-0.889844891608508,-304.8));
#6715=CARTESIAN_POINT('',(-3.6,0.889844891608508,-304.8));
#6716=CARTESIAN_POINT('',(-3.6,-0.889844891608508,-304.8));
#6717=CARTESIAN_POINT('',(-4.47867965644036,3.01116523516815,-304.8));
#6718=CARTESIAN_POINT('Origin',(-6.6,0.889844891608508,-304.8));
#6719=CARTESIAN_POINT('',(-7.07106781186547,5.60355339059327,-304.8));
#6720=CARTESIAN_POINT('',(-7.07106781186547,5.60355339059327,-304.8));
#6721=CARTESIAN_POINT('',(-7.92462120245875,5.25,-304.8));
#6722=CARTESIAN_POINT('Origin',(-7.42462120245875,5.25,-304.8));
#6723=CARTESIAN_POINT('',(-7.92462120245875,3.,-304.8));
#6724=CARTESIAN_POINT('',(-7.92462120245875,3.,-304.8));
#6725=CARTESIAN_POINT('',(-8.42462120245875,2.5,-304.8));
#6726=CARTESIAN_POINT('Origin',(-8.42462120245875,3.,-304.8));
#6727=CARTESIAN_POINT('',(-9.5,2.5,-304.8));
#6728=CARTESIAN_POINT('',(-9.5,2.5,-304.8));
#6729=CARTESIAN_POINT('',(-10.,3.,-304.8));
#6730=CARTESIAN_POINT('Origin',(-9.5,3.,-304.8));
#6731=CARTESIAN_POINT('',(-10.,8.25,-304.8));
#6732=CARTESIAN_POINT('',(-10.,8.25,-304.8));
#6733=CARTESIAN_POINT('Origin',(-8.25,8.25,-304.8));
#6734=CARTESIAN_POINT('Origin',(-3.,-9.5,304.8));
#6735=CARTESIAN_POINT('',(-3.,-10.,304.8));
#6736=CARTESIAN_POINT('',(-2.5,-9.5,304.8));
#6737=CARTESIAN_POINT('Origin',(-3.,-10.,304.8));
#6738=CARTESIAN_POINT('',(-8.25,-10.,304.8));
#6739=CARTESIAN_POINT('Origin',(-8.25,-8.25,304.8));
#6740=CARTESIAN_POINT('',(-10.,-8.25,304.8));
#6741=CARTESIAN_POINT('Origin',(-10.,-3.,304.8));
#6742=CARTESIAN_POINT('',(-10.,-3.,304.8));
#6743=CARTESIAN_POINT('Origin',(-9.5,-3.,304.8));
#6744=CARTESIAN_POINT('',(-9.5,-2.5,304.8));
#6745=CARTESIAN_POINT('Origin',(-8.42462120245875,-2.5,304.8));
#6746=CARTESIAN_POINT('',(-8.42462120245875,-2.5,304.8));
#6747=CARTESIAN_POINT('Origin',(-8.42462120245875,-3.,304.8));
#6748=CARTESIAN_POINT('',(-7.92462120245875,-3.,304.8));
#6749=CARTESIAN_POINT('Origin',(-7.92462120245875,-5.25,304.8));
#6750=CARTESIAN_POINT('',(-7.92462120245875,-5.25,304.8));
#6751=CARTESIAN_POINT('Origin',(-7.42462120245875,-5.25,304.8));
#6752=CARTESIAN_POINT('',(-7.07106781186547,-5.60355339059327,304.8));
#6753=CARTESIAN_POINT('Origin',(-7.07106781186547,-5.60355339059327,304.8));
#6754=CARTESIAN_POINT('',(-4.47867965644036,-3.01116523516815,304.8));
#6755=CARTESIAN_POINT('Origin',(-6.6,-0.889844891608508,304.8));
#6756=CARTESIAN_POINT('',(-3.6,-0.889844891608508,304.8));
#6757=CARTESIAN_POINT('Origin',(-3.6,0.,304.8));
#6758=CARTESIAN_POINT('',(-3.6,0.889844891608508,304.8));
#6759=CARTESIAN_POINT('Origin',(-0.889844891608519,-6.6,304.8));
#6760=CARTESIAN_POINT('',(-3.01116523516816,-4.47867965644036,304.8));
#6761=CARTESIAN_POINT('Origin',(-3.01116523516816,-4.47867965644036,304.8));
#6762=CARTESIAN_POINT('',(-5.60355339059327,-7.07106781186548,304.8));
#6763=CARTESIAN_POINT('Origin',(-5.25,-7.42462120245875,304.8));
#6764=CARTESIAN_POINT('',(-5.25,-7.92462120245875,304.8));
#6765=CARTESIAN_POINT('Origin',(-3.,-7.92462120245875,304.8));
#6766=CARTESIAN_POINT('',(-3.,-7.92462120245875,304.8));
#6767=CARTESIAN_POINT('Origin',(-3.,-8.42462120245875,304.8));
#6768=CARTESIAN_POINT('',(-2.5,-8.42462120245875,304.8));
#6769=CARTESIAN_POINT('Origin',(-2.5,-8.42462120245875,304.8));
#6770=CARTESIAN_POINT('Origin',(-8.25,8.25,304.8));
#6771=CARTESIAN_POINT('',(-10.,8.25,304.8));
#6772=CARTESIAN_POINT('Origin',(-10.,3.,304.8));
#6773=CARTESIAN_POINT('',(-10.,3.,304.8));
#6774=CARTESIAN_POINT('Origin',(-9.5,3.,304.8));
#6775=CARTESIAN_POINT('',(-9.5,2.5,304.8));
#6776=CARTESIAN_POINT('Origin',(-8.42462120245875,2.5,304.8));
#6777=CARTESIAN_POINT('',(-8.42462120245875,2.5,304.8));
#6778=CARTESIAN_POINT('Origin',(-8.42462120245875,3.,304.8));
#6779=CARTESIAN_POINT('',(-7.92462120245875,3.,304.8));
#6780=CARTESIAN_POINT('Origin',(-7.92462120245875,5.25,304.8));
#6781=CARTESIAN_POINT('',(-7.92462120245875,5.25,304.8));
#6782=CARTESIAN_POINT('Origin',(-7.42462120245875,5.25,304.8));
#6783=CARTESIAN_POINT('',(-7.07106781186547,5.60355339059327,304.8));
#6784=CARTESIAN_POINT('Origin',(-7.07106781186547,5.60355339059327,304.8));
#6785=CARTESIAN_POINT('',(-4.47867965644036,3.01116523516815,304.8));
#6786=CARTESIAN_POINT('Origin',(-6.6,0.889844891608508,304.8));
#6787=CARTESIAN_POINT('',(0.,0.,0.));
#6788=CARTESIAN_POINT('Origin',(3.,-9.5,70.2));
#6789=CARTESIAN_POINT('',(3.,-10.,70.2));
#6790=CARTESIAN_POINT('',(2.5,-9.5,70.2));
#6791=CARTESIAN_POINT('Origin',(3.,-9.5,70.2));
#6792=CARTESIAN_POINT('',(8.25,-10.,70.2));
#6793=CARTESIAN_POINT('',(3.,-10.,70.2));
#6794=CARTESIAN_POINT('',(10.,-8.25,70.2));
#6795=CARTESIAN_POINT('Origin',(8.25,-8.25,70.2));
#6796=CARTESIAN_POINT('',(10.,-3.,70.2));
#6797=CARTESIAN_POINT('',(10.,-6.25,70.2));
#6798=CARTESIAN_POINT('',(9.5,-2.5,70.2));
#6799=CARTESIAN_POINT('Origin',(9.5,-3.,70.2));
#6800=CARTESIAN_POINT('',(8.42462120245875,-2.5,70.2));
#6801=CARTESIAN_POINT('',(5.71231060122938,-2.5,70.2));
#6802=CARTESIAN_POINT('',(7.92462120245875,-3.,70.2));
#6803=CARTESIAN_POINT('Origin',(8.42462120245875,-3.,70.2));
#6804=CARTESIAN_POINT('',(7.92462120245875,-5.25,70.2));
#6805=CARTESIAN_POINT('',(7.92462120245874,-7.375,70.2));
#6806=CARTESIAN_POINT('',(7.07106781186547,-5.60355339059327,70.2));
#6807=CARTESIAN_POINT('Origin',(7.42462120245875,-5.25,70.2));
#6808=CARTESIAN_POINT('',(4.47867965644036,-3.01116523516815,70.2));
#6809=CARTESIAN_POINT('',(7.02741251125079,-5.55989808997858,70.2));
#6810=CARTESIAN_POINT('',(3.6,-0.889844891608508,70.2));
#6811=CARTESIAN_POINT('Origin',(6.6,-0.889844891608508,70.2));
#6812=CARTESIAN_POINT('',(3.6,0.889844891608509,70.2));
#6813=CARTESIAN_POINT('',(3.59999999999999,-4.75,70.2));
#6814=CARTESIAN_POINT('',(4.47867965644036,3.01116523516815,70.2));
#6815=CARTESIAN_POINT('Origin',(6.6,0.889844891608508,70.2));
#6816=CARTESIAN_POINT('',(7.07106781186547,5.60355339059327,70.2));
#6817=CARTESIAN_POINT('',(2.27741251125079,0.809898089978584,70.2));
#6818=CARTESIAN_POINT('',(7.92462120245875,5.25,70.2));
#6819=CARTESIAN_POINT('Origin',(7.42462120245875,5.25,70.2));
#6820=CARTESIAN_POINT('',(7.92462120245875,3.,70.2));
#6821=CARTESIAN_POINT('',(7.92462120245876,-2.125,70.2));
#6822=CARTESIAN_POINT('',(8.42462120245875,2.5,70.2));
#6823=CARTESIAN_POINT('Origin',(8.42462120245875,3.,70.2));
#6824=CARTESIAN_POINT('',(9.5,2.5,70.2));
#6825=CARTESIAN_POINT('',(5.71231060122938,2.5,70.2));
#6826=CARTESIAN_POINT('',(10.,3.,70.2));
#6827=CARTESIAN_POINT('Origin',(9.5,3.,70.2));
#6828=CARTESIAN_POINT('',(10.,8.25,70.2));
#6829=CARTESIAN_POINT('',(10.,-3.25,70.2));
#6830=CARTESIAN_POINT('',(8.25,10.,70.2));
#6831=CARTESIAN_POINT('Origin',(8.25,8.25,70.2));
#6832=CARTESIAN_POINT('',(3.,10.,70.2));
#6833=CARTESIAN_POINT('',(3.,10.,70.2));
#6834=CARTESIAN_POINT('',(2.5,9.5,70.2));
#6835=CARTESIAN_POINT('Origin',(3.,9.5,70.2));
#6836=CARTESIAN_POINT('',(2.5,8.42462120245875,70.2));
#6837=CARTESIAN_POINT('',(2.49999999999999,-0.537689398770624,70.2));
#6838=CARTESIAN_POINT('',(3.,7.92462120245875,70.2));
#6839=CARTESIAN_POINT('Origin',(3.,8.42462120245875,70.2));
#6840=CARTESIAN_POINT('',(5.25,7.92462120245875,70.2));
#6841=CARTESIAN_POINT('',(3.,7.92462120245875,70.2));
#6842=CARTESIAN_POINT('',(5.60355339059327,7.07106781186548,70.2));
#6843=CARTESIAN_POINT('Origin',(5.25,7.42462120245875,70.2));
#6844=CARTESIAN_POINT('',(3.01116523516816,4.47867965644036,70.2));
#6845=CARTESIAN_POINT('',(-0.486295987733968,0.981218433538218,70.2));
#6846=CARTESIAN_POINT('',(0.889844891608519,3.6,70.2));
#6847=CARTESIAN_POINT('Origin',(0.889844891608519,6.6,70.2));
#6848=CARTESIAN_POINT('',(-0.889844891608518,3.6,70.2));
#6849=CARTESIAN_POINT('',(1.5,3.6,70.2));
#6850=CARTESIAN_POINT('',(-3.01116523516816,4.47867965644036,70.2));
#6851=CARTESIAN_POINT('Origin',(-0.889844891608519,6.6,70.2));
#6852=CARTESIAN_POINT('',(-5.60355339059327,7.07106781186548,70.2));
#6853=CARTESIAN_POINT('',(1.98629598773396,-0.518781566461782,70.2));
#6854=CARTESIAN_POINT('',(-5.25,7.92462120245875,70.2));
#6855=CARTESIAN_POINT('Origin',(-5.25,7.42462120245875,70.2));
#6856=CARTESIAN_POINT('',(-3.,7.92462120245875,70.2));
#6857=CARTESIAN_POINT('',(0.,7.92462120245875,70.2));
#6858=CARTESIAN_POINT('',(-2.5,8.42462120245875,70.2));
#6859=CARTESIAN_POINT('Origin',(-3.,8.42462120245875,70.2));
#6860=CARTESIAN_POINT('',(-2.5,9.5,70.2));
#6861=CARTESIAN_POINT('',(-2.49999999999999,-0.537689398770627,70.2));
#6862=CARTESIAN_POINT('',(-3.,10.,70.2));
#6863=CARTESIAN_POINT('Origin',(-3.,9.5,70.2));
#6864=CARTESIAN_POINT('',(-8.25,10.,70.2));
#6865=CARTESIAN_POINT('',(3.22162931252836E-15,10.,70.2));
#6866=CARTESIAN_POINT('',(-10.,8.25,70.2));
#6867=CARTESIAN_POINT('Origin',(-8.25,8.25,70.2));
#6868=CARTESIAN_POINT('',(-10.,3.,70.2));
#6869=CARTESIAN_POINT('',(-10.,-3.25,70.2));
#6870=CARTESIAN_POINT('',(-9.5,2.5,70.2));
#6871=CARTESIAN_POINT('Origin',(-9.5,3.,70.2));
#6872=CARTESIAN_POINT('',(-8.42462120245875,2.5,70.2));
#6873=CARTESIAN_POINT('',(-2.71231060122937,2.5,70.2));
#6874=CARTESIAN_POINT('',(-7.92462120245875,3.,70.2));
#6875=CARTESIAN_POINT('Origin',(-8.42462120245875,3.,70.2));
#6876=CARTESIAN_POINT('',(-7.92462120245875,5.25,70.2));
#6877=CARTESIAN_POINT('',(-7.92462120245876,-2.12499999999999,70.2));
#6878=CARTESIAN_POINT('',(-7.07106781186547,5.60355339059327,70.2));
#6879=CARTESIAN_POINT('Origin',(-7.42462120245875,5.25,70.2));
#6880=CARTESIAN_POINT('',(-4.47867965644036,3.01116523516815,70.2));
#6881=CARTESIAN_POINT('',(-0.777412511250788,-0.690101910021417,70.2));
#6882=CARTESIAN_POINT('',(-3.6,0.889844891608509,70.2));
#6883=CARTESIAN_POINT('Origin',(-6.6,0.889844891608508,70.2));
#6884=CARTESIAN_POINT('',(-3.6,-0.889844891608508,70.2));
#6885=CARTESIAN_POINT('',(-3.59999999999999,-4.75000000000001,70.2));
#6886=CARTESIAN_POINT('',(-4.47867965644036,-3.01116523516815,70.2));
#6887=CARTESIAN_POINT('Origin',(-6.6,-0.889844891608508,70.2));
#6888=CARTESIAN_POINT('',(-7.07106781186547,-5.60355339059327,70.2));
#6889=CARTESIAN_POINT('',(-5.52741251125079,-4.05989808997858,70.2));
#6890=CARTESIAN_POINT('',(-7.92462120245875,-5.25,70.2));
#6891=CARTESIAN_POINT('Origin',(-7.42462120245875,-5.25,70.2));
#6892=CARTESIAN_POINT('',(-7.92462120245875,-3.,70.2));
#6893=CARTESIAN_POINT('',(-7.92462120245874,-7.37500000000001,70.2));
#6894=CARTESIAN_POINT('',(-8.42462120245875,-2.5,70.2));
#6895=CARTESIAN_POINT('Origin',(-8.42462120245875,-3.,70.2));
#6896=CARTESIAN_POINT('',(-9.5,-2.5,70.2));
#6897=CARTESIAN_POINT('',(-2.71231060122937,-2.5,70.2));
#6898=CARTESIAN_POINT('',(-10.,-3.,70.2));
#6899=CARTESIAN_POINT('Origin',(-9.5,-3.,70.2));
#6900=CARTESIAN_POINT('',(-10.,-8.25,70.2));
#6901=CARTESIAN_POINT('',(-10.,-6.25,70.2));
#6902=CARTESIAN_POINT('',(-8.25,-10.,70.2));
#6903=CARTESIAN_POINT('Origin',(-8.25,-8.25,70.2));
#6904=CARTESIAN_POINT('',(-3.,-10.,70.2));
#6905=CARTESIAN_POINT('',(8.26058798084192E-17,-10.,70.2));
#6906=CARTESIAN_POINT('',(-2.5,-9.5,70.2));
#6907=CARTESIAN_POINT('Origin',(-3.,-9.5,70.2));
#6908=CARTESIAN_POINT('',(-2.5,-8.42462120245875,70.2));
#6909=CARTESIAN_POINT('',(-2.5,-8.96231060122937,70.2));
#6910=CARTESIAN_POINT('',(-3.,-7.92462120245875,70.2));
#6911=CARTESIAN_POINT('Origin',(-3.,-8.42462120245875,70.2));
#6912=CARTESIAN_POINT('',(-5.25,-7.92462120245875,70.2));
#6913=CARTESIAN_POINT('',(0.,-7.92462120245875,70.2));
#6914=CARTESIAN_POINT('',(-5.60355339059327,-7.07106781186548,70.2));
#6915=CARTESIAN_POINT('Origin',(-5.25,-7.42462120245875,70.2));
#6916=CARTESIAN_POINT('',(-3.01116523516816,-4.47867965644036,70.2));
#6917=CARTESIAN_POINT('',(-2.76370401226603,-4.23121843353823,70.2));
#6918=CARTESIAN_POINT('',(-0.889844891608518,-3.6,70.2));
#6919=CARTESIAN_POINT('Origin',(-0.889844891608519,-6.6,70.2));
#6920=CARTESIAN_POINT('',(0.889844891608519,-3.6,70.2));
#6921=CARTESIAN_POINT('',(1.5,-3.6,70.2));
#6922=CARTESIAN_POINT('',(3.01116523516816,-4.47867965644036,70.2));
#6923=CARTESIAN_POINT('Origin',(0.889844891608519,-6.6,70.2));
#6924=CARTESIAN_POINT('',(5.60355339059327,-7.07106781186548,70.2));
#6925=CARTESIAN_POINT('',(4.26370401226603,-5.73121843353823,70.2));
#6926=CARTESIAN_POINT('',(5.25,-7.92462120245875,70.2));
#6927=CARTESIAN_POINT('Origin',(5.25,-7.42462120245875,70.2));
#6928=CARTESIAN_POINT('',(3.,-7.92462120245875,70.2));
#6929=CARTESIAN_POINT('',(3.,-7.92462120245875,70.2));
#6930=CARTESIAN_POINT('',(2.5,-8.42462120245875,70.2));
#6931=CARTESIAN_POINT('Origin',(3.,-8.42462120245875,70.2));
#6932=CARTESIAN_POINT('',(2.5,-8.96231060122938,70.2));
#6933=CARTESIAN_POINT('',(2.15,1.33226762955019E-14,70.2));
#6934=CARTESIAN_POINT('Origin',(-1.25767452008319E-14,1.25767452008319E-14,
70.2));
#6935=CARTESIAN_POINT('Origin',(-3.,10.,304.8));
#6936=CARTESIAN_POINT('',(-3.,10.,-304.8));
#6937=CARTESIAN_POINT('',(-3.,10.,304.8));
#6938=CARTESIAN_POINT('',(-8.25,10.,-304.8));
#6939=CARTESIAN_POINT('',(-3.,10.,-304.8));
#6940=CARTESIAN_POINT('',(-8.25,10.,304.8));
#6941=CARTESIAN_POINT('Origin',(-3.,9.5,304.8));
#6942=CARTESIAN_POINT('',(-2.5,9.5,-304.8));
#6943=CARTESIAN_POINT('',(-2.5,9.5,304.8));
#6944=CARTESIAN_POINT('Origin',(-3.,9.5,-304.8));
#6945=CARTESIAN_POINT('Origin',(-2.5,8.42462120245875,304.8));
#6946=CARTESIAN_POINT('',(-2.5,8.42462120245875,-304.8));
#6947=CARTESIAN_POINT('',(-2.5,8.42462120245875,304.8));
#6948=CARTESIAN_POINT('',(-2.5,8.42462120245875,-304.8));
#6949=CARTESIAN_POINT('Origin',(-3.,8.42462120245875,304.8));
#6950=CARTESIAN_POINT('',(-3.,7.92462120245875,-304.8));
#6951=CARTESIAN_POINT('',(-3.,7.92462120245875,304.8));
#6952=CARTESIAN_POINT('Origin',(-3.,8.42462120245875,-304.8));
#6953=CARTESIAN_POINT('Origin',(-3.,7.92462120245875,304.8));
#6954=CARTESIAN_POINT('',(-5.25,7.92462120245875,-304.8));
#6955=CARTESIAN_POINT('',(-5.25,7.92462120245875,304.8));
#6956=CARTESIAN_POINT('',(-5.25,7.92462120245875,-304.8));
#6957=CARTESIAN_POINT('Origin',(-5.25,7.42462120245875,304.8));
#6958=CARTESIAN_POINT('',(-5.60355339059327,7.07106781186548,-304.8));
#6959=CARTESIAN_POINT('',(-5.60355339059327,7.07106781186548,304.8));
#6960=CARTESIAN_POINT('Origin',(-5.25,7.42462120245875,-304.8));
#6961=CARTESIAN_POINT('Origin',(-3.01116523516816,4.47867965644036,304.8));
#6962=CARTESIAN_POINT('',(-3.01116523516816,4.47867965644036,-304.8));
#6963=CARTESIAN_POINT('',(-3.01116523516816,4.47867965644036,304.8));
#6964=CARTESIAN_POINT('',(-3.01116523516816,4.47867965644036,-304.8));
#6965=CARTESIAN_POINT('Origin',(-0.889844891608519,6.6,304.8));
#6966=CARTESIAN_POINT('',(-0.889844891608519,3.6,-304.8));
#6967=CARTESIAN_POINT('',(-0.889844891608519,3.6,304.8));
#6968=CARTESIAN_POINT('Origin',(-0.889844891608519,6.6,-304.8));
#6969=CARTESIAN_POINT('Origin',(0.,3.6,304.8));
#6970=CARTESIAN_POINT('',(0.889844891608519,3.6,-304.8));
#6971=CARTESIAN_POINT('',(0.889844891608519,3.6,304.8));
#6972=CARTESIAN_POINT('',(-0.889844891608518,3.6,-304.8));
#6973=CARTESIAN_POINT('Origin',(0.889844891608519,6.6,304.8));
#6974=CARTESIAN_POINT('',(3.01116523516816,4.47867965644036,-304.8));
#6975=CARTESIAN_POINT('',(3.01116523516816,4.47867965644036,304.8));
#6976=CARTESIAN_POINT('Origin',(0.889844891608519,6.6,-304.8));
#6977=CARTESIAN_POINT('Origin',(3.01116523516816,4.47867965644036,304.8));
#6978=CARTESIAN_POINT('',(5.60355339059327,7.07106781186548,-304.8));
#6979=CARTESIAN_POINT('',(5.60355339059327,7.07106781186548,304.8));
#6980=CARTESIAN_POINT('',(3.01116523516816,4.47867965644036,-304.8));
#6981=CARTESIAN_POINT('Origin',(5.25,7.42462120245875,304.8));
#6982=CARTESIAN_POINT('',(5.25,7.92462120245875,-304.8));
#6983=CARTESIAN_POINT('',(5.25,7.92462120245875,304.8));
#6984=CARTESIAN_POINT('Origin',(5.25,7.42462120245875,-304.8));
#6985=CARTESIAN_POINT('Origin',(3.,7.92462120245875,304.8));
#6986=CARTESIAN_POINT('',(3.,7.92462120245875,-304.8));
#6987=CARTESIAN_POINT('',(3.,7.92462120245875,304.8));
#6988=CARTESIAN_POINT('',(5.25,7.92462120245875,-304.8));
#6989=CARTESIAN_POINT('Origin',(3.,8.42462120245875,304.8));
#6990=CARTESIAN_POINT('',(2.5,8.42462120245875,-304.8));
#6991=CARTESIAN_POINT('',(2.5,8.42462120245875,304.8));
#6992=CARTESIAN_POINT('Origin',(3.,8.42462120245875,-304.8));
#6993=CARTESIAN_POINT('Origin',(2.5,8.42462120245875,304.8));
#6994=CARTESIAN_POINT('',(2.5,9.5,-304.8));
#6995=CARTESIAN_POINT('',(2.5,9.5,304.8));
#6996=CARTESIAN_POINT('',(2.5,8.42462120245875,-304.8));
#6997=CARTESIAN_POINT('Origin',(3.,9.5,304.8));
#6998=CARTESIAN_POINT('',(3.,10.,-304.8));
#6999=CARTESIAN_POINT('',(3.,10.,304.8));
#7000=CARTESIAN_POINT('Origin',(3.,9.5,-304.8));
#7001=CARTESIAN_POINT('Origin',(3.,10.,304.8));
#7002=CARTESIAN_POINT('',(8.25,10.,-304.8));
#7003=CARTESIAN_POINT('',(8.25,10.,304.8));
#7004=CARTESIAN_POINT('',(3.,10.,-304.8));
#7005=CARTESIAN_POINT('Origin',(8.25,8.25,304.8));
#7006=CARTESIAN_POINT('',(10.,8.25,-304.8));
#7007=CARTESIAN_POINT('',(10.,8.25,304.8));
#7008=CARTESIAN_POINT('Origin',(8.25,8.25,-304.8));
#7009=CARTESIAN_POINT('Origin',(10.,3.,304.8));
#7010=CARTESIAN_POINT('',(10.,3.,-304.8));
#7011=CARTESIAN_POINT('',(10.,3.,304.8));
#7012=CARTESIAN_POINT('',(10.,8.25,-304.8));
#7013=CARTESIAN_POINT('Origin',(9.5,3.,304.8));
#7014=CARTESIAN_POINT('',(9.5,2.5,-304.8));
#7015=CARTESIAN_POINT('',(9.5,2.5,304.8));
#7016=CARTESIAN_POINT('Origin',(9.5,3.,-304.8));
#7017=CARTESIAN_POINT('Origin',(8.42462120245875,2.5,304.8));
#7018=CARTESIAN_POINT('',(8.42462120245875,2.5,-304.8));
#7019=CARTESIAN_POINT('',(8.42462120245875,2.5,304.8));
#7020=CARTESIAN_POINT('',(9.5,2.5,-304.8));
#7021=CARTESIAN_POINT('Origin',(8.42462120245875,3.,304.8));
#7022=CARTESIAN_POINT('',(7.92462120245875,3.,-304.8));
#7023=CARTESIAN_POINT('',(7.92462120245875,3.,304.8));
#7024=CARTESIAN_POINT('Origin',(8.42462120245875,3.,-304.8));
#7025=CARTESIAN_POINT('Origin',(7.92462120245875,5.25,304.8));
#7026=CARTESIAN_POINT('',(7.92462120245875,5.25,-304.8));
#7027=CARTESIAN_POINT('',(7.92462120245875,5.25,304.8));
#7028=CARTESIAN_POINT('',(7.92462120245875,3.,-304.8));
#7029=CARTESIAN_POINT('Origin',(7.42462120245875,5.25,304.8));
#7030=CARTESIAN_POINT('',(7.07106781186547,5.60355339059327,-304.8));
#7031=CARTESIAN_POINT('',(7.07106781186547,5.60355339059327,304.8));
#7032=CARTESIAN_POINT('Origin',(7.42462120245875,5.25,-304.8));
#7033=CARTESIAN_POINT('Origin',(7.07106781186547,5.60355339059327,304.8));
#7034=CARTESIAN_POINT('',(4.47867965644036,3.01116523516815,-304.8));
#7035=CARTESIAN_POINT('',(4.47867965644036,3.01116523516815,304.8));
#7036=CARTESIAN_POINT('',(7.07106781186547,5.60355339059327,-304.8));
#7037=CARTESIAN_POINT('Origin',(6.6,0.889844891608508,304.8));
#7038=CARTESIAN_POINT('',(3.6,0.889844891608508,-304.8));
#7039=CARTESIAN_POINT('',(3.6,0.889844891608508,304.8));
#7040=CARTESIAN_POINT('Origin',(6.6,0.889844891608508,-304.8));
#7041=CARTESIAN_POINT('Origin',(3.6,0.,304.8));
#7042=CARTESIAN_POINT('',(3.6,-0.889844891608508,-304.8));
#7043=CARTESIAN_POINT('',(3.6,-0.889844891608508,304.8));
#7044=CARTESIAN_POINT('',(3.6,-0.889844891608508,-304.8));
#7045=CARTESIAN_POINT('Origin',(6.6,-0.889844891608508,304.8));
#7046=CARTESIAN_POINT('',(4.47867965644036,-3.01116523516815,-304.8));
#7047=CARTESIAN_POINT('',(4.47867965644036,-3.01116523516815,304.8));
#7048=CARTESIAN_POINT('Origin',(6.6,-0.889844891608508,-304.8));
#7049=CARTESIAN_POINT('Origin',(7.07106781186547,-5.60355339059327,304.8));
#7050=CARTESIAN_POINT('',(7.07106781186547,-5.60355339059327,-304.8));
#7051=CARTESIAN_POINT('',(7.07106781186547,-5.60355339059327,304.8));
#7052=CARTESIAN_POINT('',(7.07106781186547,-5.60355339059327,-304.8));
#7053=CARTESIAN_POINT('Origin',(7.42462120245875,-5.25,304.8));
#7054=CARTESIAN_POINT('',(7.92462120245875,-5.25,-304.8));
#7055=CARTESIAN_POINT('',(7.92462120245875,-5.25,304.8));
#7056=CARTESIAN_POINT('Origin',(7.42462120245875,-5.25,-304.8));
#7057=CARTESIAN_POINT('Origin',(7.92462120245875,-5.25,304.8));
#7058=CARTESIAN_POINT('',(7.92462120245875,-3.,-304.8));
#7059=CARTESIAN_POINT('',(7.92462120245875,-3.,304.8));
#7060=CARTESIAN_POINT('',(7.92462120245875,-3.,-304.8));
#7061=CARTESIAN_POINT('Origin',(8.42462120245875,-3.,304.8));
#7062=CARTESIAN_POINT('',(8.42462120245875,-2.5,-304.8));
#7063=CARTESIAN_POINT('',(8.42462120245875,-2.5,304.8));
#7064=CARTESIAN_POINT('Origin',(8.42462120245875,-3.,-304.8));
#7065=CARTESIAN_POINT('Origin',(8.42462120245875,-2.5,304.8));
#7066=CARTESIAN_POINT('',(9.5,-2.5,-304.8));
#7067=CARTESIAN_POINT('',(9.5,-2.5,304.8));
#7068=CARTESIAN_POINT('',(9.5,-2.5,-304.8));
#7069=CARTESIAN_POINT('Origin',(9.5,-3.,304.8));
#7070=CARTESIAN_POINT('',(10.,-3.,-304.8));
#7071=CARTESIAN_POINT('',(10.,-3.,304.8));
#7072=CARTESIAN_POINT('Origin',(9.5,-3.,-304.8));
#7073=CARTESIAN_POINT('Origin',(10.,-3.,304.8));
#7074=CARTESIAN_POINT('',(10.,-8.25,-304.8));
#7075=CARTESIAN_POINT('',(10.,-8.25,304.8));
#7076=CARTESIAN_POINT('',(10.,-8.25,-304.8));
#7077=CARTESIAN_POINT('Origin',(8.25,-8.25,304.8));
#7078=CARTESIAN_POINT('',(8.25,-10.,-304.8));
#7079=CARTESIAN_POINT('',(8.25,-10.,304.8));
#7080=CARTESIAN_POINT('Origin',(8.25,-8.25,-304.8));
#7081=CARTESIAN_POINT('Origin',(3.,-10.,304.8));
#7082=CARTESIAN_POINT('',(3.,-10.,-304.8));
#7083=CARTESIAN_POINT('',(3.,-10.,304.8));
#7084=CARTESIAN_POINT('',(3.,-10.,-304.8));
#7085=CARTESIAN_POINT('Origin',(3.,-9.5,304.8));
#7086=CARTESIAN_POINT('',(2.5,-9.5,-304.8));
#7087=CARTESIAN_POINT('',(2.5,-9.5,304.8));
#7088=CARTESIAN_POINT('Origin',(3.,-9.5,-304.8));
#7089=CARTESIAN_POINT('Origin',(-1.25767452008319E-14,1.25767452008319E-14,
304.8));
#7090=CARTESIAN_POINT('',(2.15,1.25767452008319E-14,-304.8));
#7091=CARTESIAN_POINT('',(2.15,1.23134461390152E-14,304.8));
#7092=CARTESIAN_POINT('Origin',(-1.25767452008319E-14,1.25767452008319E-14,
-304.8));
#7093=CARTESIAN_POINT('Origin',(0.,-3.6,304.8));
#7094=CARTESIAN_POINT('',(-0.889844891608519,-3.6,-304.8));
#7095=CARTESIAN_POINT('',(-0.889844891608519,-3.6,304.8));
#7096=CARTESIAN_POINT('',(0.889844891608519,-3.6,-304.8));
#7097=CARTESIAN_POINT('',(-0.889844891608518,-3.6,-304.8));
#7098=CARTESIAN_POINT('',(0.889844891608519,-3.6,304.8));
#7099=CARTESIAN_POINT('Origin',(0.889844891608519,-6.6,304.8));
#7100=CARTESIAN_POINT('',(3.01116523516816,-4.47867965644036,-304.8));
#7101=CARTESIAN_POINT('Origin',(0.889844891608519,-6.6,-304.8));
#7102=CARTESIAN_POINT('',(3.01116523516816,-4.47867965644036,304.8));
#7103=CARTESIAN_POINT('Origin',(3.01116523516816,-4.47867965644036,304.8));
#7104=CARTESIAN_POINT('',(5.60355339059327,-7.07106781186548,-304.8));
#7105=CARTESIAN_POINT('',(3.01116523516816,-4.47867965644036,-304.8));
#7106=CARTESIAN_POINT('',(5.60355339059327,-7.07106781186548,304.8));
#7107=CARTESIAN_POINT('Origin',(5.25,-7.42462120245875,304.8));
#7108=CARTESIAN_POINT('',(5.25,-7.92462120245875,-304.8));
#7109=CARTESIAN_POINT('Origin',(5.25,-7.42462120245875,-304.8));
#7110=CARTESIAN_POINT('',(5.25,-7.92462120245875,304.8));
#7111=CARTESIAN_POINT('Origin',(3.,-7.92462120245875,304.8));
#7112=CARTESIAN_POINT('',(3.,-7.92462120245875,-304.8));
#7113=CARTESIAN_POINT('',(5.25,-7.92462120245875,-304.8));
#7114=CARTESIAN_POINT('',(3.,-7.92462120245875,304.8));
#7115=CARTESIAN_POINT('Origin',(3.,-8.42462120245875,304.8));
#7116=CARTESIAN_POINT('',(2.5,-8.42462120245875,-304.8));
#7117=CARTESIAN_POINT('Origin',(3.,-8.42462120245875,-304.8));
#7118=CARTESIAN_POINT('',(2.5,-8.42462120245875,304.8));
#7119=CARTESIAN_POINT('Origin',(2.5,-8.42462120245875,304.8));
#7120=CARTESIAN_POINT('',(2.5,-8.42462120245875,-304.8));
#7121=CARTESIAN_POINT('Origin',(3.,-9.5,-304.8));
#7122=CARTESIAN_POINT('',(-3.01116523516816,-4.47867965644036,-304.8));
#7123=CARTESIAN_POINT('Origin',(-0.889844891608519,-6.6,-304.8));
#7124=CARTESIAN_POINT('',(-5.60355339059327,-7.07106781186548,-304.8));
#7125=CARTESIAN_POINT('',(-3.01116523516816,-4.47867965644036,-304.8));
#7126=CARTESIAN_POINT('',(-5.25,-7.92462120245875,-304.8));
#7127=CARTESIAN_POINT('Origin',(-5.25,-7.42462120245875,-304.8));
#7128=CARTESIAN_POINT('',(-3.,-7.92462120245875,-304.8));
#7129=CARTESIAN_POINT('',(-5.25,-7.92462120245875,-304.8));
#7130=CARTESIAN_POINT('',(-2.5,-8.42462120245875,-304.8));
#7131=CARTESIAN_POINT('Origin',(-3.,-8.42462120245875,-304.8));
#7132=CARTESIAN_POINT('',(-2.5,-9.5,-304.8));
#7133=CARTESIAN_POINT('',(-2.5,-8.42462120245875,-304.8));
#7134=CARTESIAN_POINT('',(-3.,-10.,-304.8));
#7135=CARTESIAN_POINT('Origin',(-3.,-9.5,-304.8));
#7136=CARTESIAN_POINT('',(-8.25,-10.,-304.8));
#7137=CARTESIAN_POINT('',(-3.,-10.,-304.8));
#7138=CARTESIAN_POINT('',(-10.,-8.25,-304.8));
#7139=CARTESIAN_POINT('Origin',(-8.25,-8.25,-304.8));
#7140=CARTESIAN_POINT('',(-10.,-3.,-304.8));
#7141=CARTESIAN_POINT('',(-10.,-8.25,-304.8));
#7142=CARTESIAN_POINT('',(-9.5,-2.5,-304.8));
#7143=CARTESIAN_POINT('Origin',(-9.5,-3.,-304.8));
#7144=CARTESIAN_POINT('',(-8.42462120245875,-2.5,-304.8));
#7145=CARTESIAN_POINT('',(-9.5,-2.5,-304.8));
#7146=CARTESIAN_POINT('',(-7.92462120245875,-3.,-304.8));
#7147=CARTESIAN_POINT('Origin',(-8.42462120245875,-3.,-304.8));
#7148=CARTESIAN_POINT('',(-7.92462120245875,-5.25,-304.8));
#7149=CARTESIAN_POINT('',(-7.92462120245875,-3.,-304.8));
#7150=CARTESIAN_POINT('',(-7.07106781186547,-5.60355339059327,-304.8));
#7151=CARTESIAN_POINT('Origin',(-7.42462120245875,-5.25,-304.8));
#7152=CARTESIAN_POINT('',(-4.47867965644036,-3.01116523516815,-304.8));
#7153=CARTESIAN_POINT('',(-7.07106781186547,-5.60355339059327,-304.8));
#7154=CARTESIAN_POINT('',(-3.6,-0.889844891608508,-304.8));
#7155=CARTESIAN_POINT('Origin',(-6.6,-0.889844891608508,-304.8));
#7156=CARTESIAN_POINT('',(-3.6,0.889844891608508,-304.8));
#7157=CARTESIAN_POINT('',(-3.6,-0.889844891608508,-304.8));
#7158=CARTESIAN_POINT('',(-4.47867965644036,3.01116523516815,-304.8));
#7159=CARTESIAN_POINT('Origin',(-6.6,0.889844891608508,-304.8));
#7160=CARTESIAN_POINT('',(-7.07106781186547,5.60355339059327,-304.8));
#7161=CARTESIAN_POINT('',(-7.07106781186547,5.60355339059327,-304.8));
#7162=CARTESIAN_POINT('',(-7.92462120245875,5.25,-304.8));
#7163=CARTESIAN_POINT('Origin',(-7.42462120245875,5.25,-304.8));
#7164=CARTESIAN_POINT('',(-7.92462120245875,3.,-304.8));
#7165=CARTESIAN_POINT('',(-7.92462120245875,3.,-304.8));
#7166=CARTESIAN_POINT('',(-8.42462120245875,2.5,-304.8));
#7167=CARTESIAN_POINT('Origin',(-8.42462120245875,3.,-304.8));
#7168=CARTESIAN_POINT('',(-9.5,2.5,-304.8));
#7169=CARTESIAN_POINT('',(-9.5,2.5,-304.8));
#7170=CARTESIAN_POINT('',(-10.,3.,-304.8));
#7171=CARTESIAN_POINT('Origin',(-9.5,3.,-304.8));
#7172=CARTESIAN_POINT('',(-10.,8.25,-304.8));
#7173=CARTESIAN_POINT('',(-10.,8.25,-304.8));
#7174=CARTESIAN_POINT('Origin',(-8.25,8.25,-304.8));
#7175=CARTESIAN_POINT('Origin',(-3.,-9.5,304.8));
#7176=CARTESIAN_POINT('',(-3.,-10.,304.8));
#7177=CARTESIAN_POINT('',(-2.5,-9.5,304.8));
#7178=CARTESIAN_POINT('Origin',(-3.,-10.,304.8));
#7179=CARTESIAN_POINT('',(-8.25,-10.,304.8));
#7180=CARTESIAN_POINT('Origin',(-8.25,-8.25,304.8));
#7181=CARTESIAN_POINT('',(-10.,-8.25,304.8));
#7182=CARTESIAN_POINT('Origin',(-10.,-3.,304.8));
#7183=CARTESIAN_POINT('',(-10.,-3.,304.8));
#7184=CARTESIAN_POINT('Origin',(-9.5,-3.,304.8));
#7185=CARTESIAN_POINT('',(-9.5,-2.5,304.8));
#7186=CARTESIAN_POINT('Origin',(-8.42462120245875,-2.5,304.8));
#7187=CARTESIAN_POINT('',(-8.42462120245875,-2.5,304.8));
#7188=CARTESIAN_POINT('Origin',(-8.42462120245875,-3.,304.8));
#7189=CARTESIAN_POINT('',(-7.92462120245875,-3.,304.8));
#7190=CARTESIAN_POINT('Origin',(-7.92462120245875,-5.25,304.8));
#7191=CARTESIAN_POINT('',(-7.92462120245875,-5.25,304.8));
#7192=CARTESIAN_POINT('Origin',(-7.42462120245875,-5.25,304.8));
#7193=CARTESIAN_POINT('',(-7.07106781186547,-5.60355339059327,304.8));
#7194=CARTESIAN_POINT('Origin',(-7.07106781186547,-5.60355339059327,304.8));
#7195=CARTESIAN_POINT('',(-4.47867965644036,-3.01116523516815,304.8));
#7196=CARTESIAN_POINT('Origin',(-6.6,-0.889844891608508,304.8));
#7197=CARTESIAN_POINT('',(-3.6,-0.889844891608508,304.8));
#7198=CARTESIAN_POINT('Origin',(-3.6,0.,304.8));
#7199=CARTESIAN_POINT('',(-3.6,0.889844891608508,304.8));
#7200=CARTESIAN_POINT('Origin',(-0.889844891608519,-6.6,304.8));
#7201=CARTESIAN_POINT('',(-3.01116523516816,-4.47867965644036,304.8));
#7202=CARTESIAN_POINT('Origin',(-3.01116523516816,-4.47867965644036,304.8));
#7203=CARTESIAN_POINT('',(-5.60355339059327,-7.07106781186548,304.8));
#7204=CARTESIAN_POINT('Origin',(-5.25,-7.42462120245875,304.8));
#7205=CARTESIAN_POINT('',(-5.25,-7.92462120245875,304.8));
#7206=CARTESIAN_POINT('Origin',(-3.,-7.92462120245875,304.8));
#7207=CARTESIAN_POINT('',(-3.,-7.92462120245875,304.8));
#7208=CARTESIAN_POINT('Origin',(-3.,-8.42462120245875,304.8));
#7209=CARTESIAN_POINT('',(-2.5,-8.42462120245875,304.8));
#7210=CARTESIAN_POINT('Origin',(-2.5,-8.42462120245875,304.8));
#7211=CARTESIAN_POINT('Origin',(-8.25,8.25,304.8));
#7212=CARTESIAN_POINT('',(-10.,8.25,304.8));
#7213=CARTESIAN_POINT('Origin',(-10.,3.,304.8));
#7214=CARTESIAN_POINT('',(-10.,3.,304.8));
#7215=CARTESIAN_POINT('Origin',(-9.5,3.,304.8));
#7216=CARTESIAN_POINT('',(-9.5,2.5,304.8));
#7217=CARTESIAN_POINT('Origin',(-8.42462120245875,2.5,304.8));
#7218=CARTESIAN_POINT('',(-8.42462120245875,2.5,304.8));
#7219=CARTESIAN_POINT('Origin',(-8.42462120245875,3.,304.8));
#7220=CARTESIAN_POINT('',(-7.92462120245875,3.,304.8));
#7221=CARTESIAN_POINT('Origin',(-7.92462120245875,5.25,304.8));
#7222=CARTESIAN_POINT('',(-7.92462120245875,5.25,304.8));
#7223=CARTESIAN_POINT('Origin',(-7.42462120245875,5.25,304.8));
#7224=CARTESIAN_POINT('',(-7.07106781186547,5.60355339059327,304.8));
#7225=CARTESIAN_POINT('Origin',(-7.07106781186547,5.60355339059327,304.8));
#7226=CARTESIAN_POINT('',(-4.47867965644036,3.01116523516815,304.8));
#7227=CARTESIAN_POINT('Origin',(-6.6,0.889844891608508,304.8));
#7228=CARTESIAN_POINT('',(0.,0.,0.));
#7229=CARTESIAN_POINT('Origin',(3.,-9.5,-39.8));
#7230=CARTESIAN_POINT('',(3.,-10.,-39.8));
#7231=CARTESIAN_POINT('',(2.5,-9.5,-39.8));
#7232=CARTESIAN_POINT('Origin',(3.,-9.5,-39.8));
#7233=CARTESIAN_POINT('',(8.25,-10.,-39.8));
#7234=CARTESIAN_POINT('',(3.,-10.,-39.8));
#7235=CARTESIAN_POINT('',(10.,-8.25,-39.8));
#7236=CARTESIAN_POINT('Origin',(8.25,-8.25,-39.8));
#7237=CARTESIAN_POINT('',(10.,-3.,-39.8));
#7238=CARTESIAN_POINT('',(10.,-6.25,-39.8));
#7239=CARTESIAN_POINT('',(9.5,-2.5,-39.8));
#7240=CARTESIAN_POINT('Origin',(9.5,-3.,-39.8));
#7241=CARTESIAN_POINT('',(8.42462120245875,-2.5,-39.8));
#7242=CARTESIAN_POINT('',(5.71231060122938,-2.5,-39.8));
#7243=CARTESIAN_POINT('',(7.92462120245875,-3.,-39.8));
#7244=CARTESIAN_POINT('Origin',(8.42462120245875,-3.,-39.8));
#7245=CARTESIAN_POINT('',(7.92462120245875,-5.25,-39.8));
#7246=CARTESIAN_POINT('',(7.92462120245874,-7.375,-39.8));
#7247=CARTESIAN_POINT('',(7.07106781186547,-5.60355339059327,-39.8));
#7248=CARTESIAN_POINT('Origin',(7.42462120245875,-5.25,-39.8));
#7249=CARTESIAN_POINT('',(4.47867965644036,-3.01116523516815,-39.8));
#7250=CARTESIAN_POINT('',(7.02741251125079,-5.55989808997858,-39.8));
#7251=CARTESIAN_POINT('',(3.6,-0.889844891608508,-39.8));
#7252=CARTESIAN_POINT('Origin',(6.6,-0.889844891608508,-39.8));
#7253=CARTESIAN_POINT('',(3.6,0.889844891608509,-39.8));
#7254=CARTESIAN_POINT('',(3.59999999999999,-4.75,-39.8));
#7255=CARTESIAN_POINT('',(4.47867965644036,3.01116523516815,-39.8));
#7256=CARTESIAN_POINT('Origin',(6.6,0.889844891608508,-39.8));
#7257=CARTESIAN_POINT('',(7.07106781186547,5.60355339059327,-39.8));
#7258=CARTESIAN_POINT('',(2.27741251125079,0.809898089978584,-39.8));
#7259=CARTESIAN_POINT('',(7.92462120245875,5.25,-39.8));
#7260=CARTESIAN_POINT('Origin',(7.42462120245875,5.25,-39.8));
#7261=CARTESIAN_POINT('',(7.92462120245875,3.,-39.8));
#7262=CARTESIAN_POINT('',(7.92462120245876,-2.125,-39.8));
#7263=CARTESIAN_POINT('',(8.42462120245875,2.5,-39.8));
#7264=CARTESIAN_POINT('Origin',(8.42462120245875,3.,-39.8));
#7265=CARTESIAN_POINT('',(9.5,2.5,-39.8));
#7266=CARTESIAN_POINT('',(5.71231060122938,2.5,-39.8));
#7267=CARTESIAN_POINT('',(10.,3.,-39.8));
#7268=CARTESIAN_POINT('Origin',(9.5,3.,-39.8));
#7269=CARTESIAN_POINT('',(10.,8.25,-39.8));
#7270=CARTESIAN_POINT('',(10.,-3.25,-39.8));
#7271=CARTESIAN_POINT('',(8.25,10.,-39.8));
#7272=CARTESIAN_POINT('Origin',(8.25,8.25,-39.8));
#7273=CARTESIAN_POINT('',(3.,10.,-39.8));
#7274=CARTESIAN_POINT('',(3.,10.,-39.8));
#7275=CARTESIAN_POINT('',(2.5,9.5,-39.8));
#7276=CARTESIAN_POINT('Origin',(3.,9.5,-39.8));
#7277=CARTESIAN_POINT('',(2.5,8.42462120245875,-39.8));
#7278=CARTESIAN_POINT('',(2.49999999999999,-0.537689398770624,-39.8));
#7279=CARTESIAN_POINT('',(3.,7.92462120245875,-39.8));
#7280=CARTESIAN_POINT('Origin',(3.,8.42462120245875,-39.8));
#7281=CARTESIAN_POINT('',(5.25,7.92462120245875,-39.8));
#7282=CARTESIAN_POINT('',(3.,7.92462120245875,-39.8));
#7283=CARTESIAN_POINT('',(5.60355339059327,7.07106781186548,-39.8));
#7284=CARTESIAN_POINT('Origin',(5.25,7.42462120245875,-39.8));
#7285=CARTESIAN_POINT('',(3.01116523516816,4.47867965644036,-39.8));
#7286=CARTESIAN_POINT('',(-0.486295987733968,0.981218433538218,-39.8));
#7287=CARTESIAN_POINT('',(0.889844891608519,3.6,-39.8));
#7288=CARTESIAN_POINT('Origin',(0.889844891608519,6.6,-39.8));
#7289=CARTESIAN_POINT('',(-0.889844891608518,3.6,-39.8));
#7290=CARTESIAN_POINT('',(1.5,3.6,-39.8));
#7291=CARTESIAN_POINT('',(-3.01116523516816,4.47867965644036,-39.8));
#7292=CARTESIAN_POINT('Origin',(-0.889844891608519,6.6,-39.8));
#7293=CARTESIAN_POINT('',(-5.60355339059327,7.07106781186548,-39.8));
#7294=CARTESIAN_POINT('',(1.98629598773396,-0.518781566461782,-39.8));
#7295=CARTESIAN_POINT('',(-5.25,7.92462120245875,-39.8));
#7296=CARTESIAN_POINT('Origin',(-5.25,7.42462120245875,-39.8));
#7297=CARTESIAN_POINT('',(-3.,7.92462120245875,-39.8));
#7298=CARTESIAN_POINT('',(0.,7.92462120245875,-39.8));
#7299=CARTESIAN_POINT('',(-2.5,8.42462120245875,-39.8));
#7300=CARTESIAN_POINT('Origin',(-3.,8.42462120245875,-39.8));
#7301=CARTESIAN_POINT('',(-2.5,9.5,-39.8));
#7302=CARTESIAN_POINT('',(-2.49999999999999,-0.537689398770627,-39.8));
#7303=CARTESIAN_POINT('',(-3.,10.,-39.8));
#7304=CARTESIAN_POINT('Origin',(-3.,9.5,-39.8));
#7305=CARTESIAN_POINT('',(-8.25,10.,-39.8));
#7306=CARTESIAN_POINT('',(3.22162931252836E-15,10.,-39.8));
#7307=CARTESIAN_POINT('',(-10.,8.25,-39.8));
#7308=CARTESIAN_POINT('Origin',(-8.25,8.25,-39.8));
#7309=CARTESIAN_POINT('',(-10.,3.,-39.8));
#7310=CARTESIAN_POINT('',(-10.,-3.25,-39.8));
#7311=CARTESIAN_POINT('',(-9.5,2.5,-39.8));
#7312=CARTESIAN_POINT('Origin',(-9.5,3.,-39.8));
#7313=CARTESIAN_POINT('',(-8.42462120245875,2.5,-39.8));
#7314=CARTESIAN_POINT('',(-2.71231060122937,2.5,-39.8));
#7315=CARTESIAN_POINT('',(-7.92462120245875,3.,-39.8));
#7316=CARTESIAN_POINT('Origin',(-8.42462120245875,3.,-39.8));
#7317=CARTESIAN_POINT('',(-7.92462120245875,5.25,-39.8));
#7318=CARTESIAN_POINT('',(-7.92462120245876,-2.12499999999999,-39.8));
#7319=CARTESIAN_POINT('',(-7.07106781186547,5.60355339059327,-39.8));
#7320=CARTESIAN_POINT('Origin',(-7.42462120245875,5.25,-39.8));
#7321=CARTESIAN_POINT('',(-4.47867965644036,3.01116523516815,-39.8));
#7322=CARTESIAN_POINT('',(-0.777412511250788,-0.690101910021417,-39.8));
#7323=CARTESIAN_POINT('',(-3.6,0.889844891608509,-39.8));
#7324=CARTESIAN_POINT('Origin',(-6.6,0.889844891608508,-39.8));
#7325=CARTESIAN_POINT('',(-3.6,-0.889844891608508,-39.8));
#7326=CARTESIAN_POINT('',(-3.59999999999999,-4.75000000000001,-39.8));
#7327=CARTESIAN_POINT('',(-4.47867965644036,-3.01116523516815,-39.8));
#7328=CARTESIAN_POINT('Origin',(-6.6,-0.889844891608508,-39.8));
#7329=CARTESIAN_POINT('',(-7.07106781186547,-5.60355339059327,-39.8));
#7330=CARTESIAN_POINT('',(-5.52741251125079,-4.05989808997858,-39.8));
#7331=CARTESIAN_POINT('',(-7.92462120245875,-5.25,-39.8));
#7332=CARTESIAN_POINT('Origin',(-7.42462120245875,-5.25,-39.8));
#7333=CARTESIAN_POINT('',(-7.92462120245875,-3.,-39.8));
#7334=CARTESIAN_POINT('',(-7.92462120245874,-7.37500000000001,-39.8));
#7335=CARTESIAN_POINT('',(-8.42462120245875,-2.5,-39.8));
#7336=CARTESIAN_POINT('Origin',(-8.42462120245875,-3.,-39.8));
#7337=CARTESIAN_POINT('',(-9.5,-2.5,-39.8));
#7338=CARTESIAN_POINT('',(-2.71231060122937,-2.5,-39.8));
#7339=CARTESIAN_POINT('',(-10.,-3.,-39.8));
#7340=CARTESIAN_POINT('Origin',(-9.5,-3.,-39.8));
#7341=CARTESIAN_POINT('',(-10.,-8.25,-39.8));
#7342=CARTESIAN_POINT('',(-10.,-6.25,-39.8));
#7343=CARTESIAN_POINT('',(-8.25,-10.,-39.8));
#7344=CARTESIAN_POINT('Origin',(-8.25,-8.25,-39.8));
#7345=CARTESIAN_POINT('',(-3.,-10.,-39.8));
#7346=CARTESIAN_POINT('',(8.26058798084192E-17,-10.,-39.8));
#7347=CARTESIAN_POINT('',(-2.5,-9.5,-39.8));
#7348=CARTESIAN_POINT('Origin',(-3.,-9.5,-39.8));
#7349=CARTESIAN_POINT('',(-2.5,-8.42462120245875,-39.8));
#7350=CARTESIAN_POINT('',(-2.5,-8.96231060122937,-39.8));
#7351=CARTESIAN_POINT('',(-3.,-7.92462120245875,-39.8));
#7352=CARTESIAN_POINT('Origin',(-3.,-8.42462120245875,-39.8));
#7353=CARTESIAN_POINT('',(-5.25,-7.92462120245875,-39.8));
#7354=CARTESIAN_POINT('',(0.,-7.92462120245875,-39.8));
#7355=CARTESIAN_POINT('',(-5.60355339059327,-7.07106781186548,-39.8));
#7356=CARTESIAN_POINT('Origin',(-5.25,-7.42462120245875,-39.8));
#7357=CARTESIAN_POINT('',(-3.01116523516816,-4.47867965644036,-39.8));
#7358=CARTESIAN_POINT('',(-2.76370401226603,-4.23121843353823,-39.8));
#7359=CARTESIAN_POINT('',(-0.889844891608518,-3.6,-39.8));
#7360=CARTESIAN_POINT('Origin',(-0.889844891608519,-6.6,-39.8));
#7361=CARTESIAN_POINT('',(0.889844891608519,-3.6,-39.8));
#7362=CARTESIAN_POINT('',(1.5,-3.6,-39.8));
#7363=CARTESIAN_POINT('',(3.01116523516816,-4.47867965644036,-39.8));
#7364=CARTESIAN_POINT('Origin',(0.889844891608519,-6.6,-39.8));
#7365=CARTESIAN_POINT('',(5.60355339059327,-7.07106781186548,-39.8));
#7366=CARTESIAN_POINT('',(4.26370401226603,-5.73121843353823,-39.8));
#7367=CARTESIAN_POINT('',(5.25,-7.92462120245875,-39.8));
#7368=CARTESIAN_POINT('Origin',(5.25,-7.42462120245875,-39.8));
#7369=CARTESIAN_POINT('',(3.,-7.92462120245875,-39.8));
#7370=CARTESIAN_POINT('',(3.,-7.92462120245875,-39.8));
#7371=CARTESIAN_POINT('',(2.5,-8.42462120245875,-39.8));
#7372=CARTESIAN_POINT('Origin',(3.,-8.42462120245875,-39.8));
#7373=CARTESIAN_POINT('',(2.5,-8.96231060122938,-39.8));
#7374=CARTESIAN_POINT('',(2.15,1.33226762955019E-14,-39.8));
#7375=CARTESIAN_POINT('Origin',(-1.25767452008319E-14,1.25767452008319E-14,
-39.8));
#7376=CARTESIAN_POINT('Origin',(-3.,10.,304.8));
#7377=CARTESIAN_POINT('',(-3.,10.,-304.8));
#7378=CARTESIAN_POINT('',(-3.,10.,304.8));
#7379=CARTESIAN_POINT('',(-8.25,10.,-304.8));
#7380=CARTESIAN_POINT('',(-3.,10.,-304.8));
#7381=CARTESIAN_POINT('',(-8.25,10.,304.8));
#7382=CARTESIAN_POINT('Origin',(-3.,9.5,304.8));
#7383=CARTESIAN_POINT('',(-2.5,9.5,-304.8));
#7384=CARTESIAN_POINT('',(-2.5,9.5,304.8));
#7385=CARTESIAN_POINT('Origin',(-3.,9.5,-304.8));
#7386=CARTESIAN_POINT('Origin',(-2.5,8.42462120245875,304.8));
#7387=CARTESIAN_POINT('',(-2.5,8.42462120245875,-304.8));
#7388=CARTESIAN_POINT('',(-2.5,8.42462120245875,304.8));
#7389=CARTESIAN_POINT('',(-2.5,8.42462120245875,-304.8));
#7390=CARTESIAN_POINT('Origin',(-3.,8.42462120245875,304.8));
#7391=CARTESIAN_POINT('',(-3.,7.92462120245875,-304.8));
#7392=CARTESIAN_POINT('',(-3.,7.92462120245875,304.8));
#7393=CARTESIAN_POINT('Origin',(-3.,8.42462120245875,-304.8));
#7394=CARTESIAN_POINT('Origin',(-3.,7.92462120245875,304.8));
#7395=CARTESIAN_POINT('',(-5.25,7.92462120245875,-304.8));
#7396=CARTESIAN_POINT('',(-5.25,7.92462120245875,304.8));
#7397=CARTESIAN_POINT('',(-5.25,7.92462120245875,-304.8));
#7398=CARTESIAN_POINT('Origin',(-5.25,7.42462120245875,304.8));
#7399=CARTESIAN_POINT('',(-5.60355339059327,7.07106781186548,-304.8));
#7400=CARTESIAN_POINT('',(-5.60355339059327,7.07106781186548,304.8));
#7401=CARTESIAN_POINT('Origin',(-5.25,7.42462120245875,-304.8));
#7402=CARTESIAN_POINT('Origin',(-3.01116523516816,4.47867965644036,304.8));
#7403=CARTESIAN_POINT('',(-3.01116523516816,4.47867965644036,-304.8));
#7404=CARTESIAN_POINT('',(-3.01116523516816,4.47867965644036,304.8));
#7405=CARTESIAN_POINT('',(-3.01116523516816,4.47867965644036,-304.8));
#7406=CARTESIAN_POINT('Origin',(-0.889844891608519,6.6,304.8));
#7407=CARTESIAN_POINT('',(-0.889844891608519,3.6,-304.8));
#7408=CARTESIAN_POINT('',(-0.889844891608519,3.6,304.8));
#7409=CARTESIAN_POINT('Origin',(-0.889844891608519,6.6,-304.8));
#7410=CARTESIAN_POINT('Origin',(0.,3.6,304.8));
#7411=CARTESIAN_POINT('',(0.889844891608519,3.6,-304.8));
#7412=CARTESIAN_POINT('',(0.889844891608519,3.6,304.8));
#7413=CARTESIAN_POINT('',(-0.889844891608518,3.6,-304.8));
#7414=CARTESIAN_POINT('Origin',(0.889844891608519,6.6,304.8));
#7415=CARTESIAN_POINT('',(3.01116523516816,4.47867965644036,-304.8));
#7416=CARTESIAN_POINT('',(3.01116523516816,4.47867965644036,304.8));
#7417=CARTESIAN_POINT('Origin',(0.889844891608519,6.6,-304.8));
#7418=CARTESIAN_POINT('Origin',(3.01116523516816,4.47867965644036,304.8));
#7419=CARTESIAN_POINT('',(5.60355339059327,7.07106781186548,-304.8));
#7420=CARTESIAN_POINT('',(5.60355339059327,7.07106781186548,304.8));
#7421=CARTESIAN_POINT('',(3.01116523516816,4.47867965644036,-304.8));
#7422=CARTESIAN_POINT('Origin',(5.25,7.42462120245875,304.8));
#7423=CARTESIAN_POINT('',(5.25,7.92462120245875,-304.8));
#7424=CARTESIAN_POINT('',(5.25,7.92462120245875,304.8));
#7425=CARTESIAN_POINT('Origin',(5.25,7.42462120245875,-304.8));
#7426=CARTESIAN_POINT('Origin',(3.,7.92462120245875,304.8));
#7427=CARTESIAN_POINT('',(3.,7.92462120245875,-304.8));
#7428=CARTESIAN_POINT('',(3.,7.92462120245875,304.8));
#7429=CARTESIAN_POINT('',(5.25,7.92462120245875,-304.8));
#7430=CARTESIAN_POINT('Origin',(3.,8.42462120245875,304.8));
#7431=CARTESIAN_POINT('',(2.5,8.42462120245875,-304.8));
#7432=CARTESIAN_POINT('',(2.5,8.42462120245875,304.8));
#7433=CARTESIAN_POINT('Origin',(3.,8.42462120245875,-304.8));
#7434=CARTESIAN_POINT('Origin',(2.5,8.42462120245875,304.8));
#7435=CARTESIAN_POINT('',(2.5,9.5,-304.8));
#7436=CARTESIAN_POINT('',(2.5,9.5,304.8));
#7437=CARTESIAN_POINT('',(2.5,8.42462120245875,-304.8));
#7438=CARTESIAN_POINT('Origin',(3.,9.5,304.8));
#7439=CARTESIAN_POINT('',(3.,10.,-304.8));
#7440=CARTESIAN_POINT('',(3.,10.,304.8));
#7441=CARTESIAN_POINT('Origin',(3.,9.5,-304.8));
#7442=CARTESIAN_POINT('Origin',(3.,10.,304.8));
#7443=CARTESIAN_POINT('',(8.25,10.,-304.8));
#7444=CARTESIAN_POINT('',(8.25,10.,304.8));
#7445=CARTESIAN_POINT('',(3.,10.,-304.8));
#7446=CARTESIAN_POINT('Origin',(8.25,8.25,304.8));
#7447=CARTESIAN_POINT('',(10.,8.25,-304.8));
#7448=CARTESIAN_POINT('',(10.,8.25,304.8));
#7449=CARTESIAN_POINT('Origin',(8.25,8.25,-304.8));
#7450=CARTESIAN_POINT('Origin',(10.,3.,304.8));
#7451=CARTESIAN_POINT('',(10.,3.,-304.8));
#7452=CARTESIAN_POINT('',(10.,3.,304.8));
#7453=CARTESIAN_POINT('',(10.,8.25,-304.8));
#7454=CARTESIAN_POINT('Origin',(9.5,3.,304.8));
#7455=CARTESIAN_POINT('',(9.5,2.5,-304.8));
#7456=CARTESIAN_POINT('',(9.5,2.5,304.8));
#7457=CARTESIAN_POINT('Origin',(9.5,3.,-304.8));
#7458=CARTESIAN_POINT('Origin',(8.42462120245875,2.5,304.8));
#7459=CARTESIAN_POINT('',(8.42462120245875,2.5,-304.8));
#7460=CARTESIAN_POINT('',(8.42462120245875,2.5,304.8));
#7461=CARTESIAN_POINT('',(9.5,2.5,-304.8));
#7462=CARTESIAN_POINT('Origin',(8.42462120245875,3.,304.8));
#7463=CARTESIAN_POINT('',(7.92462120245875,3.,-304.8));
#7464=CARTESIAN_POINT('',(7.92462120245875,3.,304.8));
#7465=CARTESIAN_POINT('Origin',(8.42462120245875,3.,-304.8));
#7466=CARTESIAN_POINT('Origin',(7.92462120245875,5.25,304.8));
#7467=CARTESIAN_POINT('',(7.92462120245875,5.25,-304.8));
#7468=CARTESIAN_POINT('',(7.92462120245875,5.25,304.8));
#7469=CARTESIAN_POINT('',(7.92462120245875,3.,-304.8));
#7470=CARTESIAN_POINT('Origin',(7.42462120245875,5.25,304.8));
#7471=CARTESIAN_POINT('',(7.07106781186547,5.60355339059327,-304.8));
#7472=CARTESIAN_POINT('',(7.07106781186547,5.60355339059327,304.8));
#7473=CARTESIAN_POINT('Origin',(7.42462120245875,5.25,-304.8));
#7474=CARTESIAN_POINT('Origin',(7.07106781186547,5.60355339059327,304.8));
#7475=CARTESIAN_POINT('',(4.47867965644036,3.01116523516815,-304.8));
#7476=CARTESIAN_POINT('',(4.47867965644036,3.01116523516815,304.8));
#7477=CARTESIAN_POINT('',(7.07106781186547,5.60355339059327,-304.8));
#7478=CARTESIAN_POINT('Origin',(6.6,0.889844891608508,304.8));
#7479=CARTESIAN_POINT('',(3.6,0.889844891608508,-304.8));
#7480=CARTESIAN_POINT('',(3.6,0.889844891608508,304.8));
#7481=CARTESIAN_POINT('Origin',(6.6,0.889844891608508,-304.8));
#7482=CARTESIAN_POINT('Origin',(3.6,0.,304.8));
#7483=CARTESIAN_POINT('',(3.6,-0.889844891608508,-304.8));
#7484=CARTESIAN_POINT('',(3.6,-0.889844891608508,304.8));
#7485=CARTESIAN_POINT('',(3.6,-0.889844891608508,-304.8));
#7486=CARTESIAN_POINT('Origin',(6.6,-0.889844891608508,304.8));
#7487=CARTESIAN_POINT('',(4.47867965644036,-3.01116523516815,-304.8));
#7488=CARTESIAN_POINT('',(4.47867965644036,-3.01116523516815,304.8));
#7489=CARTESIAN_POINT('Origin',(6.6,-0.889844891608508,-304.8));
#7490=CARTESIAN_POINT('Origin',(7.07106781186547,-5.60355339059327,304.8));
#7491=CARTESIAN_POINT('',(7.07106781186547,-5.60355339059327,-304.8));
#7492=CARTESIAN_POINT('',(7.07106781186547,-5.60355339059327,304.8));
#7493=CARTESIAN_POINT('',(7.07106781186547,-5.60355339059327,-304.8));
#7494=CARTESIAN_POINT('Origin',(7.42462120245875,-5.25,304.8));
#7495=CARTESIAN_POINT('',(7.92462120245875,-5.25,-304.8));
#7496=CARTESIAN_POINT('',(7.92462120245875,-5.25,304.8));
#7497=CARTESIAN_POINT('Origin',(7.42462120245875,-5.25,-304.8));
#7498=CARTESIAN_POINT('Origin',(7.92462120245875,-5.25,304.8));
#7499=CARTESIAN_POINT('',(7.92462120245875,-3.,-304.8));
#7500=CARTESIAN_POINT('',(7.92462120245875,-3.,304.8));
#7501=CARTESIAN_POINT('',(7.92462120245875,-3.,-304.8));
#7502=CARTESIAN_POINT('Origin',(8.42462120245875,-3.,304.8));
#7503=CARTESIAN_POINT('',(8.42462120245875,-2.5,-304.8));
#7504=CARTESIAN_POINT('',(8.42462120245875,-2.5,304.8));
#7505=CARTESIAN_POINT('Origin',(8.42462120245875,-3.,-304.8));
#7506=CARTESIAN_POINT('Origin',(8.42462120245875,-2.5,304.8));
#7507=CARTESIAN_POINT('',(9.5,-2.5,-304.8));
#7508=CARTESIAN_POINT('',(9.5,-2.5,304.8));
#7509=CARTESIAN_POINT('',(9.5,-2.5,-304.8));
#7510=CARTESIAN_POINT('Origin',(9.5,-3.,304.8));
#7511=CARTESIAN_POINT('',(10.,-3.,-304.8));
#7512=CARTESIAN_POINT('',(10.,-3.,304.8));
#7513=CARTESIAN_POINT('Origin',(9.5,-3.,-304.8));
#7514=CARTESIAN_POINT('Origin',(10.,-3.,304.8));
#7515=CARTESIAN_POINT('',(10.,-8.25,-304.8));
#7516=CARTESIAN_POINT('',(10.,-8.25,304.8));
#7517=CARTESIAN_POINT('',(10.,-8.25,-304.8));
#7518=CARTESIAN_POINT('Origin',(8.25,-8.25,304.8));
#7519=CARTESIAN_POINT('',(8.25,-10.,-304.8));
#7520=CARTESIAN_POINT('',(8.25,-10.,304.8));
#7521=CARTESIAN_POINT('Origin',(8.25,-8.25,-304.8));
#7522=CARTESIAN_POINT('Origin',(3.,-10.,304.8));
#7523=CARTESIAN_POINT('',(3.,-10.,-304.8));
#7524=CARTESIAN_POINT('',(3.,-10.,304.8));
#7525=CARTESIAN_POINT('',(3.,-10.,-304.8));
#7526=CARTESIAN_POINT('Origin',(3.,-9.5,304.8));
#7527=CARTESIAN_POINT('',(2.5,-9.5,-304.8));
#7528=CARTESIAN_POINT('',(2.5,-9.5,304.8));
#7529=CARTESIAN_POINT('Origin',(3.,-9.5,-304.8));
#7530=CARTESIAN_POINT('Origin',(-1.25767452008319E-14,1.25767452008319E-14,
304.8));
#7531=CARTESIAN_POINT('',(2.15,1.25767452008319E-14,-304.8));
#7532=CARTESIAN_POINT('',(2.15,1.23134461390152E-14,304.8));
#7533=CARTESIAN_POINT('Origin',(-1.25767452008319E-14,1.25767452008319E-14,
-304.8));
#7534=CARTESIAN_POINT('Origin',(0.,-3.6,304.8));
#7535=CARTESIAN_POINT('',(-0.889844891608519,-3.6,-304.8));
#7536=CARTESIAN_POINT('',(-0.889844891608519,-3.6,304.8));
#7537=CARTESIAN_POINT('',(0.889844891608519,-3.6,-304.8));
#7538=CARTESIAN_POINT('',(-0.889844891608518,-3.6,-304.8));
#7539=CARTESIAN_POINT('',(0.889844891608519,-3.6,304.8));
#7540=CARTESIAN_POINT('Origin',(0.889844891608519,-6.6,304.8));
#7541=CARTESIAN_POINT('',(3.01116523516816,-4.47867965644036,-304.8));
#7542=CARTESIAN_POINT('Origin',(0.889844891608519,-6.6,-304.8));
#7543=CARTESIAN_POINT('',(3.01116523516816,-4.47867965644036,304.8));
#7544=CARTESIAN_POINT('Origin',(3.01116523516816,-4.47867965644036,304.8));
#7545=CARTESIAN_POINT('',(5.60355339059327,-7.07106781186548,-304.8));
#7546=CARTESIAN_POINT('',(3.01116523516816,-4.47867965644036,-304.8));
#7547=CARTESIAN_POINT('',(5.60355339059327,-7.07106781186548,304.8));
#7548=CARTESIAN_POINT('Origin',(5.25,-7.42462120245875,304.8));
#7549=CARTESIAN_POINT('',(5.25,-7.92462120245875,-304.8));
#7550=CARTESIAN_POINT('Origin',(5.25,-7.42462120245875,-304.8));
#7551=CARTESIAN_POINT('',(5.25,-7.92462120245875,304.8));
#7552=CARTESIAN_POINT('Origin',(3.,-7.92462120245875,304.8));
#7553=CARTESIAN_POINT('',(3.,-7.92462120245875,-304.8));
#7554=CARTESIAN_POINT('',(5.25,-7.92462120245875,-304.8));
#7555=CARTESIAN_POINT('',(3.,-7.92462120245875,304.8));
#7556=CARTESIAN_POINT('Origin',(3.,-8.42462120245875,304.8));
#7557=CARTESIAN_POINT('',(2.5,-8.42462120245875,-304.8));
#7558=CARTESIAN_POINT('Origin',(3.,-8.42462120245875,-304.8));
#7559=CARTESIAN_POINT('',(2.5,-8.42462120245875,304.8));
#7560=CARTESIAN_POINT('Origin',(2.5,-8.42462120245875,304.8));
#7561=CARTESIAN_POINT('',(2.5,-8.42462120245875,-304.8));
#7562=CARTESIAN_POINT('Origin',(3.,-9.5,-304.8));
#7563=CARTESIAN_POINT('',(-3.01116523516816,-4.47867965644036,-304.8));
#7564=CARTESIAN_POINT('Origin',(-0.889844891608519,-6.6,-304.8));
#7565=CARTESIAN_POINT('',(-5.60355339059327,-7.07106781186548,-304.8));
#7566=CARTESIAN_POINT('',(-3.01116523516816,-4.47867965644036,-304.8));
#7567=CARTESIAN_POINT('',(-5.25,-7.92462120245875,-304.8));
#7568=CARTESIAN_POINT('Origin',(-5.25,-7.42462120245875,-304.8));
#7569=CARTESIAN_POINT('',(-3.,-7.92462120245875,-304.8));
#7570=CARTESIAN_POINT('',(-5.25,-7.92462120245875,-304.8));
#7571=CARTESIAN_POINT('',(-2.5,-8.42462120245875,-304.8));
#7572=CARTESIAN_POINT('Origin',(-3.,-8.42462120245875,-304.8));
#7573=CARTESIAN_POINT('',(-2.5,-9.5,-304.8));
#7574=CARTESIAN_POINT('',(-2.5,-8.42462120245875,-304.8));
#7575=CARTESIAN_POINT('',(-3.,-10.,-304.8));
#7576=CARTESIAN_POINT('Origin',(-3.,-9.5,-304.8));
#7577=CARTESIAN_POINT('',(-8.25,-10.,-304.8));
#7578=CARTESIAN_POINT('',(-3.,-10.,-304.8));
#7579=CARTESIAN_POINT('',(-10.,-8.25,-304.8));
#7580=CARTESIAN_POINT('Origin',(-8.25,-8.25,-304.8));
#7581=CARTESIAN_POINT('',(-10.,-3.,-304.8));
#7582=CARTESIAN_POINT('',(-10.,-8.25,-304.8));
#7583=CARTESIAN_POINT('',(-9.5,-2.5,-304.8));
#7584=CARTESIAN_POINT('Origin',(-9.5,-3.,-304.8));
#7585=CARTESIAN_POINT('',(-8.42462120245875,-2.5,-304.8));
#7586=CARTESIAN_POINT('',(-9.5,-2.5,-304.8));
#7587=CARTESIAN_POINT('',(-7.92462120245875,-3.,-304.8));
#7588=CARTESIAN_POINT('Origin',(-8.42462120245875,-3.,-304.8));
#7589=CARTESIAN_POINT('',(-7.92462120245875,-5.25,-304.8));
#7590=CARTESIAN_POINT('',(-7.92462120245875,-3.,-304.8));
#7591=CARTESIAN_POINT('',(-7.07106781186547,-5.60355339059327,-304.8));
#7592=CARTESIAN_POINT('Origin',(-7.42462120245875,-5.25,-304.8));
#7593=CARTESIAN_POINT('',(-4.47867965644036,-3.01116523516815,-304.8));
#7594=CARTESIAN_POINT('',(-7.07106781186547,-5.60355339059327,-304.8));
#7595=CARTESIAN_POINT('',(-3.6,-0.889844891608508,-304.8));
#7596=CARTESIAN_POINT('Origin',(-6.6,-0.889844891608508,-304.8));
#7597=CARTESIAN_POINT('',(-3.6,0.889844891608508,-304.8));
#7598=CARTESIAN_POINT('',(-3.6,-0.889844891608508,-304.8));
#7599=CARTESIAN_POINT('',(-4.47867965644036,3.01116523516815,-304.8));
#7600=CARTESIAN_POINT('Origin',(-6.6,0.889844891608508,-304.8));
#7601=CARTESIAN_POINT('',(-7.07106781186547,5.60355339059327,-304.8));
#7602=CARTESIAN_POINT('',(-7.07106781186547,5.60355339059327,-304.8));
#7603=CARTESIAN_POINT('',(-7.92462120245875,5.25,-304.8));
#7604=CARTESIAN_POINT('Origin',(-7.42462120245875,5.25,-304.8));
#7605=CARTESIAN_POINT('',(-7.92462120245875,3.,-304.8));
#7606=CARTESIAN_POINT('',(-7.92462120245875,3.,-304.8));
#7607=CARTESIAN_POINT('',(-8.42462120245875,2.5,-304.8));
#7608=CARTESIAN_POINT('Origin',(-8.42462120245875,3.,-304.8));
#7609=CARTESIAN_POINT('',(-9.5,2.5,-304.8));
#7610=CARTESIAN_POINT('',(-9.5,2.5,-304.8));
#7611=CARTESIAN_POINT('',(-10.,3.,-304.8));
#7612=CARTESIAN_POINT('Origin',(-9.5,3.,-304.8));
#7613=CARTESIAN_POINT('',(-10.,8.25,-304.8));
#7614=CARTESIAN_POINT('',(-10.,8.25,-304.8));
#7615=CARTESIAN_POINT('Origin',(-8.25,8.25,-304.8));
#7616=CARTESIAN_POINT('Origin',(-3.,-9.5,304.8));
#7617=CARTESIAN_POINT('',(-3.,-10.,304.8));
#7618=CARTESIAN_POINT('',(-2.5,-9.5,304.8));
#7619=CARTESIAN_POINT('Origin',(-3.,-10.,304.8));
#7620=CARTESIAN_POINT('',(-8.25,-10.,304.8));
#7621=CARTESIAN_POINT('Origin',(-8.25,-8.25,304.8));
#7622=CARTESIAN_POINT('',(-10.,-8.25,304.8));
#7623=CARTESIAN_POINT('Origin',(-10.,-3.,304.8));
#7624=CARTESIAN_POINT('',(-10.,-3.,304.8));
#7625=CARTESIAN_POINT('Origin',(-9.5,-3.,304.8));
#7626=CARTESIAN_POINT('',(-9.5,-2.5,304.8));
#7627=CARTESIAN_POINT('Origin',(-8.42462120245875,-2.5,304.8));
#7628=CARTESIAN_POINT('',(-8.42462120245875,-2.5,304.8));
#7629=CARTESIAN_POINT('Origin',(-8.42462120245875,-3.,304.8));
#7630=CARTESIAN_POINT('',(-7.92462120245875,-3.,304.8));
#7631=CARTESIAN_POINT('Origin',(-7.92462120245875,-5.25,304.8));
#7632=CARTESIAN_POINT('',(-7.92462120245875,-5.25,304.8));
#7633=CARTESIAN_POINT('Origin',(-7.42462120245875,-5.25,304.8));
#7634=CARTESIAN_POINT('',(-7.07106781186547,-5.60355339059327,304.8));
#7635=CARTESIAN_POINT('Origin',(-7.07106781186547,-5.60355339059327,304.8));
#7636=CARTESIAN_POINT('',(-4.47867965644036,-3.01116523516815,304.8));
#7637=CARTESIAN_POINT('Origin',(-6.6,-0.889844891608508,304.8));
#7638=CARTESIAN_POINT('',(-3.6,-0.889844891608508,304.8));
#7639=CARTESIAN_POINT('Origin',(-3.6,0.,304.8));
#7640=CARTESIAN_POINT('',(-3.6,0.889844891608508,304.8));
#7641=CARTESIAN_POINT('Origin',(-0.889844891608519,-6.6,304.8));
#7642=CARTESIAN_POINT('',(-3.01116523516816,-4.47867965644036,304.8));
#7643=CARTESIAN_POINT('Origin',(-3.01116523516816,-4.47867965644036,304.8));
#7644=CARTESIAN_POINT('',(-5.60355339059327,-7.07106781186548,304.8));
#7645=CARTESIAN_POINT('Origin',(-5.25,-7.42462120245875,304.8));
#7646=CARTESIAN_POINT('',(-5.25,-7.92462120245875,304.8));
#7647=CARTESIAN_POINT('Origin',(-3.,-7.92462120245875,304.8));
#7648=CARTESIAN_POINT('',(-3.,-7.92462120245875,304.8));
#7649=CARTESIAN_POINT('Origin',(-3.,-8.42462120245875,304.8));
#7650=CARTESIAN_POINT('',(-2.5,-8.42462120245875,304.8));
#7651=CARTESIAN_POINT('Origin',(-2.5,-8.42462120245875,304.8));
#7652=CARTESIAN_POINT('Origin',(-8.25,8.25,304.8));
#7653=CARTESIAN_POINT('',(-10.,8.25,304.8));
#7654=CARTESIAN_POINT('Origin',(-10.,3.,304.8));
#7655=CARTESIAN_POINT('',(-10.,3.,304.8));
#7656=CARTESIAN_POINT('Origin',(-9.5,3.,304.8));
#7657=CARTESIAN_POINT('',(-9.5,2.5,304.8));
#7658=CARTESIAN_POINT('Origin',(-8.42462120245875,2.5,304.8));
#7659=CARTESIAN_POINT('',(-8.42462120245875,2.5,304.8));
#7660=CARTESIAN_POINT('Origin',(-8.42462120245875,3.,304.8));
#7661=CARTESIAN_POINT('',(-7.92462120245875,3.,304.8));
#7662=CARTESIAN_POINT('Origin',(-7.92462120245875,5.25,304.8));
#7663=CARTESIAN_POINT('',(-7.92462120245875,5.25,304.8));
#7664=CARTESIAN_POINT('Origin',(-7.42462120245875,5.25,304.8));
#7665=CARTESIAN_POINT('',(-7.07106781186547,5.60355339059327,304.8));
#7666=CARTESIAN_POINT('Origin',(-7.07106781186547,5.60355339059327,304.8));
#7667=CARTESIAN_POINT('',(-4.47867965644036,3.01116523516815,304.8));
#7668=CARTESIAN_POINT('Origin',(-6.6,0.889844891608508,304.8));
#7669=CARTESIAN_POINT('',(0.,0.,0.));
#7670=CARTESIAN_POINT('',(294.8,1.77635683940025E-14,80.2000000000071));
#7671=CARTESIAN_POINT('',(245.,9.99200722162641E-15,6.18172180111287E-12));
#7672=CARTESIAN_POINT('',(294.8,1.11022302462516E-14,-314.799999999993));
#7673=CARTESIAN_POINT('',(-3.19744231092045E-13,314.8,80.1999999999962));
#7674=CARTESIAN_POINT('',(1.22661931485348E-13,314.8,-314.8));
#7675=CARTESIAN_POINT('',(245.,314.8,-314.799999999998));
#7676=CARTESIAN_POINT('',(245.,314.8,80.2000000000024));
#7677=CARTESIAN_POINT('',(-7.105427357601E-14,255.,-2.85105272723741E-12));
#7678=CARTESIAN_POINT('',(294.8,255.,80.2000000000042));
#7679=CARTESIAN_POINT('',(245.,255.,3.40172334745148E-12));
#7680=CARTESIAN_POINT('',(294.8,255.,-314.799999999996));
#7681=UNCERTAINTY_MEASURE_WITH_UNIT(LENGTH_MEASURE(0.01),#7691,
'DISTANCE_ACCURACY_VALUE',
'Maximum model space distance between geometric entities at asserted c
onnectivities');
#7682=UNCERTAINTY_MEASURE_WITH_UNIT(LENGTH_MEASURE(0.01),#7691,
'DISTANCE_ACCURACY_VALUE',
'Maximum model space distance between geometric entities at asserted c
onnectivities');
#7683=UNCERTAINTY_MEASURE_WITH_UNIT(LENGTH_MEASURE(0.01),#7691,
'DISTANCE_ACCURACY_VALUE',
'Maximum model space distance between geometric entities at asserted c
onnectivities');
#7684=UNCERTAINTY_MEASURE_WITH_UNIT(LENGTH_MEASURE(0.01),#7691,
'DISTANCE_ACCURACY_VALUE',
'Maximum model space distance between geometric entities at asserted c
onnectivities');
#7685=UNCERTAINTY_MEASURE_WITH_UNIT(LENGTH_MEASURE(0.01),#7691,
'DISTANCE_ACCURACY_VALUE',
'Maximum model space distance between geometric entities at asserted c
onnectivities');
#7686=(
GEOMETRIC_REPRESENTATION_CONTEXT(3)
GLOBAL_UNCERTAINTY_ASSIGNED_CONTEXT((#7681))
GLOBAL_UNIT_ASSIGNED_CONTEXT((#7691,#7693,#7694))
REPRESENTATION_CONTEXT('','3D')
);
#7687=(
GEOMETRIC_REPRESENTATION_CONTEXT(3)
GLOBAL_UNCERTAINTY_ASSIGNED_CONTEXT((#7682))
GLOBAL_UNIT_ASSIGNED_CONTEXT((#7691,#7693,#7694))
REPRESENTATION_CONTEXT('','3D')
);
#7688=(
GEOMETRIC_REPRESENTATION_CONTEXT(3)
GLOBAL_UNCERTAINTY_ASSIGNED_CONTEXT((#7683))
GLOBAL_UNIT_ASSIGNED_CONTEXT((#7691,#7693,#7694))
REPRESENTATION_CONTEXT('','3D')
);
#7689=(
GEOMETRIC_REPRESENTATION_CONTEXT(3)
GLOBAL_UNCERTAINTY_ASSIGNED_CONTEXT((#7684))
GLOBAL_UNIT_ASSIGNED_CONTEXT((#7691,#7693,#7694))
REPRESENTATION_CONTEXT('','3D')
);
#7690=(
GEOMETRIC_REPRESENTATION_CONTEXT(3)
GLOBAL_UNCERTAINTY_ASSIGNED_CONTEXT((#7685))
GLOBAL_UNIT_ASSIGNED_CONTEXT((#7691,#7693,#7694))
REPRESENTATION_CONTEXT('','3D')
);
#7691=(
LENGTH_UNIT()
NAMED_UNIT(*)
SI_UNIT(.MILLI.,.METRE.)
);
#7692=(
LENGTH_UNIT()
NAMED_UNIT(*)
SI_UNIT($,.METRE.)
);
#7693=(
NAMED_UNIT(*)
PLANE_ANGLE_UNIT()
SI_UNIT($,.RADIAN.)
);
#7694=(
NAMED_UNIT(*)
SI_UNIT($,.STERADIAN.)
SOLID_ANGLE_UNIT()
);
#7695=SHAPE_DEFINITION_REPRESENTATION(#7699,#7715);
#7696=SHAPE_DEFINITION_REPRESENTATION(#7700,#7716);
#7697=SHAPE_DEFINITION_REPRESENTATION(#7701,#7717);
#7698=SHAPE_DEFINITION_REPRESENTATION(#7702,#7718);
#7699=PRODUCT_DEFINITION_SHAPE('',$,#7720);
#7700=PRODUCT_DEFINITION_SHAPE('',$,#7721);
#7701=PRODUCT_DEFINITION_SHAPE('',$,#7722);
#7702=PRODUCT_DEFINITION_SHAPE('',$,#7723);
#7703=PRODUCT_DEFINITION_SHAPE($,$,#47);
#7704=PRODUCT_DEFINITION_SHAPE($,$,#48);
#7705=PRODUCT_DEFINITION_SHAPE($,$,#49);
#7706=PRODUCT_DEFINITION_SHAPE($,$,#50);
#7707=PRODUCT_DEFINITION_SHAPE($,$,#51);
#7708=PRODUCT_DEFINITION_SHAPE($,$,#52);
#7709=PRODUCT_DEFINITION_SHAPE($,$,#53);
#7710=PRODUCT_DEFINITION_SHAPE($,$,#54);
#7711=PRODUCT_DEFINITION_SHAPE($,$,#55);
#7712=PRODUCT_DEFINITION_SHAPE($,$,#56);
#7713=PRODUCT_DEFINITION_SHAPE($,$,#57);
#7714=PRODUCT_DEFINITION_SHAPE($,$,#58);
#7715=SHAPE_REPRESENTATION('',(#4521,#4972,#4973,#4974,#4975,#4976,#4977,
#4978,#4979,#4980,#4981,#4982,#4983),#7686);
#7716=SHAPE_REPRESENTATION('',(#4522),#7687);
#7717=SHAPE_REPRESENTATION('',(#4672),#7688);
#7718=SHAPE_REPRESENTATION('',(#4822),#7689);
#7719=PRODUCT_DEFINITION_CONTEXT('part definition',#7733,'design');
#7720=PRODUCT_DEFINITION('Updated box frame','Updated box frame v1',#7724,
#7719);
#7721=PRODUCT_DEFINITION('5537T104','23.5 cm 80/20 v2',#7725,#7719);
#7722=PRODUCT_DEFINITION('5537T104_1','37.5 cm 80/20 v2',#7726,#7719);
#7723=PRODUCT_DEFINITION('5537T104_2','26.5 cm 80/20 v2',#7727,#7719);
#7724=PRODUCT_DEFINITION_FORMATION('',$,#7735);
#7725=PRODUCT_DEFINITION_FORMATION('',$,#7736);
#7726=PRODUCT_DEFINITION_FORMATION('',$,#7737);
#7727=PRODUCT_DEFINITION_FORMATION('',$,#7738);
#7728=PRODUCT_RELATED_PRODUCT_CATEGORY('Updated box frame v1',
'Updated box frame v1',(#7735));
#7729=PRODUCT_RELATED_PRODUCT_CATEGORY('23.5 cm 80/20 v2',
'23.5 cm 80/20 v2',(#7736));
#7730=PRODUCT_RELATED_PRODUCT_CATEGORY('37.5 cm 80/20 v2',
'37.5 cm 80/20 v2',(#7737));
#7731=PRODUCT_RELATED_PRODUCT_CATEGORY('26.5 cm 80/20 v2',
'26.5 cm 80/20 v2',(#7738));
#7732=APPLICATION_PROTOCOL_DEFINITION('international standard',
'automotive_design',2009,#7733);
#7733=APPLICATION_CONTEXT(
'Core Data for Automotive Mechanical Design Process');
#7734=PRODUCT_CONTEXT('part definition',#7733,'mechanical');
#7735=PRODUCT('Updated box frame','Updated box frame v1',$,(#7734));
#7736=PRODUCT('5537T104','23.5 cm 80/20 v2','T-Slotted Framing',(#7734));
#7737=PRODUCT('5537T104_1','37.5 cm 80/20 v2','T-Slotted Framing',(#7734));
#7738=PRODUCT('5537T104_2','26.5 cm 80/20 v2','T-Slotted Framing',(#7734));
#7739=PRESENTATION_STYLE_ASSIGNMENT((#7740));
#7740=SURFACE_STYLE_USAGE(.BOTH.,#7741);
#7741=SURFACE_SIDE_STYLE('',(#7742));
#7742=SURFACE_STYLE_FILL_AREA(#7743);
#7743=FILL_AREA_STYLE('Steel - Satin',(#7744));
#7744=FILL_AREA_STYLE_COLOUR('Steel - Satin',#7745);
#7745=COLOUR_RGB('Steel - Satin',0.627450980392157,0.627450980392157,0.627450980392157);
ENDSEC;
END-ISO-10303-21;
