#UGC:2 PART 997 420 0 1 1 15 2000 9839 00000573 \
#- VERS 0 0                                                          \
#- HOST                                                              \
#- LINK                                                              \
#- DBID                                                              \
#- REVS 0,                                                           \
#- RELL 0,                                                           \
#- UOBJ_ID 962053733 220136368 1265647124                            \
#- MACH                                                              \
#-END_OF_UGC_HEADER
#P_OBJECT 6
@P_object 1 0
0 1 ->
@dep_db 2 0
1 2 ->
@usr_rev 3 0
1 3 [1]
2 3 
@name 4 10
3 4 vnbca
@mod_time 5 0
3 5 
@tm_sec 6 1
4 6 56
@tm_min 7 1
4 7 52
@tm_hour 8 1
4 8 12
@tm_mday 9 1
4 9 10
@tm_mon 10 1
4 10 9
@tm_year 11 1
4 11 2025
@action 12 1
3 12 1000
@comment 13 10
3 13 Hostname: 'RYZENDELL2IN1'
@rel_level 14 10
3 14 
@rev_string 15 10
3 15 
@revnum_std 16 1
1 16 80
@flag 17 1
1 17 0
@name 18 10
1 18 NULL
@inst_hidden 19 1
1 19 0
@old_name 20 10
1 20 NULL
@appl_data 21 0
1 21 ->
@bounding_box 22 2
2 22 [2][3]
$C024,C024000000000001,C034C66666666673
$4024,4024000000000001,40730CCCCCCCCCCD
@ver_key 23 0
1 23 ->
@time 24 1
2 24 962053735
@random_num 25 1
2 25 220098560
@hostid 26 1
2 26 1265647124
@last_read 27 1
1 27 -1
#END_OF_P_OBJECT
#Pro/ENGINEER  TM  Release 20.0  (c) 1988-98 by Parametric Technology Corporation  All Rights Reserved. 9843
@Toc 28 0
0 28 ->
@entry 29 10
1 29 [128]
2 29 BasicData 2b97 5ba 0 998########################################################
2 29 BasicText 3151 38c 0 998########################################################
2 29 GeomDepen 34dd 73 0 998#########################################################
2 29 DispCntrl 3550 42 0 998#########################################################
2 29 DisplData 3592 38 0 998#########################################################
2 29 LargeText 35ca 10a 0 998########################################################
2 29 FamilyInf 36d4 40 0 998#########################################################
2 29 VisibGeom 3714 49ac8 0 998######################################################
2 29 NovisGeom 4d1dc 3e 0 998########################################################
2 29 ActEntity 4d21a 26f 0 998#######################################################
2 29 AllFeatur 4d489 38f7 0 998######################################################
2 29 FullMData 50d80 28f 0 998#######################################################
2 29 ModelView#0 5100f 4b9 0 998#####################################################
2 29 DispDataColor 514c8 29 0 998####################################################
2 29 DispDataTable 514f1 398 0 998###################################################
2 29 AssMrgPrt 51889 28 0 998########################################################
2 29 ################################################################################
2 29 ################################################################################
2 29 ################################################################################
2 29 ################################################################################
2 29 ################################################################################
2 29 ################################################################################
2 29 ################################################################################
2 29 ################################################################################
2 29 ################################################################################
2 29 ################################################################################
2 29 ################################################################################
2 29 ################################################################################
2 29 ################################################################################
2 29 ################################################################################
2 29 ################################################################################
2 29 ################################################################################
2 29 ################################################################################
2 29 ################################################################################
2 29 ################################################################################
2 29 ################################################################################
2 29 ################################################################################
2 29 ################################################################################
2 29 ################################################################################
2 29 ################################################################################
2 29 ################################################################################
2 29 ################################################################################
2 29 ################################################################################
2 29 ################################################################################
2 29 ################################################################################
2 29 ################################################################################
2 29 ################################################################################
2 29 ################################################################################
2 29 ################################################################################
2 29 ################################################################################
2 29 ################################################################################
2 29 ################################################################################
2 29 ################################################################################
2 29 ################################################################################
2 29 ################################################################################
2 29 ################################################################################
2 29 ################################################################################
2 29 ################################################################################
2 29 ################################################################################
2 29 ################################################################################
2 29 ################################################################################
2 29 ################################################################################
2 29 ################################################################################
2 29 ################################################################################
2 29 ################################################################################
2 29 ################################################################################
2 29 ################################################################################
2 29 ################################################################################
2 29 ################################################################################
2 29 ################################################################################
2 29 ################################################################################
2 29 ################################################################################
2 29 ################################################################################
2 29 ################################################################################
2 29 ################################################################################
2 29 ################################################################################
2 29 ################################################################################
2 29 ################################################################################
2 29 ################################################################################
2 29 ################################################################################
2 29 ################################################################################
2 29 ################################################################################
2 29 ################################################################################
2 29 ################################################################################
2 29 ################################################################################
2 29 ################################################################################
2 29 ################################################################################
2 29 ################################################################################
2 29 ################################################################################
2 29 ################################################################################
2 29 ################################################################################
2 29 ################################################################################
2 29 ################################################################################
2 29 ################################################################################
2 29 ################################################################################
2 29 ################################################################################
2 29 ################################################################################
2 29 ################################################################################
2 29 ################################################################################
2 29 ################################################################################
2 29 ################################################################################
2 29 ################################################################################
2 29 ################################################################################
2 29 ################################################################################
2 29 ################################################################################
2 29 ################################################################################
2 29 ################################################################################
2 29 ################################################################################
2 29 ################################################################################
2 29 ################################################################################
2 29 ################################################################################
2 29 ################################################################################
2 29 ################################################################################
2 29 ################################################################################
2 29 ################################################################################
2 29 ################################################################################
2 29 ################################################################################
2 29 ################################################################################
2 29 ################################################################################
2 29 ################################################################################
2 29 ################################################################################
2 29 ################################################################################
2 29 ################################################################################
2 29 ################################################################################
2 29 ################################################################################
2 29 ################################################################################
2 29 ################################################################################
2 29 ################################################################################
#BasicData
@Sld_BasicData 1 0
0 1 ->
@tab_key 2 1
1 2 0
@tab_key_struct 3 0
1 3 ->
@type 4 4
2 4 H
@tab_key_ptr 5 0
2 5 [658]
@cmprs_tabkey 6 0
2 6 NULL
@type 7 1
1 7 2
@revnum_ptr 8 0
1 8 ->
@geom_revnum 9 1
2 9 662
@cosm_revnum 10 1
2 10 0
@tol_default_ptr 11 0
1 11 ->
@type 12 1
2 12 10
@value 13 2
2 13 [7]
$0,3FB999999999999A,3F847AE147AE147B,3F50624DD2F1A9FC,3F1A36E2EB1C432D,3EE4F8B588E368F1,3EB0C6F7A0B5ED8D
@ang_value 14 2
2 14 [7]
$0,3FE,3FE,3FE,3FE,3FE,3FE
@lin_digits 15 1
2 15 [7]
$-1,-1,-1,-1,-1,-1,-1
@ang_digits 16 1
2 16 [7]
$0,0,0,0,0,0,0
@standard 17 1
2 17 0
@iso_tol_tbls_ptr 18 0
2 18 NULL
@datum_count 19 1
1 19 0
@axis_count 20 1
1 20 0
@insert_layer_id 21 1
1 21 -1
@layer_count 22 1
1 22 0
@rel_part_eps 23 2
1 23 3F53A92A30553261
@model_eps 24 2
1 24 0
@fixed_model_eps 25 1
1 25 0
@assembled_count 26 1
1 26 0
@part_type 27 1
1 27 1
@first_ent_id 28 1
1 28 513569
@first_view_id 29 1
1 29 0
@outline 30 2
1 30 [2][3]
$C024,C024000000000001,C034C66666666673
$4024,4024000000000001,40730CCCCCCCCCCD
@dim_num 31 1
1 31 0
@geom_lib_ptr 32 0
1 32 NULL
@attrib_array 33 1
1 33 [3]
$0,0,0
@max_part_size 34 2
1 34 3FD4EA4FF111B699
@model_name 35 10
1 35 AL325_5755537T104
@disp_outl_info 36 0
1 36 
@disp_outline 37 2
2 37 [2][3]
$C024,C024000000000001,C034C66666666673
$4024,4024000000000001,40730CCCCCCCCCCD
@sel_outl_info 38 0
1 38 ->
@outline 39 2
2 39 [2][3]
$C024,C024000000000001,C034C66666666673
$4024,4024000000000001,40730CCCCCCCCCCD
#BasicText
@Sld_BasicText 1 0
0 1 ->
@assem_mass_prop_ptr 2 0
1 2 NULL
@mass_prop_ptr 3 0
1 3 ->
@type 4 1
2 4 0
@density 5 2
2 5 3F50624DD2F1A9FC
@init_dens 6 5
2 6 0
@rel_density 7 2
2 7 0
@init_rel_dens 8 5
2 8 0
@aver_density 9 2
2 9 0
@vrevnum 10 1
2 10 -1
@volume 11 2
2 11 3F10B8983EC0E8D2
@cg 12 2
2 12 [3]
$0,0,0
@inertia 13 2
2 13 [3][3]
$0,0,0
$0,0,0
$0,0,0
@eps 14 2
2 14 0
@surfarea 15 2
2 15 0
@assign_mp_ptr 16 0
1 16 NULL
@mat_name_ptr 17 10
1 17 NULL
@unit_arr 18 0
1 18 [3]
2 18 
@type 19 1
3 19 13
@factor 20 2
3 20 3FF
@name 21 10
3 21 MM
@unit_type 22 1
3 22 0
2 18 
3 19 12
3 20 408F4
3 21 GRAM
3 22 1
2 18 
3 19 13
3 20 3F3234576CF0BB8C
3 21 SECS
3 22 2
@p_unit_info 23 0
1 23 ->
@custom_unit_arr 24 0
2 24 [6]
3 24 
3 24 
3 24 
3 24 
3 24 
3 24 
@principal_sys_units 25 10
2 25 millimeter Newton Second (mmNs)
@history_scale 26 2
2 26 [6][2]
$3FF,0
$3FF,0
$3FF,0
$3FF,0
$3FF,0
$3FF,0
#GeomDepen
@Sld_GeomDepend 1 0
0 1 ->
@frst_geom_ptr 2 1
1 2 31
@fem_data 3 0
1 3 NULL
@first_quilt_ptr 4 1
1 4 30
#DispCntrl
@Sld_DispCntrl 1 0
0 1 ->
@color_prop_ptr 2 0
1 2 NULL
#DisplData
@Sld_DispData 1 0
0 1 ->
@disp_data 2 0
1 2 
#LargeText
@Sld_LargeText 1 0
0 1 ->
@names_table 2 0
1 2 [1]
2 2 ->
@id 3 1
3 3 3
@type 4 1
3 4 25
@name 5 10
3 5 AL325_5755537T104
@relpar_sets 6 0
1 6 [1]
2 6 
@id 7 1
3 7 -1
@type 8 1
3 8 2
@ext_ref_id 9 1
3 9 -1
@relatnum 10 1
3 10 0
@cfg_states 11 0
1 11 NULL
#FamilyInf
@Sld_FamilyInfo 1 0
0 1 ->
@drv_tbl_ptr 2 0
1 2 NULL
#VisibGeom
@Sld_VisGeom 1 0
0 1 ->
@active_geom 2 0
1 2 
@srf_array 3 0
2 3 [76]
3 3 ->
@geom_type 4 1
4 4 36
@geom_id 5 1
4 5 31
@feat_id 6 1
4 6 4
@boundary_type 7 1
4 7 0
@envlp 8 2
4 8 [2][2]
$400921FB54442D18,0
$401921FB54442D18,4074593333333333
@srf_prim_ptr(cylinder) 9 0
4 9 ->
@local_sys 10 2
5 10 [4][3]
$BFF,0,8
$0,3FF,8
$0,8,BFF
$BD0C52,3D0C52,40730CCCCCCCCCCD
@radius 11 2
5 11 400133333333335
@frst_cntr_ptr 12 0
4 12 ->
@frst_cntr_crv_hdr_ptr 13 1
5 13 33
@trv 14 1
5 14 1
@envlp 15 2
5 15 [2][2]
$400921FB54442D18,0
$401921FB54442D18,4074593333333333
@next_cntr_ptr 16 0
4 16 NULL
@next_geom_ptr 17 1
4 17 35
@orient 18 1
4 18 -1
@outline 19 2
4 19 [2][3]
$C00133333333336C,C001333333333333,C034C66666666673
$4001333333333333,3D0CE9C81550E24C,40730CCCCCCCCCCD
3 3 ->
4 4 36
4 5 35
4 6 4
4 7 0
4 8 [2][2]
$4012D97C7F3321D2,0
$401921FB54442D18,4074593333333333
4 9 ->
5 10 [4][3]
$BFF,0,8
$0,3FF,8
$0,8,BFF
$4008000000000002,C023,40730CCCCCCCCCCD
5 11 3FE0000000000004
4 12 ->
5 13 37
5 14 1
5 15 [2][2]
$4012D97C7F3321D2,0
$401921FB54442D18,4074593333333333
4 16 NULL
4 17 39
4 18 1
4 19 [2][3]
$4004000000000001,C024,C034C66666666673
$4008000000000002,C023,40730CCCCCCCCCCD
3 3 ->
4 4 34
4 5 39
4 6 4
4 7 0
4 8 [2][2]
$C014FFFFFFFFFFFF,C074593333333333
$0,0
@srf_prim_ptr(plane) 20 0
4 20 ->
@local_sys 21 2
5 21 [4][3]
$BFF,0,3CB7CF3CF3CF3CF5
$3CB7CF3CF3CF3CF6,0,3FEFFFFFFFFFFFFF
$0,3FEFFFFFFFFFFFFF,8
$4008000000000002,C024,40730CCCCCCCCCCD
4 12 ->
5 13 41
5 14 1
5 15 [2][2]
$C014FFFFFFFFFFFF,C074593333333333
$0,0
4 16 NULL
4 17 43
4 18 -1
4 19 [2][3]
$4008000000000002,C024000000000001,C034C66666666673
$40208,C024,40730CCCCCCCCCCD
3 3 ->
4 4 36
4 5 43
4 6 4
4 7 0
4 8 [2][2]
$400921FB54442D18,0
$4012D97C7F3321D2,4074593333333333
4 9 ->
5 10 [4][3]
$BFEFFFFFFFFFFFFF,0,8
$0,3FEFFFFFFFFFFFFF,8
$0,8,BFF
$40208,C0208,40730CCCCCCCCCCD
5 11 3FFBFFFFFFFFFFFF
4 12 ->
5 13 45
5 14 1
5 15 [2][2]
$400921FB54442D18,0
$4012D97C7F3321D2,4074593333333333
4 16 NULL
4 17 47
4 18 1
4 19 [2][3]
$40208,C024000000000001,C034C66666666673
$4024,C0208,40730CCCCCCCCCCD
3 3 ->
4 4 34
4 5 47
4 6 4
4 7 0
4 8 [2][2]
$0,C074593333333333
$4014FFFFFFFFFFFE,0
4 20 ->
5 21 [4][3]
$BCB7CF3CF3CF3CF6,0,BFEFFFFFFFFFFFFF
$BFF,0,3CB7CF3CF3CF3CF5
$0,3FEFFFFFFFFFFFFF,0
$4024,C008000000000003,40730CCCCCCCCCCD
4 12 ->
5 13 49
5 14 1
5 15 [2][2]
$0,C074593333333333
$4014FFFFFFFFFFFE,0
4 16 NULL
4 17 51
4 18 -1
4 19 [2][3]
$4023FFFFFFFFFFFF,C0208,C034C66666666673
$4024,C008000000000003,40730CCCCCCCCCCD
3 3 ->
4 4 36
4 5 51
4 6 4
4 7 0
4 8 [2][2]
$3FF921FB54442D18,0
$400921FB54442D18,4074593333333333
4 9 ->
5 10 [4][3]
$BFF,0,8
$0,3FF,8
$0,8,BFF
$4023,C008000000000003,40730CCCCCCCCCCD
5 11 3FE0000000000008
4 12 ->
5 13 53
5 14 1
5 15 [2][2]
$3FF921FB54442D18,0
$400921FB54442D18,4074593333333333
4 16 NULL
4 17 55
4 18 1
4 19 [2][3]
$4023,C008000000000003,C034C66666666673
$4024,C004,40730CCCCCCCCCCD
3 3 ->
4 4 34
4 5 55
4 6 4
4 7 0
4 8 [2][2]
$0,0
$4074593333333334,3FF134C065E40607
4 20 ->
5 21 [4][3]
$0,3FEFFFFFFFFFFFFF,0
$8,0,BFEFFFFFFFFFFFFF
$BFF,0,0
$4020D967F3437F3F,C004,40730CCCCCCCCCCD
4 12 ->
5 13 57
5 14 1
5 15 [2][2]
$0,0
$4074593333333334,3FF134C065E40607
4 16 NULL
4 17 59
4 18 -1
4 19 [2][3]
$4020D967F3437F3F,C004000000000003,C034C66666666673
$4023,C004,40730CCCCCCCCCCD
3 3 ->
4 4 36
4 5 59
4 6 4
4 7 0
4 8 [2][2]
$0,0
$3FF921FB54442D18,4074593333333333
4 9 ->
5 10 [4][3]
$BFF,0,8
$0,3FF,8
$0,8,BFF
$4020D967F3437F3F,C008000000000003,40730CCCCCCCCCCD
5 11 3FE
4 12 ->
5 13 61
5 14 1
5 15 [2][2]
$0,0
$3FF921FB54442D18,4074593333333333
4 16 NULL
4 17 63
4 18 1
4 19 [2][3]
$401FB2CFE686FE7D,C008000000000003,C034C66666666673
$4020D967F3437F3F,C004,40730CCCCCCCCCCD
3 3 ->
4 4 34
4 5 63
4 6 4
4 7 0
4 8 [2][2]
$0,C074593333333334
$4001FFFFFFFFFFF3,0
4 20 ->
5 21 [4][3]
$3CDBC71C71C71C85,8,3FF
$3FF,0,BCDBC71C71C71C85
$0,3FF,0
$401FB2CFE686FE7B,C014FFFFFFFFFFFB,40730CCCCCCCCCCD
4 12 ->
5 13 65
5 14 1
5 15 [2][2]
$0,C074593333333334
$4001FFFFFFFFFFF3,0
4 16 NULL
4 17 67
4 18 -1
4 19 [2][3]
$401FB2CFE686FE7B,C014FFFFFFFFFFFB,C034C66666666673
$401FB2CFE686FE7F,C008000000000003,40730CCCCCCCCCCD
3 3 ->
4 4 36
4 5 67
4 6 4
4 7 0
4 8 [2][2]
$400921FB54442D18,0
$4015FDBBE9BBA774,4074593333333333
4 9 ->
5 10 [4][3]
$BFF,0,8
$0,3FF,8
$0,8,BFF
$401DB2CFE686FE7B,C014FFFFFFFFFFFB,40730CCCCCCCCCCD
5 11 3FE0000000000001
4 12 ->
5 13 69
5 14 1
5 15 [2][2]
$400921FB54442D18,0
$4015FDBBE9BBA774,4074593333333333
4 16 NULL
4 17 71
4 18 -1
4 19 [2][3]
$401C48C6001F0ABE,C016FFFFFFFFFFFC,C034C66666666673
$401FB2CFE686FE7B,C014FFFFFFFFFFFB,40730CCCCCCCCCCD
3 3 ->
4 4 34
4 5 71
4 6 4
4 7 0
4 8 [2][2]
$C00D545BADC2877D,C074593333333334
$0,0
4 20 ->
5 21 [4][3]
$3FE6A09E667F3BCC,0,BFE6A09E667F3BCE
$BFE6A09E667F3BCE,0,BFE6A09E667F3BCC
$0,3FF,0
$401C48C6001F0ABE,C0166A09E667F3B9,40730CCCCCCCCCCD
4 12 ->
5 13 73
5 14 1
5 15 [2][2]
$C00D545BADC2877D,C074593333333334
$0,0
4 16 NULL
4 17 75
4 18 -1
4 19 [2][3]
$4011EA2AFFF6AFF6,C0166A09E667F3B9,C034C66666666673
$401C48C6001F0ABE,C00816DDCC7F31E1,40730CCCCCCCCCCD
3 3 ->
4 4 36
4 5 75
4 6 4
4 7 0
4 8 [2][2]
$4015FDBBE9BBA775,0
$401921FB54442D18,4074593333333333
4 9 ->
5 10 [4][3]
$BFF,0,8
$0,3FF,8
$0,8,BFF
$401A666666666662,BFEC799BFE7F1421,40730CCCCCCCCCCD
5 11 4007FFFFFFFFFFFE
4 12 ->
5 13 77
5 14 1
5 15 [2][2]
$4015FDBBE9BBA775,0
$401921FB54442D18,4074593333333333
4 16 NULL
4 17 79
4 18 -1
4 19 [2][3]
$400CCCCCCCCCCCC7,C00816DDCC7F31E1,C034C66666666673
$4011EA2AFFF6AFF6,BFEC799BFE7F1421,40730CCCCCCCCCCD
3 3 ->
4 4 34
4 5 79
4 6 4
4 7 0
4 8 [2][2]
$BFEC799BFE7F1421,C074593333333334
$3FEC799BFE7F1421,0
4 20 ->
5 21 [4][3]
$BCEA56BF8700BDE8,0,BFF
$BFF,0,3CEA56BF8700BDE8
$0,3FF,0
$400CCCCCCCCCCCCD,0,40730CCCCCCCCCCD
4 12 ->
5 13 81
5 14 1
5 15 [2][2]
$BFEC799BFE7F1421,C074593333333334
$3FEC799BFE7F1421,0
4 16 NULL
4 17 83
4 18 -1
4 19 [2][3]
$400CCCCCCCCCCCC7,BFEC799BFE7F1421,C034C66666666673
$400CCCCCCCCCCCC7,3FEC799BFE7F1421,40730CCCCCCCCCCD
3 3 ->
4 4 36
4 5 83
4 6 4
4 7 0
4 8 [2][2]
$0,0
$400921FB54442D18,4074593333333333
4 9 ->
5 10 [4][3]
$BFF,0,8
$0,3FF,8
$0,8,BFF
$BD0C52,3D0C52,40730CCCCCCCCCCD
5 11 400133333333335
4 12 ->
5 13 85
5 14 1
5 15 [2][2]
$0,0
$400921FB54442D18,4074593333333333
4 16 NULL
4 17 87
4 18 -1
4 19 [2][3]
$C00133333333336C,3D0C52,C034C66666666673
$4001333333333333,400133333333336C,40730CCCCCCCCCCD
3 3 ->
4 4 34
4 5 87
4 6 4
4 7 0
4 8 [2][2]
$BFEC799BFE7F147F,C074593333333334
$3FEC799BFE7F147F,0
4 20 ->
5 21 [4][3]
$BFF,0,3CC18F2A5A007E63
$3CC18F2A5A007E63,0,3FF
$0,3FF,8
$0,C00CCCCCCCCCCCCD,40730CCCCCCCCCCD
4 12 ->
5 13 89
5 14 1
5 15 [2][2]
$BFEC799BFE7F147F,C074593333333334
$3FEC799BFE7F147F,0
4 16 NULL
4 17 91
4 18 -1
4 19 [2][3]
$BFEC799BFE7F147F,C00CCCCCCCCCCCCE,C034C66666666673
$3FEC799BFE7F147F,C00CCCCCCCCCCCCE,40730CCCCCCCCCCD
3 3 ->
4 4 36
4 5 91
4 6 4
4 7 0
4 8 [2][2]
$3FF921FB54442D18,0
$4002D97C7F3321D3,4074593333333333
4 9 ->
5 10 [4][3]
$BFF,0,8
$0,3FF,8
$0,8,BFF
$3FEC799BFE7F147F,C01A666666666666,40730CCCCCCCCCCD
5 11 4007FFFFFFFFFFFF
4 12 ->
5 13 93
5 14 1
5 15 [2][2]
$3FF921FB54442D18,0
$4002D97C7F3321D3,4074593333333333
4 16 NULL
4 17 95
4 18 -1
4 19 [2][3]
$3FEC799BFE7F147F,C011EA2AFFF6AFFA,C034C66666666673
$400816DDCC7F31F9,C00CCCCCCCCCCCCE,40730CCCCCCCCCCD
3 3 ->
4 4 34
4 5 95
4 6 4
4 7 0
4 8 [2][2]
$C00D545BADC2876E,C074593333333335
$BCC6A09E667F3BD5,0
4 20 ->
5 21 [4][3]
$BFE6A09E667F3BC5,0,3FE6A09E667F3BD5
$3FE6A09E667F3BD5,0,3FE6A09E667F3BC5
$0,3FF0000000000001,8
$400816DDCC7F31F8,C011EA2AFFF6AFF9,40730CCCCCCCCCCD
4 12 ->
5 13 97
5 14 1
5 15 [2][2]
$C00D545BADC2876E,C074593333333335
$BCC6A09E667F3BD5,0
4 16 NULL
4 17 99
4 18 -1
4 19 [2][3]
$400816DDCC7F31F8,C01C48C6001F0AC,C034C66666666673
$40166A09E667F3BB,C011EA2AFFF6AFFA,40730CCCCCCCCCCD
3 3 ->
4 4 36
4 5 99
4 6 4
4 7 0
4 8 [2][2]
$4002D97C7F3321D2,0
$4012D97C7F3321D2,4074593333333333
4 9 ->
5 10 [4][3]
$BFF,0,8
$0,3FF,8
$0,8,BFF
$4014FFFFFFFFFFFD,C01DB2CFE686FE7D,40730CCCCCCCCCCD
5 11 3FE0000000000009
4 12 ->
5 13 101
5 14 1
5 15 [2][2]
$4002D97C7F3321D2,0
$4012D97C7F3321D2,4074593333333333
4 16 NULL
4 17 103
4 18 -1
4 19 [2][3]
$4014FFFFFFFFFFFD,C01FB2CFE686FE7F,C034C66666666673
$4016FFFFFFFFFFFF,C01C48C6001F0ABF,40730CCCCCCCCCCD
3 3 ->
4 4 34
4 5 103
4 6 4
4 7 0
4 8 [2][2]
$0,0
$4074593333333334,4001FFFFFFFFFFF7
4 20 ->
5 21 [4][3]
$0,3FEFFFFFFFFFFFFF,0
$8,0,BFEFFFFFFFFFFFFF
$BFF,0,0
$4008000000000002,C01FB2CFE686FE7F,40730CCCCCCCCCCD
4 12 ->
5 13 105
5 14 1
5 15 [2][2]
$0,0
$4074593333333334,4001FFFFFFFFFFF7
4 16 NULL
4 17 107
4 18 -1
4 19 [2][3]
$4008000000000002,C01FB2CFE686FE7F,C034C66666666673
$4014FFFFFFFFFFFD,C01FB2CFE686FE7F,40730CCCCCCCCCCD
3 3 ->
4 4 36
4 5 107
4 6 4
4 7 0
4 8 [2][2]
$0,0
$3FF921FB54442D18,4074593333333333
4 9 ->
5 10 [4][3]
$BFF,0,8
$0,3FF,8
$0,8,BFF
$4008000000000002,C020D967F3437F4,40730CCCCCCCCCCD
5 11 3FE0000000000008
4 12 ->
5 13 109
5 14 1
5 15 [2][2]
$0,0
$3FF921FB54442D18,4074593333333333
4 16 NULL
4 17 111
4 18 1
4 19 [2][3]
$4004,C020D967F3437F4,C034C66666666673
$4008000000000002,C01FB2CFE686FE7F,40730CCCCCCCCCCD
3 3 ->
4 4 34
4 5 111
4 6 4
4 7 0
4 8 [2][2]
$BFF134C065E406,C074593333333333
$B99D0F3D35C7DCD3,0
4 20 ->
5 21 [4][3]
$BCCD0F3D35C7DCD3,0,3FEFFFFFFFFFFFFF
$3FF,0,3CCD0F3D35C7DCD1
$0,3FEFFFFFFFFFFFFF,8
$4003FFFFFFFFFFFF,C020D967F3437F4,40730CCCCCCCCCCD
4 12 ->
5 13 113
5 14 1
5 15 [2][2]
$BFF134C065E406,C074593333333333
$B99D0F3D35C7DCD3,0
4 16 NULL
4 17 115
4 18 -1
4 19 [2][3]
$4004,C023,C034C66666666673
$4004000000000001,C020D967F3437F4,40730CCCCCCCCCCD
3 3 ->
4 4 36
4 5 115
4 6 4
4 7 0
4 8 [2][2]
$0,0
$3FF921FB54442D18,4074593333333333
4 9 ->
5 10 [4][3]
$3FF,0,0
$0,BFF,8
$0,0,BFF
$C008000000000002,C023,40730CCCCCCCCCCD
5 11 3FE0000000000004
4 12 ->
5 13 117
5 14 1
5 15 [2][2]
$0,0
$3FF921FB54442D18,4074593333333333
4 16 NULL
4 17 119
4 18 1
4 19 [2][3]
$C008000000000002,C024,C034C66666666673
$C004000000000001,C023,40730CCCCCCCCCCD
3 3 ->
4 4 34
4 5 119
4 6 4
4 7 0
4 8 [2][2]
$C014FFFFFFFFFFFF,0
$0,4074593333333333
4 20 ->
5 21 [4][3]
$3FF,0,BCB7CF3CF3CF3CF5
$3CB7CF3CF3CF3CF6,0,3FEFFFFFFFFFFFFF
$0,BFEFFFFFFFFFFFFF,0
$C008000000000002,C024,40730CCCCCCCCCCD
4 12 ->
5 13 121
5 14 1
5 15 [2][2]
$C014FFFFFFFFFFFF,0
$0,4074593333333333
4 16 NULL
4 17 123
4 18 -1
4 19 [2][3]
$C0208,C024000000000001,C034C66666666673
$C008000000000002,C024,40730CCCCCCCCCCD
3 3 ->
4 4 36
4 5 123
4 6 4
4 7 0
4 8 [2][2]
$3FF921FB54442D18,0
$400921FB54442D18,4074593333333333
4 9 ->
5 10 [4][3]
$3FEFFFFFFFFFFFFF,0,0
$0,BFEFFFFFFFFFFFFF,8
$0,0,BFF
$C0208,C0208,40730CCCCCCCCCCD
5 11 3FFBFFFFFFFFFFFF
4 12 ->
5 13 125
5 14 1
5 15 [2][2]
$3FF921FB54442D18,0
$400921FB54442D18,4074593333333333
4 16 NULL
4 17 127
4 18 1
4 19 [2][3]
$C024,C024000000000001,C034C66666666673
$C0208,C0208,40730CCCCCCCCCCD
3 3 ->
4 4 34
4 5 127
4 6 4
4 7 0
4 8 [2][2]
$0,0
$4014FFFFFFFFFFFE,4074593333333333
4 20 ->
5 21 [4][3]
$3CB7CF3CF3CF3CF6,0,3FEFFFFFFFFFFFFF
$BFF,0,3CB7CF3CF3CF3CF5
$0,BFEFFFFFFFFFFFFF,0
$C024,C008000000000003,40730CCCCCCCCCCD
4 12 ->
5 13 129
5 14 1
5 15 [2][2]
$0,0
$4014FFFFFFFFFFFE,4074593333333333
4 16 NULL
4 17 131
4 18 -1
4 19 [2][3]
$C024,C0208,C034C66666666673
$C023FFFFFFFFFFFF,C008000000000003,40730CCCCCCCCCCD
3 3 ->
4 4 36
4 5 131
4 6 4
4 7 0
4 8 [2][2]
$400921FB54442D18,0
$4012D97C7F3321D2,4074593333333333
4 9 ->
5 10 [4][3]
$3FF,0,0
$0,BFF,8
$0,0,BFF
$C023,C008000000000003,40730CCCCCCCCCCD
5 11 3FE0000000000008
4 12 ->
5 13 133
5 14 1
5 15 [2][2]
$400921FB54442D18,0
$4012D97C7F3321D2,4074593333333333
4 16 NULL
4 17 135
4 18 1
4 19 [2][3]
$C024,C008000000000003,C034C66666666673
$C023,C004,40730CCCCCCCCCCD
3 3 ->
4 4 34
4 5 135
4 6 4
4 7 0
4 8 [2][2]
$0,BFF134C065E40607
$4074593333333334,0
4 20 ->
5 21 [4][3]
$8,3FEFFFFFFFFFFFFF,0
$0,0,BFEFFFFFFFFFFFFF
$BFF,0,0
$C020D967F3437F3F,C004,40730CCCCCCCCCCD
4 12 ->
5 13 137
5 14 1
5 15 [2][2]
$0,BFF134C065E40607
$4074593333333334,0
4 16 NULL
4 17 139
4 18 -1
4 19 [2][3]
$C023,C004000000000003,C034C66666666673
$C020D967F3437F3F,C004,40730CCCCCCCCCCD
3 3 ->
4 4 36
4 5 139
4 6 4
4 7 0
4 8 [2][2]
$4012D97C7F3321D2,0
$401921FB54442D18,4074593333333333
4 9 ->
5 10 [4][3]
$3FF,0,0
$0,BFF,8
$0,0,BFF
$C020D967F3437F3F,C008000000000003,40730CCCCCCCCCCD
5 11 3FE
4 12 ->
5 13 141
5 14 1
5 15 [2][2]
$4012D97C7F3321D2,0
$401921FB54442D18,4074593333333333
4 16 NULL
4 17 143
4 18 1
4 19 [2][3]
$C020D967F3437F3F,C008000000000003,C034C66666666673
$C01FB2CFE686FE7D,C004,40730CCCCCCCCCCD
3 3 ->
4 4 34
4 5 143
4 6 4
4 7 0
4 8 [2][2]
$0,0
$4001FFFFFFFFFFF3,4074593333333334
4 20 ->
5 21 [4][3]
$BCDBC71C71C71C85,8,BFF
$3FF,0,BCDBC71C71C71C85
$0,BFF,0
$C01FB2CFE686FE7B,C014FFFFFFFFFFFB,40730CCCCCCCCCCD
4 12 ->
5 13 145
5 14 1
5 15 [2][2]
$0,0
$4001FFFFFFFFFFF3,4074593333333334
4 16 NULL
4 17 147
4 18 -1
4 19 [2][3]
$C01FB2CFE686FE7F,C014FFFFFFFFFFFB,C034C66666666673
$C01FB2CFE686FE7B,C008000000000003,40730CCCCCCCCCCD
3 3 ->
4 4 36
4 5 147
4 6 4
4 7 0
4 8 [2][2]
$3FE921FB54442D23,0
$400921FB54442D18,4074593333333333
4 9 ->
5 10 [4][3]
$3FF,0,0
$0,BFF,8
$0,0,BFF
$C01DB2CFE686FE7B,C014FFFFFFFFFFFB,40730CCCCCCCCCCD
5 11 3FE0000000000001
4 12 ->
5 13 149
5 14 1
5 15 [2][2]
$3FE921FB54442D23,0
$400921FB54442D18,4074593333333333
4 16 NULL
4 17 151
4 18 -1
4 19 [2][3]
$C01FB2CFE686FE7B,C016FFFFFFFFFFFC,C034C66666666673
$C01C48C6001F0ABE,C014FFFFFFFFFFFB,40730CCCCCCCCCCD
3 3 ->
4 4 34
4 5 151
4 6 4
4 7 0
4 8 [2][2]
$C00D545BADC2877D,0
$0,4074593333333334
4 20 ->
5 21 [4][3]
$BFE6A09E667F3BCC,0,3FE6A09E667F3BCE
$BFE6A09E667F3BCE,8,BFE6A09E667F3BCC
$0,BFF,0
$C01C48C6001F0ABE,C0166A09E667F3B9,40730CCCCCCCCCCD
4 12 ->
5 13 153
5 14 1
5 15 [2][2]
$C00D545BADC2877D,0
$0,4074593333333334
4 16 NULL
4 17 155
4 18 -1
4 19 [2][3]
$C01C48C6001F0ABE,C0166A09E667F3B9,C034C66666666673
$C011EA2AFFF6AFF6,C00816DDCC7F31E1,40730CCCCCCCCCCD
3 3 ->
4 4 36
4 5 155
4 6 4
4 7 0
4 8 [2][2]
$0,0
$3FE921FB54442D18,4074593333333333
4 9 ->
5 10 [4][3]
$3FF,0,0
$0,BFF,8
$0,0,BFF
$C01A666666666662,BFEC799BFE7F1421,40730CCCCCCCCCCD
5 11 4007FFFFFFFFFFFE
4 12 ->
5 13 157
5 14 1
5 15 [2][2]
$0,0
$3FE921FB54442D18,4074593333333333
4 16 NULL
4 17 159
4 18 -1
4 19 [2][3]
$C011EA2AFFF6AFF6,C00816DDCC7F31E1,C034C66666666673
$C00CCCCCCCCCCCC7,BFEC799BFE7F1421,40730CCCCCCCCCCD
3 3 ->
4 4 34
4 5 159
4 6 4
4 7 0
4 8 [2][2]
$BFEC799BFE7F1421,0
$3FEC799BFE7F1421,4074593333333334
4 20 ->
5 21 [4][3]
$3CEA56BF8700BDE8,0,3FF
$BFF,0,3CEA56BF8700BDE8
$0,BFF,0
$C00CCCCCCCCCCCCD,0,40730CCCCCCCCCCD
4 12 ->
5 13 161
5 14 1
5 15 [2][2]
$BFEC799BFE7F1421,0
$3FEC799BFE7F1421,4074593333333334
4 16 NULL
4 17 163
4 18 -1
4 19 [2][3]
$C00CCCCCCCCCCCC7,BFEC799BFE7F1421,C034C66666666673
$C00CCCCCCCCCCCC7,3FEC799BFE7F1421,40730CCCCCCCCCCD
3 3 ->
4 4 36
4 5 163
4 6 4
4 7 0
4 8 [2][2]
$400F6A7A2955385D,0
$4012D97C7F3321D2,4074593333333333
4 9 ->
5 10 [4][3]
$3FF,0,0
$0,BFF,8
$0,0,BFF
$BFEC799BFE7F147F,C01A666666666666,40730CCCCCCCCCCD
5 11 4007FFFFFFFFFFFF
4 12 ->
5 13 165
5 14 1
5 15 [2][2]
$400F6A7A2955385D,0
$4012D97C7F3321D2,4074593333333333
4 16 NULL
4 17 167
4 18 -1
4 19 [2][3]
$C00816DDCC7F31FB,C011EA2AFFF6AFFA,C034C66666666673
$BFEC799BFE7F147F,C00CCCCCCCCCCCCE,40730CCCCCCCCCCD
3 3 ->
4 4 34
4 5 167
4 6 4
4 7 0
4 8 [2][2]
$C00D545BADC2876E,0
$BCC6A09E667F3BD5,4074593333333335
4 20 ->
5 21 [4][3]
$3FE6A09E667F3BC5,0,BFE6A09E667F3BD5
$3FE6A09E667F3BD5,0,3FE6A09E667F3BC5
$0,BFF0000000000001,0
$C00816DDCC7F31F8,C011EA2AFFF6AFF9,40730CCCCCCCCCCD
4 12 ->
5 13 169
5 14 1
5 15 [2][2]
$C00D545BADC2876E,0
$BCC6A09E667F3BD5,4074593333333335
4 16 NULL
4 17 171
4 18 -1
4 19 [2][3]
$C0166A09E667F3BB,C01C48C6001F0AC,C034C66666666673
$C00816DDCC7F31F8,C011EA2AFFF6AFFA,40730CCCCCCCCCCD
3 3 ->
4 4 36
4 5 171
4 6 4
4 7 0
4 8 [2][2]
$3FF921FB54442D18,0
$400F6A7A2955385B,4074593333333333
4 9 ->
5 10 [4][3]
$3FF,0,0
$0,BFF,8
$0,0,BFF
$C014FFFFFFFFFFFD,C01DB2CFE686FE7D,40730CCCCCCCCCCD
5 11 3FE0000000000009
4 12 ->
5 13 173
5 14 1
5 15 [2][2]
$3FF921FB54442D18,0
$400F6A7A2955385B,4074593333333333
4 16 NULL
4 17 175
4 18 -1
4 19 [2][3]
$C016FFFFFFFFFFFF,C01FB2CFE686FE7F,C034C66666666673
$C014FFFFFFFFFFFD,C01C48C6001F0AC,40730CCCCCCCCCCD
3 3 ->
4 4 34
4 5 175
4 6 4
4 7 0
4 8 [2][2]
$0,C001FFFFFFFFFFF7
$4074593333333334,0
4 20 ->
5 21 [4][3]
$8,3FEFFFFFFFFFFFFF,0
$0,0,BFEFFFFFFFFFFFFF
$BFF,0,0
$C008000000000002,C01FB2CFE686FE7F,40730CCCCCCCCCCD
4 12 ->
5 13 177
5 14 1
5 15 [2][2]
$0,C001FFFFFFFFFFF7
$4074593333333334,0
4 16 NULL
4 17 179
4 18 -1
4 19 [2][3]
$C014FFFFFFFFFFFD,C01FB2CFE686FE7F,C034C66666666673
$C008000000000002,C01FB2CFE686FE7F,40730CCCCCCCCCCD
3 3 ->
4 4 36
4 5 179
4 6 4
4 7 0
4 8 [2][2]
$4012D97C7F3321D2,0
$401921FB54442D18,4074593333333333
4 9 ->
5 10 [4][3]
$3FF,0,0
$0,BFF,8
$0,0,BFF
$C008000000000002,C020D967F3437F4,40730CCCCCCCCCCD
5 11 3FE0000000000008
4 12 ->
5 13 181
5 14 1
5 15 [2][2]
$4012D97C7F3321D2,0
$401921FB54442D18,4074593333333333
4 16 NULL
4 17 183
4 18 1
4 19 [2][3]
$C008000000000002,C020D967F3437F4,C034C66666666673
$C003FFFFFFFFFFFF,C01FB2CFE686FE7F,40730CCCCCCCCCCD
3 3 ->
4 4 34
4 5 183
4 6 4
4 7 0
4 8 [2][2]
$BFF134C065E406,0
$0,4074593333333333
4 20 ->
5 21 [4][3]
$3CCD0F3D35C7DCD3,0,BFEFFFFFFFFFFFFF
$3FF,0,3CCD0F3D35C7DCD1
$0,BFEFFFFFFFFFFFFF,0
$C003FFFFFFFFFFFF,C020D967F3437F4,40730CCCCCCCCCCD
4 12 ->
5 13 185
5 14 1
5 15 [2][2]
$BFF134C065E406,0
$0,4074593333333333
4 16 NULL
4 17 187
4 18 -1
4 19 [2][3]
$C004000000000001,C023,C034C66666666673
$C003FFFFFFFFFFFF,C020D967F3437F4,40730CCCCCCCCCCD
3 3 ->
4 4 36
4 5 187
4 6 4
4 7 0
4 8 [2][2]
$0,0
$3FF921FB54442D18,4074593333333333
4 9 ->
5 10 [4][3]
$BFF,0,8
$0,3FF,0
$0,0,BFF
$4008000000000002,4023,40730CCCCCCCCCCD
5 11 3FE0000000000004
4 12 ->
5 13 189
5 14 1
5 15 [2][2]
$0,0
$3FF921FB54442D18,4074593333333333
4 16 NULL
4 17 191
4 18 1
4 19 [2][3]
$4004000000000001,4023,C034C66666666673
$4008000000000002,4024,40730CCCCCCCCCCD
3 3 ->
4 4 34
4 5 191
4 6 4
4 7 0
4 8 [2][2]
$C014FFFFFFFFFFFF,0
$0,4074593333333333
4 20 ->
5 21 [4][3]
$BFF,0,3CB7CF3CF3CF3CF5
$BCB7CF3CF3CF3CF6,8,BFEFFFFFFFFFFFFF
$0,BFEFFFFFFFFFFFFF,0
$4008000000000002,4024,40730CCCCCCCCCCD
4 12 ->
5 13 193
5 14 1
5 15 [2][2]
$C014FFFFFFFFFFFF,0
$0,4074593333333333
4 16 NULL
4 17 195
4 18 -1
4 19 [2][3]
$4008000000000002,4024,C034C66666666673
$40208,4024000000000001,40730CCCCCCCCCCD
3 3 ->
4 4 36
4 5 195
4 6 4
4 7 0
4 8 [2][2]
$3FF921FB54442D18,0
$400921FB54442D18,4074593333333333
4 9 ->
5 10 [4][3]
$BFEFFFFFFFFFFFFF,0,8
$0,3FEFFFFFFFFFFFFF,0
$0,0,BFF
$40208,40208,40730CCCCCCCCCCD
5 11 3FFBFFFFFFFFFFFF
4 12 ->
5 13 197
5 14 1
5 15 [2][2]
$3FF921FB54442D18,0
$400921FB54442D18,4074593333333333
4 16 NULL
4 17 199
4 18 1
4 19 [2][3]
$40208,40208,C034C66666666673
$4024,4024000000000001,40730CCCCCCCCCCD
3 3 ->
4 4 34
4 5 199
4 6 4
4 7 0
4 8 [2][2]
$0,0
$4014FFFFFFFFFFFE,4074593333333333
4 20 ->
5 21 [4][3]
$BCB7CF3CF3CF3CF6,8,BFEFFFFFFFFFFFFF
$3FF,0,BCB7CF3CF3CF3CF5
$0,BFEFFFFFFFFFFFFF,0
$4024,4008000000000003,40730CCCCCCCCCCD
4 12 ->
5 13 201
5 14 1
5 15 [2][2]
$0,0
$4014FFFFFFFFFFFE,4074593333333333
4 16 NULL
4 17 203
4 18 -1
4 19 [2][3]
$4024,4008000000000003,C034C66666666673
$4024,40208,40730CCCCCCCCCCD
3 3 ->
4 4 36
4 5 203
4 6 4
4 7 0
4 8 [2][2]
$400921FB54442D18,0
$4012D97C7F3321D2,4074593333333333
4 9 ->
5 10 [4][3]
$BFF,0,8
$0,3FF,0
$0,0,BFF
$4023,4008000000000003,40730CCCCCCCCCCD
5 11 3FE0000000000008
4 12 ->
5 13 205
5 14 1
5 15 [2][2]
$400921FB54442D18,0
$4012D97C7F3321D2,4074593333333333
4 16 NULL
4 17 207
4 18 1
4 19 [2][3]
$4023,4004000000000001,C034C66666666673
$4024,4008000000000003,40730CCCCCCCCCCD
3 3 ->
4 4 34
4 5 207
4 6 4
4 7 0
4 8 [2][2]
$0,BFF134C065E40607
$4074593333333334,0
4 20 ->
5 21 [4][3]
$0,BFEFFFFFFFFFFFFF,0
$0,0,3FEFFFFFFFFFFFFF
$BFF,0,0
$4020D967F3437F3F,4004,40730CCCCCCCCCCD
4 12 ->
5 13 209
5 14 1
5 15 [2][2]
$0,BFF134C065E40607
$4074593333333334,0
4 16 NULL
4 17 211
4 18 -1
4 19 [2][3]
$4020D967F3437F3F,4004,C034C66666666673
$4023,4004000000000001,40730CCCCCCCCCCD
3 3 ->
4 4 36
4 5 211
4 6 4
4 7 0
4 8 [2][2]
$4012D97C7F3321D2,0
$401921FB54442D18,4074593333333333
4 9 ->
5 10 [4][3]
$BFF,0,8
$0,3FF,0
$0,0,BFF
$4020D967F3437F3F,4008000000000003,40730CCCCCCCCCCD
5 11 3FE
4 12 ->
5 13 213
5 14 1
5 15 [2][2]
$4012D97C7F3321D2,0
$401921FB54442D18,4074593333333333
4 16 NULL
4 17 215
4 18 1
4 19 [2][3]
$401FB2CFE686FE7D,4004,C034C66666666673
$4020D967F3437F3F,4008000000000003,40730CCCCCCCCCCD
3 3 ->
4 4 34
4 5 215
4 6 4
4 7 0
4 8 [2][2]
$0,0
$4001FFFFFFFFFFF3,4074593333333334
4 20 ->
5 21 [4][3]
$3CDBC71C71C71C85,0,3FF
$BFF,0,3CDBC71C71C71C85
$0,BFF,0
$401FB2CFE686FE7B,4014FFFFFFFFFFFB,40730CCCCCCCCCCD
4 12 ->
5 13 217
5 14 1
5 15 [2][2]
$0,0
$4001FFFFFFFFFFF3,4074593333333334
4 16 NULL
4 17 219
4 18 -1
4 19 [2][3]
$401FB2CFE686FE7B,4008000000000003,C034C66666666673
$401FB2CFE686FE7D,4014FFFFFFFFFFFB,40730CCCCCCCCCCD
3 3 ->
4 4 36
4 5 219
4 6 4
4 7 0
4 8 [2][2]
$3FE921FB54442D23,0
$400921FB54442D18,4074593333333333
4 9 ->
5 10 [4][3]
$BFF,0,8
$0,3FF,0
$0,0,BFF
$401DB2CFE686FE7B,4014FFFFFFFFFFFB,40730CCCCCCCCCCD
5 11 3FE0000000000001
4 12 ->
5 13 221
5 14 1
5 15 [2][2]
$3FE921FB54442D23,0
$400921FB54442D18,4074593333333333
4 16 NULL
4 17 223
4 18 -1
4 19 [2][3]
$401C48C6001F0ABE,4014FFFFFFFFFFFB,C034C66666666673
$401FB2CFE686FE7B,4016FFFFFFFFFFFC,40730CCCCCCCCCCD
3 3 ->
4 4 34
4 5 223
4 6 4
4 7 0
4 8 [2][2]
$C00D545BADC2877D,0
$0,4074593333333334
4 20 ->
5 21 [4][3]
$3FE6A09E667F3BCC,0,BFE6A09E667F3BCE
$3FE6A09E667F3BCE,0,3FE6A09E667F3BCC
$0,BFF,0
$401C48C6001F0ABE,40166A09E667F3B9,40730CCCCCCCCCCD
4 12 ->
5 13 225
5 14 1
5 15 [2][2]
$C00D545BADC2877D,0
$0,4074593333333334
4 16 NULL
4 17 227
4 18 -1
4 19 [2][3]
$4011EA2AFFF6AFF6,400816DDCC7F31E1,C034C66666666673
$401C48C6001F0ABE,40166A09E667F3B9,40730CCCCCCCCCCD
3 3 ->
4 4 36
4 5 227
4 6 4
4 7 0
4 8 [2][2]
$0,0
$3FE921FB54442D19,4074593333333333
4 9 ->
5 10 [4][3]
$BFF,0,8
$0,3FF,0
$0,0,BFF
$401A666666666662,3FEC799BFE7F1421,40730CCCCCCCCCCD
5 11 4007FFFFFFFFFFFE
4 12 ->
5 13 229
5 14 1
5 15 [2][2]
$0,0
$3FE921FB54442D19,4074593333333333
4 16 NULL
4 17 231
4 18 -1
4 19 [2][3]
$400CCCCCCCCCCCC7,3FEC799BFE7F1421,C034C66666666673
$4011EA2AFFF6AFF6,400816DDCC7F31E2,40730CCCCCCCCCCD
3 3 ->
4 4 34
4 5 231
4 6 4
4 7 0
4 8 [2][2]
$BFEC799BFE7F147F,0
$3FEC799BFE7F147F,4074593333333334
4 20 ->
5 21 [4][3]
$BFF,0,3CC18F2A5A007E63
$BCC18F2A5A007E63,8,BFF
$0,BFF,0
$0,400CCCCCCCCCCCCD,40730CCCCCCCCCCD
4 12 ->
5 13 233
5 14 1
5 15 [2][2]
$BFEC799BFE7F147F,0
$3FEC799BFE7F147F,4074593333333334
4 16 NULL
4 17 235
4 18 -1
4 19 [2][3]
$BFEC799BFE7F147F,400CCCCCCCCCCCCE,C034C66666666673
$3FEC799BFE7F147F,400CCCCCCCCCCCCE,40730CCCCCCCCCCD
3 3 ->
4 4 36
4 5 235
4 6 4
4 7 0
4 8 [2][2]
$400F6A7A2955385D,0
$4012D97C7F3321D2,4074593333333333
4 9 ->
5 10 [4][3]
$BFF,0,8
$0,3FF,0
$0,0,BFF
$3FEC799BFE7F147F,401A666666666666,40730CCCCCCCCCCD
5 11 4007FFFFFFFFFFFF
4 12 ->
5 13 237
5 14 1
5 15 [2][2]
$400F6A7A2955385D,0
$4012D97C7F3321D2,4074593333333333
4 16 NULL
4 17 239
4 18 -1
4 19 [2][3]
$3FEC799BFE7F147F,400CCCCCCCCCCCCE,C034C66666666673
$400816DDCC7F31F9,4011EA2AFFF6AFFA,40730CCCCCCCCCCD
3 3 ->
4 4 34
4 5 239
4 6 4
4 7 0
4 8 [2][2]
$C00D545BADC2876E,0
$BCC6A09E667F3BD5,4074593333333335
4 20 ->
5 21 [4][3]
$BFE6A09E667F3BC5,0,3FE6A09E667F3BD5
$BFE6A09E667F3BD5,8,BFE6A09E667F3BC5
$0,BFF0000000000001,0
$400816DDCC7F31F8,4011EA2AFFF6AFF9,40730CCCCCCCCCCD
4 12 ->
5 13 241
5 14 1
5 15 [2][2]
$C00D545BADC2876E,0
$BCC6A09E667F3BD5,4074593333333335
4 16 NULL
4 17 243
4 18 -1
4 19 [2][3]
$400816DDCC7F31F8,4011EA2AFFF6AFFA,C034C66666666673
$40166A09E667F3BB,401C48C6001F0AC,40730CCCCCCCCCCD
3 3 ->
4 4 36
4 5 243
4 6 4
4 7 0
4 8 [2][2]
$3FF921FB54442D18,0
$400F6A7A2955385E,4074593333333333
4 9 ->
5 10 [4][3]
$BFF,0,8
$0,3FF,0
$0,0,BFF
$4014FFFFFFFFFFFD,401DB2CFE686FE7D,40730CCCCCCCCCCD
5 11 3FE0000000000009
4 12 ->
5 13 245
5 14 1
5 15 [2][2]
$3FF921FB54442D18,0
$400F6A7A2955385E,4074593333333333
4 16 NULL
4 17 247
4 18 -1
4 19 [2][3]
$4014FFFFFFFFFFFD,401C48C6001F0ABF,C034C66666666673
$4016FFFFFFFFFFFF,401FB2CFE686FE7F,40730CCCCCCCCCCD
3 3 ->
4 4 34
4 5 247
4 6 4
4 7 0
4 8 [2][2]
$0,C001FFFFFFFFFFF7
$4074593333333334,0
4 20 ->
5 21 [4][3]
$0,BFEFFFFFFFFFFFFF,0
$0,0,3FEFFFFFFFFFFFFF
$BFF,0,0
$4008000000000002,401FB2CFE686FE7F,40730CCCCCCCCCCD
4 12 ->
5 13 249
5 14 1
5 15 [2][2]
$0,C001FFFFFFFFFFF7
$4074593333333334,0
4 16 NULL
4 17 251
4 18 -1
4 19 [2][3]
$4008000000000002,401FB2CFE686FE7F,C034C66666666673
$4014FFFFFFFFFFFD,401FB2CFE686FE7F,40730CCCCCCCCCCD
3 3 ->
4 4 36
4 5 251
4 6 4
4 7 0
4 8 [2][2]
$4012D97C7F3321D2,0
$401921FB54442D18,4074593333333333
4 9 ->
5 10 [4][3]
$BFF,0,8
$0,3FF,0
$0,0,BFF
$4008000000000002,4020D967F3437F4,40730CCCCCCCCCCD
5 11 3FE0000000000008
4 12 ->
5 13 253
5 14 1
5 15 [2][2]
$4012D97C7F3321D2,0
$401921FB54442D18,4074593333333333
4 16 NULL
4 17 255
4 18 1
4 19 [2][3]
$4004,401FB2CFE686FE7F,C034C66666666673
$4008000000000002,4020D967F3437F4,40730CCCCCCCCCCD
3 3 ->
4 4 34
4 5 255
4 6 4
4 7 0
4 8 [2][2]
$BFF134C065E406,0
$B99D0F3D35C7DCD3,4074593333333333
4 20 ->
5 21 [4][3]
$BCCD0F3D35C7DCD3,0,3FEFFFFFFFFFFFFF
$BFF,8,BCCD0F3D35C7DCD1
$0,BFEFFFFFFFFFFFFF,0
$4003FFFFFFFFFFFF,4020D967F3437F4,40730CCCCCCCCCCD
4 12 ->
5 13 257
5 14 1
5 15 [2][2]
$BFF134C065E406,0
$B99D0F3D35C7DCD3,4074593333333333
4 16 NULL
4 17 259
4 18 -1
4 19 [2][3]
$4004,4020D967F3437F4,C034C66666666673
$4004000000000001,4023,40730CCCCCCCCCCD
3 3 ->
4 4 36
4 5 259
4 6 4
4 7 0
4 8 [2][2]
$4012D97C7F3321D2,0
$401921FB54442D18,4074593333333333
4 9 ->
5 10 [4][3]
$3FF,0,0
$0,BFF,0
$0,0,BFF
$C008000000000002,4023,40730CCCCCCCCCCD
5 11 3FE0000000000004
4 12 ->
5 13 261
5 14 1
5 15 [2][2]
$4012D97C7F3321D2,0
$401921FB54442D18,4074593333333333
4 16 NULL
4 17 263
4 18 1
4 19 [2][3]
$C008000000000002,4023,C034C66666666673
$C004000000000001,4024,40730CCCCCCCCCCD
3 3 ->
4 4 34
4 5 263
4 6 4
4 7 0
4 8 [2][2]
$C014FFFFFFFFFFFF,C074593333333333
$0,0
4 20 ->
5 21 [4][3]
$3FF,0,BCB7CF3CF3CF3CF5
$BCB7CF3CF3CF3CF6,0,BFEFFFFFFFFFFFFF
$0,3FEFFFFFFFFFFFFF,0
$C008000000000002,4024,40730CCCCCCCCCCD
4 12 ->
5 13 265
5 14 1
5 15 [2][2]
$C014FFFFFFFFFFFF,C074593333333333
$0,0
4 16 NULL
4 17 267
4 18 -1
4 19 [2][3]
$C0208,4024,C034C66666666673
$C008000000000002,4024000000000001,40730CCCCCCCCCCD
3 3 ->
4 4 36
4 5 267
4 6 4
4 7 0
4 8 [2][2]
$400921FB54442D18,0
$4012D97C7F3321D2,4074593333333333
4 9 ->
5 10 [4][3]
$3FEFFFFFFFFFFFFF,0,0
$0,BFEFFFFFFFFFFFFF,0
$0,0,BFF
$C0208,40208,40730CCCCCCCCCCD
5 11 3FFBFFFFFFFFFFFF
4 12 ->
5 13 269
5 14 1
5 15 [2][2]
$400921FB54442D18,0
$4012D97C7F3321D2,4074593333333333
4 16 NULL
4 17 271
4 18 1
4 19 [2][3]
$C024,40208,C034C66666666673
$C0208,4024000000000001,40730CCCCCCCCCCD
3 3 ->
4 4 34
4 5 271
4 6 4
4 7 0
4 8 [2][2]
$0,C074593333333333
$4014FFFFFFFFFFFE,0
4 20 ->
5 21 [4][3]
$3CB7CF3CF3CF3CF6,8,3FEFFFFFFFFFFFFF
$3FF,0,BCB7CF3CF3CF3CF5
$0,3FEFFFFFFFFFFFFF,0
$C024,4008000000000003,40730CCCCCCCCCCD
4 12 ->
5 13 273
5 14 1
5 15 [2][2]
$0,C074593333333333
$4014FFFFFFFFFFFE,0
4 16 NULL
4 17 275
4 18 -1
4 19 [2][3]
$C024,4008000000000003,C034C66666666673
$C024,40208,40730CCCCCCCCCCD
3 3 ->
4 4 36
4 5 275
4 6 4
4 7 0
4 8 [2][2]
$3FF921FB54442D18,0
$400921FB54442D18,4074593333333333
4 9 ->
5 10 [4][3]
$3FF,0,0
$0,BFF,0
$0,0,BFF
$C023,4008000000000003,40730CCCCCCCCCCD
5 11 3FE0000000000008
4 12 ->
5 13 277
5 14 1
5 15 [2][2]
$3FF921FB54442D18,0
$400921FB54442D18,4074593333333333
4 16 NULL
4 17 279
4 18 1
4 19 [2][3]
$C024,4004000000000001,C034C66666666673
$C023,4008000000000003,40730CCCCCCCCCCD
3 3 ->
4 4 34
4 5 279
4 6 4
4 7 0
4 8 [2][2]
$0,0
$4074593333333334,3FF134C065E40607
4 20 ->
5 21 [4][3]
$0,BFEFFFFFFFFFFFFF,0
$8,0,3FEFFFFFFFFFFFFF
$BFF,8,0
$C020D967F3437F3F,4004,40730CCCCCCCCCCD
4 12 ->
5 13 281
5 14 1
5 15 [2][2]
$0,0
$4074593333333334,3FF134C065E40607
4 16 NULL
4 17 283
4 18 -1
4 19 [2][3]
$C023,4004,C034C66666666673
$C020D967F3437F3F,4004000000000001,40730CCCCCCCCCCD
3 3 ->
4 4 36
4 5 283
4 6 4
4 7 0
4 8 [2][2]
$0,0
$3FF921FB54442D18,4074593333333333
4 9 ->
5 10 [4][3]
$3FF,0,0
$0,BFF,0
$0,0,BFF
$C020D967F3437F3F,4008000000000003,40730CCCCCCCCCCD
5 11 3FE
4 12 ->
5 13 285
5 14 1
5 15 [2][2]
$0,0
$3FF921FB54442D18,4074593333333333
4 16 NULL
4 17 287
4 18 1
4 19 [2][3]
$C020D967F3437F3F,4004,C034C66666666673
$C01FB2CFE686FE7D,4008000000000003,40730CCCCCCCCCCD
3 3 ->
4 4 34
4 5 287
4 6 4
4 7 0
4 8 [2][2]
$0,C074593333333334
$4001FFFFFFFFFFF3,0
4 20 ->
5 21 [4][3]
$BCDBC71C71C71C85,0,BFF
$BFF,0,3CDBC71C71C71C85
$0,3FF,0
$C01FB2CFE686FE7B,4014FFFFFFFFFFFB,40730CCCCCCCCCCD
4 12 ->
5 13 289
5 14 1
5 15 [2][2]
$0,C074593333333334
$4001FFFFFFFFFFF3,0
4 16 NULL
4 17 291
4 18 -1
4 19 [2][3]
$C01FB2CFE686FE7D,4008000000000003,C034C66666666673
$C01FB2CFE686FE7B,4014FFFFFFFFFFFB,40730CCCCCCCCCCD
3 3 ->
4 4 36
4 5 291
4 6 4
4 7 0
4 8 [2][2]
$400921FB54442D18,0
$4015FDBBE9BBA774,4074593333333333
4 9 ->
5 10 [4][3]
$3FF,0,0
$0,BFF,0
$0,0,BFF
$C01DB2CFE686FE7B,4014FFFFFFFFFFFB,40730CCCCCCCCCCD
5 11 3FE0000000000001
4 12 ->
5 13 293
5 14 1
5 15 [2][2]
$400921FB54442D18,0
$4015FDBBE9BBA774,4074593333333333
4 16 NULL
4 17 295
4 18 -1
4 19 [2][3]
$C01FB2CFE686FE7B,4014FFFFFFFFFFFB,C034C66666666673
$C01C48C6001F0ABE,4016FFFFFFFFFFFC,40730CCCCCCCCCCD
3 3 ->
4 4 34
4 5 295
4 6 4
4 7 0
4 8 [2][2]
$C00D545BADC2877D,C074593333333334
$0,0
4 20 ->
5 21 [4][3]
$BFE6A09E667F3BCC,0,3FE6A09E667F3BCE
$3FE6A09E667F3BCE,8,3FE6A09E667F3BCC
$0,3FF,0
$C01C48C6001F0ABE,40166A09E667F3B9,40730CCCCCCCCCCD
4 12 ->
5 13 297
5 14 1
5 15 [2][2]
$C00D545BADC2877D,C074593333333334
$0,0
4 16 NULL
4 17 299
4 18 -1
4 19 [2][3]
$C01C48C6001F0ABE,400816DDCC7F31E1,C034C66666666673
$C011EA2AFFF6AFF6,40166A09E667F3B9,40730CCCCCCCCCCD
3 3 ->
4 4 36
4 5 299
4 6 4
4 7 0
4 8 [2][2]
$4015FDBBE9BBA775,0
$401921FB54442D18,4074593333333333
4 9 ->
5 10 [4][3]
$3FF,0,0
$0,BFF,0
$0,0,BFF
$C01A666666666662,3FEC799BFE7F1421,40730CCCCCCCCCCD
5 11 4007FFFFFFFFFFFE
4 12 ->
5 13 301
5 14 1
5 15 [2][2]
$4015FDBBE9BBA775,0
$401921FB54442D18,4074593333333333
4 16 NULL
4 17 303
4 18 -1
4 19 [2][3]
$C011EA2AFFF6AFF6,3FEC799BFE7F1421,C034C66666666673
$C00CCCCCCCCCCCC7,400816DDCC7F31E2,40730CCCCCCCCCCD
3 3 ->
4 4 36
4 5 303
4 6 4
4 7 0
4 8 [2][2]
$3FF921FB54442D18,0
$4002D97C7F3321D3,4074593333333333
4 9 ->
5 10 [4][3]
$3FF,0,0
$0,BFF,0
$0,0,BFF
$BFEC799BFE7F147F,401A666666666666,40730CCCCCCCCCCD
5 11 4007FFFFFFFFFFFF
4 12 ->
5 13 305
5 14 1
5 15 [2][2]
$3FF921FB54442D18,0
$4002D97C7F3321D3,4074593333333333
4 16 NULL
4 17 307
4 18 -1
4 19 [2][3]
$C00816DDCC7F31FB,400CCCCCCCCCCCCE,C034C66666666673
$BFEC799BFE7F147F,4011EA2AFFF6AFFA,40730CCCCCCCCCCD
3 3 ->
4 4 34
4 5 307
4 6 4
4 7 0
4 8 [2][2]
$C00D545BADC2876E,C074593333333335
$BCC6A09E667F3BD5,0
4 20 ->
5 21 [4][3]
$3FE6A09E667F3BC5,0,BFE6A09E667F3BD5
$BFE6A09E667F3BD5,0,BFE6A09E667F3BC5
$0,3FF0000000000001,0
$C00816DDCC7F31F8,4011EA2AFFF6AFF9,40730CCCCCCCCCCD
4 12 ->
5 13 309
5 14 1
5 15 [2][2]
$C00D545BADC2876E,C074593333333335
$BCC6A09E667F3BD5,0
4 16 NULL
4 17 311
4 18 -1
4 19 [2][3]
$C0166A09E667F3BB,4011EA2AFFF6AFFA,C034C66666666673
$C00816DDCC7F31F8,401C48C6001F0AC,40730CCCCCCCCCCD
3 3 ->
4 4 36
4 5 311
4 6 4
4 7 0
4 8 [2][2]
$4002D97C7F3321D5,0
$4012D97C7F3321D2,4074593333333333
4 9 ->
5 10 [4][3]
$3FF,0,0
$0,BFF,0
$0,0,BFF
$C014FFFFFFFFFFFD,401DB2CFE686FE7D,40730CCCCCCCCCCD
5 11 3FE0000000000009
4 12 ->
5 13 313
5 14 1
5 15 [2][2]
$4002D97C7F3321D5,0
$4012D97C7F3321D2,4074593333333333
4 16 NULL
4 17 315
4 18 -1
4 19 [2][3]
$C016FFFFFFFFFFFF,401C48C6001F0AC,C034C66666666673
$C014FFFFFFFFFFFD,401FB2CFE686FE7F,40730CCCCCCCCCCD
3 3 ->
4 4 34
4 5 315
4 6 4
4 7 0
4 8 [2][2]
$0,0
$4074593333333334,4001FFFFFFFFFFF7
4 20 ->
5 21 [4][3]
$0,BFEFFFFFFFFFFFFF,0
$8,0,3FEFFFFFFFFFFFFF
$BFF,8,0
$C008000000000002,401FB2CFE686FE7F,40730CCCCCCCCCCD
4 12 ->
5 13 317
5 14 1
5 15 [2][2]
$0,0
$4074593333333334,4001FFFFFFFFFFF7
4 16 NULL
4 17 319
4 18 -1
4 19 [2][3]
$C014FFFFFFFFFFFD,401FB2CFE686FE7F,C034C66666666673
$C008000000000002,401FB2CFE686FE7F,40730CCCCCCCCCCD
3 3 ->
4 4 36
4 5 319
4 6 4
4 7 0
4 8 [2][2]
$0,0
$3FF921FB54442D18,4074593333333333
4 9 ->
5 10 [4][3]
$3FF,0,0
$0,BFF,0
$0,0,BFF
$C008000000000002,4020D967F3437F4,40730CCCCCCCCCCD
5 11 3FE0000000000008
4 12 ->
5 13 321
5 14 1
5 15 [2][2]
$0,0
$3FF921FB54442D18,4074593333333333
4 16 NULL
4 17 323
4 18 1
4 19 [2][3]
$C008000000000002,401FB2CFE686FE7F,C034C66666666673
$C003FFFFFFFFFFFF,4020D967F3437F4,40730CCCCCCCCCCD
3 3 ->
4 4 34
4 5 323
4 6 4
4 7 0
4 8 [2][2]
$BFF134C065E406,C074593333333333
$0,0
4 20 ->
5 21 [4][3]
$3CCD0F3D35C7DCD3,0,BFEFFFFFFFFFFFFF
$BFF,0,BCCD0F3D35C7DCD1
$0,3FEFFFFFFFFFFFFF,0
$C003FFFFFFFFFFFF,4020D967F3437F4,40730CCCCCCCCCCD
4 12 ->
5 13 325
5 14 1
5 15 [2][2]
$BFF134C065E406,C074593333333333
$0,0
4 16 NULL
4 17 327
4 18 -1
4 19 [2][3]
$C004000000000001,4020D967F3437F4,C034C66666666673
$C003FFFFFFFFFFFF,4023,40730CCCCCCCCCCD
3 3 ->
4 4 34
4 5 327
4 6 4
4 7 0
4 8 [2][2]
$C02A,BFE
$401BFFFFFFFFFFFF,40338
4 20 ->
5 21 [4][3]
$3FF,8,0
$0,3FF,0
$8,0,3FF
$4008000000000002,C023,40730CCCCCCCCCCD
4 12 ->
5 13 329
5 14 1
5 15 [2][2]
$C02A,BFE
$401BFFFFFFFFFFFF,40338
4 16 ->
5 13 331
5 14 -1
5 15 [2][2]
$C02A,BFE
$401BFFFFFFFFFFFF,40338
4 16 NULL
4 17 333
4 18 1
4 19 [2][3]
$C024,C024000000000001,40730CCCCCCCCCCD
$4024,4024000000000001,40730CCCCCCCCCCD
3 3 ->
4 4 34
4 5 333
4 6 4
4 7 0
4 8 [2][2]
$C024,C024
$4024,4024000000000001
4 20 ->
5 21 [4][3]
$BFF,0,8
$0,3FF,8
$0,8,BFF
$0,0,C034C66666666673
4 12 ->
5 13 113
5 14 1
5 15 [2][2]
$C024,C024
$4024,4024000000000001
4 16 ->
5 13 335
5 14 -1
5 15 [2][2]
$C024,C024
$4024,4024000000000001
4 16 NULL
4 17 0
4 18 1
4 19 [2][3]
$C024,C024,C034C66666666673
$4024,4024000000000001,C034C66666666653
@crv_array 22 0
2 22 [444]
3 22 ->
@crv_id 23 1
4 23 34
@feat_id 24 1
4 24 4
@type 25 1
4 25 0
@crv_pnt_dir 26 1
4 26 [2]
$1,-1
@crv_pnt_arr 27 2
4 27 [59][4]
$C0149999999999B7,4023000000000007,401921FB54442D18,0
$C014987EE6159FFA,4022DD2381A9BDC3,4019018C161FAD5C,0
$C014916B4BED22B8,4022A130DC3560A5,4018C9AD848286C9,0
$C01483D0987FE34E,402265867230BC33,401891CEF2E56035,0
$C0146FB9292AC8E5,40222A51B8B746D5,401859F0614839A2,0
$C01455344C8DDE51,4021EFBFCB3A73B6,40182211CFAB130F,0
$C014345636E2D71D,4021B5FD49240E4A,4017EA333E0DEC7B,0
$C0140D37F2988041,40217D3633D71472,4017B254AC70C5E8,0
$C013DFF74D3ED6A7,40214595CD28F5E2,40177A761AD39F55,0
$C013ACB6C0D24C73,40210F46766CC3C1,40174297893678C1,0
$C013739D59778986,4020DA7190296C35,40170AB8F799522E,0
$C01334D697BBAA51,4020A73F5A939B61,4016D2DA65FC2B9A,0
$C012F0924F6FA71E,402075D6D6E3461C,40169AFBD45F0507,0
$C012A704833823FA,4020465DA99C3B7C,4016631D42C1DE74,0
$C01258653CED6C24,402018F7FDE060FF,40162B3EB124B7E,0
$C01204F062E9C95D,401FDB90D3C2E5CC,4015F3601F87914D,0
$C011ACE58A66BE1E,401F89DFA90E8E0E,4015BB818DEA6ABA,0
$C0115087C70BE77,401F3D1AB8BD4B2C,401583A2FC4D4426,0
$C010F01D77D46E69,401EF57C7FC7A1BD,40154BC46AB01D93,0
$C0108BF01171F888,401EB33B8E75981E,401513E5D912F6FF,0
$C010244BE655EFA,401E768A5ECCB539,4014DC074775D06C,0
$C00F72FFD91788C3,401E3F972E1B1C46,4014A428B5D8A9D8,0
$C00E97BB0320F126,401E0E8BD9BD1207,40146C4A243B8345,0
$C00DB77058AA8C0D,401DE38DBF37C274,4014346B929E5CB2,0
$C00CD2CABB39396B,401DBEBD9FC1939A,4013FC8D0101361E,0
$C00BEA785DC3E748,401DA037874DB5F9,4013C4AE6F640F8B,0
$C00AFF2A3FFC08D8,401D8812B72DF595,40138CCFDDC6E8F8,0
$C00A1193A773FFF2,401D7661945B132A,401354F14C29C264,0
$C0092269970A35B6,401D6B3199712538,40131D12BA8C9BD1,0
$C00832624500F129,401D668B4C6AAE1D,4012E53428EF753E,0
$C0074234902BFCDB,401D687238223A3,4012AD5597524EAA,0
$C0065297749DDF43,401D70E4E99F784A,4012757705B52817,0
$C0056441803ECB2C,401D7FDCF131DB44,40123D9874180184,0
$C00477E847B77E9A,401D954EE757ECEE,401205B9E27ADAF,0
$C0038E3FDC1A06A9,401DB12A756F963,4011CDDB50DDB45D,0
$C002A7FA41B1CE1D,401DD35A6228BDB8,401195FCBF408DC9,0
$C001C5C6E8637B8,401DFBC4A1B0C16C,40115E1E2DA36736,0
$C000E8522603F2F9,401E2A4A698A78D1,4011263F9C0640A2,0
$C0001044B30C50BA,401E5EC84803A233,4010EE610A691A0F,0
$BFFE7C86541DC814,401E99163F35DB28,4010B68278CBF37C,0
$BFFCE5DB149E3372,401ED907E37E91A,40107EA3E72ECCE8,0
$BFFB5DBD7BB7C231,401F1E6C7D56B701,401046C55591A655,0
$BFF9E5584712D43D,401F690F2E706CBC,40100EE6C3F47FC2,0
$BFF87DCA3A484FEE,401FB8B719FE633A,400FAE1064AEB25C,0
$BFF7282544679722,40200693C8031DA8,400F3E5341746536,0
$BFF5E56DAF42DFAC,402033101DCE746,400ECE961E3A180F,0
$BFF4B6995920F00C,402061AEA9F4EDFE,400E5ED8FAFFCAE8,0
$BFF39C8EF96B558D,4020924BE7E5CDFA,400DEF1BD7C57DC2,0
$BFF2982570E7CA7A,4020C4C2CDFB3BBA,400D7F5EB48B309B,0
$BFF1AA232602B759,4020F8ECE9B20957,400D0FA19150E374,0
$BFF0D33D6DA788C7,40212EA27CF468E3,400C9FE46E16964D,0
$BFF01418011A02FF,402165BA9C613F28,400C30274ADC4927,0
$BFEEDA890273A794,40219E0B4E790259,400BC06A27A1FC,0
$BFEDBE840F1ED68,4021D769AB986466,400B50AD0467AED9,0
$BFECD4F98AED459C,402211A9FEA86BAF,400AE0EFE12D61B3,0
$BFEC1E9B6361F174,40224C9FE66B12C6,400A7132BDF3148C,0
$BFEB9BF4893C59D4,4022881E774B1093,400A01759AB8C765,0
$BFEB4D68869DC53C,4022C3F85D95063C,400991B8777E7A3E,0
$BFEB33333333333C,4023000000000007,400921FB54442D18,8
@crv_hdr_geom_ptr[0] 28 1
4 28 328
@crv_hdr_geom_ptr[1] 29 1
4 29 32
@next_crv_hdr_ptr[0] 30 1
4 30 332
@next_crv_hdr_ptr[1] 31 1
4 31 338
@ref_geom[0] 32 1
4 32 0
@ref_geom[1] 33 1
4 33 0
3 22 ->
4 23 33
4 24 4
4 25 0
4 26 [2]
$1,-1
4 27 [59][4]
$C0149999999999B7,4023000000000007,401921FB54442D18,0
$C014987EE6159FFA,4022DD2381A9BDC3,4019018C161FAD5C,0
$C014916B4BED22B8,4022A130DC3560A5,4018C9AD848286C9,0
$C01483D0987FE34E,402265867230BC33,401891CEF2E56035,0
$C0146FB9292AC8E5,40222A51B8B746D5,401859F0614839A2,0
$C01455344C8DDE51,4021EFBFCB3A73B6,40182211CFAB130F,0
$C014345636E2D71D,4021B5FD49240E4A,4017EA333E0DEC7B,0
$C0140D37F2988041,40217D3633D71472,4017B254AC70C5E8,0
$C013DFF74D3ED6A7,40214595CD28F5E2,40177A761AD39F55,0
$C013ACB6C0D24C73,40210F46766CC3C1,40174297893678C1,0
$C013739D59778986,4020DA7190296C35,40170AB8F799522E,0
$C01334D697BBAA51,4020A73F5A939B61,4016D2DA65FC2B9A,0
$C012F0924F6FA71E,402075D6D6E3461C,40169AFBD45F0507,0
$C012A704833823FA,4020465DA99C3B7C,4016631D42C1DE74,0
$C01258653CED6C24,402018F7FDE060FF,40162B3EB124B7E,0
$C01204F062E9C95D,401FDB90D3C2E5CC,4015F3601F87914D,0
$C011ACE58A66BE1E,401F89DFA90E8E0E,4015BB818DEA6ABA,0
$C0115087C70BE77,401F3D1AB8BD4B2C,401583A2FC4D4426,0
$C010F01D77D46E69,401EF57C7FC7A1BD,40154BC46AB01D93,0
$C0108BF01171F888,401EB33B8E75981E,401513E5D912F6FF,0
$C010244BE655EFA,401E768A5ECCB539,4014DC074775D06C,0
$C00F72FFD91788C3,401E3F972E1B1C46,4014A428B5D8A9D8,0
$C00E97BB0320F126,401E0E8BD9BD1207,40146C4A243B8345,0
$C00DB77058AA8C0D,401DE38DBF37C274,4014346B929E5CB2,0
$C00CD2CABB39396B,401DBEBD9FC1939A,4013FC8D0101361E,0
$C00BEA785DC3E748,401DA037874DB5F9,4013C4AE6F640F8B,0
$C00AFF2A3FFC08D8,401D8812B72DF595,40138CCFDDC6E8F8,0
$C00A1193A773FFF2,401D7661945B132A,401354F14C29C264,0
$C0092269970A35B6,401D6B3199712538,40131D12BA8C9BD1,0
$C00832624500F129,401D668B4C6AAE1D,4012E53428EF753E,0
$C0074234902BFCDB,401D687238223A3,4012AD5597524EAA,0
$C0065297749DDF43,401D70E4E99F784A,4012757705B52817,0
$C0056441803ECB2C,401D7FDCF131DB44,40123D9874180184,0
$C00477E847B77E9A,401D954EE757ECEE,401205B9E27ADAF,0
$C0038E3FDC1A06A9,401DB12A756F963,4011CDDB50DDB45D,0
$C002A7FA41B1CE1D,401DD35A6228BDB8,401195FCBF408DC9,0
$C001C5C6E8637B8,401DFBC4A1B0C16C,40115E1E2DA36736,0
$C000E8522603F2F9,401E2A4A698A78D1,4011263F9C0640A2,0
$C0001044B30C50BA,401E5EC84803A233,4010EE610A691A0F,0
$BFFE7C86541DC814,401E99163F35DB28,4010B68278CBF37C,0
$BFFCE5DB149E3372,401ED907E37E91A,40107EA3E72ECCE8,0
$BFFB5DBD7BB7C231,401F1E6C7D56B701,401046C55591A655,0
$BFF9E5584712D43D,401F690F2E706CBC,40100EE6C3F47FC2,0
$BFF87DCA3A484FEE,401FB8B719FE633A,400FAE1064AEB25C,0
$BFF7282544679722,40200693C8031DA8,400F3E5341746536,0
$BFF5E56DAF42DFAC,402033101DCE746,400ECE961E3A180F,0
$BFF4B6995920F00C,402061AEA9F4EDFE,400E5ED8FAFFCAE8,0
$BFF39C8EF96B558D,4020924BE7E5CDFA,400DEF1BD7C57DC2,0
$BFF2982570E7CA7A,4020C4C2CDFB3BBA,400D7F5EB48B309B,0
$BFF1AA232602B759,4020F8ECE9B20957,400D0FA19150E374,0
$BFF0D33D6DA788C7,40212EA27CF468E3,400C9FE46E16964D,0
$BFF01418011A02FF,402165BA9C613F28,400C30274ADC4927,0
$BFEEDA890273A794,40219E0B4E790259,400BC06A27A1FC,0
$BFEDBE840F1ED68,4021D769AB986466,400B50AD0467AED9,0
$BFECD4F98AED459C,402211A9FEA86BAF,400AE0EFE12D61B3,0
$BFEC1E9B6361F174,40224C9FE66B12C6,400A7132BDF3148C,0
$BFEB9BF4893C59D4,4022881E774B1093,400A01759AB8C765,0
$BFEB4D68869DC53C,4022C3F85D95063C,400991B8777E7A3E,0
$BFEB33333333333C,4023000000000007,400921FB54442D18,8
4 28 327
4 29 31
4 30 331
4 31 337
4 32 0
4 33 0
3 22 ->
4 23 86
4 24 4
4 25 0
4 26 [2]
$1,-1
4 27 [2][4]
$400921FB54442D18,407459333333332F,400921FB54442D18,407459333333332F
$400921FB54442D18,8,400921FB54442D18,8
4 28 32
4 29 84
4 30 34
4 31 340
4 32 0
4 33 0
3 22 ->
4 23 85
4 24 4
4 25 0
4 26 [2]
$1,-1
4 27 [2][4]
$400921FB54442D18,407459333333332F,400921FB54442D18,407459333333332F
$400921FB54442D18,8,400921FB54442D18,8
4 28 31
4 29 83
4 30 33
4 31 339
4 32 0
4 33 0
3 22 ->
4 23 336
4 24 4
4 25 0
4 26 [2]
$1,-1
4 27 [59][4]
$C001333333333333,3D0BBA37EAAF1DB4,400921FB54442D18,4074593333333331
$C00130FDCC2B3FBB,BFB16E3F2B211E9A,400962D9D08D2C8F,4074593333333331
$C00122D697DA4536,BFC7B3C8F2A7D6D2,4009D296F3C779B6,4074593333333331
$C00107A130FFC661,BFD34F31B9E87999,400A42541701C6DD,4074593333333331
$C000DF725255918F,BFDAB5C8E917255E,400AB2113A3C1404,4074593333333331
$C000AA68991BBC67,BFE104034C58C4A7,400B21CE5D76612A,4074593333333331
$C00068AC6DC5ADFF,BFE4A02B6DBF1B68,400B918B80B0AE51,4074593333333331
$C0001A6FE5310047,BFE82C9CC28EB8E6,400C0148A3EAFB78,4074593333333331
$BFFF7FDD34FB5A26,BFEBA6A32D70A1DC,400C7105C725489E,4074593333333331
$BFFEB2DB03493157,BFEF0B989933C3F6,400CE0C2EA5F95C5,4074593333333331
$BFFDCE7565DE25A2,BFF12C737EB49E5B,400D50800D99E2EC,4074593333333331
$BFFCD35A5EEEA8CE,BFF2C6052B6324FB,400DC03D30D43013,4074593333333331
$BFFBC2493DBE9C01,BFF4514948E5CF1E,400E2FFA540E7D39,4074593333333331
$BFFA9C120CE08F73,BFF5CD12B31E2424,400E9FB77748CA6,4074593333333331
$BFF96194F3B5B01B,BFF7384010FCF805,400F0F749A831787,4074593333333331
$BFF813C18BA724FF,BFF891BCB0F468CF,400F7F31BDBD64AE,4074593333333331
$BFF6B396299AF803,BFF9D8815BC5C7CA,400FEEEEE0F7B1D5,4074593333333331
$BFF5421F1C2F9D49,BFFB0B951D0AD35,40102F560218FF7E,4074593333333331
$BFF3C075DF51B92E,BFFC2A0E00E1790B,4010673493B62611,4074593333333331
$BFF22FC045C7E1AC,BFFD3311C6299F87,40109F1325534CA4,4074593333333331
$BFF0912F9957BE0A,BFFE25D684CD2B1B,4010D6F1B6F07338,4074593333333331
$BFEDCBFF645E222,BFFF01A347938EEA,40110ED0488D99CC,4074593333333331
$BFEA5EEC0C83C3AE,BFFFC5D0990BB7E3,401146AEDA2AC05F,4074593333333331
$BFE6DDC162AA2F48,C00038E481907B18,40117E8D6BC7E6F2,4074593333333331
$BFE34B2AECE4E4C3,C0008284C07CD8CD,4011B66BFD650D86,4074593333333331
$BFDF53C2EE1F3869,C000BF90F164940E,4011EE4A8F023419,4074593333333331
$BFD7F951FFE044E8,C000EFDA91A414D6,40122629209F5AAC,4074593333333331
$BFD08C9D3B9FFDB8,C001133CD749D9AC,40125E07B23C814,4074593333333331
$BFC2269970A357BC,C001299CCD1DB591,401295E643D9A7D3,4074593333333331
$BF9931228078771,C00132E9672AA3C6,4012CDC4D576CE66,4074593333333331
$3FB7B96DFA806C04,C0012F1B8FBB8BA1,401305A36713F4FA,4074593333333331
$3FCAD688B6220F79,C0011E362CC10F6C,40133D81F8B11B8D,4074593333333331
$3FD4DDF3FE09A876,C00100461D9C4977,401375608A4E422,4074593333333331
$3FDC40BDC2440D04,C000D56231502623,4013AD3F1BEB68B4,4074593333333331
$3FE1C7008F97E648,C0009DAB1520D3A1,4013E51DAD888F47,4074593333333331
$3FE56016F938C877,C000594B3BAE848F,40141CFC3F25B5DA,4074593333333331
$3FE8E8E45E7212E9,C0000876BC9E7D28,401454DAD0C2DC6E,4074593333333331
$3FEC5EB767F03506,BFFF56D659D61CBD,40148CB962600301,4074593333333331
$3FEFBEED33CEBE04,BFFE84DEDFF17733,4014C497F3FD2995,4074593333333331
$3FF18379ABE23861,BFFD9BA70328935E,4014FC76859A5028,4074593333333331
$3FF31A24EB61CD03,BFFC9BE07205B981,40153455173776BB,4074593333333331
$3FF4A24284483E44,BFFB864E0AA523FC,40156C33A8D49D4F,4074593333333331
$3FF61AA7B8ED2C39,BFFA5BC3463E4D12,4015A4123A71C3E2,4074593333333331
$3FF78235C5B7B087,BFF91D239806731A,4015DBF0CC0EEA76,4074593333333331
$3FF8D7DABB986953,BFF7CB61BFE712C,401613CF5DAC1109,4074593333333331
$3FFA1A9250BD20CA,BFF6677F118C5D03,40164BADEF49379C,4074593333333331
$3FFB4966A6DF106A,BFF4F28AB058900E,4016838C80E65E3,4074593333333331
$3FFC63710694AAE9,BFF36DA0C0D1902C,4016BB6B128384C3,4074593333333331
$3FFD67DA8F1835FC,BFF1D9E99026222D,4016F349A420AB56,4074593333333331
$3FFE55DCD9FD491C,BFF03898B26FB548,40172B2835BDD1EA,4074593333333331
$3FFF2CC2925877AE,BFED15D830B971CE,40176306C75AF87D,4074593333333331
$3FFFEBE7FEE5FD76,BFE9A45639EC0D87,40179AE558F81F1,4074593333333331
$4000495DBF631656,BFE61F4B186FDA6C,4017D2C3EA9545A4,4074593333333331
$4000905EFC384A9A,BFE289654679B99B,40180AA27C326C37,4074593333333331
$4000CAC19D44AED3,BFDDCAC02AF28A1F,401842810DCF92CB,4074593333333331
$4000F859272783DE,BFD66C03329DA732,40187A5F9F6CB95E,4074593333333331
$40011902DDB0E9C6,BFCDF8622D3BDB4C,4018B23E3109DFF1,4074593333333331
$40012CA5DE588EEC,BFBE03D1357CE209,4018EA1CC2A70685,4074593333333331
$400133333333336C,3D0C52,401921FB54442D18,4074593333333331
4 28 334
4 29 32
4 30 340
4 31 86
4 32 0
4 33 0
3 22 ->
4 23 335
4 24 4
4 25 0
4 26 [2]
$1,-1
4 27 [59][4]
$C001333333333333,3D0BBA37EAAF1DB4,400921FB54442D18,4074593333333331
$C00130FDCC2B3FBB,BFB16E3F2B211E9A,400962D9D08D2C8F,4074593333333331
$C00122D697DA4536,BFC7B3C8F2A7D6D2,4009D296F3C779B6,4074593333333331
$C00107A130FFC661,BFD34F31B9E87999,400A42541701C6DD,4074593333333331
$C000DF725255918F,BFDAB5C8E917255E,400AB2113A3C1404,4074593333333331
$C000AA68991BBC67,BFE104034C58C4A7,400B21CE5D76612A,4074593333333331
$C00068AC6DC5ADFF,BFE4A02B6DBF1B68,400B918B80B0AE51,4074593333333331
$C0001A6FE5310047,BFE82C9CC28EB8E6,400C0148A3EAFB78,4074593333333331
$BFFF7FDD34FB5A26,BFEBA6A32D70A1DC,400C7105C725489E,4074593333333331
$BFFEB2DB03493157,BFEF0B989933C3F6,400CE0C2EA5F95C5,4074593333333331
$BFFDCE7565DE25A2,BFF12C737EB49E5B,400D50800D99E2EC,4074593333333331
$BFFCD35A5EEEA8CE,BFF2C6052B6324FB,400DC03D30D43013,4074593333333331
$BFFBC2493DBE9C01,BFF4514948E5CF1E,400E2FFA540E7D39,4074593333333331
$BFFA9C120CE08F73,BFF5CD12B31E2424,400E9FB77748CA6,4074593333333331
$BFF96194F3B5B01B,BFF7384010FCF805,400F0F749A831787,4074593333333331
$BFF813C18BA724FF,BFF891BCB0F468CF,400F7F31BDBD64AE,4074593333333331
$BFF6B396299AF803,BFF9D8815BC5C7CA,400FEEEEE0F7B1D5,4074593333333331
$BFF5421F1C2F9D49,BFFB0B951D0AD35,40102F560218FF7E,4074593333333331
$BFF3C075DF51B92E,BFFC2A0E00E1790B,4010673493B62611,4074593333333331
$BFF22FC045C7E1AC,BFFD3311C6299F87,40109F1325534CA4,4074593333333331
$BFF0912F9957BE0A,BFFE25D684CD2B1B,4010D6F1B6F07338,4074593333333331
$BFEDCBFF645E222,BFFF01A347938EEA,40110ED0488D99CC,4074593333333331
$BFEA5EEC0C83C3AE,BFFFC5D0990BB7E3,401146AEDA2AC05F,4074593333333331
$BFE6DDC162AA2F48,C00038E481907B18,40117E8D6BC7E6F2,4074593333333331
$BFE34B2AECE4E4C3,C0008284C07CD8CD,4011B66BFD650D86,4074593333333331
$BFDF53C2EE1F3869,C000BF90F164940E,4011EE4A8F023419,4074593333333331
$BFD7F951FFE044E8,C000EFDA91A414D6,40122629209F5AAC,4074593333333331
$BFD08C9D3B9FFDB8,C001133CD749D9AC,40125E07B23C814,4074593333333331
$BFC2269970A357BC,C001299CCD1DB591,401295E643D9A7D3,4074593333333331
$BF9931228078771,C00132E9672AA3C6,4012CDC4D576CE66,4074593333333331
$3FB7B96DFA806C04,C0012F1B8FBB8BA1,401305A36713F4FA,4074593333333331
$3FCAD688B6220F79,C0011E362CC10F6C,40133D81F8B11B8D,4074593333333331
$3FD4DDF3FE09A876,C00100461D9C4977,401375608A4E422,4074593333333331
$3FDC40BDC2440D04,C000D56231502623,4013AD3F1BEB68B4,4074593333333331
$3FE1C7008F97E648,C0009DAB1520D3A1,4013E51DAD888F47,4074593333333331
$3FE56016F938C877,C000594B3BAE848F,40141CFC3F25B5DA,4074593333333331
$3FE8E8E45E7212E9,C0000876BC9E7D28,401454DAD0C2DC6E,4074593333333331
$3FEC5EB767F03506,BFFF56D659D61CBD,40148CB962600301,4074593333333331
$3FEFBEED33CEBE04,BFFE84DEDFF17733,4014C497F3FD2995,4074593333333331
$3FF18379ABE23861,BFFD9BA70328935E,4014FC76859A5028,4074593333333331
$3FF31A24EB61CD03,BFFC9BE07205B981,40153455173776BB,4074593333333331
$3FF4A24284483E44,BFFB864E0AA523FC,40156C33A8D49D4F,4074593333333331
$3FF61AA7B8ED2C39,BFFA5BC3463E4D12,4015A4123A71C3E2,4074593333333331
$3FF78235C5B7B087,BFF91D239806731A,4015DBF0CC0EEA76,4074593333333331
$3FF8D7DABB986953,BFF7CB61BFE712C,401613CF5DAC1109,4074593333333331
$3FFA1A9250BD20CA,BFF6677F118C5D03,40164BADEF49379C,4074593333333331
$3FFB4966A6DF106A,BFF4F28AB058900E,4016838C80E65E3,4074593333333331
$3FFC63710694AAE9,BFF36DA0C0D1902C,4016BB6B128384C3,4074593333333331
$3FFD67DA8F1835FC,BFF1D9E99026222D,4016F349A420AB56,4074593333333331
$3FFE55DCD9FD491C,BFF03898B26FB548,40172B2835BDD1EA,4074593333333331
$3FFF2CC2925877AE,BFED15D830B971CE,40176306C75AF87D,4074593333333331
$3FFFEBE7FEE5FD76,BFE9A45639EC0D87,40179AE558F81F1,4074593333333331
$4000495DBF631656,BFE61F4B186FDA6C,4017D2C3EA9545A4,4074593333333331
$4000905EFC384A9A,BFE289654679B99B,40180AA27C326C37,4074593333333331
$4000CAC19D44AED3,BFDDCAC02AF28A1F,401842810DCF92CB,4074593333333331
$4000F859272783DE,BFD66C03329DA732,40187A5F9F6CB95E,4074593333333331
$40011902DDB0E9C6,BFCDF8622D3BDB4C,4018B23E3109DFF1,4074593333333331
$40012CA5DE588EEC,BFBE03D1357CE209,4018EA1CC2A70685,4074593333333331
$400133333333336C,3D0C52,401921FB54442D18,4074593333333331
4 28 333
4 29 31
4 30 339
4 31 85
4 32 0
4 33 0
3 22 ->
4 23 338
4 24 4
4 25 0
4 26 [2]
$1,-1
4 27 [2][4]
$0,407459333333332F,401921FB54442D18,407459333333332F
$0,0,401921FB54442D18,0
4 28 84
4 29 32
4 30 332
4 31 336
4 32 0
4 33 0
3 22 ->
4 23 337
4 24 4
4 25 0
4 26 [2]
$1,-1
4 27 [2][4]
$0,407459333333332F,401921FB54442D18,407459333333332F
$0,0,401921FB54442D18,0
4 28 83
4 29 31
4 30 331
4 31 335
4 32 0
4 33 0
3 22 ->
4 23 38
4 24 4
4 25 0
4 26 [2]
$1,-1
4 27 [15][4]
$C004000000000001,C023,401921FB54442D18,4074593333333331
$C004051CB7A05177,C023198C69B88FCC,4018BB9E0DD4374C,4074593333333331
$C004172A08F8E1BC,C0233624A5D353D,401847C2DB790E43,4074593333333331
$C00436039CF1F99,C023520BA4C3763B,4017D3E7A91DE53A,4074593333333331
$C004614476A1D4A7,C0236CE60FC3D,4017600C76C2BC2F,4074593333333331
$C004985EFEC9F692,C023865BFF4173E4,4016EC3144679323,4074593333333331
$C004DA9ED3576639,C0239E1A1A9DAD32,40167856120C6A1C,4074593333333331
$C005272B15DFB97B,C023B3D2A903F118,4016047ADFB14114,4074593333333331
$C0057D09318DF677,C023C73E8FD6A03E,4015909FAD56180C,4074593333333331
$C005DB200F6B5548,C023D81E3B71BAFD,40151CC47AFAEF01,4074593333333331
$C006403BAE86A9E5,C023E63A6F4995A2,4014A8E9489FC5F8,4074593333333331
$C006AB111436509E,C023F164FABC43B3,4014350E16449CEE,4074593333333331
$C0071A4287900F1E,C023F9795045D087,4013C132E3E973E4,4074593333333331
$C0078C640A3C275,C023FE5CFD284D14,40134D57B18E4ADB,4074593333333331
$C008000000000002,C024,4012D97C7F3321D2,4074593333333331
4 28 334
4 29 36
4 30 42
4 31 342
4 32 0
4 33 0
3 22 ->
4 23 37
4 24 4
4 25 0
4 26 [2]
$1,-1
4 27 [15][4]
$C004000000000001,C023,401921FB54442D18,4074593333333331
$C004051CB7A05177,C023198C69B88FCC,4018BB9E0DD4374C,4074593333333331
$C004172A08F8E1BC,C0233624A5D353D,401847C2DB790E43,4074593333333331
$C00436039CF1F99,C023520BA4C3763B,4017D3E7A91DE53A,4074593333333331
$C004614476A1D4A7,C0236CE60FC3D,4017600C76C2BC2F,4074593333333331
$C004985EFEC9F692,C023865BFF4173E4,4016EC3144679323,4074593333333331
$C004DA9ED3576639,C0239E1A1A9DAD32,40167856120C6A1C,4074593333333331
$C005272B15DFB97B,C023B3D2A903F118,4016047ADFB14114,4074593333333331
$C0057D09318DF677,C023C73E8FD6A03E,4015909FAD56180C,4074593333333331
$C005DB200F6B5548,C023D81E3B71BAFD,40151CC47AFAEF01,4074593333333331
$C006403BAE86A9E5,C023E63A6F4995A2,4014A8E9489FC5F8,4074593333333331
$C006AB111436509E,C023F164FABC43B3,4014350E16449CEE,4074593333333331
$C0071A4287900F1E,C023F9795045D087,4013C132E3E973E4,4074593333333331
$C0078C640A3C275,C023FE5CFD284D14,40134D57B18E4ADB,4074593333333331
$C008000000000002,C024,4012D97C7F3321D2,4074593333333331
4 28 333
4 29 35
4 30 41
4 31 341
4 32 0
4 33 0
3 22 ->
4 23 344
4 24 4
4 25 0
4 26 [2]
$1,-1
4 27 [2][4]
$0,C074593333333331,4012D97C7F3321D2,407459333333332F
$0,0,4012D97C7F3321D2,0
4 28 40
4 29 36
4 30 346
4 31 38
4 32 0
4 33 0
3 22 ->
4 23 343
4 24 4
4 25 0
4 26 [2]
$1,-1
4 27 [2][4]
$0,C074593333333331,4012D97C7F3321D2,407459333333332F
$0,0,4012D97C7F3321D2,0
4 28 39
4 29 35
4 30 345
4 31 37
4 32 0
4 33 0
3 22 ->
4 23 330
4 24 4
4 25 0
4 26 [2]
$1,-1
4 27 [15][4]
$0,BFE,4012D97C7F3321D2,0
$BFA98C69B88FCC,BFDFD71A42FD746,40133FD9C5A3179E,0
$BFBB1252E9A9E82,BFDF46AFB838F22,4013B3B4F7FE40A8,0
$BFC482E930DD8ED,BFDE4FE31870338,401427902A5969B2,0
$BFCB3983F0F4,BFDCF5DC4AF15AE,40149B6B5CB492BA,0
$BFD0CB7FE82E7C68,BFDB3D0809B04B8,40150F468F0FBBC3,0
$BFD3C34353B5A64,BFD92B096544CE4,40158321C16AE4CE,0
$BFD67A55207E2308,BFD6C6A75102342,4015F6FCF3C60DDA,0
$BFD8E7D1FAD407D,BFD417B673904C6,40166AD8262136DF,0
$BFDB03C76E375FA,BFD126FF84A555C,4016DEB3587C5FEC,0
$BFDCC74DE932B458,BFCBFC45179561C,4017528E8AD788F4,0
$BFDE2C9F57887658,BFC54EEEBC9AF64,4017C669BD32B1FB,0
$BFDF2F2A08BA10E8,BFBCB7AF0DFE1C8,40183A44EF8DDB06,0
$BFDFCB9FA509A288,BFACE6FD70F62D,4018AE2021E9040D,0
$BFE0000000000004,0,401921FB54442D18,0
4 28 328
4 29 36
4 30 348
4 31 344
4 32 0
4 33 0
3 22 ->
4 23 329
4 24 4
4 25 0
4 26 [2]
$1,-1
4 27 [15][4]
$0,BFE,4012D97C7F3321D2,0
$BFA98C69B88FCC,BFDFD71A42FD746,40133FD9C5A3179E,0
$BFBB1252E9A9E82,BFDF46AFB838F22,4013B3B4F7FE40A8,0
$BFC482E930DD8ED,BFDE4FE31870338,401427902A5969B2,0
$BFCB3983F0F4,BFDCF5DC4AF15AE,40149B6B5CB492BA,0
$BFD0CB7FE82E7C68,BFDB3D0809B04B8,40150F468F0FBBC3,0
$BFD3C34353B5A64,BFD92B096544CE4,40158321C16AE4CE,0
$BFD67A55207E2308,BFD6C6A75102342,4015F6FCF3C60DDA,0
$BFD8E7D1FAD407D,BFD417B673904C6,40166AD8262136DF,0
$BFDB03C76E375FA,BFD126FF84A555C,4016DEB3587C5FEC,0
$BFDCC74DE932B458,BFCBFC45179561C,4017528E8AD788F4,0
$BFDE2C9F57887658,BFC54EEEBC9AF64,4017C669BD32B1FB,0
$BFDF2F2A08BA10E8,BFBCB7AF0DFE1C8,40183A44EF8DDB06,0
$BFDFCB9FA509A288,BFACE6FD70F62D,4018AE2021E9040D,0
$BFE0000000000004,0,401921FB54442D18,0
4 28 327
4 29 35
4 30 347
4 31 343
4 32 0
4 33 0
3 22 ->
4 23 342
4 24 4
4 25 0
4 26 [2]
$1,-1
4 27 [2][4]
$401921FB54442D18,407459333333332F,BFF134C065E406,C074593333333331
$401921FB54442D18,0,BFF134C065E406,0
4 28 36
4 29 112
4 30 330
4 31 114
4 32 0
4 33 0
3 22 ->
4 23 341
4 24 4
4 25 0
4 26 [2]
$1,-1
4 27 [2][4]
$401921FB54442D18,407459333333332F,BFF134C065E406,C074593333333331
$401921FB54442D18,0,BFF134C065E406,0
4 28 35
4 29 111
4 30 329
4 31 113
4 32 0
4 33 0
3 22 ->
4 23 42
4 24 4
4 25 0
4 26 [2]
$1,-1
4 27 [2][4]
$C008000000000002,C024,0,C074593333333333
$C0208,C024000000000001,C014FFFFFFFFFFFF,C074593333333333
4 28 334
4 29 40
4 30 46
4 31 344
4 32 0
4 33 0
3 22 ->
4 23 41
4 24 4
4 25 0
4 26 [2]
$1,-1
4 27 [2][4]
$C008000000000002,C024,0,C074593333333333
$C0208,C024000000000001,C014FFFFFFFFFFFF,C074593333333333
4 28 333
4 29 39
4 30 45
4 31 343
4 32 0
4 33 0
3 22 ->
4 23 350
4 24 4
4 25 0
4 26 [2]
$1,-1
4 27 [2][4]
$4012D97C7F3321D2,407459333333332F,C014FFFFFFFFFFFF,C074593333333331
$4012D97C7F3321D2,0,C014FFFFFFFFFFFF,0
4 28 44
4 29 40
4 30 352
4 31 42
4 32 0
4 33 0
3 22 ->
4 23 349
4 24 4
4 25 0
4 26 [2]
$1,-1
4 27 [2][4]
$4012D97C7F3321D2,407459333333332F,C014FFFFFFFFFFFF,C074593333333331
$4012D97C7F3321D2,0,C014FFFFFFFFFFFF,0
4 28 43
4 29 39
4 30 351
4 31 41
4 32 0
4 33 0
3 22 ->
4 23 346
4 24 4
4 25 0
4 26 [2]
$1,-1
4 27 [2][4]
$4014FFFFFFFFFFFF,BFE000000000001,C014FFFFFFFFFFFF,0
$0,BFE,0,0
4 28 328
4 29 40
4 30 330
4 31 350
4 32 0
4 33 0
3 22 ->
4 23 345
4 24 4
4 25 0
4 26 [2]
$1,-1
4 27 [2][4]
$4014FFFFFFFFFFFF,BFE000000000001,C014FFFFFFFFFFFF,0
$0,BFE,0,0
4 28 327
4 29 39
4 30 329
4 31 349
4 32 0
4 33 0
3 22 ->
4 23 46
4 24 4
4 25 0
4 26 [2]
$1,-1
4 27 [27][4]
$C0208,C024,4012D97C7F3321D2,4074593333333331
$C020B4C3F0947B37,C023FE71E9E4EF5F,40129D25EA194EEA,4074593333333331
$C020EABA38DF7329,C023F99EEFFBD8C2,40125F38C8D1FABE,4074593333333331
$C021204C9CA0E7AD,C023F18B4F8AE65B,4012214BA78AA69,4074593333333331
$C0215548F7B637BC,C023E63E97C9F33D,4011E35E86435264,4074593333333331
$C021897DB269C84E,C023D7C35C31A866,4011A57164FBFE36,4074593333333331
$C021BCB9EFDDB502,C023C6272A95663E,4011678443B4AA0A,4074593333333331
$C021EECDBBC7A033,C023B17A7E73A56A,40112997226D55DD,4074593333333331
$C0221F8A3752D452,C02399D0B188AE82,4010EBAA012601B1,4074593333333331
$C0224EC1C4FEB44E,C0237F3FE9B21922,4010ADBCDFDEAD84,4074593333333331
$C0227C4833506BAF,C02361E1043405D6,40106FCFBE975956,4074593333333331
$C022A7F2E62FE8B8,C02341CF7E7379EA,401031E29D50052B,4074593333333331
$C022D198FEC969A5,C0231F295C3BA51A,400FE7EAF81161FD,4074593333333331
$C022F91381CE4942,C022FA0F0BA62637,400F6C10B582B9A4,4074593333333331
$C0231E3D7BF13D3E,C022D2A346C099C9,400EF03672F4114A,4074593333333331
$C02340F4247BE009,C022A90AF30BDB9D,400E745C306568F1,4074593333333331
$C0236116FDDD27C6,C0227D6CFEF36718,400DF881EDD6C096,4074593333333331
$C0237E87F4125178,C0224FF23D5D28CF,400D7CA7AB48183E,4074593333333331
$C023992B78CDCA24,C02220C53F73DC29,400D00CD68B96FE2,4074593333333331
$C023B0E89D41BC6A,C021F0122CCFB85F,400C84F3262AC789,4074593333333331
$C023C5A929761EF9,C021BE069A22B6E7,400C0918E39C1F31,4074593333333331
$C023D759B1146C3A,C0218AD15E8F2192,400B8D3EA10D76D7,4074593333333331
$C023E5E9A5958C95,C02156A267D0566C,400B11645E7ECE7F,4074593333333331
$C023F14B65C0EF4,C02121AA8D5EC9D1,400A958A1BF02624,4074593333333331
$C023F9744A6E50B,C020EC1B62B9435B,400A19AFD9617DC9,4074593333333331
$C023FE5CB07E3DF7,C020B62708FE1EF,40099DD596D2D57,4074593333333331
$C024,C0208,400921FB54442D18,4074593333333331
4 28 334
4 29 44
4 30 50
4 31 350
4 32 0
4 33 0
3 22 ->
4 23 45
4 24 4
4 25 0
4 26 [2]
$1,-1
4 27 [27][4]
$C0208,C024,4012D97C7F3321D2,4074593333333331
$C020B4C3F0947B37,C023FE71E9E4EF5F,40129D25EA194EEA,4074593333333331
$C020EABA38DF7329,C023F99EEFFBD8C2,40125F38C8D1FABE,4074593333333331
$C021204C9CA0E7AD,C023F18B4F8AE65B,4012214BA78AA69,4074593333333331
$C0215548F7B637BC,C023E63E97C9F33D,4011E35E86435264,4074593333333331
$C021897DB269C84E,C023D7C35C31A866,4011A57164FBFE36,4074593333333331
$C021BCB9EFDDB502,C023C6272A95663E,4011678443B4AA0A,4074593333333331
$C021EECDBBC7A033,C023B17A7E73A56A,40112997226D55DD,4074593333333331
$C0221F8A3752D452,C02399D0B188AE82,4010EBAA012601B1,4074593333333331
$C0224EC1C4FEB44E,C0237F3FE9B21922,4010ADBCDFDEAD84,4074593333333331
$C0227C4833506BAF,C02361E1043405D6,40106FCFBE975956,4074593333333331
$C022A7F2E62FE8B8,C02341CF7E7379EA,401031E29D50052B,4074593333333331
$C022D198FEC969A5,C0231F295C3BA51A,400FE7EAF81161FD,4074593333333331
$C022F91381CE4942,C022FA0F0BA62637,400F6C10B582B9A4,4074593333333331
$C0231E3D7BF13D3E,C022D2A346C099C9,400EF03672F4114A,4074593333333331
$C02340F4247BE009,C022A90AF30BDB9D,400E745C306568F1,4074593333333331
$C0236116FDDD27C6,C0227D6CFEF36718,400DF881EDD6C096,4074593333333331
$C0237E87F4125178,C0224FF23D5D28CF,400D7CA7AB48183E,4074593333333331
$C023992B78CDCA24,C02220C53F73DC29,400D00CD68B96FE2,4074593333333331
$C023B0E89D41BC6A,C021F0122CCFB85F,400C84F3262AC789,4074593333333331
$C023C5A929761EF9,C021BE069A22B6E7,400C0918E39C1F31,4074593333333331
$C023D759B1146C3A,C0218AD15E8F2192,400B8D3EA10D76D7,4074593333333331
$C023E5E9A5958C95,C02156A267D0566C,400B11645E7ECE7F,4074593333333331
$C023F14B65C0EF4,C02121AA8D5EC9D1,400A958A1BF02624,4074593333333331
$C023F9744A6E50B,C020EC1B62B9435B,400A19AFD9617DC9,4074593333333331
$C023FE5CB07E3DF7,C020B62708FE1EF,40099DD596D2D57,4074593333333331
$C024,C0208,400921FB54442D18,4074593333333331
4 28 333
4 29 43
4 30 49
4 31 349
4 32 0
4 33 0
3 22 ->
4 23 354
4 24 4
4 25 0
4 26 [2]
$1,-1
4 27 [2][4]
$4014FFFFFFFFFFFE,C074593333333331,400921FB54442D18,407459333333332F
$4014FFFFFFFFFFFE,0,400921FB54442D18,8
4 28 48
4 29 44
4 30 356
4 31 46
4 32 0
4 33 0
3 22 ->
4 23 353
4 24 4
4 25 0
4 26 [2]
$1,-1
4 27 [2][4]
$4014FFFFFFFFFFFE,C074593333333331,400921FB54442D18,407459333333332F
$4014FFFFFFFFFFFE,0,400921FB54442D18,8
4 28 47
4 29 43
4 30 355
4 31 45
4 32 0
4 33 0
3 22 ->
4 23 352
4 24 4
4 25 0
4 26 [2]
$1,-1
4 27 [27][4]
$401BFFFFFFFFFFFF,3FF4,400921FB54442D18,8
$401BFCE3D3C9DEBD,3FF259E07B5C2648,40099AA87E77D2E7,0
$401BF33DDFF7B183,3FF0AA2E390466B8,400A1682C1067B4,0
$401BE3169F15CCB5,3FEDFB3635F1853,400A925D0395239B,0
$401BCC7D2F93E679,3FEAAB70849C844,400B0E374623CBF4,0
$401BAF86B86350CB,3FE76824D9637B2,400B8A1188B2744F,0
$401B8C4E552ACC7B,3FE434610224AFE,400C05EBCB411CA7,0
$401B62F4FCE74AD3,3FE113244385FCD,400C81C60DCFC502,0
$401B33A163115D03,3FDC0EB915A575C,400CFDA0505E6D5A,0
$401AFE7FD3643243,3FD627C76029764,400D797A92ED15B5,0
$401AC3C208680BAB,3FD076F995F28A2,400DF554D57BBE0E,0
$401A839EFCE6F3D3,3FC603467405D2,400E712F180A6665,0
$401A3E52B8774A33,3FB733809B4B2D8,400EED095A990EBF,0
$4019F41E174C4C6D,3F8BB1F8C6DAF8,400F68E39D27B717,0
$4019A5468D813391,BFAE3D7BF13D3E,400FE4BDDFB65F72,0
$40195215E617B739,BFC03D091EF8024,4010304C112283E6,0
$4018FAD9FDE6CE2F,BFC845BF7749F18,40106E393269D812,0
$40189FE47ABA519D,BFCFA1FD04945E,4010AC2653B12C3E,0
$4018418A7EE7B851,BFD3256F19B9448,4010EA1374F8806C,0
$4017E024599F70BD,BFD61D13A8378D4,40112800963FD499,0
$40177C0D34456DCD,BFD8B5252EC3DF2,401165EDB78728C6,0
$401715A2BD1E4323,BFDAEB36228D874,4011A3DAD8CE7CF2,0
$4016AD44CFA0ACD7,BFDCBD34B2B192A,4011E1C7FA15D11E,0
$401643551ABD93A1,BFDE296CB81DE8,40121FB51B5D254C,0
$4015D836C57286B5,BFDF2E894DCA16,40125DA23CA47979,0
$40156C4E11FC3DDF,BFDFCB960FC7BEE,40129B8F5DEBCDA6,0
$4014FFFFFFFFFFFF,BFE,4012D97C7F3321D2,0
4 28 328
4 29 44
4 30 346
4 31 354
4 32 0
4 33 0
3 22 ->
4 23 351
4 24 4
4 25 0
4 26 [2]
$1,-1
4 27 [27][4]
$401BFFFFFFFFFFFF,3FF4,400921FB54442D18,8
$401BFCE3D3C9DEBD,3FF259E07B5C2648,40099AA87E77D2E7,0
$401BF33DDFF7B183,3FF0AA2E390466B8,400A1682C1067B4,0
$401BE3169F15CCB5,3FEDFB3635F1853,400A925D0395239B,0
$401BCC7D2F93E679,3FEAAB70849C844,400B0E374623CBF4,0
$401BAF86B86350CB,3FE76824D9637B2,400B8A1188B2744F,0
$401B8C4E552ACC7B,3FE434610224AFE,400C05EBCB411CA7,0
$401B62F4FCE74AD3,3FE113244385FCD,400C81C60DCFC502,0
$401B33A163115D03,3FDC0EB915A575C,400CFDA0505E6D5A,0
$401AFE7FD3643243,3FD627C76029764,400D797A92ED15B5,0
$401AC3C208680BAB,3FD076F995F28A2,400DF554D57BBE0E,0
$401A839EFCE6F3D3,3FC603467405D2,400E712F180A6665,0
$401A3E52B8774A33,3FB733809B4B2D8,400EED095A990EBF,0
$4019F41E174C4C6D,3F8BB1F8C6DAF8,400F68E39D27B717,0
$4019A5468D813391,BFAE3D7BF13D3E,400FE4BDDFB65F72,0
$40195215E617B739,BFC03D091EF8024,4010304C112283E6,0
$4018FAD9FDE6CE2F,BFC845BF7749F18,40106E393269D812,0
$40189FE47ABA519D,BFCFA1FD04945E,4010AC2653B12C3E,0
$4018418A7EE7B851,BFD3256F19B9448,4010EA1374F8806C,0
$4017E024599F70BD,BFD61D13A8378D4,40112800963FD499,0
$40177C0D34456DCD,BFD8B5252EC3DF2,401165EDB78728C6,0
$401715A2BD1E4323,BFDAEB36228D874,4011A3DAD8CE7CF2,0
$4016AD44CFA0ACD7,BFDCBD34B2B192A,4011E1C7FA15D11E,0
$401643551ABD93A1,BFDE296CB81DE8,40121FB51B5D254C,0
$4015D836C57286B5,BFDF2E894DCA16,40125DA23CA47979,0
$40156C4E11FC3DDF,BFDFCB960FC7BEE,40129B8F5DEBCDA6,0
$4014FFFFFFFFFFFF,BFE,4012D97C7F3321D2,0
4 28 327
4 29 43
4 30 345
4 31 353
4 32 0
4 33 0
3 22 ->
4 23 50
4 24 4
4 25 0
4 26 [2]
$1,-1
4 27 [2][4]
$C023FFFFFFFFFFFF,C0208,4014FFFFFFFFFFFE,C074593333333333
$C024,C008000000000003,8,C074593333333333
4 28 334
4 29 48
4 30 54
4 31 354
4 32 0
4 33 0
3 22 ->
4 23 49
4 24 4
4 25 0
4 26 [2]
$1,-1
4 27 [2][4]
$C023FFFFFFFFFFFF,C0208,4014FFFFFFFFFFFE,C074593333333333
$C024,C008000000000003,8,C074593333333333
4 28 333
4 29 47
4 30 53
4 31 353
4 32 0
4 33 0
3 22 ->
4 23 358
4 24 4
4 25 0
4 26 [2]
$1,-1
4 27 [2][4]
$400921FB54442D18,407459333333332F,8,C074593333333331
$400921FB54442D18,8,0,0
4 28 52
4 29 48
4 30 360
4 31 50
4 32 0
4 33 0
3 22 ->
4 23 357
4 24 4
4 25 0
4 26 [2]
$1,-1
4 27 [2][4]
$400921FB54442D18,407459333333332F,8,C074593333333331
$400921FB54442D18,8,0,0
4 28 51
4 29 47
4 30 359
4 31 49
4 32 0
4 33 0
3 22 ->
4 23 356
4 24 4
4 25 0
4 26 [2]
$1,-1
4 27 [2][4]
$401BFFFFFFFFFFFF,4019FFFFFFFFFFFE,0,0
$401BFFFFFFFFFFFD,3FF4,4014FFFFFFFFFFFE,0
4 28 328
4 29 48
4 30 352
4 31 358
4 32 0
4 33 0
3 22 ->
4 23 355
4 24 4
4 25 0
4 26 [2]
$1,-1
4 27 [2][4]
$401BFFFFFFFFFFFF,4019FFFFFFFFFFFE,0,0
$401BFFFFFFFFFFFD,3FF4,4014FFFFFFFFFFFE,0
4 28 327
4 29 47
4 30 351
4 31 357
4 32 0
4 33 0
3 22 ->
4 23 54
4 24 4
4 25 0
4 26 [2]
$1,-1
4 27 [15][4]
$C024,C008000000000003,400921FB54442D18,4074593333333331
$C023FEB8D217EBA3,C00799CE591DC0D3,40085540C764418,4074593333333331
$C023FA357DC1C791,C007276D68B2B0C2,40076D8A62ADEF6C,4074593333333331
$C023F27F18C3819C,C006B7D16CF22716,400685D3FDF79D5A,4074593333333331
$C023E7AEE2578AD7,C0064C67C0F0C003,40059E1D99414B4B,4074593333333331
$C023D9E8404D825C,C005E69002FA3075,4004B667348AF934,4074593333333331
$C023C9584B2A2673,C005879795894B3B,4003CEB0CFD4A726,4074593333333331
$C023B6353A8811A2,C00530B55BF03BA2,4002E6FA6B1E5511,4074593333333331
$C023A0BDB39C8263,C004E305C0A57F08,4001FF44066802FE,4074593333333331
$C0238937FC252AAE,C0049F871239140E,4001178DA1B1B0E4,4074593333333331
$C0236FF1145E5587,C004671642D9A977,40002FD73CFB5ED3,4074593333333331
$C023553BBAF26BD9,C0043A6C150EF137,3FFE9041B08A198A,4074593333333331
$C023396F5E1BFC39,C0041A1ABEE8BDE5,3FFCC0D4E71D755F,4074593333333331
$C0231CE6FD70F62D,C004068C0B5ECBB2,3FFAF1681DB0D145,4074593333333331
$C023,C004000000000001,3FF921FB54442D18,4074593333333331
4 28 334
4 29 52
4 30 58
4 31 358
4 32 0
4 33 0
3 22 ->
4 23 53
4 24 4
4 25 0
4 26 [2]
$1,-1
4 27 [15][4]
$C024,C008000000000003,400921FB54442D18,4074593333333331
$C023FEB8D217EBA3,C00799CE591DC0D3,40085540C764418,4074593333333331
$C023FA357DC1C791,C007276D68B2B0C2,40076D8A62ADEF6C,4074593333333331
$C023F27F18C3819C,C006B7D16CF22716,400685D3FDF79D5A,4074593333333331
$C023E7AEE2578AD7,C0064C67C0F0C003,40059E1D99414B4B,4074593333333331
$C023D9E8404D825C,C005E69002FA3075,4004B667348AF934,4074593333333331
$C023C9584B2A2673,C005879795894B3B,4003CEB0CFD4A726,4074593333333331
$C023B6353A8811A2,C00530B55BF03BA2,4002E6FA6B1E5511,4074593333333331
$C023A0BDB39C8263,C004E305C0A57F08,4001FF44066802FE,4074593333333331
$C0238937FC252AAE,C0049F871239140E,4001178DA1B1B0E4,4074593333333331
$C0236FF1145E5587,C004671642D9A977,40002FD73CFB5ED3,4074593333333331
$C023553BBAF26BD9,C0043A6C150EF137,3FFE9041B08A198A,4074593333333331
$C023396F5E1BFC39,C0041A1ABEE8BDE5,3FFCC0D4E71D755F,4074593333333331
$C0231CE6FD70F62D,C004068C0B5ECBB2,3FFAF1681DB0D145,4074593333333331
$C023,C004000000000001,3FF921FB54442D18,4074593333333331
4 28 333
4 29 51
4 30 57
4 31 357
4 32 0
4 33 0
3 22 ->
4 23 362
4 24 4
4 25 0
4 26 [2]
$1,-1
4 27 [2][4]
$4074593333333332,3FF134C065E40607,3FF921FB54442D18,407459333333332F
$0,3FF134C065E40607,3FF921FB54442D18,8
4 28 56
4 29 52
4 30 364
4 31 54
4 32 0
4 33 0
3 22 ->
4 23 361
4 24 4
4 25 0
4 26 [2]
$1,-1
4 27 [2][4]
$4074593333333332,3FF134C065E40607,3FF921FB54442D18,407459333333332F
$0,3FF134C065E40607,3FF921FB54442D18,8
4 28 55
4 29 51
4 30 363
4 31 53
4 32 0
4 33 0
3 22 ->
4 23 360
4 24 4
4 25 0
4 26 [2]
$1,-1
4 27 [15][4]
$4019FFFFFFFFFFFF,401C,3FF921FB54442D18,8
$401A3318D3711F97,401BFD71A42FD744,3FFABB706E040448,8
$401A6C494BA6A79F,401BF46AFB838F22,3FFC8ADD3770A86C,8
$401AA4174986EC75,401BE4FE31870338,3FFE5A4A00DD4C8F,8
$401AD9CC1F879FFF,401BCF5DC4AF15AC,400014DB6524F85D,8
$401B0CB7FE82E7C7,401BB3D0809B04B7,4000FC91C9DB4A75,8
$401B3C34353B5A63,401B92B096544CE4,4001E4482E919C83,8
$401B67A55207E22F,401B6C6A75102342,4002CBFE9347EE93,8
$401B8E7D1FAD407B,401B417B673904C4,4003B3B4F7FE40A2,8
$401BB03C76E375F9,401B126FF84A555C,40049B6B5CB492B9,8
$401BCC74DE932B45,401ADFE228BCAB0E,40058321C16AE4CD,8
$401BE2C9F5788765,401AAA7775E4D7B,40066AD8262136E,8
$401BF2F2A08BA10D,401A72DEBC37F87,4007528E8AD788F4,8
$401BFCB9FA509A27,401A39CDFAE1EC58,40083A44EF8DDB06,8
$401BFFFFFFFFFFFF,4019FFFFFFFFFFFE,400921FB54442D18,8
4 28 328
4 29 52
4 30 356
4 31 362
4 32 0
4 33 0
3 22 ->
4 23 359
4 24 4
4 25 0
4 26 [2]
$1,-1
4 27 [15][4]
$4019FFFFFFFFFFFF,401C,3FF921FB54442D18,8
$401A3318D3711F97,401BFD71A42FD744,3FFABB706E040448,8
$401A6C494BA6A79F,401BF46AFB838F22,3FFC8ADD3770A86C,8
$401AA4174986EC75,401BE4FE31870338,3FFE5A4A00DD4C8F,8
$401AD9CC1F879FFF,401BCF5DC4AF15AC,400014DB6524F85D,8
$401B0CB7FE82E7C7,401BB3D0809B04B7,4000FC91C9DB4A75,8
$401B3C34353B5A63,401B92B096544CE4,4001E4482E919C83,8
$401B67A55207E22F,401B6C6A75102342,4002CBFE9347EE93,8
$401B8E7D1FAD407B,401B417B673904C4,4003B3B4F7FE40A2,8
$401BB03C76E375F9,401B126FF84A555C,40049B6B5CB492B9,8
$401BCC74DE932B45,401ADFE228BCAB0E,40058321C16AE4CD,8
$401BE2C9F5788765,401AAA7775E4D7B,40066AD8262136E,8
$401BF2F2A08BA10D,401A72DEBC37F87,4007528E8AD788F4,8
$401BFCB9FA509A27,401A39CDFAE1EC58,40083A44EF8DDB06,8
$401BFFFFFFFFFFFF,4019FFFFFFFFFFFE,400921FB54442D18,8
4 28 327
4 29 51
4 30 355
4 31 361
4 32 0
4 33 0
3 22 ->
4 23 58
4 24 4
4 25 0
4 26 [2]
$1,-1
4 27 [2][4]
$C023,C004,4074593333333334,3FF134C065E40607
$C020D967F3437F3F,C004,4074593333333334,0
4 28 334
4 29 56
4 30 62
4 31 362
4 32 0
4 33 0
3 22 ->
4 23 57
4 24 4
4 25 0
4 26 [2]
$1,-1
4 27 [2][4]
$C023,C004,4074593333333334,3FF134C065E40607
$C020D967F3437F3F,C004,4074593333333334,0
4 28 333
4 29 55
4 30 61
4 31 361
4 32 0
4 33 0
3 22 ->
4 23 366
4 24 4
4 25 0
4 26 [2]
$1,-1
4 27 [2][4]
$3FF921FB54442D18,407459333333332F,4074593333333332,0
$3FF921FB54442D18,8,0,0
4 28 60
4 29 56
4 30 368
4 31 58
4 32 0
4 33 0
3 22 ->
4 23 365
4 24 4
4 25 0
4 26 [2]
$1,-1
4 27 [2][4]
$3FF921FB54442D18,407459333333332F,4074593333333332,0
$3FF921FB54442D18,8,0,0
4 28 59
4 29 55
4 30 367
4 31 57
4 32 0
4 33 0
3 22 ->
4 23 364
4 24 4
4 25 0
4 26 [2]
$1,-1
4 27 [2][4]
$4015B2CFE686FE7D,401C,0,0
$4019FFFFFFFFFFFF,401C,0,3FF134C065E40607
4 28 328
4 29 56
4 30 360
4 31 366
4 32 0
4 33 0
3 22 ->
4 23 363
4 24 4
4 25 0
4 26 [2]
$1,-1
4 27 [2][4]
$4015B2CFE686FE7D,401C,0,0
$4019FFFFFFFFFFFF,401C,0,3FF134C065E40607
4 28 327
4 29 55
4 30 359
4 31 365
4 32 0
4 33 0
3 22 ->
4 23 62
4 24 4
4 25 0
4 26 [2]
$1,-1
4 27 [15][4]
$C020D967F3437F3F,C004000000000003,3FF921FB54442D18,4074593333333331
$C020BFDB898AEF73,C004051CB7A05179,3FF788863A8455E7,4074593333333331
$C020A3434D702B6F,C004172A08F8E1BE,3FF5B9197117B1C3,4074593333333331
$C020875C4E800903,C00436039CF1F992,3FF3E9ACA7AB0D8D,4074593333333331
$C0206C81E37FAF3F,C004614476A1D4A9,3FF21A3FDE3E6974,4074593333333331
$C020530BF4020B5C,C004985EFEC9F694,3FF04AD314D1C554,4074593333333331
$C0203B4DD8A5D20D,C004DA9ED357663B,3FECF6CC96CA4247,4074593333333331
$C02025954A3F8E27,C005272B15DFB97C,3FE957F303F0FA0B,4074593333333331
$C0201229636CDF,C0057D09318DF678,3FE5B9197117B1AC,4074593333333331
$C0200149B7D1C442,C005DB200F6B5549,3FE21A3FDE3E696F,4074593333333331
$C01FE65B07F3D338,C006403BAE86A9E6,3FDCF6CC96CA4249,4074593333333331
$C01FD005F10E7717,C006AB111436509F,3FD5B9197117B1BF,4074593333333331
$C01FBFDD45FB5D7,C0071A4287900F1F,3FCCF6CC96CA4246,4074593333333331
$C01FB615EC366455,C0078C640A3C2751,3FBCF6CC96CA4257,4074593333333331
$C01FB2CFE686FE7D,C008000000000003,0,4074593333333331
4 28 334
4 29 60
4 30 66
4 31 366
4 32 0
4 33 0
3 22 ->
4 23 61
4 24 4
4 25 0
4 26 [2]
$1,-1
4 27 [15][4]
$C020D967F3437F3F,C004000000000003,3FF921FB54442D18,4074593333333331
$C020BFDB898AEF73,C004051CB7A05179,3FF788863A8455E7,4074593333333331
$C020A3434D702B6F,C004172A08F8E1BE,3FF5B9197117B1C3,4074593333333331
$C020875C4E800903,C00436039CF1F992,3FF3E9ACA7AB0D8D,4074593333333331
$C0206C81E37FAF3F,C004614476A1D4A9,3FF21A3FDE3E6974,4074593333333331
$C020530BF4020B5C,C004985EFEC9F694,3FF04AD314D1C554,4074593333333331
$C0203B4DD8A5D20D,C004DA9ED357663B,3FECF6CC96CA4247,4074593333333331
$C02025954A3F8E27,C005272B15DFB97C,3FE957F303F0FA0B,4074593333333331
$C0201229636CDF,C0057D09318DF678,3FE5B9197117B1AC,4074593333333331
$C0200149B7D1C442,C005DB200F6B5549,3FE21A3FDE3E696F,4074593333333331
$C01FE65B07F3D338,C006403BAE86A9E6,3FDCF6CC96CA4249,4074593333333331
$C01FD005F10E7717,C006AB111436509F,3FD5B9197117B1BF,4074593333333331
$C01FBFDD45FB5D7,C0071A4287900F1F,3FCCF6CC96CA4246,4074593333333331
$C01FB615EC366455,C0078C640A3C2751,3FBCF6CC96CA4257,4074593333333331
$C01FB2CFE686FE7D,C008000000000003,0,4074593333333331
4 28 333
4 29 59
4 30 65
4 31 365
4 32 0
4 33 0
3 22 ->
4 23 370
4 24 4
4 25 0
4 26 [2]
$1,-1
4 27 [2][4]
$4001FFFFFFFFFFF3,C074593333333332,0,407459333333332F
$4001FFFFFFFFFFF3,0,0,0
4 28 64
4 29 60
4 30 372
4 31 62
4 32 0
4 33 0
3 22 ->
4 23 369
4 24 4
4 25 0
4 26 [2]
$1,-1
4 27 [2][4]
$4001FFFFFFFFFFF3,C074593333333332,0,407459333333332F
$4001FFFFFFFFFFF3,0,0,0
4 28 63
4 29 59
4 30 371
4 31 61
4 32 0
4 33 0
3 22 ->
4 23 368
4 24 4
4 25 0
4 26 [2]
$1,-1
4 27 [15][4]
$4013B2CFE686FE7C,4019FFFFFFFFFFFE,0,0
$4013B55E42572736,401A3318D3711F96,3FB997519BFD72D4,0
$4013BE64EB036F59,401A6C494BA6A79F,3FCB470F1963DAA7,0
$4013CDD1B4FFFB43,401AA4174986EC75,3FD4E13AB2647DEA,0
$4013E37221D7E8D,401AD9CC1F879FFE,3FDC1EEDD8170E89,0
$4013FEFF65EBF9C4,401B0CB7FE82E7C5,3FE1AE507EE4CF7B,0
$4014201F5032B197,401B3C34353B5A62,3FE54D2A11BE17D,0
$401446657176DB39,401B67A55207E22E,3FE8EC03A4976014,0
$401471547F4DF9B7,401B8E7D1FAD407C,3FEC8ADD3770A861,0
$4014A05FEE3CA91F,401BB03C76E375F8,3FF014DB6524F852,0
$4014D2EDBDCA536D,401BCC74DE932B44,3FF1E4482E919C75,0
$4015085870A226CB,401BE2C9F5788764,3FF3B3B4F7FE40A4,0
$40153FF12A4F060B,401BF2F2A08BA10C,3FF58321C16AE4CF,0
$40157901EBA51223,401BFCB9FA509A26,3FF7528E8AD788EA,0
$4015B2CFE686FE7D,401BFFFFFFFFFFFE,3FF921FB54442D18,8
4 28 328
4 29 60
4 30 364
4 31 370
4 32 0
4 33 0
3 22 ->
4 23 367
4 24 4
4 25 0
4 26 [2]
$1,-1
4 27 [15][4]
$4013B2CFE686FE7C,4019FFFFFFFFFFFE,0,0
$4013B55E42572736,401A3318D3711F96,3FB997519BFD72D4,0
$4013BE64EB036F59,401A6C494BA6A79F,3FCB470F1963DAA7,0
$4013CDD1B4FFFB43,401AA4174986EC75,3FD4E13AB2647DEA,0
$4013E37221D7E8D,401AD9CC1F879FFE,3FDC1EEDD8170E89,0
$4013FEFF65EBF9C4,401B0CB7FE82E7C5,3FE1AE507EE4CF7B,0
$4014201F5032B197,401B3C34353B5A62,3FE54D2A11BE17D,0
$401446657176DB39,401B67A55207E22E,3FE8EC03A4976014,0
$401471547F4DF9B7,401B8E7D1FAD407C,3FEC8ADD3770A861,0
$4014A05FEE3CA91F,401BB03C76E375F8,3FF014DB6524F852,0
$4014D2EDBDCA536D,401BCC74DE932B44,3FF1E4482E919C75,0
$4015085870A226CB,401BE2C9F5788764,3FF3B3B4F7FE40A4,0
$40153FF12A4F060B,401BF2F2A08BA10C,3FF58321C16AE4CF,0
$40157901EBA51223,401BFCB9FA509A26,3FF7528E8AD788EA,0
$4015B2CFE686FE7D,401BFFFFFFFFFFFE,3FF921FB54442D18,8
4 28 327
4 29 59
4 30 363
4 31 369
4 32 0
4 33 0
3 22 ->
4 23 66
4 24 4
4 25 0
4 26 [2]
$1,-1
4 27 [2][4]
$C01FB2CFE686FE7F,C008000000000003,4001FFFFFFFFFFF3,C074593333333334
$C01FB2CFE686FE7B,C014FFFFFFFFFFFB,0,C074593333333334
4 28 334
4 29 64
4 30 70
4 31 370
4 32 0
4 33 0
3 22 ->
4 23 65
4 24 4
4 25 0
4 26 [2]
$1,-1
4 27 [2][4]
$C01FB2CFE686FE7F,C008000000000003,4001FFFFFFFFFFF3,C074593333333334
$C01FB2CFE686FE7B,C014FFFFFFFFFFFB,0,C074593333333334
4 28 333
4 29 63
4 30 69
4 31 369
4 32 0
4 33 0
3 22 ->
4 23 374
4 24 4
4 25 0
4 26 [2]
$1,-1
4 27 [2][4]
$400921FB54442D18,407459333333332F,0,C074593333333332
$400921FB54442D18,8,0,0
4 28 68
4 29 64
4 30 376
4 31 66
4 32 0
4 33 0
3 22 ->
4 23 373
4 24 4
4 25 0
4 26 [2]
$1,-1
4 27 [2][4]
$400921FB54442D18,407459333333332F,0,C074593333333332
$400921FB54442D18,8,0,0
4 28 67
4 29 63
4 30 375
4 31 65
4 32 0
4 33 0
3 22 ->
4 23 372
4 24 4
4 25 0
4 26 [2]
$1,-1
4 27 [2][4]
$4013B2CFE686FE7A,4011000000000005,0,0
$4013B2CFE686FE7E,4019FFFFFFFFFFFE,4001FFFFFFFFFFF1,0
4 28 328
4 29 64
4 30 368
4 31 374
4 32 0
4 33 0
3 22 ->
4 23 371
4 24 4
4 25 0
4 26 [2]
$1,-1
4 27 [2][4]
$4013B2CFE686FE7A,4011000000000005,0,0
$4013B2CFE686FE7E,4019FFFFFFFFFFFE,4001FFFFFFFFFFF1,0
4 28 327
4 29 63
4 30 367
4 31 373
4 32 0
4 33 0
3 22 ->
4 23 70
4 24 4
4 25 0
4 26 [2]
$1,-1
4 27 [22][4]
$C01FB2CFE686FE7B,C014FFFFFFFFFFFB,400921FB54442D18,4074593333333331
$C01FB094E2AFF973,C0152FBD60F4254,4009E137F538E573,4074593333333331
$C01FA7EEB99B2AAE,C01568FCC0B26756,400AC8EE59EF3785,4074593333333331
$C01F98E0227E7652,C015A0E472BD031E,400BB0A4BEA58997,4074593333333331
$C01F839A67721E4,C015D6BD756555C4,400C985B235BDBA7,4074593333333331
$C01F68632B315CA9,C01609D7831A8A76,400D801188122DB7,4074593333333331
$C01F479385262748,C016398B53713CA3,400E67C7ECC87FCE,4074593333333331
$C01F2196DDC4900F,C016653CBEBE3E87,400F4F7E517ED1E1,4074593333333331
$C01EF6E98EF07689,C0168C5CBD43EB4A,40101B9A5B1A91FA,4074593333333331
$C01EC8174CEC85,C016AE6B3B68AAF3,40108F758D75BB03,4074593333333331
$C01E95B95D070404,C016CAF8BCF9F349,40110350BFD0E40A,4074593333333331
$C01E60749FDD94C5,C016E1A7CA1F4F1B,4011772BF22C0D16,4074593333333331
$C01E28F775A243CA,C016F22E2152C02C,4011EB072487361E,4074593333333331
$C01DEFF78348C5B1,C016FC55AA74E1FB,40125EE256E25F28,4074593333333331
$C01DB62F5FE878CE,C016FFFD27E1140F,4012D2BD893D8832,4074593333333331
$C01D7C5C31EDA9DA,C016FD18A33DFFD7,40134698BB98B13C,4074593333333331
$C01D433B43E99A1B,C016F3B194A64519,4013BA73EDF3DA44,4074593333333331
$C01D0B8798EC33BE,C016E3E6C3A91CFF,40142E4F204F034E,4074593333333331
$C01CD5F78853DC93,C016CDEBE2886C3A,4014A22A52AA2C57,4074593333333331
$C01CA33A68E76A64,C016B208E4FE1973,401516058505556,4074593333333331
$C01C73F652DC2F44,C016909914B2A1AA,401589E0B7607E6B,4074593333333331
$C01C48C6001F0ABF,C0166A09E667F3B9,4015FDBBE9BBA772,4074593333333331
4 28 334
4 29 68
4 30 74
4 31 374
4 32 0
4 33 0
3 22 ->
4 23 69
4 24 4
4 25 0
4 26 [2]
$1,-1
4 27 [22][4]
$C01FB2CFE686FE7B,C014FFFFFFFFFFFB,400921FB54442D18,4074593333333331
$C01FB094E2AFF973,C0152FBD60F4254,4009E137F538E573,4074593333333331
$C01FA7EEB99B2AAE,C01568FCC0B26756,400AC8EE59EF3785,4074593333333331
$C01F98E0227E7652,C015A0E472BD031E,400BB0A4BEA58997,4074593333333331
$C01F839A67721E4,C015D6BD756555C4,400C985B235BDBA7,4074593333333331
$C01F68632B315CA9,C01609D7831A8A76,400D801188122DB7,4074593333333331
$C01F479385262748,C016398B53713CA3,400E67C7ECC87FCE,4074593333333331
$C01F2196DDC4900F,C016653CBEBE3E87,400F4F7E517ED1E1,4074593333333331
$C01EF6E98EF07689,C0168C5CBD43EB4A,40101B9A5B1A91FA,4074593333333331
$C01EC8174CEC85,C016AE6B3B68AAF3,40108F758D75BB03,4074593333333331
$C01E95B95D070404,C016CAF8BCF9F349,40110350BFD0E40A,4074593333333331
$C01E60749FDD94C5,C016E1A7CA1F4F1B,4011772BF22C0D16,4074593333333331
$C01E28F775A243CA,C016F22E2152C02C,4011EB072487361E,4074593333333331
$C01DEFF78348C5B1,C016FC55AA74E1FB,40125EE256E25F28,4074593333333331
$C01DB62F5FE878CE,C016FFFD27E1140F,4012D2BD893D8832,4074593333333331
$C01D7C5C31EDA9DA,C016FD18A33DFFD7,40134698BB98B13C,4074593333333331
$C01D433B43E99A1B,C016F3B194A64519,4013BA73EDF3DA44,4074593333333331
$C01D0B8798EC33BE,C016E3E6C3A91CFF,40142E4F204F034E,4074593333333331
$C01CD5F78853DC93,C016CDEBE2886C3A,4014A22A52AA2C57,4074593333333331
$C01CA33A68E76A64,C016B208E4FE1973,401516058505556,4074593333333331
$C01C73F652DC2F44,C016909914B2A1AA,401589E0B7607E6B,4074593333333331
$C01C48C6001F0ABF,C0166A09E667F3B9,4015FDBBE9BBA772,4074593333333331
4 28 333
4 29 67
4 30 73
4 31 373
4 32 0
4 33 0
3 22 ->
4 23 378
4 24 4
4 25 0
4 26 [2]
$1,-1
4 27 [2][4]
$0,C074593333333332,4015FDBBE9BBA774,407459333333332F
$0,0,4015FDBBE9BBA774,0
4 28 72
4 29 68
4 30 380
4 31 70
4 32 0
4 33 0
3 22 ->
4 23 377
4 24 4
4 25 0
4 26 [2]
$1,-1
4 27 [2][4]
$0,C074593333333332,4015FDBBE9BBA774,407459333333332F
$0,0,4015FDBBE9BBA774,0
4 28 71
4 29 67
4 30 379
4 31 69
4 32 0
4 33 0
3 22 ->
4 23 376
4 24 4
4 25 0
4 26 [2]
$1,-1
4 27 [22][4]
$401048C6001F0ABE,400F2BEC3330188E,4015FDBBE9BBA772,0
$40106C1B96BD2FC2,400EEB9018FA0884,40159E1D99414B46,0
$40109AB426AACFE5,400EA6D5908E1C78,40152A4266E6223D,0
$4010CCE1A7A6EFF,400E6D10FC141C6A,4014B667348AF934,0
$401101FFD7A011FB,400E3EFF76527B,4014428C022FD02C,0
$40113960D49730CD,400E1D37CDAAF7F4,4013CEB0CFD4A722,0
$4011724F55D5653,400E0828966FB2DA,40135AD59D797E19,0
$4011AC10FD5BF34E,400E0016C0E7318E,4012E6FA6B1E551,0
$4011E5E8B9F81E12,400E051CB7A0517E,4012731F38C32C06,0
$40121F19322DA61A,400E172A08F8E1C2,4011FF44066802FD,0
$401256E7300DEAF,400E36039CF1F996,40118B68D40CD9F4,0
$40128C9C060E9E7A,400E614476A1D4B,4011178DA1B1B0E8,0
$4012BF87E509E641,400E985EFEC9F69A,4010A3B26F5687DE,0
$4012EF041BC258DE,400EDA9ED357664,40102FD73CFB5ED7,0
$40131A75388EE0AA,400F272B15DFB984,400F77F815406B9A,0
$4013414D06343EF6,400F7D09318DF67E,400E9041B08A198D,0
$4013630C5D6A7475,400FDB200F6B555,400DA88B4BD3C772,0
$40137F44C51A29C,4010201DD74354F6,400CC0D4E71D7564,0
$40139599DBFF85DF,401055888A1B2853,400BD91E82672352,0
$4013A5C287129F88,40108D2143C80792,400AF1681DB0D14,0
$4013AF89E0D798A2,4010C632051E13AC,400A09B1B8FA7F2A,0
$4013B2CFE686FE7A,4011000000000005,400921FB54442D18,8
4 28 328
4 29 68
4 30 372
4 31 378
4 32 0
4 33 0
3 22 ->
4 23 375
4 24 4
4 25 0
4 26 [2]
$1,-1
4 27 [22][4]
$401048C6001F0ABE,400F2BEC3330188E,4015FDBBE9BBA772,0
$40106C1B96BD2FC2,400EEB9018FA0884,40159E1D99414B46,0
$40109AB426AACFE5,400EA6D5908E1C78,40152A4266E6223D,0
$4010CCE1A7A6EFF,400E6D10FC141C6A,4014B667348AF934,0
$401101FFD7A011FB,400E3EFF76527B,4014428C022FD02C,0
$40113960D49730CD,400E1D37CDAAF7F4,4013CEB0CFD4A722,0
$4011724F55D5653,400E0828966FB2DA,40135AD59D797E19,0
$4011AC10FD5BF34E,400E0016C0E7318E,4012E6FA6B1E551,0
$4011E5E8B9F81E12,400E051CB7A0517E,4012731F38C32C06,0
$40121F19322DA61A,400E172A08F8E1C2,4011FF44066802FD,0
$401256E7300DEAF,400E36039CF1F996,40118B68D40CD9F4,0
$40128C9C060E9E7A,400E614476A1D4B,4011178DA1B1B0E8,0
$4012BF87E509E641,400E985EFEC9F69A,4010A3B26F5687DE,0
$4012EF041BC258DE,400EDA9ED357664,40102FD73CFB5ED7,0
$40131A75388EE0AA,400F272B15DFB984,400F77F815406B9A,0
$4013414D06343EF6,400F7D09318DF67E,400E9041B08A198D,0
$4013630C5D6A7475,400FDB200F6B555,400DA88B4BD3C772,0
$40137F44C51A29C,4010201DD74354F6,400CC0D4E71D7564,0
$40139599DBFF85DF,401055888A1B2853,400BD91E82672352,0
$4013A5C287129F88,40108D2143C80792,400AF1681DB0D14,0
$4013AF89E0D798A2,4010C632051E13AC,400A09B1B8FA7F2A,0
$4013B2CFE686FE7A,4011000000000005,400921FB54442D18,8
4 28 327
4 29 67
4 30 371
4 31 377
4 32 0
4 33 0
3 22 ->
4 23 74
4 24 4
4 25 0
4 26 [2]
$1,-1
4 27 [2][4]
$C01C48C6001F0ABE,C0166A09E667F3B9,0,C074593333333334
$C011EA2AFFF6AFF6,C00816DDCC7F31E,C00D545BADC2877E,C074593333333334
4 28 334
4 29 72
4 30 78
4 31 378
4 32 0
4 33 0
3 22 ->
4 23 73
4 24 4
4 25 0
4 26 [2]
$1,-1
4 27 [2][4]
$C01C48C6001F0ABE,C0166A09E667F3B9,0,C074593333333334
$C011EA2AFFF6AFF6,C00816DDCC7F31E,C00D545BADC2877E,C074593333333334
4 28 333
4 29 71
4 30 77
4 31 377
4 32 0
4 33 0
3 22 ->
4 23 382
4 24 4
4 25 0
4 26 [2]
$1,-1
4 27 [2][4]
$4015FDBBE9BBA775,407459333333332F,C00D545BADC2877D,C074593333333332
$4015FDBBE9BBA775,0,C00D545BADC2877D,0
4 28 76
4 29 72
4 30 384
4 31 74
4 32 0
4 33 0
3 22 ->
4 23 381
4 24 4
4 25 0
4 26 [2]
$1,-1
4 27 [2][4]
$4015FDBBE9BBA775,407459333333332F,C00D545BADC2877D,C074593333333332
$4015FDBBE9BBA775,0,C00D545BADC2877D,0
4 28 75
4 29 71
4 30 383
4 31 73
4 32 0
4 33 0
3 22 ->
4 23 380
4 24 4
4 25 0
4 26 [2]
$1,-1
4 27 [2][4]
$3FF7A8ABFFDABFD4,4019F49119C0671,C00D545BADC2877E,0
$401048C6001F0ABD,400F2BEC3330188E,0,0
4 28 328
4 29 72
4 30 376
4 31 382
4 32 0
4 33 0
3 22 ->
4 23 379
4 24 4
4 25 0
4 26 [2]
$1,-1
4 27 [2][4]
$3FF7A8ABFFDABFD4,4019F49119C0671,C00D545BADC2877E,0
$401048C6001F0ABD,400F2BEC3330188E,0,0
4 28 327
4 29 71
4 30 375
4 31 381
4 32 0
4 33 0
3 22 ->
4 23 78
4 24 4
4 25 0
4 26 [2]
$1,-1
4 27 [19][4]
$C011EA2AFFF6AFF6,C00816DDCC7F31E1,4015FDBBE9BBA775,4074593333333331
$C011B82AC255DC63,C007B081FD02594D,40161595A8CFCF9,4074593333333331
$C011589AA46EECE2,C006DEC63C8F349A,401644E1A3B0134A,4074593333333331
$C010FDFC23E221AC,C0060470A3986DA3,4016742D9E905705,4074593333333331
$C010A880BC0C9F62,C00521F86A62FE1A,4016A37999709AC,4074593333333331
$C01058571A325C3E,C00437D93A678F6F,4016D2C59450DE7A,4074593333333331
$C0100DAB0401521D,C0034692EACC2927,401702118F312235,4074593333333331
$C00F914A7F557013,C0024EA93A95C86B,4017315D8A1165F,4074593333333331
$C00F12D6FB3EA0CA,C00150A388B7FECC,401760A984F1A9AA,4074593333333331
$C00EA04087F5E7F3,C0004D0C8A29E05A,40178FF57FD1ED65,4074593333333331
$C00E39C5B7552D73,BFFE88E3FC513BBF,4017BF417AB2312,4074593333333331
$C00DDF9E7EAE22DB,BFFC6EC8C1A24D4C,4017EE8D759274DA,4074593333333331
$C00D91FC183C0864,BFFA4CED38762A97,40181DD97072B895,4074593333333331
$C00D5108E84252EC,BFF8247B707FF82B,40184D256B52FC5,4074593333333331
$C00D1CE865E6E065,BFF5F6A11235BD5E,40187C716633400A,4074593333333331
$C00CF5B707D45E8A,BFF3C48EBA189173,4018ABBD611383C5,4074593333333331
$C00CDB8A34AF76C9,BFF18F77525FF3EF,4018DB095BF3C78,4074593333333331
$C00CCE7037673C1,BFEEB11ED6C64597,40190A5556D40B3B,4074593333333331
$C00CCCCCCCCCCCC7,BFEC799BFE7F1421,401921FB54442D18,4074593333333331
4 28 334
4 29 76
4 30 82
4 31 382
4 32 0
4 33 0
3 22 ->
4 23 77
4 24 4
4 25 0
4 26 [2]
$1,-1
4 27 [19][4]
$C011EA2AFFF6AFF6,C00816DDCC7F31E1,4015FDBBE9BBA775,4074593333333331
$C011B82AC255DC63,C007B081FD02594D,40161595A8CFCF9,4074593333333331
$C011589AA46EECE2,C006DEC63C8F349A,401644E1A3B0134A,4074593333333331
$C010FDFC23E221AC,C0060470A3986DA3,4016742D9E905705,4074593333333331
$C010A880BC0C9F62,C00521F86A62FE1A,4016A37999709AC,4074593333333331
$C01058571A325C3E,C00437D93A678F6F,4016D2C59450DE7A,4074593333333331
$C0100DAB0401521D,C0034692EACC2927,401702118F312235,4074593333333331
$C00F914A7F557013,C0024EA93A95C86B,4017315D8A1165F,4074593333333331
$C00F12D6FB3EA0CA,C00150A388B7FECC,401760A984F1A9AA,4074593333333331
$C00EA04087F5E7F3,C0004D0C8A29E05A,40178FF57FD1ED65,4074593333333331
$C00E39C5B7552D73,BFFE88E3FC513BBF,4017BF417AB2312,4074593333333331
$C00DDF9E7EAE22DB,BFFC6EC8C1A24D4C,4017EE8D759274DA,4074593333333331
$C00D91FC183C0864,BFFA4CED38762A97,40181DD97072B895,4074593333333331
$C00D5108E84252EC,BFF8247B707FF82B,40184D256B52FC5,4074593333333331
$C00D1CE865E6E065,BFF5F6A11235BD5E,40187C716633400A,4074593333333331
$C00CF5B707D45E8A,BFF3C48EBA189173,4018ABBD611383C5,4074593333333331
$C00CDB8A34AF76C9,BFF18F77525FF3EF,4018DB095BF3C78,4074593333333331
$C00CCE7037673C1,BFEEB11ED6C64597,40190A5556D40B3B,4074593333333331
$C00CCCCCCCCCCCC7,BFEC799BFE7F1421,401921FB54442D18,4074593333333331
4 28 333
4 29 75
4 30 81
4 31 381
4 32 0
4 33 0
3 22 ->
4 23 386
4 24 4
4 25 0
4 26 [2]
$1,-1
4 27 [2][4]
$3FEC799BFE7F1421,C074593333333332,401921FB54442D18,407459333333332F
$3FEC799BFE7F1421,0,401921FB54442D18,0
4 28 80
4 29 76
4 30 388
4 31 78
4 32 0
4 33 0
3 22 ->
4 23 385
4 24 4
4 25 0
4 26 [2]
$1,-1
4 27 [2][4]
$3FEC799BFE7F1421,C074593333333332,401921FB54442D18,407459333333332F
$3FEC799BFE7F1421,0,401921FB54442D18,0
4 28 79
4 29 75
4 30 387
4 31 77
4 32 0
4 33 0
3 22 ->
4 23 384
4 24 4
4 25 0
4 26 [2]
$1,-1
4 27 [19][4]
$3FE3333333333314,4021386640180EBE,401921FB54442D18,0
$3FE339DDAC148C6,402114A07575EBB5,40190A21953004FD,0
$3FE36E7EEFA5D804,4020CDC3A30EE4AB,4018DAD59A4FC142,0
$3FE3D76B5BA4642C,402087210ADA93FC,4018AB899F6F7D88,0
$3FE47469A522E3DC,402040DF3EB598F8,40187C3DA48F39CD,0
$3FE545241288653C,401FF649374339A9,40184CF1A9AEF612,0
$3FE64928AA5F8B38,401F6C2E69A54698,40181DA5AECEB258,0
$3FE77FE97192ADF8,401EE3B97DC94FE6,4017EE59B3EE6E9D,0
$3FE8E8BCB8F2E6C,401E5D34F689C513,4017BF0DB90E2AE2,0
$3FEA82DD79DFB1C8,401DD8EA47B3E0A,40178FC1BE2DE728,0
$3FEC4D6BC1DC8E1,401D5721ADEBFC3,40176075C34DA36D,0
$3FEE476D2CD9DCB,401CD822073BCCAE,40173129C86D5FB2,0
$3FF037E6B6F71C9,401C5C30AC601042,401701DDCD8D1BF7,0
$3FF162AF731AD19,401BE3914AEACF6B,4016D291D2ACD83D,0
$3FF2A36DA4C20BD,401B6E85C04EDE5C,4016A345D7CC9482,0
$3FF3F9722848D544,401AFD4DF5E8CC84,401673F9DCEC50C7,0
$3FF564023C1F6B8,401A9027BE18E59E,401644ADE20C0D0D,0
$3FF6E257E6C44B0C,401A274EB28152B3,40161561E72BC952,0
$3FF7A8ABFFDABFD4,4019F49119C0670F,4015FDBBE9BBA775,0
4 28 328
4 29 76
4 30 380
4 31 386
4 32 0
4 33 0
3 22 ->
4 23 383
4 24 4
4 25 0
4 26 [2]
$1,-1
4 27 [19][4]
$3FE3333333333314,4021386640180EBE,401921FB54442D18,0
$3FE339DDAC148C6,402114A07575EBB5,40190A21953004FD,0
$3FE36E7EEFA5D804,4020CDC3A30EE4AB,4018DAD59A4FC142,0
$3FE3D76B5BA4642C,402087210ADA93FC,4018AB899F6F7D88,0
$3FE47469A522E3DC,402040DF3EB598F8,40187C3DA48F39CD,0
$3FE545241288653C,401FF649374339A9,40184CF1A9AEF612,0
$3FE64928AA5F8B38,401F6C2E69A54698,40181DA5AECEB258,0
$3FE77FE97192ADF8,401EE3B97DC94FE6,4017EE59B3EE6E9D,0
$3FE8E8BCB8F2E6C,401E5D34F689C513,4017BF0DB90E2AE2,0
$3FEA82DD79DFB1C8,401DD8EA47B3E0A,40178FC1BE2DE728,0
$3FEC4D6BC1DC8E1,401D5721ADEBFC3,40176075C34DA36D,0
$3FEE476D2CD9DCB,401CD822073BCCAE,40173129C86D5FB2,0
$3FF037E6B6F71C9,401C5C30AC601042,401701DDCD8D1BF7,0
$3FF162AF731AD19,401BE3914AEACF6B,4016D291D2ACD83D,0
$3FF2A36DA4C20BD,401B6E85C04EDE5C,4016A345D7CC9482,0
$3FF3F9722848D544,401AFD4DF5E8CC84,401673F9DCEC50C7,0
$3FF564023C1F6B8,401A9027BE18E59E,401644ADE20C0D0D,0
$3FF6E257E6C44B0C,401A274EB28152B3,40161561E72BC952,0
$3FF7A8ABFFDABFD4,4019F49119C0670F,4015FDBBE9BBA775,0
4 28 327
4 29 75
4 30 379
4 31 385
4 32 0
4 33 0
3 22 ->
4 23 82
4 24 4
4 25 0
4 26 [2]
$1,-1
4 27 [2][4]
$C00CCCCCCCCCCCC7,BFEC799BFE7F1421,3FEC799BFE7F1421,C074593333333334
$C00CCCCCCCCCCCD2,3FEC799BFE7F1421,BFEC799BFE7F1421,C074593333333334
4 28 334
4 29 80
4 30 230
4 31 386
4 32 0
4 33 0
3 22 ->
4 23 81
4 24 4
4 25 0
4 26 [2]
$1,-1
4 27 [2][4]
$C00CCCCCCCCCCCC7,BFEC799BFE7F1421,3FEC799BFE7F1421,C074593333333334
$C00CCCCCCCCCCCD2,3FEC799BFE7F1421,BFEC799BFE7F1421,C074593333333334
4 28 333
4 29 79
4 30 229
4 31 385
4 32 0
4 33 0
3 22 ->
4 23 390
4 24 4
4 25 0
4 26 [2]
$1,-1
4 27 [2][4]
$0,407459333333332F,BFEC799BFE7F1421,C074593333333332
$0,0,BFEC799BFE7F1421,0
4 28 228
4 29 80
4 30 392
4 31 82
4 32 0
4 33 0
3 22 ->
4 23 389
4 24 4
4 25 0
4 26 [2]
$1,-1
4 27 [2][4]
$0,407459333333332F,BFEC799BFE7F1421,C074593333333332
$0,0,BFEC799BFE7F1421,0
4 28 227
4 29 79
4 30 391
4 31 81
4 32 0
4 33 0
3 22 ->
4 23 388
4 24 4
4 25 0
4 26 [2]
$1,-1
4 27 [2][4]
$3FE333333333334,4024C799BFE7F142,BFEC799BFE7F141F,0
$3FE3333333333314,4021386640180EBE,3FEC799BFE7F141F,0
4 28 328
4 29 80
4 30 384
4 31 390
4 32 0
4 33 0
3 22 ->
4 23 387
4 24 4
4 25 0
4 26 [2]
$1,-1
4 27 [2][4]
$3FE333333333334,4024C799BFE7F142,BFEC799BFE7F141F,0
$3FE3333333333314,4021386640180EBE,3FEC799BFE7F141F,0
4 28 327
4 29 79
4 30 383
4 31 389
4 32 0
4 33 0
3 22 ->
4 23 332
4 24 4
4 25 0
4 26 [2]
$1,-1
4 27 [59][4]
$BFEB33333333333C,4023000000000007,400921FB54442D18,8
$BFEB3C08CF53012,402322DC7E56424C,4008E11CD7FB2DA,8
$BFEB74A5A096EB3,40235ECF23CA9F6A,4008715FB4C0E079,8
$BFEBE17B3C00E688,40239A798DCF43DB,400801A291869352,8
$BFEC8236B6A9B9D,4023D5AE4748B939,400791E56E4C462C,8
$BFED565D9B910E74,4024104034C58C59,400722284B11F905,8
$BFEE5D4E48E9481,40244A02B6DBF1C5,4006B26B27D7ABDE,8
$BFEF96406B3BFEF4,402482C9CC28EB9D,400642AE049D5EB7,8
$BFF08022CB04A5E,4024BA6A32D70A2C,4005D2F0E1631191,8
$BFF14D24FCB6CEB,4024F0B989933C4E,40056333BE28C46A,8
$BFF2318A9A21DA66,4025258E6FD693DA,4004F3769AEE7743,8
$BFF32CA5A111573A,402558C0A56C64AE,400483B977B42A1D,8
$BFF43DB6C2416407,40258A29291CB9F2,400413FC5479DCF6,8
$BFF563EDF31F7095,4025B9A25663C493,4003A43F313F8FCF,8
$BFF69E6B0C4A4FEC,4025E708021F9F0F,400334820E0542A8,8
$BFF7EC3E7458DB08,40261237961E8D28,4002C4C4EACAF582,8
$BFF94C69D6650804,40263B102B78B908,40025507C790A85B,8
$BFFABDE0E3D062BF,40266172A3A15A78,4001E54AA4565B33,8
$BFFC3F8A20AE46DA,40268541C01C2F3,4001758D811C0E0D,8
$BFFDD03FBA381E5B,4026A66238C533FF,400105D05DE1C0E6,8
$BFFF6ED066A841FD,4026C4BAD099A572,400096133AA773BF,8
$C0008D0026E8777B,4026E03468F271EC,40002656176D2698,8
$C0016844FCDF0F18,4026F8BA1321770B,3FFF6D31E865B2E3,8
$C002488FA7557432,40270E3920641ED4,3FFE8DB7A1F11896,8
$C0032D3544C6C6D2,402720A1301F3642,3FFDAE3D5B7C7E49,8
$C0041587A23C18F6,40272FE43C592512,3FFCCEC31507E3FC,8
$C00500D5C003F766,40273BF6A4690544,3FFBEF48CE9349AE,8
$C005EE6C588C004C,402744CF35D27679,3FFB0FCE881EAF61,8
$C006DD9668F5CA87,40274A6733476D72,3FFA305441AA1513,8
$C007CD9DBAFF0F15,40274CBA59CAA9,3FF950D9FB357AC5,8
$C008BDCB6FD40363,40274BC6E3EEE2F6,3FF8715FB4C0E078,0
$C009AD688B6220FB,4027478D8B3043E9,3FF791E56E4C462A,0
$C00A9BBE7FC13512,402740118767126B,3FF6B26B27D7ABDD,0
$C00B8817B84881A4,402735588C540996,3FF5D2F0E163119,0
$C00C71C023E5F995,4027276AC54834F6,3FF4F3769AEE7742,0
$C00D5805BE4E3221,40271652CEEBA132,3FF413FC5479DCF5,0
$C00E3A39179C84BD,4027021DAF279F58,3FF334820E0542A7,0
$C00F17ADD9FC0D44,4026EADACB3AC3A6,3FF25507C790A85A,0
$C00FEFBB4CF3AF84,4026D09BDBFE2EF4,3FF1758D811C0E0C,0
$C01060DE6AF88E1A,4026B374E065127A,3FF096133AA773BF,0
$C010C6893AD87342,4026937C0E40B73E,3FEF6D31E865B2E3,0
$C0112890A1120F92,402670C9C154A48E,3FEDAE3D5B7C7E47,0
$C01186A9EE3B4B1,40264B7868C7C9B,3FEBEF48CE9349AB,0
$C011E08D716DEC23,402623A47300CE71,3FEA305441AA1512,0
$C01235F6AEE61A56,4025F96C37FCE266,3FE8715FB4C0E077,0
$C01286A4942F4834,4025CCEFE2318BAE,3FE6B26B27D7ABDC,0
$C012D259A9B7C41C,40259E51560B121,3FE4F3769AEE7741,0
$C01318DC41A52ABC,40256DB4181A3214,3FE334820E0542A7,0
$C01359F6A3C60D8,40253B3D3204C454,3FE1758D811C0E0B,0
$C0139577367F5248,40250713164DF6B7,3FDF6D31E865B2E,0
$C013CB30A4961DEC,4024D15D830B972B,3FDBEF48CE9349AD,0
$C013FAF9FFB97F5E,40249A45639EC0E6,3FD8715FB4C0E077,0
$C01424AEDFB18B2C,402461F4B186FDB5,3FD4F3769AEE7741,0
$C014482F7E1C254E,4024289654679BA8,3FD1758D811C0E0A,0
$C0146560CEA2576A,4023EE560157945F,3FCBEF48CE9349A8,0
$C0147C2C9393C1F,4023B3601994ED48,3FC4F3769AEE773D,0
$C0148C816ED874E4,402377E188B4EF7B,3FBBEF48CE9349A3,0
$C0149652EF2C4777,40233C07A26AF9D2,3FABEF48CE934999,0
$C0149999999999B7,4023000000000007,0,0
4 28 328
4 29 84
4 30 34
4 31 86
4 32 0
4 33 0
3 22 ->
4 23 331
4 24 4
4 25 0
4 26 [2]
$1,-1
4 27 [59][4]
$BFEB33333333333C,4023000000000007,400921FB54442D18,8
$BFEB3C08CF53012,402322DC7E56424C,4008E11CD7FB2DA,8
$BFEB74A5A096EB3,40235ECF23CA9F6A,4008715FB4C0E079,8
$BFEBE17B3C00E688,40239A798DCF43DB,400801A291869352,8
$BFEC8236B6A9B9D,4023D5AE4748B939,400791E56E4C462C,8
$BFED565D9B910E74,4024104034C58C59,400722284B11F905,8
$BFEE5D4E48E9481,40244A02B6DBF1C5,4006B26B27D7ABDE,8
$BFEF96406B3BFEF4,402482C9CC28EB9D,400642AE049D5EB7,8
$BFF08022CB04A5E,4024BA6A32D70A2C,4005D2F0E1631191,8
$BFF14D24FCB6CEB,4024F0B989933C4E,40056333BE28C46A,8
$BFF2318A9A21DA66,4025258E6FD693DA,4004F3769AEE7743,8
$BFF32CA5A111573A,402558C0A56C64AE,400483B977B42A1D,8
$BFF43DB6C2416407,40258A29291CB9F2,400413FC5479DCF6,8
$BFF563EDF31F7095,4025B9A25663C493,4003A43F313F8FCF,8
$BFF69E6B0C4A4FEC,4025E708021F9F0F,400334820E0542A8,8
$BFF7EC3E7458DB08,40261237961E8D28,4002C4C4EACAF582,8
$BFF94C69D6650804,40263B102B78B908,40025507C790A85B,8
$BFFABDE0E3D062BF,40266172A3A15A78,4001E54AA4565B33,8
$BFFC3F8A20AE46DA,40268541C01C2F3,4001758D811C0E0D,8
$BFFDD03FBA381E5B,4026A66238C533FF,400105D05DE1C0E6,8
$BFFF6ED066A841FD,4026C4BAD099A572,400096133AA773BF,8
$C0008D0026E8777B,4026E03468F271EC,40002656176D2698,8
$C0016844FCDF0F18,4026F8BA1321770B,3FFF6D31E865B2E3,8
$C002488FA7557432,40270E3920641ED4,3FFE8DB7A1F11896,8
$C0032D3544C6C6D2,402720A1301F3642,3FFDAE3D5B7C7E49,8
$C0041587A23C18F6,40272FE43C592512,3FFCCEC31507E3FC,8
$C00500D5C003F766,40273BF6A4690544,3FFBEF48CE9349AE,8
$C005EE6C588C004C,402744CF35D27679,3FFB0FCE881EAF61,8
$C006DD9668F5CA87,40274A6733476D72,3FFA305441AA1513,8
$C007CD9DBAFF0F15,40274CBA59CAA9,3FF950D9FB357AC5,8
$C008BDCB6FD40363,40274BC6E3EEE2F6,3FF8715FB4C0E078,0
$C009AD688B6220FB,4027478D8B3043E9,3FF791E56E4C462A,0
$C00A9BBE7FC13512,402740118767126B,3FF6B26B27D7ABDD,0
$C00B8817B84881A4,402735588C540996,3FF5D2F0E163119,0
$C00C71C023E5F995,4027276AC54834F6,3FF4F3769AEE7742,0
$C00D5805BE4E3221,40271652CEEBA132,3FF413FC5479DCF5,0
$C00E3A39179C84BD,4027021DAF279F58,3FF334820E0542A7,0
$C00F17ADD9FC0D44,4026EADACB3AC3A6,3FF25507C790A85A,0
$C00FEFBB4CF3AF84,4026D09BDBFE2EF4,3FF1758D811C0E0C,0
$C01060DE6AF88E1A,4026B374E065127A,3FF096133AA773BF,0
$C010C6893AD87342,4026937C0E40B73E,3FEF6D31E865B2E3,0
$C0112890A1120F92,402670C9C154A48E,3FEDAE3D5B7C7E47,0
$C01186A9EE3B4B1,40264B7868C7C9B,3FEBEF48CE9349AB,0
$C011E08D716DEC23,402623A47300CE71,3FEA305441AA1512,0
$C01235F6AEE61A56,4025F96C37FCE266,3FE8715FB4C0E077,0
$C01286A4942F4834,4025CCEFE2318BAE,3FE6B26B27D7ABDC,0
$C012D259A9B7C41C,40259E51560B121,3FE4F3769AEE7741,0
$C01318DC41A52ABC,40256DB4181A3214,3FE334820E0542A7,0
$C01359F6A3C60D8,40253B3D3204C454,3FE1758D811C0E0B,0
$C0139577367F5248,40250713164DF6B7,3FDF6D31E865B2E,0
$C013CB30A4961DEC,4024D15D830B972B,3FDBEF48CE9349AD,0
$C013FAF9FFB97F5E,40249A45639EC0E6,3FD8715FB4C0E077,0
$C01424AEDFB18B2C,402461F4B186FDB5,3FD4F3769AEE7741,0
$C014482F7E1C254E,4024289654679BA8,3FD1758D811C0E0A,0
$C0146560CEA2576A,4023EE560157945F,3FCBEF48CE9349A8,0
$C0147C2C9393C1F,4023B3601994ED48,3FC4F3769AEE773D,0
$C0148C816ED874E4,402377E188B4EF7B,3FBBEF48CE9349A3,0
$C0149652EF2C4777,40233C07A26AF9D2,3FABEF48CE934999,0
$C0149999999999B7,4023000000000007,0,0
4 28 327
4 29 83
4 30 33
4 31 85
4 32 0
4 33 0
3 22 ->
4 23 340
4 24 4
4 25 0
4 26 [2]
$1,-1
4 27 [59][4]
$400133333333336C,3D0C52,0,4074593333333331
$400130FDCC2B3FF3,3FB16E3F2B2125D9,3FA0379F123FDE19,4074593333333331
$400122D697DA456E,3FC7B3C8F2A7DA7,3FB61373F06993E4,4074593333333331
$400107A130FFC699,3FD34F31B9E87B69,3FC2058C2BD99C5C,4074593333333331
$4000DF72525591C7,3FDAB5C8E917272D,3FC9015E5F7E6EC8,4074593333333331
$4000AA68991BBC9E,3FE104034C58C59,3FCFFD3093234137,4074593333333331
$400068AC6DC5AE37,3FE4A02B6DBF1C5,3FD37C81636409CF,4074593333333331
$40001A6FE531007E,3FE82C9CC28EB9CE,3FD6FA6A7D367305,4074593333333331
$3FFF7FDD34FB5A96,3FEBA6A32D70A2C4,3FDA78539708DC3C,4074593333333331
$3FFEB2DB034931C5,3FEF0B989933C4DE,3FDDF63CB0DB4571,4074593333333331
$3FFDCE7565DE260F,3FF12C737EB49ECF,3FE0BA12E556D755,4074593333333331
$3FFCD35A5EEEA93B,3FF2C6052B63256E,3FE2790772400BEF,4074593333333331
$3FFBC2493DBE9C6F,3FF4514948E5CF92,3FE437FBFF29408A,4074593333333331
$3FFA9C120CE08FE1,3FF5CD12B31E2497,3FE5F6F08C127525,4074593333333331
$3FF96194F3B5B08A,3FF7384010FCF877,3FE7B5E518FBA9C1,4074593333333331
$3FF813C18BA7256D,3FF891BCB0F46941,3FE974D9A5E4DE5C,4074593333333331
$3FF6B396299AF871,3FF9D8815BC5C83D,3FEB33CE32CE12F7,4074593333333331
$3FF5421F1C2F9DB6,3FFB0B951D0AD3C4,3FECF2C2BFB74794,4074593333333331
$3FF3C075DF51B99C,3FFC2A0E00E1797F,3FEEB1B74CA07C2E,4074593333333331
$3FF22FC045C7E21A,3FFD3311C6299FFA,3FF03855ECC4D865,4074593333333331
$3FF0912F9957BE78,3FFE25D684CD2B8E,3FF117D0333972B3,4074593333333331
$3FEDCBFF645E22FE,3FFF01A347938F5D,3FF1F74A79AE0D,4074593333333331
$3FEA5EEC0C83C48B,3FFFC5D0990BB858,3FF2D6C4C022A74D,4074593333333331
$3FE6DDC162AA3025,400038E481907B51,3FF3B63F0697419A,4074593333333331
$3FE34B2AECE4E5A,40008284C07CD906,3FF495B94D0BDBE8,4074593333333331
$3FDF53C2EE1F3A22,4000BF90F1649446,3FF5753393807635,4074593333333331
$3FD7F951FFE046A3,4000EFDA91A4150F,3FF654ADD9F51083,4074593333333331
$3FD08C9D3B9FFF74,4001133CD749D9E5,3FF734282069AAD,4074593333333331
$3FC2269970A35B33,4001299CCD1DB5CA,3FF813A266DE451E,4074593333333331
$3F993122807892CB,400132E9672AA3FE,3FF8F31CAD52DF6B,4074593333333331
$BFB7B96DFA806514,40012F1B8FBB8BDA,3FF9D296F3C779B8,4074593333333331
$BFCAD688B6220C01,40011E362CC10FA4,3FFAB2113A3C1406,4074593333333331
$BFD4DDF3FE09A6BA,400100461D9C49AD,3FFB918B80B0AE54,4074593333333331
$BFDC40BDC2440B48,4000D5623150265A,3FFC7105C72548A1,4074593333333331
$BFE1C7008F97E569,40009DAB1520D3D8,3FFD50800D99E2EE,4074593333333331
$BFE56016F938C799,4000594B3BAE84C7,3FFE2FFA540E7D3C,4074593333333331
$BFE8E8E45E72120A,40000876BC9E7D5F,3FFF0F749A83178A,4074593333333331
$BFEC5EB767F03428,3FFF56D659D61D2C,3FFFEEEEE0F7B1D7,4074593333333331
$BFEFBEED33CEBD23,3FFE84DEDFF177A2,4000673493B62612,4074593333333331
$BFF18379ABE237F1,3FFD9BA7032893CD,4000D6F1B6F07339,4074593333333331
$BFF31A24EB61CC93,3FFC9BE07205B9F,400146AEDA2AC06,4074593333333331
$BFF4A24284483DD4,3FFB864E0AA5246C,4001B66BFD650D86,4074593333333331
$BFF61AA7B8ED2BC8,3FFA5BC3463E4D82,40022629209F5AAD,4074593333333331
$BFF78235C5B7B017,3FF91D239806738B,400295E643D9A7D4,4074593333333331
$BFF8D7DABB9868E3,3FF7CB61BFE7133,400305A36713F4FB,4074593333333331
$BFFA1A9250BD2059,3FF6677F118C5D73,400375608A4E4221,4074593333333331
$BFFB4966A6DF0FF9,3FF4F28AB058907F,4003E51DAD888F48,4074593333333331
$BFFC63710694AA78,3FF36DA0C0D1909D,400454DAD0C2DC6F,4074593333333331
$BFFD67DA8F18358B,3FF1D9E99026229E,4004C497F3FD2996,4074593333333331
$BFFE55DCD9FD48AC,3FF03898B26FB5B8,40053455173776BC,4074593333333331
$BFFF2CC29258773D,3FED15D830B972AF,4005A4123A71C3E3,4074593333333331
$BFFFEBE7FEE5FD05,3FE9A45639EC0E67,400613CF5DAC110A,4074593333333331
$C000495DBF63161D,3FE61F4B186FDB4D,4006838C80E65E3,4074593333333331
$C000905EFC384A62,3FE289654679BA7B,4006F349A420AB57,4074593333333331
$C000CAC19D44AE9B,3FDDCAC02AF28BDF,40076306C75AF87E,4074593333333331
$C000F859272783A5,3FD66C03329DA8F3,4007D2C3EA9545A4,4074593333333331
$C0011902DDB0E98D,3FCDF8622D3BDECC,400842810DCF92CB,4074593333333331
$C0012CA5DE588EB3,3FBE03D1357CE90A,4008B23E3109DFF2,4074593333333331
$C001333333333333,3D0BBA37EAAF1DB4,400921FB54442D18,4074593333333331
4 28 334
4 29 84
4 30 336
4 31 338
4 32 0
4 33 0
3 22 ->
4 23 339
4 24 4
4 25 0
4 26 [2]
$1,-1
4 27 [59][4]
$400133333333336C,3D0C52,0,4074593333333331
$400130FDCC2B3FF3,3FB16E3F2B2125D9,3FA0379F123FDE19,4074593333333331
$400122D697DA456E,3FC7B3C8F2A7DA7,3FB61373F06993E4,4074593333333331
$400107A130FFC699,3FD34F31B9E87B69,3FC2058C2BD99C5C,4074593333333331
$4000DF72525591C7,3FDAB5C8E917272D,3FC9015E5F7E6EC8,4074593333333331
$4000AA68991BBC9E,3FE104034C58C59,3FCFFD3093234137,4074593333333331
$400068AC6DC5AE37,3FE4A02B6DBF1C5,3FD37C81636409CF,4074593333333331
$40001A6FE531007E,3FE82C9CC28EB9CE,3FD6FA6A7D367305,4074593333333331
$3FFF7FDD34FB5A96,3FEBA6A32D70A2C4,3FDA78539708DC3C,4074593333333331
$3FFEB2DB034931C5,3FEF0B989933C4DE,3FDDF63CB0DB4571,4074593333333331
$3FFDCE7565DE260F,3FF12C737EB49ECF,3FE0BA12E556D755,4074593333333331
$3FFCD35A5EEEA93B,3FF2C6052B63256E,3FE2790772400BEF,4074593333333331
$3FFBC2493DBE9C6F,3FF4514948E5CF92,3FE437FBFF29408A,4074593333333331
$3FFA9C120CE08FE1,3FF5CD12B31E2497,3FE5F6F08C127525,4074593333333331
$3FF96194F3B5B08A,3FF7384010FCF877,3FE7B5E518FBA9C1,4074593333333331
$3FF813C18BA7256D,3FF891BCB0F46941,3FE974D9A5E4DE5C,4074593333333331
$3FF6B396299AF871,3FF9D8815BC5C83D,3FEB33CE32CE12F7,4074593333333331
$3FF5421F1C2F9DB6,3FFB0B951D0AD3C4,3FECF2C2BFB74794,4074593333333331
$3FF3C075DF51B99C,3FFC2A0E00E1797F,3FEEB1B74CA07C2E,4074593333333331
$3FF22FC045C7E21A,3FFD3311C6299FFA,3FF03855ECC4D865,4074593333333331
$3FF0912F9957BE78,3FFE25D684CD2B8E,3FF117D0333972B3,4074593333333331
$3FEDCBFF645E22FE,3FFF01A347938F5D,3FF1F74A79AE0D,4074593333333331
$3FEA5EEC0C83C48B,3FFFC5D0990BB858,3FF2D6C4C022A74D,4074593333333331
$3FE6DDC162AA3025,400038E481907B51,3FF3B63F0697419A,4074593333333331
$3FE34B2AECE4E5A,40008284C07CD906,3FF495B94D0BDBE8,4074593333333331
$3FDF53C2EE1F3A22,4000BF90F1649446,3FF5753393807635,4074593333333331
$3FD7F951FFE046A3,4000EFDA91A4150F,3FF654ADD9F51083,4074593333333331
$3FD08C9D3B9FFF74,4001133CD749D9E5,3FF734282069AAD,4074593333333331
$3FC2269970A35B33,4001299CCD1DB5CA,3FF813A266DE451E,4074593333333331
$3F993122807892CB,400132E9672AA3FE,3FF8F31CAD52DF6B,4074593333333331
$BFB7B96DFA806514,40012F1B8FBB8BDA,3FF9D296F3C779B8,4074593333333331
$BFCAD688B6220C01,40011E362CC10FA4,3FFAB2113A3C1406,4074593333333331
$BFD4DDF3FE09A6BA,400100461D9C49AD,3FFB918B80B0AE54,4074593333333331
$BFDC40BDC2440B48,4000D5623150265A,3FFC7105C72548A1,4074593333333331
$BFE1C7008F97E569,40009DAB1520D3D8,3FFD50800D99E2EE,4074593333333331
$BFE56016F938C799,4000594B3BAE84C7,3FFE2FFA540E7D3C,4074593333333331
$BFE8E8E45E72120A,40000876BC9E7D5F,3FFF0F749A83178A,4074593333333331
$BFEC5EB767F03428,3FFF56D659D61D2C,3FFFEEEEE0F7B1D7,4074593333333331
$BFEFBEED33CEBD23,3FFE84DEDFF177A2,4000673493B62612,4074593333333331
$BFF18379ABE237F1,3FFD9BA7032893CD,4000D6F1B6F07339,4074593333333331
$BFF31A24EB61CC93,3FFC9BE07205B9F,400146AEDA2AC06,4074593333333331
$BFF4A24284483DD4,3FFB864E0AA5246C,4001B66BFD650D86,4074593333333331
$BFF61AA7B8ED2BC8,3FFA5BC3463E4D82,40022629209F5AAD,4074593333333331
$BFF78235C5B7B017,3FF91D239806738B,400295E643D9A7D4,4074593333333331
$BFF8D7DABB9868E3,3FF7CB61BFE7133,400305A36713F4FB,4074593333333331
$BFFA1A9250BD2059,3FF6677F118C5D73,400375608A4E4221,4074593333333331
$BFFB4966A6DF0FF9,3FF4F28AB058907F,4003E51DAD888F48,4074593333333331
$BFFC63710694AA78,3FF36DA0C0D1909D,400454DAD0C2DC6F,4074593333333331
$BFFD67DA8F18358B,3FF1D9E99026229E,4004C497F3FD2996,4074593333333331
$BFFE55DCD9FD48AC,3FF03898B26FB5B8,40053455173776BC,4074593333333331
$BFFF2CC29258773D,3FED15D830B972AF,4005A4123A71C3E3,4074593333333331
$BFFFEBE7FEE5FD05,3FE9A45639EC0E67,400613CF5DAC110A,4074593333333331
$C000495DBF63161D,3FE61F4B186FDB4D,4006838C80E65E3,4074593333333331
$C000905EFC384A62,3FE289654679BA7B,4006F349A420AB57,4074593333333331
$C000CAC19D44AE9B,3FDDCAC02AF28BDF,40076306C75AF87E,4074593333333331
$C000F859272783A5,3FD66C03329DA8F3,4007D2C3EA9545A4,4074593333333331
$C0011902DDB0E98D,3FCDF8622D3BDECC,400842810DCF92CB,4074593333333331
$C0012CA5DE588EB3,3FBE03D1357CE90A,4008B23E3109DFF2,4074593333333331
$C001333333333333,3D0BBA37EAAF1DB4,400921FB54442D18,4074593333333331
4 28 333
4 29 83
4 30 335
4 31 337
4 32 0
4 33 0
3 22 ->
4 23 90
4 24 4
4 25 0
4 26 [2]
$1,-1
4 27 [2][4]
$3FEC799BFE7F147F,C00CCCCCCCCCCCCC,3FEC799BFE7F147F,C074593333333334
$BFEC799BFE7F147F,C00CCCCCCCCCCCCE,BFEC799BFE7F147F,C074593333333334
4 28 334
4 29 88
4 30 94
4 31 394
4 32 0
4 33 0
3 22 ->
4 23 89
4 24 4
4 25 0
4 26 [2]
$1,-1
4 27 [2][4]
$3FEC799BFE7F147F,C00CCCCCCCCCCCCC,3FEC799BFE7F147F,C074593333333334
$BFEC799BFE7F147F,C00CCCCCCCCCCCCE,BFEC799BFE7F147F,C074593333333334
4 28 333
4 29 87
4 30 93
4 31 393
4 32 0
4 33 0
3 22 ->
4 23 396
4 24 4
4 25 0
4 26 [2]
$1,-1
4 27 [2][4]
$3FF921FB54442D18,407459333333332F,BFEC799BFE7F147F,C074593333333332
$3FF921FB54442D18,8,BFEC799BFE7F147F,0
4 28 92
4 29 88
4 30 398
4 31 90
4 32 0
4 33 0
3 22 ->
4 23 395
4 24 4
4 25 0
4 26 [2]
$1,-1
4 27 [2][4]
$3FF921FB54442D18,407459333333332F,BFEC799BFE7F147F,C074593333333332
$3FF921FB54442D18,8,BFEC799BFE7F147F,0
4 28 91
4 29 87
4 30 397
4 31 89
4 32 0
4 33 0
3 22 ->
4 23 400
4 24 4
4 25 0
4 26 [2]
$1,-1
4 27 [2][4]
$C000E19900603AE3,4017999999999999,BFEC799BFE7F147D,0
$C00F1E66FF9FC521,401799999999999A,3FEC799BFE7F147D,0
4 28 328
4 29 88
4 30 402
4 31 396
4 32 0
4 33 0
3 22 ->
4 23 399
4 24 4
4 25 0
4 26 [2]
$1,-1
4 27 [2][4]
$C000E19900603AE3,4017999999999999,BFEC799BFE7F147D,0
$C00F1E66FF9FC521,401799999999999A,3FEC799BFE7F147D,0
4 28 327
4 29 87
4 30 401
4 31 395
4 32 0
4 33 0
3 22 ->
4 23 394
4 24 4
4 25 0
4 26 [2]
$1,-1
4 27 [2][4]
$3FEC799BFE7F147F,C074593333333332,4012D97C7F3321D2,407459333333332F
$3FEC799BFE7F147F,0,4012D97C7F3321D2,0
4 28 88
4 29 164
4 30 400
4 31 166
4 32 0
4 33 0
3 22 ->
4 23 393
4 24 4
4 25 0
4 26 [2]
$1,-1
4 27 [2][4]
$3FEC799BFE7F147F,C074593333333332,4012D97C7F3321D2,407459333333332F
$3FEC799BFE7F147F,0,4012D97C7F3321D2,0
4 28 87
4 29 163
4 30 399
4 31 165
4 32 0
4 33 0
3 22 ->
4 23 94
4 24 4
4 25 0
4 26 [2]
$1,-1
4 27 [19][4]
$BFEC799BFE7F1484,C00CCCCCCCCCCCCE,3FF921FB54442D19,4074593333333331
$BFEEB5F8A8A1451A,C00CCE776B052322,3FF981625094CD86,4074593333333331
$BFF191E2E788DAE2,C00CDB9FBBE9760B,3FFA3E923C15DC71,4074593333333331
$BFF3C6F7A92B6055,C00CF5DAD6E91915,3FFAFBC22796EB5C,4074593333333331
$BFF5F9060A533875,C00D1D1A6948B901,3FFBB8F21317FA47,4074593333333331
$BFF826DB22F31991,C00D514904A21959,3FFC7621FE990931,4074593333333331
$BFFA4F46596AE5D5,C00D924A2A97E2D8,3FFD3351EA1A181D,4074593333333331
$BFFC711A08DAC09D,C00DDFFA5C64AB88,3FFDF081D59B2708,4074593333333331
$BFFE8B2C25D8EBEA,C00E3A2F2E3CB9BB,3FFEADB1C11C35F1,4074593333333331
$C0004E2B70983EDC,C00EA0B75E77EC7C,3FFF6AE1AC9D44DD,4074593333333331
$C00151BCA42807BA,C00F135AF077238E,40001408CC0F29E4,4074593333333331
$C0024FBBF18866C,C00F91DB4B367736,400072A0C1CFB159,4074593333333331
$C003479EA73FDF97,C0100DF9ADBDC729,4000D138B79038CE,4074593333333331
$C00438DD6A2A6146,C01058ABDCC6B468,40012FD0AD50C044,4074593333333331
$C00522F47F624362,C010A8DB693082F9,40018E68A31147B9,4074593333333331
$C0060564142E6712,C010FE5C8A123555,4001ED0098D1CF2E,4074593333333331
$C006DFB083CE34DE,C01159008F07DAE6,40024B988E9256A4,4074593333333331
$C007B1629AFD5AB3,C011B895F9B112C8,4002AA308452DE19,4074593333333331
$C00816DDCC7F31FB,C011EA2AFFF6AFFB,4002D97C7F3321D4,4074593333333331
4 28 334
4 29 92
4 30 98
4 31 396
4 32 0
4 33 0
3 22 ->
4 23 93
4 24 4
4 25 0
4 26 [2]
$1,-1
4 27 [19][4]
$BFEC799BFE7F1484,C00CCCCCCCCCCCCE,3FF921FB54442D19,4074593333333331
$BFEEB5F8A8A1451A,C00CCE776B052322,3FF981625094CD86,4074593333333331
$BFF191E2E788DAE2,C00CDB9FBBE9760B,3FFA3E923C15DC71,4074593333333331
$BFF3C6F7A92B6055,C00CF5DAD6E91915,3FFAFBC22796EB5C,4074593333333331
$BFF5F9060A533875,C00D1D1A6948B901,3FFBB8F21317FA47,4074593333333331
$BFF826DB22F31991,C00D514904A21959,3FFC7621FE990931,4074593333333331
$BFFA4F46596AE5D5,C00D924A2A97E2D8,3FFD3351EA1A181D,4074593333333331
$BFFC711A08DAC09D,C00DDFFA5C64AB88,3FFDF081D59B2708,4074593333333331
$BFFE8B2C25D8EBEA,C00E3A2F2E3CB9BB,3FFEADB1C11C35F1,4074593333333331
$C0004E2B70983EDC,C00EA0B75E77EC7C,3FFF6AE1AC9D44DD,4074593333333331
$C00151BCA42807BA,C00F135AF077238E,40001408CC0F29E4,4074593333333331
$C0024FBBF18866C,C00F91DB4B367736,400072A0C1CFB159,4074593333333331
$C003479EA73FDF97,C0100DF9ADBDC729,4000D138B79038CE,4074593333333331
$C00438DD6A2A6146,C01058ABDCC6B468,40012FD0AD50C044,4074593333333331
$C00522F47F624362,C010A8DB693082F9,40018E68A31147B9,4074593333333331
$C0060564142E6712,C010FE5C8A123555,4001ED0098D1CF2E,4074593333333331
$C006DFB083CE34DE,C01159008F07DAE6,40024B988E9256A4,4074593333333331
$C007B1629AFD5AB3,C011B895F9B112C8,4002AA308452DE19,4074593333333331
$C00816DDCC7F31FB,C011EA2AFFF6AFFB,4002D97C7F3321D4,4074593333333331
4 28 333
4 29 91
4 30 97
4 31 395
4 32 0
4 33 0
3 22 ->
4 23 404
4 24 4
4 25 0
4 26 [2]
$1,-1
4 27 [2][4]
$BCD0F876CCDF6CDC,C074593333333333,4002D97C7F3321D3,407459333333332F
$BCD0F876CCDF6CDC,0,4002D97C7F3321D3,8
4 28 96
4 29 92
4 30 406
4 31 94
4 32 0
4 33 0
3 22 ->
4 23 403
4 24 4
4 25 0
4 26 [2]
$1,-1
4 27 [2][4]
$BCD0F876CCDF6CDC,C074593333333333,4002D97C7F3321D3,407459333333332F
$BCD0F876CCDF6CDC,0,4002D97C7F3321D3,8
4 28 95
4 29 91
4 30 405
4 31 93
4 32 0
4 33 0
3 22 ->
4 23 398
4 24 4
4 25 0
4 26 [2]
$1,-1
4 27 [19][4]
$3F86DDCC7F31F6,401415D500095006,4002D97C7F3321D3,8
$BFA3DF80BF69A78,401447D53DAA239A,4002A9C9010AD19C,8
$BFC2139C370CB51,4014A7655B91131B,40024B310B4A4A27,8
$BFCFB8F5C679248,40150203DC1DDE5,4001EC991589C2B2,8
$BFD6F03CACE80E88,4015577F43F3609A,40018E011FC93B3C,8
$BFDE41362CC383D8,4015A7A8E5CDA3BE,40012F692A08B3C8,8
$BFE2E5B454CF5B1,4015F254FBFEADE,4000D0D134482C52,8
$BFE6C55B15A8DE,4016375AC05547F4,400072393E87A4DC,8
$BFEABD71DD20047C,401676948260AF97,400013A148C71D67,8
$BFEECBCDD7587E44,4016AFDFBC050C04,3FFF6A12A60D2BE3,8
$BFF1771C03AEC416,4016E31D24556943,3FFEACE2BA8C1CF9,8
$BFF391373E5DB289,40171030C0A8EE8F,3FFDEFB2CF0B0E0E,8
$BFF5B312C789D53E,40173701F3E1FBCA,3FFD3282E389FF24,8
$BFF7DB848F8007AA,4017577B8BDED686,3FFC7552F808F039,8
$BFFA095EEDCA4279,4017718BCD0C8FCA,3FFBB8230C87E14E,8
$BFFC3B7145E76E63,401785247C15D0B8,3FFAFAF32106D263,8
$BFFE7088ADA00BE6,4017923AE5A84498,3FFA3DC33585C378,8
$C00053B84A4E6E85,401798C7E44C61F4,3FF980934A04B48E,8
$C000E19900603AE3,4017999999999999,3FF921FB54442D18,0
4 28 328
4 29 92
4 30 400
4 31 404
4 32 0
4 33 0
3 22 ->
4 23 397
4 24 4
4 25 0
4 26 [2]
$1,-1
4 27 [19][4]
$3F86DDCC7F31F6,401415D500095006,4002D97C7F3321D3,8
$BFA3DF80BF69A78,401447D53DAA239A,4002A9C9010AD19C,8
$BFC2139C370CB51,4014A7655B91131B,40024B310B4A4A27,8
$BFCFB8F5C679248,40150203DC1DDE5,4001EC991589C2B2,8
$BFD6F03CACE80E88,4015577F43F3609A,40018E011FC93B3C,8
$BFDE41362CC383D8,4015A7A8E5CDA3BE,40012F692A08B3C8,8
$BFE2E5B454CF5B1,4015F254FBFEADE,4000D0D134482C52,8
$BFE6C55B15A8DE,4016375AC05547F4,400072393E87A4DC,8
$BFEABD71DD20047C,401676948260AF97,400013A148C71D67,8
$BFEECBCDD7587E44,4016AFDFBC050C04,3FFF6A12A60D2BE3,8
$BFF1771C03AEC416,4016E31D24556943,3FFEACE2BA8C1CF9,8
$BFF391373E5DB289,40171030C0A8EE8F,3FFDEFB2CF0B0E0E,8
$BFF5B312C789D53E,40173701F3E1FBCA,3FFD3282E389FF24,8
$BFF7DB848F8007AA,4017577B8BDED686,3FFC7552F808F039,8
$BFFA095EEDCA4279,4017718BCD0C8FCA,3FFBB8230C87E14E,8
$BFFC3B7145E76E63,401785247C15D0B8,3FFAFAF32106D263,8
$BFFE7088ADA00BE6,4017923AE5A84498,3FFA3DC33585C378,8
$C00053B84A4E6E85,401798C7E44C61F4,3FF980934A04B48E,8
$C000E19900603AE3,4017999999999999,3FF921FB54442D18,0
4 28 327
4 29 91
4 30 399
4 31 403
4 32 0
4 33 0
3 22 ->
4 23 98
4 24 4
4 25 0
4 26 [2]
$1,-1
4 27 [2][4]
$C00816DDCC7F31F9,C011EA2AFFF6AFFA,BCD0F876CCDF6CDC,C074593333333335
$C0166A09E667F3BB,C01C48C6001F0ABF,C00D545BADC2876D,C074593333333335
4 28 334
4 29 96
4 30 102
4 31 404
4 32 0
4 33 0
3 22 ->
4 23 97
4 24 4
4 25 0
4 26 [2]
$1,-1
4 27 [2][4]
$C00816DDCC7F31F9,C011EA2AFFF6AFFA,BCD0F876CCDF6CDC,C074593333333335
$C0166A09E667F3BB,C01C48C6001F0ABF,C00D545BADC2876D,C074593333333335
4 28 333
4 29 95
4 30 101
4 31 403
4 32 0
4 33 0
3 22 ->
4 23 408
4 24 4
4 25 0
4 26 [2]
$1,-1
4 27 [2][4]
$4002D97C7F3321D5,407459333333332F,C00D545BADC2876E,C074593333333333
$4002D97C7F3321D5,8,C00D545BADC2876E,0
4 28 100
4 29 96
4 30 410
4 31 98
4 32 0
4 33 0
3 22 ->
4 23 407
4 24 4
4 25 0
4 26 [2]
$1,-1
4 27 [2][4]
$4002D97C7F3321D5,407459333333332F,C00D545BADC2876E,C074593333333333
$4002D97C7F3321D5,8,C00D545BADC2876E,0
4 28 99
4 29 95
4 30 409
4 31 97
4 32 0
4 33 0
3 22 ->
4 23 406
4 24 4
4 25 0
4 26 [2]
$1,-1
4 27 [2][4]
$4004D413CCCFE772,40036E73FFC1EA82,C00D545BADC2876C,0
$3F86DDCC7F31F7,401415D500095006,BCD0F876CCDF6CDC,0
4 28 328
4 29 96
4 30 398
4 31 408
4 32 0
4 33 0
3 22 ->
4 23 405
4 24 4
4 25 0
4 26 [2]
$1,-1
4 27 [2][4]
$4004D413CCCFE772,40036E73FFC1EA82,C00D545BADC2876C,0
$3F86DDCC7F31F7,401415D500095006,BCD0F876CCDF6CDC,0
4 28 327
4 29 95
4 30 397
4 31 407
4 32 0
4 33 0
3 22 ->
4 23 102
4 24 4
4 25 0
4 26 [2]
$1,-1
4 27 [22][4]
$C0166A09E667F3BB,C01C48C6001F0ABF,4002D97C7F3321D2,4074593333333331
$C0168A37F382FBC1,C01C6C1B96BD2FC4,400398B92027DA2F,4074593333333331
$C016AC9537B8F1C7,C01C9AB426AACFE7,4004806F84DE2C41,4074593333333331
$C016C97781F5F1CD,C01CCCE1A7A6EFF2,40056825E9947E53,4074593333333331
$C016E08044D6C283,C01D01FFD7A011FE,40064FDC4E4AD065,4074593333333331
$C016F164192A8409,C01D3960D49730D,40073792B301227A,4074593333333331
$C016FBEBB4C82696,C01D724F55D56533,40081F4917B7748B,4074593333333331
$C016FFF49F8C673C,C01DAC10FD5BF351,400906FF7C6DC69B,4074593333333331
$C016FD71A42FD744,C01DE5E8B9F81E15,4009EEB5E12418B,4074593333333331
$C016F46AFB838F21,C01E1F19322DA61E,400AD66C45DA6AC5,4074593333333331
$C016E4FE31870338,C01E56E7300DEAF3,400BBE22AA90BCD2,4074593333333331
$C016CF5DC4AF15AB,C01E8C9C060E9E7D,400CA5D90F470EE9,4074593333333331
$C016B3D0809B04B6,C01EBF87E509E644,400D8D8F73FD60FC,4074593333333331
$C01692B096544CE3,C01EEF041BC258E1,400E7545D8B3B30B,4074593333333331
$C0166C6A75102341,C01F1A75388EE0AE,400F5CFC3D6A0521,4074593333333331
$C016417B673904C4,C01F414D06343EFB,4010225951102B98,4074593333333331
$C016126FF84A555B,C01F630C5D6A7478,40109634836B54A3,4074593333333331
$C015DFE228BCAB0D,C01F7F44C51A29C3,40110A0FB5C67DAA,4074593333333331
$C015AA7775E4D7AF,C01F9599DBFF85E4,40117DEAE821A6B6,4074593333333331
$C01572DEBC37F87,C01FA5C287129F8D,4011F1C61A7CCFBE,4074593333333331
$C01539CDFAE1EC56,C01FAF89E0D798A7,401265A14CD7F8C9,4074593333333331
$C014FFFFFFFFFFFD,C01FB2CFE686FE7F,4012D97C7F3321D2,4074593333333331
4 28 334
4 29 100
4 30 106
4 31 408
4 32 0
4 33 0
3 22 ->
4 23 101
4 24 4
4 25 0
4 26 [2]
$1,-1
4 27 [22][4]
$C0166A09E667F3BB,C01C48C6001F0ABF,4002D97C7F3321D2,4074593333333331
$C0168A37F382FBC1,C01C6C1B96BD2FC4,400398B92027DA2F,4074593333333331
$C016AC9537B8F1C7,C01C9AB426AACFE7,4004806F84DE2C41,4074593333333331
$C016C97781F5F1CD,C01CCCE1A7A6EFF2,40056825E9947E53,4074593333333331
$C016E08044D6C283,C01D01FFD7A011FE,40064FDC4E4AD065,4074593333333331
$C016F164192A8409,C01D3960D49730D,40073792B301227A,4074593333333331
$C016FBEBB4C82696,C01D724F55D56533,40081F4917B7748B,4074593333333331
$C016FFF49F8C673C,C01DAC10FD5BF351,400906FF7C6DC69B,4074593333333331
$C016FD71A42FD744,C01DE5E8B9F81E15,4009EEB5E12418B,4074593333333331
$C016F46AFB838F21,C01E1F19322DA61E,400AD66C45DA6AC5,4074593333333331
$C016E4FE31870338,C01E56E7300DEAF3,400BBE22AA90BCD2,4074593333333331
$C016CF5DC4AF15AB,C01E8C9C060E9E7D,400CA5D90F470EE9,4074593333333331
$C016B3D0809B04B6,C01EBF87E509E644,400D8D8F73FD60FC,4074593333333331
$C01692B096544CE3,C01EEF041BC258E1,400E7545D8B3B30B,4074593333333331
$C0166C6A75102341,C01F1A75388EE0AE,400F5CFC3D6A0521,4074593333333331
$C016417B673904C4,C01F414D06343EFB,4010225951102B98,4074593333333331
$C016126FF84A555B,C01F630C5D6A7478,40109634836B54A3,4074593333333331
$C015DFE228BCAB0D,C01F7F44C51A29C3,40110A0FB5C67DAA,4074593333333331
$C015AA7775E4D7AF,C01F9599DBFF85E4,40117DEAE821A6B6,4074593333333331
$C01572DEBC37F87,C01FA5C287129F8D,4011F1C61A7CCFBE,4074593333333331
$C01539CDFAE1EC56,C01FAF89E0D798A7,401265A14CD7F8C9,4074593333333331
$C014FFFFFFFFFFFD,C01FB2CFE686FE7F,4012D97C7F3321D2,4074593333333331
4 28 333
4 29 99
4 30 105
4 31 407
4 32 0
4 33 0
3 22 ->
4 23 412
4 24 4
4 25 0
4 26 [2]
$1,-1
4 27 [2][4]
$4074593333333332,4001FFFFFFFFFFF7,4012D97C7F3321D2,407459333333332F
$0,4001FFFFFFFFFFF7,4012D97C7F3321D2,0
4 28 104
4 29 100
4 30 414
4 31 102
4 32 0
4 33 0
3 22 ->
4 23 411
4 24 4
4 25 0
4 26 [2]
$1,-1
4 27 [2][4]
$4074593333333332,4001FFFFFFFFFFF7,4012D97C7F3321D2,407459333333332F
$0,4001FFFFFFFFFFF7,4012D97C7F3321D2,0
4 28 103
4 29 99
4 30 413
4 31 101
4 32 0
4 33 0
3 22 ->
4 23 410
4 24 4
4 25 0
4 26 [2]
$1,-1
4 27 [22][4]
$4001FFFFFFFFFFF8,3FF934C065E40604,4012D97C7F3321D2,0
$40025F7AC1E84A84,3FF93DAC75401A24,401279DE2EB8C5A3,0
$4002D1F98164CEB,3FF9604519935538,40120602FC5D9C9C,0
$400341C8E57A064,3FF99C7F760626A8,40119227CA027393,0
$4003AD7AEACAAB8C,3FF9F196623786F8,40111E4C97A74A86,0
$400413AF063514F2,3FFA5E73533A8D54,4010AA71654C217F,0
$40047316A6E2794A,3FFAE1B1EB6762D8,4010369632F0F874,0
$4004CA797D7C7D12,3FFB79A488EDBFB8,400F8576012B9EDA,0
$400518B97A87D69A,3FFC2459C43E25D4,400E9DBF9C754CC3,0
$40055CD676D155EC,3FFCDFA2CC4DEBF8,400DB60937BEFAAD,0
$400595F179F3E696,3FFDA91A8BE3EFE8,400CCE52D308A8A6,0
$4005C34F943E9E3C,3FFE7E2D8089ACE4,400BE69C6E525689,0
$4005E45C42A5805C,3FFF5C222976F0D4,400AFEE6099C047B,0
$4005F8AB54E9C3FC,40002010F96E749A,400A172FA4E5B26B,0
$4005FFFA4FC22822,400093A1402F0E6,40092F79402F6058,0
$4005FA31467BFFB2,400107479C24AC4A,400847C2DB790E41,8
$4005E763294C8A36,40017989782CCBC8,4007600C76C2BC3,8
$4005C7CD87523A02,4001E8F0CE279882,40067856120C6A1D,8
$40059BD7C510D878,40025410EF5846D8,4005909FAD56180C,8
$40056411C9FC32EA,4002B98B2E312B36,4004A8E9489FC5F9,8
$4005213229654356,400318135A47A176,4003C132E3E973E4,8
$4004D413CCCFE774,40036E73FFC1EA8,4002D97C7F3321D5,8
4 28 328
4 29 100
4 30 406
4 31 412
4 32 0
4 33 0
3 22 ->
4 23 409
4 24 4
4 25 0
4 26 [2]
$1,-1
4 27 [22][4]
$4001FFFFFFFFFFF8,3FF934C065E40604,4012D97C7F3321D2,0
$40025F7AC1E84A84,3FF93DAC75401A24,401279DE2EB8C5A3,0
$4002D1F98164CEB,3FF9604519935538,40120602FC5D9C9C,0
$400341C8E57A064,3FF99C7F760626A8,40119227CA027393,0
$4003AD7AEACAAB8C,3FF9F196623786F8,40111E4C97A74A86,0
$400413AF063514F2,3FFA5E73533A8D54,4010AA71654C217F,0
$40047316A6E2794A,3FFAE1B1EB6762D8,4010369632F0F874,0
$4004CA797D7C7D12,3FFB79A488EDBFB8,400F8576012B9EDA,0
$400518B97A87D69A,3FFC2459C43E25D4,400E9DBF9C754CC3,0
$40055CD676D155EC,3FFCDFA2CC4DEBF8,400DB60937BEFAAD,0
$400595F179F3E696,3FFDA91A8BE3EFE8,400CCE52D308A8A6,0
$4005C34F943E9E3C,3FFE7E2D8089ACE4,400BE69C6E525689,0
$4005E45C42A5805C,3FFF5C222976F0D4,400AFEE6099C047B,0
$4005F8AB54E9C3FC,40002010F96E749A,400A172FA4E5B26B,0
$4005FFFA4FC22822,400093A1402F0E6,40092F79402F6058,0
$4005FA31467BFFB2,400107479C24AC4A,400847C2DB790E41,8
$4005E763294C8A36,40017989782CCBC8,4007600C76C2BC3,8
$4005C7CD87523A02,4001E8F0CE279882,40067856120C6A1D,8
$40059BD7C510D878,40025410EF5846D8,4005909FAD56180C,8
$40056411C9FC32EA,4002B98B2E312B36,4004A8E9489FC5F9,8
$4005213229654356,400318135A47A176,4003C132E3E973E4,8
$4004D413CCCFE774,40036E73FFC1EA8,4002D97C7F3321D5,8
4 28 327
4 29 99
4 30 405
4 31 411
4 32 0
4 33 0
3 22 ->
4 23 106
4 24 4
4 25 0
4 26 [2]
$1,-1
4 27 [2][4]
$C014FFFFFFFFFFFD,C01FB2CFE686FE7F,4074593333333334,4001FFFFFFFFFFF7
$C008000000000002,C01FB2CFE686FE7F,4074593333333334,0
4 28 334
4 29 104
4 30 110
4 31 412
4 32 0
4 33 0
3 22 ->
4 23 105
4 24 4
4 25 0
4 26 [2]
$1,-1
4 27 [2][4]
$C014FFFFFFFFFFFD,C01FB2CFE686FE7F,4074593333333334,4001FFFFFFFFFFF7
$C008000000000002,C01FB2CFE686FE7F,4074593333333334,0
4 28 333
4 29 103
4 30 109
4 31 411
4 32 0
4 33 0
3 22 ->
4 23 416
4 24 4
4 25 0
4 26 [2]
$1,-1
4 27 [2][4]
$3FF921FB54442D18,407459333333332F,4074593333333332,0
$3FF921FB54442D18,8,0,0
4 28 108
4 29 104
4 30 418
4 31 106
4 32 0
4 33 0
3 22 ->
4 23 415
4 24 4
4 25 0
4 26 [2]
$1,-1
4 27 [2][4]
$3FF921FB54442D18,407459333333332F,4074593333333332,0
$3FF921FB54442D18,8,0,0
4 28 107
4 29 103
4 30 417
4 31 105
4 32 0
4 33 0
3 22 ->
4 23 414
4 24 4
4 25 0
4 26 [2]
$1,-1
4 27 [2][4]
$0,3FF934C065E40604,0,0
$4001FFFFFFFFFFF8,3FF934C065E40604,0,4001FFFFFFFFFFF7
4 28 328
4 29 104
4 30 410
4 31 416
4 32 0
4 33 0
3 22 ->
4 23 413
4 24 4
4 25 0
4 26 [2]
$1,-1
4 27 [2][4]
$0,3FF934C065E40604,0,0
$4001FFFFFFFFFFF8,3FF934C065E40604,0,4001FFFFFFFFFFF7
4 28 327
4 29 103
4 30 409
4 31 415
4 32 0
4 33 0
3 22 ->
4 23 110
4 24 4
4 25 0
4 26 [2]
$1,-1
4 27 [15][4]
$C008000000000002,C01FB2CFE686FE7F,3FF921FB54442D18,4074593333333331
$C00799CE591DC0D2,C01FB55E42572739,3FF788863A8455E8,4074593333333331
$C007276D68B2B0C1,C01FBE64EB036F5C,3FF5B9197117B1C1,4074593333333331
$C006B7D16CF22715,C01FCDD1B4FFFB46,3FF3E9ACA7AB0DA,4074593333333331
$C0064C67C0F0C002,C01FE37221D7E8D1,3FF21A3FDE3E697C,4074593333333331
$C005E69002FA3074,C01FFEFF65EBF9C7,3FF04AD314D1C553,4074593333333331
$C005879795894B3A,C020100FA81958CD,3FECF6CC96CA4266,4074593333333331
$C00530B55BF03BA,C0202332B8BB6D9D,3FE957F303F0FA1C,4074593333333331
$C004E305C0A57F07,C02038AA3FA6FCDD,3FE5B9197117B1C4,4074593333333331
$C0049F871239140D,C020502FF71E5491,3FE21A3FDE3E6983,4074593333333331
$C004671642D9A976,C0206976DEE529B8,3FDCF6CC96CA427B,4074593333333331
$C0043A6C150EF136,C020842C38511367,3FD5B9197117B1C4,4074593333333331
$C0041A1ABEE8BDE4,C0209FF895278306,3FCCF6CC96CA42BB,4074593333333331
$C004068C0B5ECBB1,C020BC80F5D28913,3FBCF6CC96CA42CF,4074593333333331
$C004,C020D967F3437F4,0,4074593333333331
4 28 334
4 29 108
4 30 114
4 31 416
4 32 0
4 33 0
3 22 ->
4 23 109
4 24 4
4 25 0
4 26 [2]
$1,-1
4 27 [15][4]
$C008000000000002,C01FB2CFE686FE7F,3FF921FB54442D18,4074593333333331
$C00799CE591DC0D2,C01FB55E42572739,3FF788863A8455E8,4074593333333331
$C007276D68B2B0C1,C01FBE64EB036F5C,3FF5B9197117B1C1,4074593333333331
$C006B7D16CF22715,C01FCDD1B4FFFB46,3FF3E9ACA7AB0DA,4074593333333331
$C0064C67C0F0C002,C01FE37221D7E8D1,3FF21A3FDE3E697C,4074593333333331
$C005E69002FA3074,C01FFEFF65EBF9C7,3FF04AD314D1C553,4074593333333331
$C005879795894B3A,C020100FA81958CD,3FECF6CC96CA4266,4074593333333331
$C00530B55BF03BA,C0202332B8BB6D9D,3FE957F303F0FA1C,4074593333333331
$C004E305C0A57F07,C02038AA3FA6FCDD,3FE5B9197117B1C4,4074593333333331
$C0049F871239140D,C020502FF71E5491,3FE21A3FDE3E6983,4074593333333331
$C004671642D9A976,C0206976DEE529B8,3FDCF6CC96CA427B,4074593333333331
$C0043A6C150EF136,C020842C38511367,3FD5B9197117B1C4,4074593333333331
$C0041A1ABEE8BDE4,C0209FF895278306,3FCCF6CC96CA42BB,4074593333333331
$C004068C0B5ECBB1,C020BC80F5D28913,3FBCF6CC96CA42CF,4074593333333331
$C004,C020D967F3437F4,0,4074593333333331
4 28 333
4 29 107
4 30 113
4 31 415
4 32 0
4 33 0
3 22 ->
4 23 420
4 24 4
4 25 0
4 26 [2]
$1,-1
4 27 [2][4]
$0,C074593333333331,0,407459333333332F
$0,0,0,0
4 28 112
4 29 108
4 30 348
4 31 110
4 32 0
4 33 0
3 22 ->
4 23 419
4 24 4
4 25 0
4 26 [2]
$1,-1
4 27 [2][4]
$0,C074593333333331,0,407459333333332F
$0,0,0,0
4 28 111
4 29 107
4 30 347
4 31 109
4 32 0
4 33 0
3 22 ->
4 23 418
4 24 4
4 25 0
4 26 [2]
$1,-1
4 27 [15][4]
$BFE0000000000008,3FF134C065E406,0,0
$BFDFD71A42FD746,3FF20123B3A8846,3FB997519BFD7301,0
$BFDF46AFB838F238,3FF2E5E5947EA48,3FCB470F1963DA99,0
$BFDE4FE318703398,3FF3C51D8BFFB7E,3FD4E13AB2647E1C,0
$BFDCF5DC4AF15AE,3FF49BF0E4028608,3FDC1EEDD8170ECB,0
$BFDB3D0809B04B88,3FF567A05FEFA52,3FE1AE507EE4CFA2,0
$BFD92B096544CE5,3FF625913AD16F98,3FE54D2A11BE17FD,0
$BFD6C6A75102344,3FF6D355AE038EC8,3FE8EC03A497603B,0
$BFD417B673904C6,3FF76EB4E49907F8,3FEC8ADD3770A876,0
$BFD126FF84A555D8,3FF7F5B24171DDF,3FF014DB6524F86,0
$BFCBFC45179561E,3FF86693E030B32,3FF1E4482E919C89,0
$BFC54EEEBC9AF64,3FF8BFE83BC6239C,3FF3B3B4F7FE40AB,0
$BFBCB7AF0DFE1C8,3FF9008AE8128A4,3FF58321C16AE4D1,0
$BFACE6FD70F62C8,3FF927A84F266EA4,3FF7528E8AD788F4,0
$0,3FF934C065E40604,3FF921FB54442D18,8
4 28 328
4 29 108
4 30 414
4 31 420
4 32 0
4 33 0
3 22 ->
4 23 417
4 24 4
4 25 0
4 26 [2]
$1,-1
4 27 [15][4]
$BFE0000000000008,3FF134C065E406,0,0
$BFDFD71A42FD746,3FF20123B3A8846,3FB997519BFD7301,0
$BFDF46AFB838F238,3FF2E5E5947EA48,3FCB470F1963DA99,0
$BFDE4FE318703398,3FF3C51D8BFFB7E,3FD4E13AB2647E1C,0
$BFDCF5DC4AF15AE,3FF49BF0E4028608,3FDC1EEDD8170ECB,0
$BFDB3D0809B04B88,3FF567A05FEFA52,3FE1AE507EE4CFA2,0
$BFD92B096544CE5,3FF625913AD16F98,3FE54D2A11BE17FD,0
$BFD6C6A75102344,3FF6D355AE038EC8,3FE8EC03A497603B,0
$BFD417B673904C6,3FF76EB4E49907F8,3FEC8ADD3770A876,0
$BFD126FF84A555D8,3FF7F5B24171DDF,3FF014DB6524F86,0
$BFCBFC45179561E,3FF86693E030B32,3FF1E4482E919C89,0
$BFC54EEEBC9AF64,3FF8BFE83BC6239C,3FF3B3B4F7FE40AB,0
$BFBCB7AF0DFE1C8,3FF9008AE8128A4,3FF58321C16AE4D1,0
$BFACE6FD70F62C8,3FF927A84F266EA4,3FF7528E8AD788F4,0
$0,3FF934C065E40604,3FF921FB54442D18,8
4 28 327
4 29 107
4 30 413
4 31 419
4 32 0
4 33 0
3 22 ->
4 23 114
4 24 4
4 25 0
4 26 [2]
$1,-1
4 27 [2][4]
$C003FFFFFFFFFFFF,C020D967F3437F4,0,C074593333333333
$C004000000000001,C023,BFF134C065E406,C074593333333333
4 28 334
4 29 112
4 30 38
4 31 420
4 32 0
4 33 0
3 22 ->
4 23 113
4 24 4
4 25 0
4 26 [2]
$1,-1
4 27 [2][4]
$C003FFFFFFFFFFFF,C020D967F3437F4,0,C074593333333333
$C004000000000001,C023,BFF134C065E406,C074593333333333
4 28 333
4 29 111
4 30 37
4 31 419
4 32 0
4 33 0
3 22 ->
4 23 348
4 24 4
4 25 0
4 26 [2]
$1,-1
4 27 [2][4]
$BFE0000000000004,0,BFF134C065E406,0
$BFE000000000000C,3FF134C065E406,0,0
4 28 328
4 29 112
4 30 418
4 31 342
4 32 0
4 33 0
3 22 ->
4 23 347
4 24 4
4 25 0
4 26 [2]
$1,-1
4 27 [2][4]
$BFE0000000000004,0,BFF134C065E406,0
$BFE000000000000C,3FF134C065E406,0,0
4 28 327
4 29 111
4 30 417
4 31 341
4 32 0
4 33 0
3 22 ->
4 23 118
4 24 4
4 25 0
4 26 [2]
$1,-1
4 27 [15][4]
$4008000000000002,C024,3FF921FB54442D18,4074593333333331
$400799CE591DC0D2,C023FEB8D217EBA3,3FF788863A8455E7,4074593333333331
$4007276D68B2B0C1,C023FA357DC1C791,3FF5B9197117B1BF,4074593333333331
$4006B7D16CF22715,C023F27F18C3819C,3FF3E9ACA7AB0D9A,4074593333333331
$40064C67C0F0C002,C023E7AEE2578AD7,3FF21A3FDE3E6976,4074593333333331
$4005E69002FA3075,C023D9E8404D825C,3FF04AD314D1C553,4074593333333331
$4005879795894B3A,C023C9584B2A2672,3FECF6CC96CA424C,4074593333333331
$400530B55BF03BA1,C023B6353A8811A1,3FE957F303F0F9F4,4074593333333331
$4004E305C0A57F08,C023A0BDB39C8263,3FE5B9197117B1C9,4074593333333331
$40049F871239140E,C0238937FC252AAE,3FE21A3FDE3E6964,4074593333333331
$4004671642D9A977,C0236FF1145E5587,3FDCF6CC96CA423B,4074593333333331
$40043A6C150EF137,C023553BBAF26BD9,3FD5B9197117B1C9,4074593333333331
$40041A1ABEE8BDE5,C023396F5E1BFC39,3FCCF6CC96CA423F,4074593333333331
$4004068C0B5ECBB1,C0231CE6FD70F62D,3FBCF6CC96CA42D6,4074593333333331
$4004000000000001,C023,0,4074593333333331
4 28 334
4 29 116
4 30 186
4 31 422
4 32 0
4 33 0
3 22 ->
4 23 117
4 24 4
4 25 0
4 26 [2]
$1,-1
4 27 [15][4]
$4008000000000002,C024,3FF921FB54442D18,4074593333333331
$400799CE591DC0D2,C023FEB8D217EBA3,3FF788863A8455E7,4074593333333331
$4007276D68B2B0C1,C023FA357DC1C791,3FF5B9197117B1BF,4074593333333331
$4006B7D16CF22715,C023F27F18C3819C,3FF3E9ACA7AB0D9A,4074593333333331
$40064C67C0F0C002,C023E7AEE2578AD7,3FF21A3FDE3E6976,4074593333333331
$4005E69002FA3075,C023D9E8404D825C,3FF04AD314D1C553,4074593333333331
$4005879795894B3A,C023C9584B2A2672,3FECF6CC96CA424C,4074593333333331
$400530B55BF03BA1,C023B6353A8811A1,3FE957F303F0F9F4,4074593333333331
$4004E305C0A57F08,C023A0BDB39C8263,3FE5B9197117B1C9,4074593333333331
$40049F871239140E,C0238937FC252AAE,3FE21A3FDE3E6964,4074593333333331
$4004671642D9A977,C0236FF1145E5587,3FDCF6CC96CA423B,4074593333333331
$40043A6C150EF137,C023553BBAF26BD9,3FD5B9197117B1C9,4074593333333331
$40041A1ABEE8BDE5,C023396F5E1BFC39,3FCCF6CC96CA423F,4074593333333331
$4004068C0B5ECBB1,C0231CE6FD70F62D,3FBCF6CC96CA42D6,4074593333333331
$4004000000000001,C023,0,4074593333333331
4 28 333
4 29 115
4 30 185
4 31 421
4 32 0
4 33 0
3 22 ->
4 23 424
4 24 4
4 25 0
4 26 [2]
$1,-1
4 27 [2][4]
$BFF134C065E406,4074593333333331,0,407459333333332F
$BFF134C065E406,8,0,0
4 28 184
4 29 116
4 30 426
4 31 118
4 32 0
4 33 0
3 22 ->
4 23 423
4 24 4
4 25 0
4 26 [2]
$1,-1
4 27 [2][4]
$BFF134C065E406,4074593333333331,0,407459333333332F
$BFF134C065E406,8,0,0
4 28 183
4 29 115
4 30 425
4 31 117
4 32 0
4 33 0
3 22 ->
4 23 428
4 24 4
4 25 0
4 26 [2]
$1,-1
4 27 [15][4]
$3FF921FB54442D18,0,C018000000000002,BFE
$3FF788863A8455E7,0,C017CCE72C8EE06A,BFDFD71A42FD746
$3FF5B9197117B1BF,0,C01793B6B4595862,BFDF46AFB838F22
$3FF3E9ACA7AB0D9A,0,C0175BE8B679138C,BFDE4FE31870338
$3FF21A3FDE3E6976,0,C0172633E0786002,BFDCF5DC4AF15AE
$3FF04AD314D1C553,0,C016F348017D183C,BFDB3D0809B04B8
$3FECF6CC96CA424C,0,C016C3CBCAC4A59E,BFD92B096544CE4
$3FE957F303F0F9F4,0,C016985AADF81DD2,BFD6C6A75102342
$3FE5B9197117B1C9,0,C0167182E052BF85,BFD417B673904C6
$3FE21A3FDE3E6964,0,C0164FC3891C8A08,BFD126FF84A555C
$3FDCF6CC96CA423B,0,C016338B216CD4BC,BFCBFC45179561C
$3FD5B9197117B1C9,0,C0161D360A87789C,BFC54EEEBC9AF64
$3FCCF6CC96CA423F,0,C0160D0D5F745EF4,BFBCB7AF0DFE1C8
$3FBCF6CC96CA42D6,0,C016034605AF65DA,BFACE6FD70F62D
$0,0,C016000000000002,0
4 28 116
4 29 328
4 30 424
4 31 430
4 32 0
4 33 0
3 22 ->
4 23 427
4 24 4
4 25 0
4 26 [2]
$1,-1
4 27 [15][4]
$3FF921FB54442D18,0,C018000000000002,BFE
$3FF788863A8455E7,0,C017CCE72C8EE06A,BFDFD71A42FD746
$3FF5B9197117B1BF,0,C01793B6B4595862,BFDF46AFB838F22
$3FF3E9ACA7AB0D9A,0,C0175BE8B679138C,BFDE4FE31870338
$3FF21A3FDE3E6976,0,C0172633E0786002,BFDCF5DC4AF15AE
$3FF04AD314D1C553,0,C016F348017D183C,BFDB3D0809B04B8
$3FECF6CC96CA424C,0,C016C3CBCAC4A59E,BFD92B096544CE4
$3FE957F303F0F9F4,0,C016985AADF81DD2,BFD6C6A75102342
$3FE5B9197117B1C9,0,C0167182E052BF85,BFD417B673904C6
$3FE21A3FDE3E6964,0,C0164FC3891C8A08,BFD126FF84A555C
$3FDCF6CC96CA423B,0,C016338B216CD4BC,BFCBFC45179561C
$3FD5B9197117B1C9,0,C0161D360A87789C,BFC54EEEBC9AF64
$3FCCF6CC96CA423F,0,C0160D0D5F745EF4,BFBCB7AF0DFE1C8
$3FBCF6CC96CA42D6,0,C016034605AF65DA,BFACE6FD70F62D
$0,0,C016000000000002,0
4 28 115
4 29 327
4 30 423
4 31 429
4 32 0
4 33 0
3 22 ->
4 23 422
4 24 4
4 25 0
4 26 [2]
$1,-1
4 27 [2][4]
$3FF921FB54442D18,407459333333332F,0,4074593333333331
$3FF921FB54442D18,0,0,0
4 28 116
4 29 120
4 30 428
4 31 122
4 32 0
4 33 0
3 22 ->
4 23 421
4 24 4
4 25 0
4 26 [2]
$1,-1
4 27 [2][4]
$3FF921FB54442D18,407459333333332F,0,4074593333333331
$3FF921FB54442D18,0,0,0
4 28 115
4 29 119
4 30 427
4 31 121
4 32 0
4 33 0
3 22 ->
4 23 122
4 24 4
4 25 0
4 26 [2]
$1,-1
4 27 [2][4]
$40208,C024000000000001,C014FFFFFFFFFFFF,4074593333333333
$4008000000000002,C024,0,4074593333333333
4 28 334
4 29 120
4 30 118
4 31 432
4 32 0
4 33 0
3 22 ->
4 23 121
4 24 4
4 25 0
4 26 [2]
$1,-1
4 27 [2][4]
$40208,C024000000000001,C014FFFFFFFFFFFF,4074593333333333
$4008000000000002,C024,0,4074593333333333
4 28 333
4 29 119
4 30 117
4 31 431
4 32 0
4 33 0
3 22 ->
4 23 430
4 24 4
4 25 0
4 26 [2]
$1,-1
4 27 [2][4]
$C014FFFFFFFFFFFF,8,C0268,BFE000000000001
$0,0,C018000000000002,BFE
4 28 120
4 29 328
4 30 422
4 31 434
4 32 0
4 33 0
3 22 ->
4 23 429
4 24 4
4 25 0
4 26 [2]
$1,-1
4 27 [2][4]
$C014FFFFFFFFFFFF,8,C0268,BFE000000000001
$0,0,C018000000000002,BFE
4 28 119
4 29 327
4 30 421
4 31 433
4 32 0
4 33 0
3 22 ->
4 23 432
4 24 4
4 25 0
4 26 [2]
$1,-1
4 27 [2][4]
$C014FFFFFFFFFFFF,4074593333333331,3FF921FB54442D18,407459333333332F
$C014FFFFFFFFFFFF,8,3FF921FB54442D18,0
4 28 120
4 29 124
4 30 430
4 31 126
4 32 0
4 33 0
3 22 ->
4 23 431
4 24 4
4 25 0
4 26 [2]
$1,-1
4 27 [2][4]
$C014FFFFFFFFFFFF,4074593333333331,3FF921FB54442D18,407459333333332F
$C014FFFFFFFFFFFF,8,3FF921FB54442D18,0
4 28 119
4 29 123
4 30 429
4 31 125
4 32 0
4 33 0
3 22 ->
4 23 126
4 24 4
4 25 0
4 26 [2]
$1,-1
4 27 [27][4]
$4024,C0208,400921FB54442D18,4074593333333331
$4023FE71E9E4EF5F,C020B4C3F0947B37,4008A94E2A108749,4074593333333331
$4023F99EEFFBD8C2,C020EABA38DF7329,40082D73E781DEF,4074593333333331
$4023F18B4F8AE65B,C021204C9CA0E7AD,4007B199A4F33695,4074593333333331
$4023E63E97C9F33D,C0215548F7B637BC,400735BF62648E3C,4074593333333331
$4023D7C35C31A866,C021897DB269C84E,4006B9E51FD5E5E1,4074593333333331
$4023C6272A95663E,C021BCB9EFDDB502,40063E0ADD473D89,4074593333333331
$4023B17A7E73A56A,C021EECDBBC7A033,4005C2309AB8952E,4074593333333331
$402399D0B188AE82,C0221F8A3752D452,400546565829ECD6,4074593333333331
$40237F3FE9B21922,C0224EC1C4FEB44E,4004CA7C159B447B,4074593333333331
$402361E1043405D6,C0227C4833506BAF,40044EA1D30C9C22,4074593333333331
$402341CF7E7379EA,C022A7F2E62FE8B8,4003D2C7907DF3CB,4074593333333331
$40231F295C3BA51A,C022D198FEC969A5,400356ED4DEF4B71,4074593333333331
$4022FA0F0BA62637,C022F91381CE4942,4002DB130B60A319,4074593333333331
$4022D2A346C099C9,C0231E3D7BF13D3E,40025F38C8D1FABE,4074593333333331
$4022A90AF30BDB9D,C02340F4247BE009,4001E35E86435265,4074593333333331
$40227D6CFEF36718,C0236116FDDD27C6,4001678443B4AA0B,4074593333333331
$40224FF23D5D28CF,C0237E87F4125178,4000EBAA012601B3,4074593333333331
$402220C53F73DC29,C023992B78CDCA24,40006FCFBE975957,4074593333333331
$4021F0122CCFB85F,C023B0E89D41BC6A,3FFFE7EAF81161FB,4074593333333331
$4021BE069A22B6E7,C023C5A929761EF9,3FFEF03672F4114A,4074593333333331
$40218AD15E8F2192,C023D759B1146C3A,3FFDF881EDD6C097,4074593333333331
$402156A267D0566C,C023E5E9A5958C95,3FFD00CD68B96FE6,4074593333333331
$402121AA8D5EC9D1,C023F14B65C0EF4,3FFC0918E39C1F31,4074593333333331
$4020EC1B62B9435B,C023F9744A6E50B,3FFB11645E7ECE7C,4074593333333331
$4020B62708FE1EF,C023FE5CB07E3DF7,3FFA19AFD9617DC8,4074593333333331
$40208,C024,3FF921FB54442D18,4074593333333331
4 28 334
4 29 124
4 30 122
4 31 436
4 32 0
4 33 0
3 22 ->
4 23 125
4 24 4
4 25 0
4 26 [2]
$1,-1
4 27 [27][4]
$4024,C0208,400921FB54442D18,4074593333333331
$4023FE71E9E4EF5F,C020B4C3F0947B37,4008A94E2A108749,4074593333333331
$4023F99EEFFBD8C2,C020EABA38DF7329,40082D73E781DEF,4074593333333331
$4023F18B4F8AE65B,C021204C9CA0E7AD,4007B199A4F33695,4074593333333331
$4023E63E97C9F33D,C0215548F7B637BC,400735BF62648E3C,4074593333333331
$4023D7C35C31A866,C021897DB269C84E,4006B9E51FD5E5E1,4074593333333331
$4023C6272A95663E,C021BCB9EFDDB502,40063E0ADD473D89,4074593333333331
$4023B17A7E73A56A,C021EECDBBC7A033,4005C2309AB8952E,4074593333333331
$402399D0B188AE82,C0221F8A3752D452,400546565829ECD6,4074593333333331
$40237F3FE9B21922,C0224EC1C4FEB44E,4004CA7C159B447B,4074593333333331
$402361E1043405D6,C0227C4833506BAF,40044EA1D30C9C22,4074593333333331
$402341CF7E7379EA,C022A7F2E62FE8B8,4003D2C7907DF3CB,4074593333333331
$40231F295C3BA51A,C022D198FEC969A5,400356ED4DEF4B71,4074593333333331
$4022FA0F0BA62637,C022F91381CE4942,4002DB130B60A319,4074593333333331
$4022D2A346C099C9,C0231E3D7BF13D3E,40025F38C8D1FABE,4074593333333331
$4022A90AF30BDB9D,C02340F4247BE009,4001E35E86435265,4074593333333331
$40227D6CFEF36718,C0236116FDDD27C6,4001678443B4AA0B,4074593333333331
$40224FF23D5D28CF,C0237E87F4125178,4000EBAA012601B3,4074593333333331
$402220C53F73DC29,C023992B78CDCA24,40006FCFBE975957,4074593333333331
$4021F0122CCFB85F,C023B0E89D41BC6A,3FFFE7EAF81161FB,4074593333333331
$4021BE069A22B6E7,C023C5A929761EF9,3FFEF03672F4114A,4074593333333331
$40218AD15E8F2192,C023D759B1146C3A,3FFDF881EDD6C097,4074593333333331
$402156A267D0566C,C023E5E9A5958C95,3FFD00CD68B96FE6,4074593333333331
$402121AA8D5EC9D1,C023F14B65C0EF4,3FFC0918E39C1F31,4074593333333331
$4020EC1B62B9435B,C023F9744A6E50B,3FFB11645E7ECE7C,4074593333333331
$4020B62708FE1EF,C023FE5CB07E3DF7,3FFA19AFD9617DC8,4074593333333331
$40208,C024,3FF921FB54442D18,4074593333333331
4 28 333
4 29 123
4 30 121
4 31 435
4 32 0
4 33 0
3 22 ->
4 23 434
4 24 4
4 25 0
4 26 [2]
$1,-1
4 27 [27][4]
$400921FB54442D18,8,C02A,3FF4
$4008A94E2A108749,0,C029FE71E9E4EF6,3FF259E07B5C2648
$40082D73E781DEF,0,C029F99EEFFBD8C2,3FF0AA2E390466B8
$4007B199A4F33695,0,C029F18B4F8AE65C,3FEDFB3635F1853
$400735BF62648E3C,0,C029E63E97C9F33E,3FEAAB70849C844
$4006B9E51FD5E5E1,0,C029D7C35C31A866,3FE76824D9637B2
$40063E0ADD473D89,0,C029C6272A95663E,3FE434610224AFE
$4005C2309AB8952E,0,C029B17A7E73A56A,3FE113244385FCD
$400546565829ECD6,0,C02999D0B188AE82,3FDC0EB915A575C
$4004CA7C159B447B,0,C0297F3FE9B21922,3FD627C76029764
$40044EA1D30C9C22,0,C02961E1043405D6,3FD076F995F28A2
$4003D2C7907DF3CB,0,C02941CF7E7379EA,3FC603467405D2
$400356ED4DEF4B71,0,C0291F295C3BA51A,3FB733809B4B2D8
$4002DB130B60A319,0,C028FA0F0BA62638,3F8BB1F8C6DAF8
$40025F38C8D1FABE,0,C028D2A346C099CA,BFAE3D7BF13D3E
$4001E35E86435265,0,C028A90AF30BDB9E,BFC03D091EF8024
$4001678443B4AA0B,0,C0287D6CFEF36718,BFC845BF7749F18
$4000EBAA012601B3,0,C0284FF23D5D28D,BFCFA1FD04945E
$40006FCFBE975957,0,C02820C53F73DC2A,BFD3256F19B9448
$3FFFE7EAF81161FB,0,C027F0122CCFB86,BFD61D13A8378D4
$3FFEF03672F4114A,0,C027BE069A22B6E8,BFD8B5252EC3DF2
$3FFDF881EDD6C097,0,C0278AD15E8F2192,BFDAEB36228D874
$3FFD00CD68B96FE6,0,C02756A267D0566C,BFDCBD34B2B192A
$3FFC0918E39C1F31,0,C02721AA8D5EC9D2,BFDE296CB81DE8
$3FFB11645E7ECE7C,0,C026EC1B62B9435C,BFDF2E894DCA16
$3FFA19AFD9617DC8,0,C026B62708FE1EF,BFDFCB960FC7BEE
$3FF921FB54442D18,0,C0268,BFE
4 28 124
4 29 328
4 30 432
4 31 438
4 32 0
4 33 0
3 22 ->
4 23 433
4 24 4
4 25 0
4 26 [2]
$1,-1
4 27 [27][4]
$400921FB54442D18,8,C02A,3FF4
$4008A94E2A108749,0,C029FE71E9E4EF6,3FF259E07B5C2648
$40082D73E781DEF,0,C029F99EEFFBD8C2,3FF0AA2E390466B8
$4007B199A4F33695,0,C029F18B4F8AE65C,3FEDFB3635F1853
$400735BF62648E3C,0,C029E63E97C9F33E,3FEAAB70849C844
$4006B9E51FD5E5E1,0,C029D7C35C31A866,3FE76824D9637B2
$40063E0ADD473D89,0,C029C6272A95663E,3FE434610224AFE
$4005C2309AB8952E,0,C029B17A7E73A56A,3FE113244385FCD
$400546565829ECD6,0,C02999D0B188AE82,3FDC0EB915A575C
$4004CA7C159B447B,0,C0297F3FE9B21922,3FD627C76029764
$40044EA1D30C9C22,0,C02961E1043405D6,3FD076F995F28A2
$4003D2C7907DF3CB,0,C02941CF7E7379EA,3FC603467405D2
$400356ED4DEF4B71,0,C0291F295C3BA51A,3FB733809B4B2D8
$4002DB130B60A319,0,C028FA0F0BA62638,3F8BB1F8C6DAF8
$40025F38C8D1FABE,0,C028D2A346C099CA,BFAE3D7BF13D3E
$4001E35E86435265,0,C028A90AF30BDB9E,BFC03D091EF8024
$4001678443B4AA0B,0,C0287D6CFEF36718,BFC845BF7749F18
$4000EBAA012601B3,0,C0284FF23D5D28D,BFCFA1FD04945E
$40006FCFBE975957,0,C02820C53F73DC2A,BFD3256F19B9448
$3FFFE7EAF81161FB,0,C027F0122CCFB86,BFD61D13A8378D4
$3FFEF03672F4114A,0,C027BE069A22B6E8,BFD8B5252EC3DF2
$3FFDF881EDD6C097,0,C0278AD15E8F2192,BFDAEB36228D874
$3FFD00CD68B96FE6,0,C02756A267D0566C,BFDCBD34B2B192A
$3FFC0918E39C1F31,0,C02721AA8D5EC9D2,BFDE296CB81DE8
$3FFB11645E7ECE7C,0,C026EC1B62B9435C,BFDF2E894DCA16
$3FFA19AFD9617DC8,0,C026B62708FE1EF,BFDFCB960FC7BEE
$3FF921FB54442D18,0,C0268,BFE
4 28 123
4 29 327
4 30 431
4 31 437
4 32 0
4 33 0
3 22 ->
4 23 436
4 24 4
4 25 0
4 26 [2]
$1,-1
4 27 [2][4]
$400921FB54442D18,407459333333332F,4014FFFFFFFFFFFE,4074593333333331
$400921FB54442D18,8,4014FFFFFFFFFFFE,0
4 28 124
4 29 128
4 30 434
4 31 130
4 32 0
4 33 0
3 22 ->
4 23 435
4 24 4
4 25 0
4 26 [2]
$1,-1
4 27 [2][4]
$400921FB54442D18,407459333333332F,4014FFFFFFFFFFFE,4074593333333331
$400921FB54442D18,8,4014FFFFFFFFFFFE,0
4 28 123
4 29 127
4 30 433
4 31 129
4 32 0
4 33 0
3 22 ->
4 23 130
4 24 4
4 25 0
4 26 [2]
$1,-1
4 27 [2][4]
$4024,C008000000000003,0,4074593333333333
$4023FFFFFFFFFFFF,C0208,4014FFFFFFFFFFFE,4074593333333333
4 28 334
4 29 128
4 30 126
4 31 440
4 32 0
4 33 0
3 22 ->
4 23 129
4 24 4
4 25 0
4 26 [2]
$1,-1
4 27 [2][4]
$4024,C008000000000003,0,4074593333333333
$4023FFFFFFFFFFFF,C0208,4014FFFFFFFFFFFE,4074593333333333
4 28 333
4 29 127
4 30 125
4 31 439
4 32 0
4 33 0
3 22 ->
4 23 438
4 24 4
4 25 0
4 26 [2]
$1,-1
4 27 [2][4]
$0,0,C02A,4019FFFFFFFFFFFE
$4014FFFFFFFFFFFE,0,C02A,3FF4
4 28 128
4 29 328
4 30 436
4 31 442
4 32 0
4 33 0
3 22 ->
4 23 437
4 24 4
4 25 0
4 26 [2]
$1,-1
4 27 [2][4]
$0,0,C02A,4019FFFFFFFFFFFE
$4014FFFFFFFFFFFE,0,C02A,3FF4
4 28 127
4 29 327
4 30 435
4 31 441
4 32 0
4 33 0
3 22 ->
4 23 440
4 24 4
4 25 0
4 26 [2]
$1,-1
4 27 [2][4]
$0,4074593333333331,400921FB54442D18,407459333333332F
$0,0,400921FB54442D18,8
4 28 128
4 29 132
4 30 438
4 31 134
4 32 0
4 33 0
3 22 ->
4 23 439
4 24 4
4 25 0
4 26 [2]
$1,-1
4 27 [2][4]
$0,4074593333333331,400921FB54442D18,407459333333332F
$0,0,400921FB54442D18,8
4 28 127
4 29 131
4 30 437
4 31 133
4 32 0
4 33 0
3 22 ->
4 23 134
4 24 4
4 25 0
4 26 [2]
$1,-1
4 27 [15][4]
$4023,C004000000000001,4012D97C7F3321D2,4074593333333331
$4023198C69B88FCC,C004051CB7A05177,4012731F38C32C06,4074593333333331
$40233624A5D353D,C004172A08F8E1BC,4011FF44066802FD,4074593333333331
$4023520BA4C3763B,C00436039CF1F99,40118B68D40CD9F4,4074593333333331
$40236CE60FC3D,C004614476A1D4A8,4011178DA1B1B0EA,4074593333333331
$4023865BFF4173E4,C004985EFEC9F692,4010A3B26F5687DE,4074593333333331
$40239E1A1A9DAD32,C004DA9ED3576639,40102FD73CFB5ED6,4074593333333331
$4023B3D2A903F118,C005272B15DFB97B,400F77F815406B9D,4074593333333331
$4023C73E8FD6A03E,C0057D09318DF677,400E9041B08A198E,4074593333333331
$4023D81E3B71BAFD,C005DB200F6B5548,400DA88B4BD3C777,4074593333333331
$4023E63A6F4995A3,C006403BAE86A9E5,400CC0D4E71D7563,4074593333333331
$4023F164FABC43B3,C006AB111436509F,400BD91E8267235,4074593333333331
$4023F9795045D087,C0071A4287900F1E,400AF1681DB0D13E,4074593333333331
$4023FE5CFD284D14,C0078C640A3C2751,400A09B1B8FA7F2A,4074593333333331
$4024,C008000000000003,400921FB54442D18,4074593333333331
4 28 334
4 29 132
4 30 130
4 31 444
4 32 0
4 33 0
3 22 ->
4 23 133
4 24 4
4 25 0
4 26 [2]
$1,-1
4 27 [15][4]
$4023,C004000000000001,4012D97C7F3321D2,4074593333333331
$4023198C69B88FCC,C004051CB7A05177,4012731F38C32C06,4074593333333331
$40233624A5D353D,C004172A08F8E1BC,4011FF44066802FD,4074593333333331
$4023520BA4C3763B,C00436039CF1F99,40118B68D40CD9F4,4074593333333331
$40236CE60FC3D,C004614476A1D4A8,4011178DA1B1B0EA,4074593333333331
$4023865BFF4173E4,C004985EFEC9F692,4010A3B26F5687DE,4074593333333331
$40239E1A1A9DAD32,C004DA9ED3576639,40102FD73CFB5ED6,4074593333333331
$4023B3D2A903F118,C005272B15DFB97B,400F77F815406B9D,4074593333333331
$4023C73E8FD6A03E,C0057D09318DF677,400E9041B08A198E,4074593333333331
$4023D81E3B71BAFD,C005DB200F6B5548,400DA88B4BD3C777,4074593333333331
$4023E63A6F4995A3,C006403BAE86A9E5,400CC0D4E71D7563,4074593333333331
$4023F164FABC43B3,C006AB111436509F,400BD91E8267235,4074593333333331
$4023F9795045D087,C0071A4287900F1E,400AF1681DB0D13E,4074593333333331
$4023FE5CFD284D14,C0078C640A3C2751,400A09B1B8FA7F2A,4074593333333331
$4024,C008000000000003,400921FB54442D18,4074593333333331
4 28 333
4 29 131
4 30 129
4 31 443
4 32 0
4 33 0
3 22 ->
4 23 442
4 24 4
4 25 0
4 26 [2]
$1,-1
4 27 [15][4]
$4012D97C7F3321D2,0,C029,401C
$4012731F38C32C06,8,C029198C69B88FCC,401BFD71A42FD744
$4011FF44066802FD,8,C0293624A5D353D,401BF46AFB838F22
$40118B68D40CD9F4,8,C029520BA4C3763C,401BE4FE31870338
$4011178DA1B1B0EA,8,C0296CE60FC3D,401BCF5DC4AF15AC
$4010A3B26F5687DE,8,C029865BFF4173E4,401BB3D0809B04B7
$40102FD73CFB5ED6,8,C0299E1A1A9DAD32,401B92B096544CE4
$400F77F815406B9D,8,C029B3D2A903F118,401B6C6A75102342
$400E9041B08A198E,8,C029C73E8FD6A03E,401B417B673904C4
$400DA88B4BD3C777,8,C029D81E3B71BAFE,401B126FF84A555C
$400CC0D4E71D7563,8,C029E63A6F4995A4,401ADFE228BCAB0E
$400BD91E8267235,8,C029F164FABC43B4,401AAA7775E4D7B
$400AF1681DB0D13C,8,C029F9795045D088,401A72DEBC37F87
$400A09B1B8FA7F2A,8,C029FE5CFD284D14,401A39CDFAE1EC58
$400921FB54442D18,8,C02A,4019FFFFFFFFFFFE
4 28 132
4 29 328
4 30 440
4 31 446
4 32 0
4 33 0
3 22 ->
4 23 441
4 24 4
4 25 0
4 26 [2]
$1,-1
4 27 [15][4]
$4012D97C7F3321D2,0,C029,401C
$4012731F38C32C06,8,C029198C69B88FCC,401BFD71A42FD744
$4011FF44066802FD,8,C0293624A5D353D,401BF46AFB838F22
$40118B68D40CD9F4,8,C029520BA4C3763C,401BE4FE31870338
$4011178DA1B1B0EA,8,C0296CE60FC3D,401BCF5DC4AF15AC
$4010A3B26F5687DE,8,C029865BFF4173E4,401BB3D0809B04B7
$40102FD73CFB5ED6,8,C0299E1A1A9DAD32,401B92B096544CE4
$400F77F815406B9D,8,C029B3D2A903F118,401B6C6A75102342
$400E9041B08A198E,8,C029C73E8FD6A03E,401B417B673904C4
$400DA88B4BD3C777,8,C029D81E3B71BAFE,401B126FF84A555C
$400CC0D4E71D7563,8,C029E63A6F4995A4,401ADFE228BCAB0E
$400BD91E8267235,8,C029F164FABC43B4,401AAA7775E4D7B
$400AF1681DB0D13C,8,C029F9795045D088,401A72DEBC37F87
$400A09B1B8FA7F2A,8,C029FE5CFD284D14,401A39CDFAE1EC58
$400921FB54442D18,8,C02A,4019FFFFFFFFFFFE
4 28 131
4 29 327
4 30 439
4 31 445
4 32 0
4 33 0
3 22 ->
4 23 444
4 24 4
4 25 0
4 26 [2]
$1,-1
4 27 [2][4]
$4012D97C7F3321D2,407459333333332F,4074593333333332,BFF134C065E40607
$4012D97C7F3321D2,0,0,BFF134C065E40607
4 28 132
4 29 136
4 30 442
4 31 138
4 32 0
4 33 0
3 22 ->
4 23 443
4 24 4
4 25 0
4 26 [2]
$1,-1
4 27 [2][4]
$4012D97C7F3321D2,407459333333332F,4074593333333332,BFF134C065E40607
$4012D97C7F3321D2,0,0,BFF134C065E40607
4 28 131
4 29 135
4 30 441
4 31 137
4 32 0
4 33 0
3 22 ->
4 23 138
4 24 4
4 25 0
4 26 [2]
$1,-1
4 27 [2][4]
$4020D967F3437F3F,C004,4074593333333334,0
$4023,C004,4074593333333334,BFF134C065E40607
4 28 334
4 29 136
4 30 134
4 31 448
4 32 0
4 33 0
3 22 ->
4 23 137
4 24 4
4 25 0
4 26 [2]
$1,-1
4 27 [2][4]
$4020D967F3437F3F,C004,4074593333333334,0
$4023,C004,4074593333333334,BFF134C065E40607
4 28 333
4 29 135
4 30 133
4 31 447
4 32 0
4 33 0
3 22 ->
4 23 446
4 24 4
4 25 0
4 26 [2]
$1,-1
4 27 [2][4]
$0,0,C026D967F3437F4,401C
$0,BFF134C065E40607,C029,401C
4 28 136
4 29 328
4 30 444
4 31 450
4 32 0
4 33 0
3 22 ->
4 23 445
4 24 4
4 25 0
4 26 [2]
$1,-1
4 27 [2][4]
$0,0,C026D967F3437F4,401C
$0,BFF134C065E40607,C029,401C
4 28 135
4 29 327
4 30 443
4 31 449
4 32 0
4 33 0
3 22 ->
4 23 448
4 24 4
4 25 0
4 26 [2]
$1,-1
4 27 [2][4]
$4074593333333332,0,4012D97C7F3321D2,407459333333332F
$0,0,4012D97C7F3321D2,0
4 28 136
4 29 140
4 30 446
4 31 142
4 32 0
4 33 0
3 22 ->
4 23 447
4 24 4
4 25 0
4 26 [2]
$1,-1
4 27 [2][4]
$4074593333333332,0,4012D97C7F3321D2,407459333333332F
$0,0,4012D97C7F3321D2,0
4 28 135
4 29 139
4 30 445
4 31 141
4 32 0
4 33 0
3 22 ->
4 23 142
4 24 4
4 25 0
4 26 [2]
$1,-1
4 27 [15][4]
$401FB2CFE686FE7D,C008000000000003,401921FB54442D18,4074593333333331
$401FB55E42572737,C00799CE591DC0D3,4018BB9E0DD4374D,4074593333333331
$401FBE64EB036F5A,C007276D68B2B0C2,401847C2DB790E43,4074593333333331
$401FCDD1B4FFFB44,C006B7D16CF22717,4017D3E7A91DE53A,4074593333333331
$401FE37221D7E8D1,C0064C67C0F0C004,4017600C76C2BC3,4074593333333331
$401FFEFF65EBF9C5,C005E69002FA3076,4016EC3144679329,4074593333333331
$4020100FA81958CC,C005879795894B3C,40167856120C6A1E,4074593333333331
$40202332B8BB6D9D,C00530B55BF03BA3,4016047ADFB14116,4074593333333331
$402038AA3FA6FCDC,C004E305C0A57F0A,4015909FAD56180C,4074593333333331
$4020502FF71E549,C0049F871239141,40151CC47AFAEF04,4074593333333331
$40206976DEE529B7,C004671642D9A979,4014A8E9489FC5FB,4074593333333331
$4020842C38511366,C0043A6C150EF139,4014350E16449CEF,4074593333333331
$40209FF895278305,C0041A1ABEE8BDE7,4013C132E3E973E8,4074593333333331
$4020BC80F5D28912,C004068C0B5ECBB4,40134D57B18E4ADE,4074593333333331
$4020D967F3437F3F,C004000000000003,4012D97C7F3321D2,4074593333333331
4 28 334
4 29 140
4 30 138
4 31 452
4 32 0
4 33 0
3 22 ->
4 23 141
4 24 4
4 25 0
4 26 [2]
$1,-1
4 27 [15][4]
$401FB2CFE686FE7D,C008000000000003,401921FB54442D18,4074593333333331
$401FB55E42572737,C00799CE591DC0D3,4018BB9E0DD4374D,4074593333333331
$401FBE64EB036F5A,C007276D68B2B0C2,401847C2DB790E43,4074593333333331
$401FCDD1B4FFFB44,C006B7D16CF22717,4017D3E7A91DE53A,4074593333333331
$401FE37221D7E8D1,C0064C67C0F0C004,4017600C76C2BC3,4074593333333331
$401FFEFF65EBF9C5,C005E69002FA3076,4016EC3144679329,4074593333333331
$4020100FA81958CC,C005879795894B3C,40167856120C6A1E,4074593333333331
$40202332B8BB6D9D,C00530B55BF03BA3,4016047ADFB14116,4074593333333331
$402038AA3FA6FCDC,C004E305C0A57F0A,4015909FAD56180C,4074593333333331
$4020502FF71E549,C0049F871239141,40151CC47AFAEF04,4074593333333331
$40206976DEE529B7,C004671642D9A979,4014A8E9489FC5FB,4074593333333331
$4020842C38511366,C0043A6C150EF139,4014350E16449CEF,4074593333333331
$40209FF895278305,C0041A1ABEE8BDE7,4013C132E3E973E8,4074593333333331
$4020BC80F5D28912,C004068C0B5ECBB4,40134D57B18E4ADE,4074593333333331
$4020D967F3437F3F,C004000000000003,4012D97C7F3321D2,4074593333333331
4 28 333
4 29 139
4 30 137
4 31 451
4 32 0
4 33 0
3 22 ->
4 23 450
4 24 4
4 25 0
4 26 [2]
$1,-1
4 27 [15][4]
$401921FB54442D18,0,C025D967F3437F3F,4019FFFFFFFFFFFE
$4018BB9E0DD4374D,0,C025DAAF212B939C,401A3318D3711F96
$401847C2DB790E43,0,C025DF327581B7AE,401A6C494BA6A79F
$4017D3E7A91DE539,0,C025E6E8DA7FFDA2,401AA4174986EC75
$4017600C76C2BC2F,0,C025F1B910EBF469,401AD9CC1F879FFE
$4016EC3144679329,0,C025FF7FB2F5FCE3,401B0CB7FE82E7C5
$40167856120C6A1E,0,C026100FA81958CC,401B3C34353B5A62
$4016047ADFB14116,0,C0262332B8BB6D9E,401B67A55207E22E
$4015909FAD56180C,0,C02638AA3FA6FCDC,401B8E7D1FAD407C
$40151CC47AFAEF04,0,C026502FF71E549,401BB03C76E375F8
$4014A8E9489FC5FB,0,C0266976DEE529B8,401BCC74DE932B44
$4014350E16449CEF,0,C026842C38511366,401BE2C9F5788764
$4013C132E3E973E4,0,C0269FF895278306,401BF2F2A08BA10C
$40134D57B18E4ADE,0,C026BC80F5D28912,401BFCB9FA509A26
$4012D97C7F3321D2,0,C026D967F3437F4,401BFFFFFFFFFFFE
4 28 140
4 29 328
4 30 448
4 31 454
4 32 0
4 33 0
3 22 ->
4 23 449
4 24 4
4 25 0
4 26 [2]
$1,-1
4 27 [15][4]
$401921FB54442D18,0,C025D967F3437F3F,4019FFFFFFFFFFFE
$4018BB9E0DD4374D,0,C025DAAF212B939C,401A3318D3711F96
$401847C2DB790E43,0,C025DF327581B7AE,401A6C494BA6A79F
$4017D3E7A91DE539,0,C025E6E8DA7FFDA2,401AA4174986EC75
$4017600C76C2BC2F,0,C025F1B910EBF469,401AD9CC1F879FFE
$4016EC3144679329,0,C025FF7FB2F5FCE3,401B0CB7FE82E7C5
$40167856120C6A1E,0,C026100FA81958CC,401B3C34353B5A62
$4016047ADFB14116,0,C0262332B8BB6D9E,401B67A55207E22E
$4015909FAD56180C,0,C02638AA3FA6FCDC,401B8E7D1FAD407C
$40151CC47AFAEF04,0,C026502FF71E549,401BB03C76E375F8
$4014A8E9489FC5FB,0,C0266976DEE529B8,401BCC74DE932B44
$4014350E16449CEF,0,C026842C38511366,401BE2C9F5788764
$4013C132E3E973E4,0,C0269FF895278306,401BF2F2A08BA10C
$40134D57B18E4ADE,0,C026BC80F5D28912,401BFCB9FA509A26
$4012D97C7F3321D2,0,C026D967F3437F4,401BFFFFFFFFFFFE
4 28 139
4 29 327
4 30 447
4 31 453
4 32 0
4 33 0
3 22 ->
4 23 452
4 24 4
4 25 0
4 26 [2]
$1,-1
4 27 [2][4]
$401921FB54442D18,407459333333332F,4001FFFFFFFFFFF3,4074593333333332
$401921FB54442D18,0,4001FFFFFFFFFFF3,0
4 28 140
4 29 144
4 30 450
4 31 146
4 32 0
4 33 0
3 22 ->
4 23 451
4 24 4
4 25 0
4 26 [2]
$1,-1
4 27 [2][4]
$401921FB54442D18,407459333333332F,4001FFFFFFFFFFF3,4074593333333332
$401921FB54442D18,0,4001FFFFFFFFFFF3,0
4 28 139
4 29 143
4 30 449
4 31 145
4 32 0
4 33 0
3 22 ->
4 23 146
4 24 4
4 25 0
4 26 [2]
$1,-1
4 27 [2][4]
$401FB2CFE686FE7B,C014FFFFFFFFFFFB,0,4074593333333334
$401FB2CFE686FE7F,C008000000000003,4001FFFFFFFFFFF3,4074593333333334
4 28 334
4 29 144
4 30 142
4 31 456
4 32 0
4 33 0
3 22 ->
4 23 145
4 24 4
4 25 0
4 26 [2]
$1,-1
4 27 [2][4]
$401FB2CFE686FE7B,C014FFFFFFFFFFFB,0,4074593333333334
$401FB2CFE686FE7F,C008000000000003,4001FFFFFFFFFFF3,4074593333333334
4 28 333
4 29 143
4 30 141
4 31 455
4 32 0
4 33 0
3 22 ->
4 23 454
4 24 4
4 25 0
4 26 [2]
$1,-1
4 27 [2][4]
$0,0,C025D967F3437F3E,4011000000000005
$4001FFFFFFFFFFF1,0,C025D967F3437F4,4019FFFFFFFFFFFE
4 28 144
4 29 328
4 30 452
4 31 458
4 32 0
4 33 0
3 22 ->
4 23 453
4 24 4
4 25 0
4 26 [2]
$1,-1
4 27 [2][4]
$0,0,C025D967F3437F3E,4011000000000005
$4001FFFFFFFFFFF1,0,C025D967F3437F4,4019FFFFFFFFFFFE
4 28 143
4 29 327
4 30 451
4 31 457
4 32 0
4 33 0
3 22 ->
4 23 456
4 24 4
4 25 0
4 26 [2]
$1,-1
4 27 [2][4]
$0,4074593333333332,400921FB54442D18,407459333333332F
$0,0,400921FB54442D18,8
4 28 144
4 29 148
4 30 454
4 31 150
4 32 0
4 33 0
3 22 ->
4 23 455
4 24 4
4 25 0
4 26 [2]
$1,-1
4 27 [2][4]
$0,4074593333333332,400921FB54442D18,407459333333332F
$0,0,400921FB54442D18,8
4 28 143
4 29 147
4 30 453
4 31 149
4 32 0
4 33 0
3 22 ->
4 23 150
4 24 4
4 25 0
4 26 [2]
$1,-1
4 27 [22][4]
$401C48C6001F0ABF,C0166A09E667F3B9,3FE921FB54442D2E,4074593333333331
$401C6C1B96BD2FC3,C0168A37F382FBBE,3FEC1EEDD8170E8E,4074593333333331
$401C9AB426AACFE6,C016AC9537B8F1C4,3FEFBDC76AF056D5,4074593333333331
$401CCCE1A7A6EFF1,C016C97781F5F1CB,3FF1AE507EE4CF91,4074593333333331
$401D01FFD7A011FC,C016E08044D6C28,3FF37DBD485173AE,4074593333333331
$401D3960D49730CE,C016F164192A8406,3FF54D2A11BE17D7,4074593333333331
$401D724F55D56531,C016FBEBB4C82693,3FF71C96DB2ABBFD,4074593333333331
$401DAC10FD5BF34F,C016FFF49F8C6739,3FF8EC03A497601E,4074593333333331
$401DE5E8B9F81E13,C016FD71A42FD741,3FFABB706E040449,4074593333333331
$401E1F19322DA61B,C016F46AFB838F1F,3FFC8ADD3770A86D,4074593333333331
$401E56E7300DEAF1,C016E4FE31870335,3FFE5A4A00DD4C91,4074593333333331
$401E8C9C060E9E7B,C016CF5DC4AF15A8,400014DB6524F85F,4074593333333331
$401EBF87E509E642,C016B3D0809B04B3,4000FC91C9DB4A73,4074593333333331
$401EEF041BC258DF,C01692B096544CE,4001E4482E919C82,4074593333333331
$401F1A75388EE0AB,C0166C6A7510233E,4002CBFE9347EE96,4074593333333331
$401F414D06343EF7,C016417B673904C1,4003B3B4F7FE40A3,4074593333333331
$401F630C5D6A7476,C016126FF84A5558,40049B6B5CB492BE,4074593333333331
$401F7F44C51A29C1,C015DFE228BCAB0A,40058321C16AE4CC,4074593333333331
$401F9599DBFF85E,C015AA7775E4D7AD,40066AD8262136DE,4074593333333331
$401FA5C287129F89,C01572DEBC37F86E,4007528E8AD788F,4074593333333331
$401FAF89E0D798A3,C01539CDFAE1EC54,40083A44EF8DDB06,4074593333333331
$401FB2CFE686FE7B,C014FFFFFFFFFFFB,400921FB54442D18,4074593333333331
4 28 334
4 29 148
4 30 146
4 31 460
4 32 0
4 33 0
3 22 ->
4 23 149
4 24 4
4 25 0
4 26 [2]
$1,-1
4 27 [22][4]
$401C48C6001F0ABF,C0166A09E667F3B9,3FE921FB54442D2E,4074593333333331
$401C6C1B96BD2FC3,C0168A37F382FBBE,3FEC1EEDD8170E8E,4074593333333331
$401C9AB426AACFE6,C016AC9537B8F1C4,3FEFBDC76AF056D5,4074593333333331
$401CCCE1A7A6EFF1,C016C97781F5F1CB,3FF1AE507EE4CF91,4074593333333331
$401D01FFD7A011FC,C016E08044D6C28,3FF37DBD485173AE,4074593333333331
$401D3960D49730CE,C016F164192A8406,3FF54D2A11BE17D7,4074593333333331
$401D724F55D56531,C016FBEBB4C82693,3FF71C96DB2ABBFD,4074593333333331
$401DAC10FD5BF34F,C016FFF49F8C6739,3FF8EC03A497601E,4074593333333331
$401DE5E8B9F81E13,C016FD71A42FD741,3FFABB706E040449,4074593333333331
$401E1F19322DA61B,C016F46AFB838F1F,3FFC8ADD3770A86D,4074593333333331
$401E56E7300DEAF1,C016E4FE31870335,3FFE5A4A00DD4C91,4074593333333331
$401E8C9C060E9E7B,C016CF5DC4AF15A8,400014DB6524F85F,4074593333333331
$401EBF87E509E642,C016B3D0809B04B3,4000FC91C9DB4A73,4074593333333331
$401EEF041BC258DF,C01692B096544CE,4001E4482E919C82,4074593333333331
$401F1A75388EE0AB,C0166C6A7510233E,4002CBFE9347EE96,4074593333333331
$401F414D06343EF7,C016417B673904C1,4003B3B4F7FE40A3,4074593333333331
$401F630C5D6A7476,C016126FF84A5558,40049B6B5CB492BE,4074593333333331
$401F7F44C51A29C1,C015DFE228BCAB0A,40058321C16AE4CC,4074593333333331
$401F9599DBFF85E,C015AA7775E4D7AD,40066AD8262136DE,4074593333333331
$401FA5C287129F89,C01572DEBC37F86E,4007528E8AD788F,4074593333333331
$401FAF89E0D798A3,C01539CDFAE1EC54,40083A44EF8DDB06,4074593333333331
$401FB2CFE686FE7B,C014FFFFFFFFFFFB,400921FB54442D18,4074593333333331
4 28 333
4 29 147
4 30 145
4 31 459
4 32 0
4 33 0
3 22 ->
4 23 458
4 24 4
4 25 0
4 26 [2]
$1,-1
4 27 [22][4]
$3FE921FB54442D2E,0,C0242463000F856,400F2BEC3330188E
$3FEC1EEDD8170E8E,0,C024360DCB5E97E2,400EEB9018FA0884
$3FEFBDC76AF056D5,0,C0244D5A135567F4,400EA6D5908E1C78
$3FF1AE507EE4CF91,0,C0246670D3D377F9,400E6D10FC141C6A
$3FF37DBD485173AE,0,C02480FFEBD008FE,400E3EFF76527B
$3FF54D2A11BE17D7,0,C0249CB06A4B9868,400E1D37CDAAF7F4
$3FF71C96DB2ABBFD,0,C024B927AAEAB299,400E0828966FB2DA
$3FF8EC03A497601E,0,C024D6087EADF9A8,400E0016C0E7318E
$3FFABB706E040449,0,C024F2F45CFC0F0A,400E051CB7A0517E
$3FFC8ADD3770A86D,0,C0250F8C9916D30E,400E172A08F8E1C2
$3FFE5A4A00DD4C91,0,C0252B739806F579,400E36039CF1F996
$400014DB6524F85F,0,C025464E03074F3E,400E614476A1D4B
$4000FC91C9DB4A73,0,C0255FC3F284F322,400E985EFEC9F69A
$4001E4482E919C82,0,C02577820DE12C7,400EDA9ED357664
$4002CBFE9347EE96,0,C0258D3A9C477056,400F272B15DFB984
$4003B3B4F7FE40A3,0,C025A0A6831A1F7C,400F7D09318DF67E
$40049B6B5CB492BE,0,C025B1862EB53A3C,400FDB200F6B555
$40058321C16AE4CC,0,C025BFA2628D14E1,4010201DD74354F6
$40066AD8262136DE,0,C025CACCEDFFC2F,401055888A1B2853
$4007528E8AD788F,0,C025D2E143894FC5,40108D2143C80792
$40083A44EF8DDB06,0,C025D7C4F06BCC52,4010C632051E13AC
$400921FB54442D18,8,C025D967F3437F3E,4011000000000005
4 28 148
4 29 328
4 30 456
4 31 462
4 32 0
4 33 0
3 22 ->
4 23 457
4 24 4
4 25 0
4 26 [2]
$1,-1
4 27 [22][4]
$3FE921FB54442D2E,0,C0242463000F856,400F2BEC3330188E
$3FEC1EEDD8170E8E,0,C024360DCB5E97E2,400EEB9018FA0884
$3FEFBDC76AF056D5,0,C0244D5A135567F4,400EA6D5908E1C78
$3FF1AE507EE4CF91,0,C0246670D3D377F9,400E6D10FC141C6A
$3FF37DBD485173AE,0,C02480FFEBD008FE,400E3EFF76527B
$3FF54D2A11BE17D7,0,C0249CB06A4B9868,400E1D37CDAAF7F4
$3FF71C96DB2ABBFD,0,C024B927AAEAB299,400E0828966FB2DA
$3FF8EC03A497601E,0,C024D6087EADF9A8,400E0016C0E7318E
$3FFABB706E040449,0,C024F2F45CFC0F0A,400E051CB7A0517E
$3FFC8ADD3770A86D,0,C0250F8C9916D30E,400E172A08F8E1C2
$3FFE5A4A00DD4C91,0,C0252B739806F579,400E36039CF1F996
$400014DB6524F85F,0,C025464E03074F3E,400E614476A1D4B
$4000FC91C9DB4A73,0,C0255FC3F284F322,400E985EFEC9F69A
$4001E4482E919C82,0,C02577820DE12C7,400EDA9ED357664
$4002CBFE9347EE96,0,C0258D3A9C477056,400F272B15DFB984
$4003B3B4F7FE40A3,0,C025A0A6831A1F7C,400F7D09318DF67E
$40049B6B5CB492BE,0,C025B1862EB53A3C,400FDB200F6B555
$40058321C16AE4CC,0,C025BFA2628D14E1,4010201DD74354F6
$40066AD8262136DE,0,C025CACCEDFFC2F,401055888A1B2853
$4007528E8AD788F,0,C025D2E143894FC5,40108D2143C80792
$40083A44EF8DDB06,0,C025D7C4F06BCC52,4010C632051E13AC
$400921FB54442D18,8,C025D967F3437F3E,4011000000000005
4 28 147
4 29 327
4 30 455
4 31 461
4 32 0
4 33 0
3 22 ->
4 23 460
4 24 4
4 25 0
4 26 [2]
$1,-1
4 27 [2][4]
$3FE921FB54442D23,407459333333332F,8,4074593333333332
$3FE921FB54442D23,0,0,0
4 28 148
4 29 152
4 30 458
4 31 154
4 32 0
4 33 0
3 22 ->
4 23 459
4 24 4
4 25 0
4 26 [2]
$1,-1
4 27 [2][4]
$3FE921FB54442D23,407459333333332F,8,4074593333333332
$3FE921FB54442D23,0,0,0
4 28 147
4 29 151
4 30 457
4 31 153
4 32 0
4 33 0
3 22 ->
4 23 154
4 24 4
4 25 0
4 26 [2]
$1,-1
4 27 [2][4]
$4011EA2AFFF6AFF6,C00816DDCC7F31E,C00D545BADC2877E,4074593333333334
$401C48C6001F0ABE,C0166A09E667F3B9,8,4074593333333334
4 28 334
4 29 152
4 30 150
4 31 464
4 32 0
4 33 0
3 22 ->
4 23 153
4 24 4
4 25 0
4 26 [2]
$1,-1
4 27 [2][4]
$4011EA2AFFF6AFF6,C00816DDCC7F31E,C00D545BADC2877E,4074593333333334
$401C48C6001F0ABE,C0166A09E667F3B9,8,4074593333333334
4 28 333
4 29 151
4 30 149
4 31 463
4 32 0
4 33 0
3 22 ->
4 23 462
4 24 4
4 25 0
4 26 [2]
$1,-1
4 27 [2][4]
$C00D545BADC2877E,0,C01DEA2AFFF6AFF7,4019F49119C0671
$0,0,C0242463000F856,400F2BEC3330188E
4 28 152
4 29 328
4 30 460
4 31 466
4 32 0
4 33 0
3 22 ->
4 23 461
4 24 4
4 25 0
4 26 [2]
$1,-1
4 27 [2][4]
$C00D545BADC2877E,0,C01DEA2AFFF6AFF7,4019F49119C0671
$0,0,C0242463000F856,400F2BEC3330188E
4 28 151
4 29 327
4 30 459
4 31 465
4 32 0
4 33 0
3 22 ->
4 23 464
4 24 4
4 25 0
4 26 [2]
$1,-1
4 27 [2][4]
$C00D545BADC2877D,4074593333333332,3FE921FB54442D17,407459333333332F
$C00D545BADC2877D,0,3FE921FB54442D17,0
4 28 152
4 29 156
4 30 462
4 31 158
4 32 0
4 33 0
3 22 ->
4 23 463
4 24 4
4 25 0
4 26 [2]
$1,-1
4 27 [2][4]
$C00D545BADC2877D,4074593333333332,3FE921FB54442D17,407459333333332F
$C00D545BADC2877D,0,3FE921FB54442D17,0
4 28 151
4 29 155
4 30 461
4 31 157
4 32 0
4 33 0
3 22 ->
4 23 158
4 24 4
4 25 0
4 26 [2]
$1,-1
4 27 [19][4]
$400CCCCCCCCCCCC7,BFEC799BFE7F1424,3CA0000000000001,4074593333333331
$400CCE776B05231A,BFEEB5F8A8A144AA,3F97D9BF14281AC1,4074593333333331
$400CDB9FBBE97603,BFF191E2E788DAAA,3FB1C96E7D1AF561,4074593333333331
$400CF5DAD6E9190D,BFF3C6F7A92B601D,3FBD9C6D352BE40E,4074593333333331
$400D1D1A6948B8F9,BFF5F9060A53383D,3FC4B7B5F69E6959,4074593333333331
$400D514904A21951,BFF826DB22F31959,3FCAA13552A6E0AF,4074593333333331
$400D924A2A97E2D,BFFA4F46596AE59C,3FD0455A5757AC02,4074593333333331
$400DDFFA5C64AB8,BFFC711A08DAC064,3FD33A1A055BE7AE,4074593333333331
$400E3A2F2E3CB9B2,BFFE8B2C25D8EBB4,3FD62ED9B360235C,4074593333333331
$400EA0B75E77EC73,C0004E2B70983EBF,3FD9239961645F03,4074593333333331
$400F135AF0772386,C00151BCA428079F,3FDC18590F689AB2,4074593333333331
$400F91DB4B36772C,C0024FBBF18866A3,3FDF0D18BD6CD659,4074593333333331
$40100DF9ADBDC724,C003479EA73FDF7C,3FE100EC35B88903,4074593333333331
$401058ABDCC6B465,C00438DD6A2A612A,3FE27B4C0CBAA6D9,4074593333333331
$4010A8DB693082F4,C00522F47F624346,3FE3F5ABE3BCC4AD,4074593333333331
$4010FE5C8A123551,C0060564142E66F7,3FE5700BBABEE285,4074593333333331
$401159008F07DAE1,C006DFB083CE34C4,3FE6EA6B91C10059,4074593333333331
$4011B895F9B112C4,C007B1629AFD5A99,3FE864CB68C31E31,4074593333333331
$4011EA2AFFF6AFF6,C00816DDCC7F31E1,3FE921FB54442D17,4074593333333331
4 28 334
4 29 156
4 30 154
4 31 468
4 32 0
4 33 0
3 22 ->
4 23 157
4 24 4
4 25 0
4 26 [2]
$1,-1
4 27 [19][4]
$400CCCCCCCCCCCC7,BFEC799BFE7F1424,3CA0000000000001,4074593333333331
$400CCE776B05231A,BFEEB5F8A8A144AA,3F97D9BF14281AC1,4074593333333331
$400CDB9FBBE97603,BFF191E2E788DAAA,3FB1C96E7D1AF561,4074593333333331
$400CF5DAD6E9190D,BFF3C6F7A92B601D,3FBD9C6D352BE40E,4074593333333331
$400D1D1A6948B8F9,BFF5F9060A53383D,3FC4B7B5F69E6959,4074593333333331
$400D514904A21951,BFF826DB22F31959,3FCAA13552A6E0AF,4074593333333331
$400D924A2A97E2D,BFFA4F46596AE59C,3FD0455A5757AC02,4074593333333331
$400DDFFA5C64AB8,BFFC711A08DAC064,3FD33A1A055BE7AE,4074593333333331
$400E3A2F2E3CB9B2,BFFE8B2C25D8EBB4,3FD62ED9B360235C,4074593333333331
$400EA0B75E77EC73,C0004E2B70983EBF,3FD9239961645F03,4074593333333331
$400F135AF0772386,C00151BCA428079F,3FDC18590F689AB2,4074593333333331
$400F91DB4B36772C,C0024FBBF18866A3,3FDF0D18BD6CD659,4074593333333331
$40100DF9ADBDC724,C003479EA73FDF7C,3FE100EC35B88903,4074593333333331
$401058ABDCC6B465,C00438DD6A2A612A,3FE27B4C0CBAA6D9,4074593333333331
$4010A8DB693082F4,C00522F47F624346,3FE3F5ABE3BCC4AD,4074593333333331
$4010FE5C8A123551,C0060564142E66F7,3FE5700BBABEE285,4074593333333331
$401159008F07DAE1,C006DFB083CE34C4,3FE6EA6B91C10059,4074593333333331
$4011B895F9B112C4,C007B1629AFD5A99,3FE864CB68C31E31,4074593333333331
$4011EA2AFFF6AFF6,C00816DDCC7F31E1,3FE921FB54442D17,4074593333333331
4 28 333
4 29 155
4 30 153
4 31 467
4 32 0
4 33 0
3 22 ->
4 23 466
4 24 4
4 25 0
4 26 [2]
$1,-1
4 27 [19][4]
$0,0,C01A666666666664,4021386640180EBE
$3F97D9BF14281AE1,0,C01A673BB582918E,402114A07575EBB5
$3FB1C96E7D1AF566,0,C01A6DCFDDF4BB02,4020CDC3A30EE4AB
$3FBD9C6D352BE419,0,C01A7AED6B748C88,402087210ADA93FC
$3FC4B7B5F69E695E,0,C01A8E8D34A45C7E,402040DF3EB598F8
$3FCAA13552A6E0B4,0,C01AA8A482510CAA,401FF649374339A9
$3FD0455A5757AC05,0,C01AC925154BF169,401F6C2E69A54698
$3FD33A1A055BE7B1,0,C01AEFFD2E3255C1,401EE3B97DC94FE6
$3FD62ED9B360235C,0,C01B1D17971E5CDA,401E5D34F689C513
$3FD9239961645F07,0,C01B505BAF3BF63B,401DD8EA47B3E0A
$3FDC18590F689AB4,0,C01B89AD783B91C4,401D5721ADEBFC3
$3FDF0D18BD6CD65E,0,C01BC8EDA59B3B98,401CD822073BCCAE
$3FE100EC35B88906,0,C01C0DF9ADBDC726,401C5C30AC601042
$3FE27B4C0CBAA6D9,0,C01C58ABDCC6B466,401BE3914AEACF6B
$3FE3F5ABE3BCC4B,0,C01CA8DB693082F6,401B6E85C04EDE5C
$3FE5700BBABEE288,0,C01CFE5C8A123553,401AFD4DF5E8CC84
$3FE6EA6B91C1005A,0,C01D59008F07DAE2,401A9027BE18E59E
$3FE864CB68C31E32,0,C01DB895F9B112C5,401A274EB28152B3
$3FE921FB54442D18,0,C01DEA2AFFF6AFF7,4019F49119C0670F
4 28 156
4 29 328
4 30 464
4 31 470
4 32 0
4 33 0
3 22 ->
4 23 465
4 24 4
4 25 0
4 26 [2]
$1,-1
4 27 [19][4]
$0,0,C01A666666666664,4021386640180EBE
$3F97D9BF14281AE1,0,C01A673BB582918E,402114A07575EBB5
$3FB1C96E7D1AF566,0,C01A6DCFDDF4BB02,4020CDC3A30EE4AB
$3FBD9C6D352BE419,0,C01A7AED6B748C88,402087210ADA93FC
$3FC4B7B5F69E695E,0,C01A8E8D34A45C7E,402040DF3EB598F8
$3FCAA13552A6E0B4,0,C01AA8A482510CAA,401FF649374339A9
$3FD0455A5757AC05,0,C01AC925154BF169,401F6C2E69A54698
$3FD33A1A055BE7B1,0,C01AEFFD2E3255C1,401EE3B97DC94FE6
$3FD62ED9B360235C,0,C01B1D17971E5CDA,401E5D34F689C513
$3FD9239961645F07,0,C01B505BAF3BF63B,401DD8EA47B3E0A
$3FDC18590F689AB4,0,C01B89AD783B91C4,401D5721ADEBFC3
$3FDF0D18BD6CD65E,0,C01BC8EDA59B3B98,401CD822073BCCAE
$3FE100EC35B88906,0,C01C0DF9ADBDC726,401C5C30AC601042
$3FE27B4C0CBAA6D9,0,C01C58ABDCC6B466,401BE3914AEACF6B
$3FE3F5ABE3BCC4B,0,C01CA8DB693082F6,401B6E85C04EDE5C
$3FE5700BBABEE288,0,C01CFE5C8A123553,401AFD4DF5E8CC84
$3FE6EA6B91C1005A,0,C01D59008F07DAE2,401A9027BE18E59E
$3FE864CB68C31E32,0,C01DB895F9B112C5,401A274EB28152B3
$3FE921FB54442D18,0,C01DEA2AFFF6AFF7,4019F49119C0670F
4 28 155
4 29 327
4 30 463
4 31 469
4 32 0
4 33 0
3 22 ->
4 23 468
4 24 4
4 25 0
4 26 [2]
$1,-1
4 27 [2][4]
$0,407459333333332F,3FEC799BFE7F1421,4074593333333332
$0,0,3FEC799BFE7F1421,0
4 28 156
4 29 160
4 30 466
4 31 162
4 32 0
4 33 0
3 22 ->
4 23 467
4 24 4
4 25 0
4 26 [2]
$1,-1
4 27 [2][4]
$0,407459333333332F,3FEC799BFE7F1421,4074593333333332
$0,0,3FEC799BFE7F1421,0
4 28 155
4 29 159
4 30 465
4 31 161
4 32 0
4 33 0
3 22 ->
4 23 162
4 24 4
4 25 0
4 26 [2]
$1,-1
4 27 [2][4]
$400CCCCCCCCCCCD2,3FEC799BFE7F1421,BFEC799BFE7F1421,4074593333333334
$400CCCCCCCCCCCC7,BFEC799BFE7F1421,3FEC799BFE7F1421,4074593333333334
4 28 334
4 29 160
4 30 158
4 31 472
4 32 0
4 33 0
3 22 ->
4 23 161
4 24 4
4 25 0
4 26 [2]
$1,-1
4 27 [2][4]
$400CCCCCCCCCCCD2,3FEC799BFE7F1421,BFEC799BFE7F1421,4074593333333334
$400CCCCCCCCCCCC7,BFEC799BFE7F1421,3FEC799BFE7F1421,4074593333333334
4 28 333
4 29 159
4 30 157
4 31 471
4 32 0
4 33 0
3 22 ->
4 23 470
4 24 4
4 25 0
4 26 [2]
$1,-1
4 27 [2][4]
$BFEC799BFE7F141F,0,C01A66666666666A,4024C799BFE7F142
$3FEC799BFE7F141F,0,C01A666666666664,4021386640180EBE
4 28 160
4 29 328
4 30 468
4 31 474
4 32 0
4 33 0
3 22 ->
4 23 469
4 24 4
4 25 0
4 26 [2]
$1,-1
4 27 [2][4]
$BFEC799BFE7F141F,0,C01A66666666666A,4024C799BFE7F142
$3FEC799BFE7F141F,0,C01A666666666664,4021386640180EBE
4 28 159
4 29 327
4 30 467
4 31 473
4 32 0
4 33 0
3 22 ->
4 23 472
4 24 4
4 25 0
4 26 [2]
$1,-1
4 27 [2][4]
$BFEC799BFE7F1421,4074593333333332,401921FB54442D18,407459333333332F
$BFEC799BFE7F1421,0,401921FB54442D18,0
4 28 160
4 29 300
4 30 470
4 31 302
4 32 0
4 33 0
3 22 ->
4 23 471
4 24 4
4 25 0
4 26 [2]
$1,-1
4 27 [2][4]
$BFEC799BFE7F1421,4074593333333332,401921FB54442D18,407459333333332F
$BFEC799BFE7F1421,0,401921FB54442D18,0
4 28 159
4 29 299
4 30 469
4 31 301
4 32 0
4 33 0
3 22 ->
4 23 166
4 24 4
4 25 0
4 26 [2]
$1,-1
4 27 [19][4]
$400816DDCC7F31F8,C011EA2AFFF6AFF9,400F6A7A2955385E,4074593333333331
$4007B081FD025964,C011B82AC255DC65,400F9A2DA77D8894,4074593333333331
$4006DEC63C8F34B1,C011589AA46EECE4,400FF8C59D3E1009,4074593333333331
$40060470A3986DBA,C010FDFC23E221AE,40102BAEC97F4BC,4074593333333331
$400521F86A62FE3,C010A880BC0C9F65,40105AFAC45F8F7A,4074593333333331
$400437D93A678F86,C01058571A325C4,40108A46BF3FD334,4074593333333331
$40034692EACC293D,C0100DAB0401521F,4010B992BA2016F,4074593333333331
$40024EA93A95C881,C00F914A7F557019,4010E8DEB5005AAA,4074593333333331
$400150A388B7FEE2,C00F12D6FB3EA0D,4011182AAFE09E64,4074593333333331
$40004D0C8A29E07,C00EA04087F5E7F8,40114776AAC0E22,4074593333333331
$3FFE88E3FC513BEC,C00E39C5B7552D79,401176C2A5A125DA,4074593333333331
$3FFC6EC8C1A24D78,C00DDF9E7EAE22E1,4011A60EA0816995,4074593333333331
$3FFA4CED38762AC3,C00D91FC183C086B,4011D55A9B61AD4F,4074593333333331
$3FF8247B707FF858,C00D5108E84252F2,401204A69641F10A,4074593333333331
$3FF5F6A11235BD8A,C00D1CE865E6E06C,401233F2912234C4,4074593333333331
$3FF3C48EBA1891A,C00CF5B707D45E91,4012633E8C02787F,4074593333333331
$3FF18F77525FF41C,C00CDB8A34AF76CF,4012928A86E2BC3A,4074593333333331
$3FEEB11ED6C645F,C00CCE7037673C17,4012C1D681C2FFF5,4074593333333331
$3FEC799BFE7F147A,C00CCCCCCCCCCCCE,4012D97C7F3321D2,4074593333333331
4 28 334
4 29 164
4 30 90
4 31 476
4 32 0
4 33 0
3 22 ->
4 23 165
4 24 4
4 25 0
4 26 [2]
$1,-1
4 27 [19][4]
$400816DDCC7F31F8,C011EA2AFFF6AFF9,400F6A7A2955385E,4074593333333331
$4007B081FD025964,C011B82AC255DC65,400F9A2DA77D8894,4074593333333331
$4006DEC63C8F34B1,C011589AA46EECE4,400FF8C59D3E1009,4074593333333331
$40060470A3986DBA,C010FDFC23E221AE,40102BAEC97F4BC,4074593333333331
$400521F86A62FE3,C010A880BC0C9F65,40105AFAC45F8F7A,4074593333333331
$400437D93A678F86,C01058571A325C4,40108A46BF3FD334,4074593333333331
$40034692EACC293D,C0100DAB0401521F,4010B992BA2016F,4074593333333331
$40024EA93A95C881,C00F914A7F557019,4010E8DEB5005AAA,4074593333333331
$400150A388B7FEE2,C00F12D6FB3EA0D,4011182AAFE09E64,4074593333333331
$40004D0C8A29E07,C00EA04087F5E7F8,40114776AAC0E22,4074593333333331
$3FFE88E3FC513BEC,C00E39C5B7552D79,401176C2A5A125DA,4074593333333331
$3FFC6EC8C1A24D78,C00DDF9E7EAE22E1,4011A60EA0816995,4074593333333331
$3FFA4CED38762AC3,C00D91FC183C086B,4011D55A9B61AD4F,4074593333333331
$3FF8247B707FF858,C00D5108E84252F2,401204A69641F10A,4074593333333331
$3FF5F6A11235BD8A,C00D1CE865E6E06C,401233F2912234C4,4074593333333331
$3FF3C48EBA1891A,C00CF5B707D45E91,4012633E8C02787F,4074593333333331
$3FF18F77525FF41C,C00CDB8A34AF76CF,4012928A86E2BC3A,4074593333333331
$3FEEB11ED6C645F,C00CCE7037673C17,4012C1D681C2FFF5,4074593333333331
$3FEC799BFE7F147A,C00CCCCCCCCCCCCE,4012D97C7F3321D2,4074593333333331
4 28 333
4 29 163
4 30 89
4 31 475
4 32 0
4 33 0
3 22 ->
4 23 402
4 24 4
4 25 0
4 26 [2]
$1,-1
4 27 [19][4]
$400F6A7A2955385D,8,C0180B6EE63F98FD,401415D500095006
$400F9A2DA77D8894,8,C017D840FE812CB3,401447D53DAA239A
$400FF8C59D3E1009,8,C0176F631E479A5A,4014A7655B91131B
$40102BAEC97F4BBF,8,C017023851CC36DE,40150203DC1DDE5
$40105AFAC45F8F7A,8,C01690FC35317F1A,4015577F43F3609A
$40108A46BF3FD334,8,C0161BEC9D33C7C4,4015A7A8E5CDA3BE
$4010B992BA2016EF,8,C015A349756614A,4015F254FBFEADE
$4010E8DEB5005AAA,8,C01527549D4AE442,4016375AC05547F4
$4011182AAFE09E64,8,C014A851C45BFF72,401676948260AF97
$40114776AAC0E21F,8,C01426864514F03A,4016AFDFBC050C04
$401176C2A5A125DA,8,C013A238FF144EFC,4016E31D24556943
$4011A60EA0816994,8,C0131BB23068936,40171030C0A8EE8F
$4011D55A9B61AD4F,8,C012933B4E1D8AB2,40173701F3E1FBCA
$401204A69641F10A,8,C012091EDC1FFE18,4017577B8BDED686
$401233F2912234C4,8,C0117DA8448D6F64,4017718BCD0C8FCA
$4012633E8C02787F,8,C010F123AE862469,401785247C15D0B8
$4012928A86E2BC3A,8,C01063DDD497FD08,4017923AE5A84498
$4012C1D681C2FFF4,8,C00FAC47B5B1917F,401798C7E44C61F4
$4012D97C7F3321D2,0,C00F1E66FF9FC521,4017999999999999
4 28 164
4 29 328
4 30 394
4 31 478
4 32 0
4 33 0
3 22 ->
4 23 401
4 24 4
4 25 0
4 26 [2]
$1,-1
4 27 [19][4]
$400F6A7A2955385D,8,C0180B6EE63F98FD,401415D500095006
$400F9A2DA77D8894,8,C017D840FE812CB3,401447D53DAA239A
$400FF8C59D3E1009,8,C0176F631E479A5A,4014A7655B91131B
$40102BAEC97F4BBF,8,C017023851CC36DE,40150203DC1DDE5
$40105AFAC45F8F7A,8,C01690FC35317F1A,4015577F43F3609A
$40108A46BF3FD334,8,C0161BEC9D33C7C4,4015A7A8E5CDA3BE
$4010B992BA2016EF,8,C015A349756614A,4015F254FBFEADE
$4010E8DEB5005AAA,8,C01527549D4AE442,4016375AC05547F4
$4011182AAFE09E64,8,C014A851C45BFF72,401676948260AF97
$40114776AAC0E21F,8,C01426864514F03A,4016AFDFBC050C04
$401176C2A5A125DA,8,C013A238FF144EFC,4016E31D24556943
$4011A60EA0816994,8,C0131BB23068936,40171030C0A8EE8F
$4011D55A9B61AD4F,8,C012933B4E1D8AB2,40173701F3E1FBCA
$401204A69641F10A,8,C012091EDC1FFE18,4017577B8BDED686
$401233F2912234C4,8,C0117DA8448D6F64,4017718BCD0C8FCA
$4012633E8C02787F,8,C010F123AE862469,401785247C15D0B8
$4012928A86E2BC3A,8,C01063DDD497FD08,4017923AE5A84498
$4012C1D681C2FFF4,8,C00FAC47B5B1917F,401798C7E44C61F4
$4012D97C7F3321D2,0,C00F1E66FF9FC521,4017999999999999
4 28 163
4 29 327
4 30 393
4 31 477
4 32 0
4 33 0
3 22 ->
4 23 476
4 24 4
4 25 0
4 26 [2]
$1,-1
4 27 [2][4]
$400F6A7A2955385D,407459333333332F,BCD0F876CCDF6CDC,4074593333333333
$400F6A7A2955385D,8,BCD0F876CCDF6CDC,8
4 28 164
4 29 168
4 30 402
4 31 170
4 32 0
4 33 0
3 22 ->
4 23 475
4 24 4
4 25 0
4 26 [2]
$1,-1
4 27 [2][4]
$400F6A7A2955385D,407459333333332F,BCD0F876CCDF6CDC,4074593333333333
$400F6A7A2955385D,8,BCD0F876CCDF6CDC,8
4 28 163
4 29 167
4 30 401
4 31 169
4 32 0
4 33 0
3 22 ->
4 23 170
4 24 4
4 25 0
4 26 [2]
$1,-1
4 27 [2][4]
$40166A09E667F3BB,C01C48C6001F0AC,C00D545BADC2876E,4074593333333335
$400816DDCC7F31FA,C011EA2AFFF6AFFA,BCD6A09E667F3BCD,4074593333333335
4 28 334
4 29 168
4 30 166
4 31 480
4 32 0
4 33 0
3 22 ->
4 23 169
4 24 4
4 25 0
4 26 [2]
$1,-1
4 27 [2][4]
$40166A09E667F3BB,C01C48C6001F0AC,C00D545BADC2876E,4074593333333335
$400816DDCC7F31FA,C011EA2AFFF6AFFA,BCD6A09E667F3BCD,4074593333333335
4 28 333
4 29 167
4 30 165
4 31 479
4 32 0
4 33 0
3 22 ->
4 23 478
4 24 4
4 25 0
4 26 [2]
$1,-1
4 27 [2][4]
$C00D545BADC2876C,8,C0213504F333F9DE,40036E73FFC1EA82
$BCD0F876CCDF6CDC,8,C0180B6EE63F98FE,401415D500095006
4 28 168
4 29 328
4 30 476
4 31 482
4 32 0
4 33 0
3 22 ->
4 23 477
4 24 4
4 25 0
4 26 [2]
$1,-1
4 27 [2][4]
$C00D545BADC2876C,8,C0213504F333F9DE,40036E73FFC1EA82
$BCD0F876CCDF6CDC,8,C0180B6EE63F98FE,401415D500095006
4 28 167
4 29 327
4 30 475
4 31 481
4 32 0
4 33 0
3 22 ->
4 23 480
4 24 4
4 25 0
4 26 [2]
$1,-1
4 27 [2][4]
$C00D545BADC2876E,4074593333333333,400F6A7A2955385B,407459333333332F
$C00D545BADC2876E,8,400F6A7A2955385B,8
4 28 168
4 29 172
4 30 478
4 31 174
4 32 0
4 33 0
3 22 ->
4 23 479
4 24 4
4 25 0
4 26 [2]
$1,-1
4 27 [2][4]
$C00D545BADC2876E,4074593333333333,400F6A7A2955385B,407459333333332F
$C00D545BADC2876E,8,400F6A7A2955385B,8
4 28 167
4 29 171
4 30 477
4 31 173
4 32 0
4 33 0
3 22 ->
4 23 174
4 24 4
4 25 0
4 26 [2]
$1,-1
4 27 [22][4]
$4014FFFFFFFFFFFD,C01FB2CFE686FE7F,3FF921FB54442D18,4074593333333331
$40152FBD60F42543,C01FB094E2AFF977,3FFAA074962D9DD5,4074593333333331
$401568FCC0B26759,C01FA7EEB99B2AB2,3FFC6FE15F9A41F1,4074593333333331
$4015A0E472BD0321,C01F98E0227E7656,3FFE3F4E2906E614,4074593333333331
$4015D6BD756555C7,C01F839A67721E42,4000075D7939C523,4074593333333331
$401609D7831A8A7A,C01F68632B315CAB,4000EF13DDF01732,4074593333333331
$4016398B53713CA6,C01F47938526274A,4001D6CA42A66949,4074593333333331
$4016653CBEBE3E8A,C01F2196DDC49012,4002BE80A75CBB56,4074593333333331
$40168C5CBD43EB4E,C01EF6E98EF0768B,4003A6370C130D6D,4074593333333331
$4016AE6B3B68AAF7,C01EC8174CEC8502,40048DED70C95F83,4074593333333331
$4016CAF8BCF9F34C,C01E95B95D070406,400575A3D57FB18A,4074593333333331
$4016E1A7CA1F4F1F,C01E60749FDD94C7,40065D5A3A3603A7,4074593333333331
$4016F22E2152C02F,C01E28F775A243CB,400745109EEC55B5,4074593333333331
$4016FC55AA74E1FF,C01DEFF78348C5B3,40082CC703A2A7C5,4074593333333331
$4016FFFD27E11412,C01DB62F5FE878D,4009147D6858F9D8,4074593333333331
$4016FD18A33DFFDA,C01D7C5C31EDA9DB,4009FC33CD0F4BEF,4074593333333331
$4016F3B194A6451C,C01D433B43E99A1C,400AE3EA31C59E,4074593333333331
$4016E3E6C3A91D02,C01D0B8798EC33BF,400BCBA0967BF013,4074593333333331
$4016CDEBE2886C3D,C01CD5F78853DC94,400CB356FB324224,4074593333333331
$4016B208E4FE1976,C01CA33A68E76A65,400D9B0D5FE89437,4074593333333331
$4016909914B2A1AC,C01C73F652DC2F45,400E82C3C49EE64C,4074593333333331
$40166A09E667F3BB,C01C48C6001F0AC,400F6A7A2955385B,4074593333333331
4 28 334
4 29 172
4 30 170
4 31 484
4 32 0
4 33 0
3 22 ->
4 23 173
4 24 4
4 25 0
4 26 [2]
$1,-1
4 27 [22][4]
$4014FFFFFFFFFFFD,C01FB2CFE686FE7F,3FF921FB54442D18,4074593333333331
$40152FBD60F42543,C01FB094E2AFF977,3FFAA074962D9DD5,4074593333333331
$401568FCC0B26759,C01FA7EEB99B2AB2,3FFC6FE15F9A41F1,4074593333333331
$4015A0E472BD0321,C01F98E0227E7656,3FFE3F4E2906E614,4074593333333331
$4015D6BD756555C7,C01F839A67721E42,4000075D7939C523,4074593333333331
$401609D7831A8A7A,C01F68632B315CAB,4000EF13DDF01732,4074593333333331
$4016398B53713CA6,C01F47938526274A,4001D6CA42A66949,4074593333333331
$4016653CBEBE3E8A,C01F2196DDC49012,4002BE80A75CBB56,4074593333333331
$40168C5CBD43EB4E,C01EF6E98EF0768B,4003A6370C130D6D,4074593333333331
$4016AE6B3B68AAF7,C01EC8174CEC8502,40048DED70C95F83,4074593333333331
$4016CAF8BCF9F34C,C01E95B95D070406,400575A3D57FB18A,4074593333333331
$4016E1A7CA1F4F1F,C01E60749FDD94C7,40065D5A3A3603A7,4074593333333331
$4016F22E2152C02F,C01E28F775A243CB,400745109EEC55B5,4074593333333331
$4016FC55AA74E1FF,C01DEFF78348C5B3,40082CC703A2A7C5,4074593333333331
$4016FFFD27E11412,C01DB62F5FE878D,4009147D6858F9D8,4074593333333331
$4016FD18A33DFFDA,C01D7C5C31EDA9DB,4009FC33CD0F4BEF,4074593333333331
$4016F3B194A6451C,C01D433B43E99A1C,400AE3EA31C59E,4074593333333331
$4016E3E6C3A91D02,C01D0B8798EC33BF,400BCBA0967BF013,4074593333333331
$4016CDEBE2886C3D,C01CD5F78853DC94,400CB356FB324224,4074593333333331
$4016B208E4FE1976,C01CA33A68E76A65,400D9B0D5FE89437,4074593333333331
$4016909914B2A1AC,C01C73F652DC2F45,400E82C3C49EE64C,4074593333333331
$40166A09E667F3BB,C01C48C6001F0AC,400F6A7A2955385B,4074593333333331
4 28 333
4 29 171
4 30 169
4 31 483
4 32 0
4 33 0
3 22 ->
4 23 482
4 24 4
4 25 0
4 26 [2]
$1,-1
4 27 [22][4]
$3FF921FB54442D18,0,C0207FFFFFFFFFFF,3FF934C065E40604
$3FFAA074962D9DD5,0,C02097DEB07A12A2,3FF93DAC75401A24
$3FFC6FE15F9A41F1,0,C020B47E605933AD,3FF9604519935538
$3FFE3F4E2906E614,0,C020D072395E8191,3FF99C7F760626A8
$4000075D7939C523,0,C020EB5EBAB2AAE4,3FF9F196623786F8
$4000EF13DDF01732,0,C02104EBC18D453E,3FFA5E73533A8D54
$4001D6CA42A66949,0,C0211CC5A9B89E54,3FFAE1B1EB6762D8
$4002BE80A75CBB56,0,C021329E5F5F1F46,3FFB79A488EDBFB8
$4003A6370C130D6D,0,C021462E5EA1F5A8,3FFC2459C43E25D4
$40048DED70C95F83,0,C02157359DB4557C,3FFCDFA2CC4DEBF8
$400575A3D57FB18A,0,C021657C5E7CF9A6,3FFDA91A8BE3EFE8
$40065D5A3A3603A7,0,C02170D3E50FA79,3FFE7E2D8089ACE4
$400745109EEC55B5,0,C021791710A96018,3FFF5C222976F0D4
$40082CC703A2A7C5,0,C0217E2AD53A71,40002010F96E749A
$4009147D6858F9D8,0,C0217FFE93F08A0A,400093A1402F0E6
$4009FC33CD0F4BEF,8,C0217E8C519EFFEE,400107479C24AC4A
$400AE3EA31C59E,8,C02179D8CA53228E,40017989782CCBC8
$400BCBA0967BF013,8,C02171F361D48E82,4001E8F0CE279882
$400CB356FB324224,8,C02166F5F144361F,40025410EF5846D8
$400D9B0D5FE89437,8,C0215904727F0CBC,4002B98B2E312B36
$400E82C3C49EE64C,8,C021484C8A5950D6,400318135A47A176
$400F6A7A2955385B,8,C0213504F333F9DE,40036E73FFC1EA8
4 28 172
4 29 328
4 30 480
4 31 486
4 32 0
4 33 0
3 22 ->
4 23 481
4 24 4
4 25 0
4 26 [2]
$1,-1
4 27 [22][4]
$3FF921FB54442D18,0,C0207FFFFFFFFFFF,3FF934C065E40604
$3FFAA074962D9DD5,0,C02097DEB07A12A2,3FF93DAC75401A24
$3FFC6FE15F9A41F1,0,C020B47E605933AD,3FF9604519935538
$3FFE3F4E2906E614,0,C020D072395E8191,3FF99C7F760626A8
$4000075D7939C523,0,C020EB5EBAB2AAE4,3FF9F196623786F8
$4000EF13DDF01732,0,C02104EBC18D453E,3FFA5E73533A8D54
$4001D6CA42A66949,0,C0211CC5A9B89E54,3FFAE1B1EB6762D8
$4002BE80A75CBB56,0,C021329E5F5F1F46,3FFB79A488EDBFB8
$4003A6370C130D6D,0,C021462E5EA1F5A8,3FFC2459C43E25D4
$40048DED70C95F83,0,C02157359DB4557C,3FFCDFA2CC4DEBF8
$400575A3D57FB18A,0,C021657C5E7CF9A6,3FFDA91A8BE3EFE8
$40065D5A3A3603A7,0,C02170D3E50FA79,3FFE7E2D8089ACE4
$400745109EEC55B5,0,C021791710A96018,3FFF5C222976F0D4
$40082CC703A2A7C5,0,C0217E2AD53A71,40002010F96E749A
$4009147D6858F9D8,0,C0217FFE93F08A0A,400093A1402F0E6
$4009FC33CD0F4BEF,8,C0217E8C519EFFEE,400107479C24AC4A
$400AE3EA31C59E,8,C02179D8CA53228E,40017989782CCBC8
$400BCBA0967BF013,8,C02171F361D48E82,4001E8F0CE279882
$400CB356FB324224,8,C02166F5F144361F,40025410EF5846D8
$400D9B0D5FE89437,8,C0215904727F0CBC,4002B98B2E312B36
$400E82C3C49EE64C,8,C021484C8A5950D6,400318135A47A176
$400F6A7A2955385B,8,C0213504F333F9DE,40036E73FFC1EA8
4 28 171
4 29 327
4 30 479
4 31 485
4 32 0
4 33 0
3 22 ->
4 23 484
4 24 4
4 25 0
4 26 [2]
$1,-1
4 27 [2][4]
$3FF921FB54442D18,407459333333332F,4074593333333332,C001FFFFFFFFFFF7
$3FF921FB54442D18,0,0,C001FFFFFFFFFFF7
4 28 172
4 29 176
4 30 482
4 31 178
4 32 0
4 33 0
3 22 ->
4 23 483
4 24 4
4 25 0
4 26 [2]
$1,-1
4 27 [2][4]
$3FF921FB54442D18,407459333333332F,4074593333333332,C001FFFFFFFFFFF7
$3FF921FB54442D18,0,0,C001FFFFFFFFFFF7
4 28 171
4 29 175
4 30 481
4 31 177
4 32 0
4 33 0
3 22 ->
4 23 178
4 24 4
4 25 0
4 26 [2]
$1,-1
4 27 [2][4]
$4008000000000002,C01FB2CFE686FE7F,4074593333333334,0
$4014FFFFFFFFFFFD,C01FB2CFE686FE7F,4074593333333334,C001FFFFFFFFFFF7
4 28 334
4 29 176
4 30 174
4 31 488
4 32 0
4 33 0
3 22 ->
4 23 177
4 24 4
4 25 0
4 26 [2]
$1,-1
4 27 [2][4]
$4008000000000002,C01FB2CFE686FE7F,4074593333333334,0
$4014FFFFFFFFFFFD,C01FB2CFE686FE7F,4074593333333334,C001FFFFFFFFFFF7
4 28 333
4 29 175
4 30 173
4 31 487
4 32 0
4 33 0
3 22 ->
4 23 486
4 24 4
4 25 0
4 26 [2]
$1,-1
4 27 [2][4]
$0,0,C018000000000002,3FF934C065E40604
$0,C001FFFFFFFFFFF7,C0207FFFFFFFFFFF,3FF934C065E40604
4 28 176
4 29 328
4 30 484
4 31 490
4 32 0
4 33 0
3 22 ->
4 23 485
4 24 4
4 25 0
4 26 [2]
$1,-1
4 27 [2][4]
$0,0,C018000000000002,3FF934C065E40604
$0,C001FFFFFFFFFFF7,C0207FFFFFFFFFFF,3FF934C065E40604
4 28 175
4 29 327
4 30 483
4 31 489
4 32 0
4 33 0
3 22 ->
4 23 488
4 24 4
4 25 0
4 26 [2]
$1,-1
4 27 [2][4]
$4074593333333332,0,4012D97C7F3321D2,407459333333332F
$0,0,4012D97C7F3321D2,0
4 28 176
4 29 180
4 30 486
4 31 182
4 32 0
4 33 0
3 22 ->
4 23 487
4 24 4
4 25 0
4 26 [2]
$1,-1
4 27 [2][4]
$4074593333333332,0,4012D97C7F3321D2,407459333333332F
$0,0,4012D97C7F3321D2,0
4 28 175
4 29 179
4 30 485
4 31 181
4 32 0
4 33 0
3 22 ->
4 23 182
4 24 4
4 25 0
4 26 [2]
$1,-1
4 27 [15][4]
$4004,C020D967F3437F4,401921FB54442D18,4074593333333331
$4004051CB7A05176,C020BFDB898AEF74,4018BB9E0DD4374C,4074593333333331
$4004172A08F8E1BB,C020A3434D702B7,401847C2DB790E43,4074593333333331
$400436039CF1F98F,C020875C4E800904,4017D3E7A91DE536,4074593333333331
$4004614476A1D4A6,C0206C81E37FAF3F,4017600C76C2BC2B,4074593333333331
$4004985EFEC9F691,C020530BF4020B5C,4016EC3144679324,4074593333333331
$4004DA9ED3576638,C0203B4DD8A5D20D,40167856120C6A18,4074593333333331
$4005272B15DFB97A,C02025954A3F8E27,4016047ADFB14111,4074593333333331
$40057D09318DF676,C0201229636CDF01,4015909FAD561809,4074593333333331
$4005DB200F6B5547,C0200149B7D1C443,40151CC47AFAEF02,4074593333333331
$4006403BAE86A9E4,C01FE65B07F3D33A,4014A8E9489FC5F8,4074593333333331
$4006AB111436509E,C01FD005F10E7719,4014350E16449CED,4074593333333331
$40071A4287900F1E,C01FBFDD45FB5D7,4013C132E3E973E4,4074593333333331
$40078C640A3C275,C01FB615EC366457,40134D57B18E4ADB,4074593333333331
$4008000000000002,C01FB2CFE686FE7F,4012D97C7F3321D2,4074593333333331
4 28 334
4 29 180
4 30 178
4 31 492
4 32 0
4 33 0
3 22 ->
4 23 181
4 24 4
4 25 0
4 26 [2]
$1,-1
4 27 [15][4]
$4004,C020D967F3437F4,401921FB54442D18,4074593333333331
$4004051CB7A05176,C020BFDB898AEF74,4018BB9E0DD4374C,4074593333333331
$4004172A08F8E1BB,C020A3434D702B7,401847C2DB790E43,4074593333333331
$400436039CF1F98F,C020875C4E800904,4017D3E7A91DE536,4074593333333331
$4004614476A1D4A6,C0206C81E37FAF3F,4017600C76C2BC2B,4074593333333331
$4004985EFEC9F691,C020530BF4020B5C,4016EC3144679324,4074593333333331
$4004DA9ED3576638,C0203B4DD8A5D20D,40167856120C6A18,4074593333333331
$4005272B15DFB97A,C02025954A3F8E27,4016047ADFB14111,4074593333333331
$40057D09318DF676,C0201229636CDF01,4015909FAD561809,4074593333333331
$4005DB200F6B5547,C0200149B7D1C443,40151CC47AFAEF02,4074593333333331
$4006403BAE86A9E4,C01FE65B07F3D33A,4014A8E9489FC5F8,4074593333333331
$4006AB111436509E,C01FD005F10E7719,4014350E16449CED,4074593333333331
$40071A4287900F1E,C01FBFDD45FB5D7,4013C132E3E973E4,4074593333333331
$40078C640A3C275,C01FB615EC366457,40134D57B18E4ADB,4074593333333331
$4008000000000002,C01FB2CFE686FE7F,4012D97C7F3321D2,4074593333333331
4 28 333
4 29 179
4 30 177
4 31 491
4 32 0
4 33 0
3 22 ->
4 23 490
4 24 4
4 25 0
4 26 [2]
$1,-1
4 27 [15][4]
$401921FB54442D18,0,C016000000000001,3FF134C065E406
$4018BB9E0DD4374C,0,C016028E5BD028BC,3FF20123B3A8846
$401847C2DB790E43,0,C0160B95047C70DE,3FF2E5E5947EA48
$4017D3E7A91DE536,0,C0161B01CE78FCC8,3FF3C51D8BFFB7E
$4017600C76C2BC2B,0,C01630A23B50EA54,3FF49BF0E4028608
$4016EC3144679324,0,C0164C2F7F64FB4A,3FF567A05FEFA52
$40167856120C6A18,0,C0166D4F69ABB31D,3FF625913AD16F98
$4016047ADFB14111,0,C01693958AEFDCBE,3FF6D355AE038EC8
$4015909FAD561809,0,C016BE8498C6FB3C,3FF76EB4E49907F8
$40151CC47AFAEF,0,C016ED9007B5AAA4,3FF7F5B24171DDF
$4014A8E9489FC5F6,0,C017201DD74354F3,3FF86693E030B32
$4014350E16449CED,0,C01755888A1B285,3FF8BFE83BC6239C
$4013C132E3E973E4,0,C0178D2143C8079,3FF9008AE8128A4
$40134D57B18E4ADB,0,C017C632051E13A9,3FF927A84F266EA4
$4012D97C7F3321D2,0,C018000000000002,3FF934C065E40604
4 28 180
4 29 328
4 30 488
4 31 426
4 32 0
4 33 0
3 22 ->
4 23 489
4 24 4
4 25 0
4 26 [2]
$1,-1
4 27 [15][4]
$401921FB54442D18,0,C016000000000001,3FF134C065E406
$4018BB9E0DD4374C,0,C016028E5BD028BC,3FF20123B3A8846
$401847C2DB790E43,0,C0160B95047C70DE,3FF2E5E5947EA48
$4017D3E7A91DE536,0,C0161B01CE78FCC8,3FF3C51D8BFFB7E
$4017600C76C2BC2B,0,C01630A23B50EA54,3FF49BF0E4028608
$4016EC3144679324,0,C0164C2F7F64FB4A,3FF567A05FEFA52
$40167856120C6A18,0,C0166D4F69ABB31D,3FF625913AD16F98
$4016047ADFB14111,0,C01693958AEFDCBE,3FF6D355AE038EC8
$4015909FAD561809,0,C016BE8498C6FB3C,3FF76EB4E49907F8
$40151CC47AFAEF,0,C016ED9007B5AAA4,3FF7F5B24171DDF
$4014A8E9489FC5F6,0,C017201DD74354F3,3FF86693E030B32
$4014350E16449CED,0,C01755888A1B285,3FF8BFE83BC6239C
$4013C132E3E973E4,0,C0178D2143C8079,3FF9008AE8128A4
$40134D57B18E4ADB,0,C017C632051E13A9,3FF927A84F266EA4
$4012D97C7F3321D2,0,C018000000000002,3FF934C065E40604
4 28 179
4 29 327
4 30 487
4 31 425
4 32 0
4 33 0
3 22 ->
4 23 492
4 24 4
4 25 0
4 26 [2]
$1,-1
4 27 [2][4]
$401921FB54442D18,407459333333332F,0,4074593333333331
$401921FB54442D18,0,0,0
4 28 180
4 29 184
4 30 490
4 31 186
4 32 0
4 33 0
3 22 ->
4 23 491
4 24 4
4 25 0
4 26 [2]
$1,-1
4 27 [2][4]
$401921FB54442D18,407459333333332F,0,4074593333333331
$401921FB54442D18,0,0,0
4 28 179
4 29 183
4 30 489
4 31 185
4 32 0
4 33 0
3 22 ->
4 23 186
4 24 4
4 25 0
4 26 [2]
$1,-1
4 27 [2][4]
$4004000000000001,C023,BFF134C065E406,4074593333333333
$4003FFFFFFFFFFFF,C020D967F3437F4,0,4074593333333333
4 28 334
4 29 184
4 30 182
4 31 424
4 32 0
4 33 0
3 22 ->
4 23 185
4 24 4
4 25 0
4 26 [2]
$1,-1
4 27 [2][4]
$4004000000000001,C023,BFF134C065E406,4074593333333333
$4003FFFFFFFFFFFF,C020D967F3437F4,0,4074593333333333
4 28 333
4 29 183
4 30 181
4 31 423
4 32 0
4 33 0
3 22 ->
4 23 426
4 24 4
4 25 0
4 26 [2]
$1,-1
4 27 [2][4]
$BFF134C065E406,8,C016000000000002,0
$0,0,C016,3FF134C065E406
4 28 184
4 29 328
4 30 492
4 31 428
4 32 0
4 33 0
3 22 ->
4 23 425
4 24 4
4 25 0
4 26 [2]
$1,-1
4 27 [2][4]
$BFF134C065E406,8,C016000000000002,0
$0,0,C016,3FF134C065E406
4 28 183
4 29 327
4 30 491
4 31 427
4 32 0
4 33 0
3 22 ->
4 23 190
4 24 4
4 25 0
4 26 [2]
$1,-1
4 27 [15][4]
$C008000000000002,4024,3FF921FB54442D18,4074593333333331
$C00799CE591DC0D2,4023FEB8D217EBA3,3FF788863A8455E7,4074593333333331
$C007276D68B2B0C1,4023FA357DC1C791,3FF5B9197117B1BF,4074593333333331
$C006B7D16CF22716,4023F27F18C3819C,3FF3E9ACA7AB0D9D,4074593333333331
$C0064C67C0F0C002,4023E7AEE2578AD7,3FF21A3FDE3E6976,4074593333333331
$C005E69002FA3075,4023D9E8404D825C,3FF04AD314D1C553,4074593333333331
$C005879795894B3A,4023C9584B2A2672,3FECF6CC96CA424C,4074593333333331
$C00530B55BF03BA1,4023B6353A8811A1,3FE957F303F0F9F4,4074593333333331
$C004E305C0A57F08,4023A0BDB39C8263,3FE5B9197117B1C9,4074593333333331
$C0049F871239140E,40238937FC252AAE,3FE21A3FDE3E6964,4074593333333331
$C004671642D9A977,40236FF1145E5587,3FDCF6CC96CA423B,4074593333333331
$C0043A6C150EF137,4023553BBAF26BD9,3FD5B9197117B1C9,4074593333333331
$C0041A1ABEE8BDE5,4023396F5E1BFC39,3FCCF6CC96CA423F,4074593333333331
$C004068C0B5ECBB2,40231CE6FD70F62D,3FBCF6CC96CA42D6,4074593333333331
$C004000000000001,4023,0,4074593333333331
4 28 334
4 29 188
4 30 258
4 31 494
4 32 0
4 33 0
3 22 ->
4 23 189
4 24 4
4 25 0
4 26 [2]
$1,-1
4 27 [15][4]
$C008000000000002,4024,3FF921FB54442D18,4074593333333331
$C00799CE591DC0D2,4023FEB8D217EBA3,3FF788863A8455E7,4074593333333331
$C007276D68B2B0C1,4023FA357DC1C791,3FF5B9197117B1BF,4074593333333331
$C006B7D16CF22716,4023F27F18C3819C,3FF3E9ACA7AB0D9D,4074593333333331
$C0064C67C0F0C002,4023E7AEE2578AD7,3FF21A3FDE3E6976,4074593333333331
$C005E69002FA3075,4023D9E8404D825C,3FF04AD314D1C553,4074593333333331
$C005879795894B3A,4023C9584B2A2672,3FECF6CC96CA424C,4074593333333331
$C00530B55BF03BA1,4023B6353A8811A1,3FE957F303F0F9F4,4074593333333331
$C004E305C0A57F08,4023A0BDB39C8263,3FE5B9197117B1C9,4074593333333331
$C0049F871239140E,40238937FC252AAE,3FE21A3FDE3E6964,4074593333333331
$C004671642D9A977,40236FF1145E5587,3FDCF6CC96CA423B,4074593333333331
$C0043A6C150EF137,4023553BBAF26BD9,3FD5B9197117B1C9,4074593333333331
$C0041A1ABEE8BDE5,4023396F5E1BFC39,3FCCF6CC96CA423F,4074593333333331
$C004068C0B5ECBB2,40231CE6FD70F62D,3FBCF6CC96CA42D6,4074593333333331
$C004000000000001,4023,0,4074593333333331
4 28 333
4 29 187
4 30 257
4 31 493
4 32 0
4 33 0
3 22 ->
4 23 496
4 24 4
4 25 0
4 26 [2]
$1,-1
4 27 [2][4]
$BFF134C065E406,4074593333333331,0,407459333333332F
$BFF134C065E406,0,0,0
4 28 256
4 29 188
4 30 498
4 31 190
4 32 0
4 33 0
3 22 ->
4 23 495
4 24 4
4 25 0
4 26 [2]
$1,-1
4 27 [2][4]
$BFF134C065E406,4074593333333331,0,407459333333332F
$BFF134C065E406,0,0,0
4 28 255
4 29 187
4 30 497
4 31 189
4 32 0
4 33 0
3 22 ->
4 23 500
4 24 4
4 25 0
4 26 [2]
$1,-1
4 27 [15][4]
$3FF921FB54442D18,0,0,40338
$3FF788863A8455E7,0,BFA98C69B88FCC,40337F5C690BF5D2
$3FF5B9197117B1BF,0,BFBB1252E9A9E82,40337D1ABEE0E3C8
$3FF3E9ACA7AB0D9A,0,BFC482E930DD8ED,4033793F8C61C0CE
$3FF21A3FDE3E6976,0,BFCB3983F0F4,403373D7712BC56C
$3FF04AD314D1C553,0,BFD0CB7FE82E7C68,40336CF42026C12E
$3FECF6CC96CA424C,0,BFD3C34353B5A64,403364AC25951339
$3FE957F303F0F9F4,0,BFD67A55207E2308,40335B1A9D4408D
$3FE5B9197117B1C9,0,BFD8E7D1FAD407D,4033505ED9CE4132
$3FE21A3FDE3E6964,0,BFDB03C76E375FA,4033449BFE129557
$3FDCF6CC96CA423B,0,BFDCC74DE932B458,403337F88A2F2AC4
$3FD5B9197117B1C9,0,BFDE2C9F57887658,40332A9DDD7935EC
$3FCCF6CC96CA423F,0,BFDF2F2A08BA10E8,40331CB7AF0DFE1C
$3FBCF6CC96CA42D6,0,BFDFCB9FA509A288,40330E737EB87B16
$0,0,BFE0000000000004,4033
4 28 188
4 29 328
4 30 496
4 31 502
4 32 0
4 33 0
3 22 ->
4 23 499
4 24 4
4 25 0
4 26 [2]
$1,-1
4 27 [15][4]
$3FF921FB54442D18,0,0,40338
$3FF788863A8455E7,0,BFA98C69B88FCC,40337F5C690BF5D2
$3FF5B9197117B1BF,0,BFBB1252E9A9E82,40337D1ABEE0E3C8
$3FF3E9ACA7AB0D9A,0,BFC482E930DD8ED,4033793F8C61C0CE
$3FF21A3FDE3E6976,0,BFCB3983F0F4,403373D7712BC56C
$3FF04AD314D1C553,0,BFD0CB7FE82E7C68,40336CF42026C12E
$3FECF6CC96CA424C,0,BFD3C34353B5A64,403364AC25951339
$3FE957F303F0F9F4,0,BFD67A55207E2308,40335B1A9D4408D
$3FE5B9197117B1C9,0,BFD8E7D1FAD407D,4033505ED9CE4132
$3FE21A3FDE3E6964,0,BFDB03C76E375FA,4033449BFE129557
$3FDCF6CC96CA423B,0,BFDCC74DE932B458,403337F88A2F2AC4
$3FD5B9197117B1C9,0,BFDE2C9F57887658,40332A9DDD7935EC
$3FCCF6CC96CA423F,0,BFDF2F2A08BA10E8,40331CB7AF0DFE1C
$3FBCF6CC96CA42D6,0,BFDFCB9FA509A288,40330E737EB87B16
$0,0,BFE0000000000004,4033
4 28 187
4 29 327
4 30 495
4 31 501
4 32 0
4 33 0
3 22 ->
4 23 494
4 24 4
4 25 0
4 26 [2]
$1,-1
4 27 [2][4]
$3FF921FB54442D18,407459333333332F,8,4074593333333331
$3FF921FB54442D18,0,0,0
4 28 188
4 29 192
4 30 500
4 31 194
4 32 0
4 33 0
3 22 ->
4 23 493
4 24 4
4 25 0
4 26 [2]
$1,-1
4 27 [2][4]
$3FF921FB54442D18,407459333333332F,8,4074593333333331
$3FF921FB54442D18,0,0,0
4 28 187
4 29 191
4 30 499
4 31 193
4 32 0
4 33 0
3 22 ->
4 23 194
4 24 4
4 25 0
4 26 [2]
$1,-1
4 27 [2][4]
$C0208,4024000000000001,C014FFFFFFFFFFFF,4074593333333333
$C008000000000002,4024,8,4074593333333333
4 28 334
4 29 192
4 30 190
4 31 504
4 32 0
4 33 0
3 22 ->
4 23 193
4 24 4
4 25 0
4 26 [2]
$1,-1
4 27 [2][4]
$C0208,4024000000000001,C014FFFFFFFFFFFF,4074593333333333
$C008000000000002,4024,8,4074593333333333
4 28 333
4 29 191
4 30 189
4 31 503
4 32 0
4 33 0
3 22 ->
4 23 502
4 24 4
4 25 0
4 26 [2]
$1,-1
4 27 [2][4]
$C014FFFFFFFFFFFF,0,4014FFFFFFFFFFFF,40338
$0,0,0,40338
4 28 192
4 29 328
4 30 494
4 31 506
4 32 0
4 33 0
3 22 ->
4 23 501
4 24 4
4 25 0
4 26 [2]
$1,-1
4 27 [2][4]
$C014FFFFFFFFFFFF,0,4014FFFFFFFFFFFF,40338
$0,0,0,40338
4 28 191
4 29 327
4 30 493
4 31 505
4 32 0
4 33 0
3 22 ->
4 23 504
4 24 4
4 25 0
4 26 [2]
$1,-1
4 27 [2][4]
$C014FFFFFFFFFFFF,4074593333333331,3FF921FB54442D18,407459333333332F
$C014FFFFFFFFFFFF,0,3FF921FB54442D18,0
4 28 192
4 29 196
4 30 502
4 31 198
4 32 0
4 33 0
3 22 ->
4 23 503
4 24 4
4 25 0
4 26 [2]
$1,-1
4 27 [2][4]
$C014FFFFFFFFFFFF,4074593333333331,3FF921FB54442D18,407459333333332F
$C014FFFFFFFFFFFF,0,3FF921FB54442D18,0
4 28 191
4 29 195
4 30 501
4 31 197
4 32 0
4 33 0
3 22 ->
4 23 198
4 24 4
4 25 0
4 26 [2]
$1,-1
4 27 [27][4]
$C024,40208,400921FB54442D18,4074593333333331
$C023FE71E9E4EF5F,4020B4C3F0947B36,4008A94E2A10874B,4074593333333331
$C023F99EEFFBD8C2,4020EABA38DF7329,40082D73E781DEF,4074593333333331
$C023F18B4F8AE65B,4021204C9CA0E7AC,4007B199A4F33698,4074593333333331
$C023E63E97C9F33D,40215548F7B637BC,400735BF62648E3C,4074593333333331
$C023D7C35C31A866,4021897DB269C84D,4006B9E51FD5E5E4,4074593333333331
$C023C6272A95663E,4021BCB9EFDDB502,40063E0ADD473D89,4074593333333331
$C023B17A7E73A56A,4021EECDBBC7A032,4005C2309AB89531,4074593333333331
$C02399D0B188AE82,40221F8A3752D451,400546565829ECD8,4074593333333331
$C0237F3FE9B21922,40224EC1C4FEB44E,4004CA7C159B447B,4074593333333331
$C02361E1043405D6,40227C4833506BAE,40044EA1D30C9C24,4074593333333331
$C02341CF7E7379E9,4022A7F2E62FE8B7,4003D2C7907DF3CB,4074593333333331
$C0231F295C3BA51A,4022D198FEC969A5,400356ED4DEF4B71,4074593333333331
$C022FA0F0BA62637,4022F91381CE4942,4002DB130B60A319,4074593333333331
$C022D2A346C099C9,40231E3D7BF13D3E,40025F38C8D1FABE,4074593333333331
$C022A90AF30BDB9D,402340F4247BE009,4001E35E86435265,4074593333333331
$C0227D6CFEF36718,40236116FDDD27C5,4001678443B4AA0B,4074593333333331
$C0224FF23D5D28CF,40237E87F4125178,4000EBAA012601B3,4074593333333331
$C02220C53F73DC29,4023992B78CDCA23,40006FCFBE975959,4074593333333331
$C021F0122CCFB85F,4023B0E89D41BC69,3FFFE7EAF81161FD,4074593333333331
$C021BE069A22B6E7,4023C5A929761EF8,3FFEF03672F4114A,4074593333333331
$C0218AD15E8F2192,4023D759B1146C3A,3FFDF881EDD6C097,4074593333333331
$C02156A267D0566C,4023E5E9A5958C95,3FFD00CD68B96FE6,4074593333333331
$C02121AA8D5EC9D1,4023F14B65C0EF4,3FFC0918E39C1F31,4074593333333331
$C020EC1B62B9435B,4023F9744A6E50B,3FFB11645E7ECE7C,4074593333333331
$C020B62708FE1EF,4023FE5CB07E3DF7,3FFA19AFD9617DC8,4074593333333331
$C0208,4024,3FF921FB54442D18,4074593333333331
4 28 334
4 29 196
4 30 194
4 31 508
4 32 0
4 33 0
3 22 ->
4 23 197
4 24 4
4 25 0
4 26 [2]
$1,-1
4 27 [27][4]
$C024,40208,400921FB54442D18,4074593333333331
$C023FE71E9E4EF5F,4020B4C3F0947B36,4008A94E2A10874B,4074593333333331
$C023F99EEFFBD8C2,4020EABA38DF7329,40082D73E781DEF,4074593333333331
$C023F18B4F8AE65B,4021204C9CA0E7AC,4007B199A4F33698,4074593333333331
$C023E63E97C9F33D,40215548F7B637BC,400735BF62648E3C,4074593333333331
$C023D7C35C31A866,4021897DB269C84D,4006B9E51FD5E5E4,4074593333333331
$C023C6272A95663E,4021BCB9EFDDB502,40063E0ADD473D89,4074593333333331
$C023B17A7E73A56A,4021EECDBBC7A032,4005C2309AB89531,4074593333333331
$C02399D0B188AE82,40221F8A3752D451,400546565829ECD8,4074593333333331
$C0237F3FE9B21922,40224EC1C4FEB44E,4004CA7C159B447B,4074593333333331
$C02361E1043405D6,40227C4833506BAE,40044EA1D30C9C24,4074593333333331
$C02341CF7E7379E9,4022A7F2E62FE8B7,4003D2C7907DF3CB,4074593333333331
$C0231F295C3BA51A,4022D198FEC969A5,400356ED4DEF4B71,4074593333333331
$C022FA0F0BA62637,4022F91381CE4942,4002DB130B60A319,4074593333333331
$C022D2A346C099C9,40231E3D7BF13D3E,40025F38C8D1FABE,4074593333333331
$C022A90AF30BDB9D,402340F4247BE009,4001E35E86435265,4074593333333331
$C0227D6CFEF36718,40236116FDDD27C5,4001678443B4AA0B,4074593333333331
$C0224FF23D5D28CF,40237E87F4125178,4000EBAA012601B3,4074593333333331
$C02220C53F73DC29,4023992B78CDCA23,40006FCFBE975959,4074593333333331
$C021F0122CCFB85F,4023B0E89D41BC69,3FFFE7EAF81161FD,4074593333333331
$C021BE069A22B6E7,4023C5A929761EF8,3FFEF03672F4114A,4074593333333331
$C0218AD15E8F2192,4023D759B1146C3A,3FFDF881EDD6C097,4074593333333331
$C02156A267D0566C,4023E5E9A5958C95,3FFD00CD68B96FE6,4074593333333331
$C02121AA8D5EC9D1,4023F14B65C0EF4,3FFC0918E39C1F31,4074593333333331
$C020EC1B62B9435B,4023F9744A6E50B,3FFB11645E7ECE7C,4074593333333331
$C020B62708FE1EF,4023FE5CB07E3DF7,3FFA19AFD9617DC8,4074593333333331
$C0208,4024,3FF921FB54442D18,4074593333333331
4 28 333
4 29 195
4 30 193
4 31 507
4 32 0
4 33 0
3 22 ->
4 23 506
4 24 4
4 25 0
4 26 [2]
$1,-1
4 27 [27][4]
$400921FB54442D18,0,401BFFFFFFFFFFFF,4031C
$4008A94E2A108749,0,401BFCE3D3C9DEBD,4031DA61F84A3D9C
$40082D73E781DEF,0,401BF33DDFF7B183,4031F55D1C6FB994
$4007B199A4F33695,0,401BE3169F15CCB5,403210264E5073D6
$400735BF62648E3C,0,401BCC7D2F93E679,40322AA47BDB1BDE
$4006B9E51FD5E5E1,0,401BAF86B86350CB,403244BED934E427
$40063E0ADD473D89,0,401B8C4E552ACC7B,40325E5CF7EEDA81
$4005C2309AB8952E,0,401B62F4FCE74AD3,40327766DDE3D01A
$400546565829ECD6,0,401B33A163115D03,40328FC51BA96A29
$4004CA7C159B447B,0,401AFE7FD3643243,4032A760E27F5A27
$40044EA1D30C9C22,0,401AC3C208680BAB,4032BE2419A835D8
$4003D2C7907DF3CB,0,401A839EFCE6F3D3,4032D3F97317F45C
$400356ED4DEF4B71,0,401A3E52B8774A33,4032E8CC7F64B4D2
$4002DB130B60A319,0,4019F41E174C4C6D,4032FC89C0E724A1
$40025F38C8D1FABE,0,4019A5468D813391,40330F1EBDF89E9F
$4001E35E86435265,0,40195215E617B739,4033207A123DF004
$4001678443B4AA0B,0,4018FAD9FDE6CE2F,4033308B7EEE93E3
$4000EBAA012601B3,0,40189FE47ABA519D,40333F43FA0928BC
$40006FCFBE975957,0,4018418A7EE7B851,40334C95BC66E512
$3FFFE7EAF81161FB,0,4017E024599F70BD,403358744EA0DE35
$3FFEF03672F4114A,0,40177C0D34456DCD,403362D494BB0F7C
$3FFDF881EDD6C097,0,401715A2BD1E4323,40336BACD88A361D
$3FFD00CD68B96FE6,0,4016AD44CFA0ACD7,403372F4D2CAC64A
$3FFC0918E39C1F31,0,401643551ABD93A1,403378A5B2E077A
$3FFB11645E7ECE7C,0,4015D836C57286B5,40337CBA25372858
$3FFA19AFD9617DC8,0,40156C4E11FC3DDF,40337F2E583F1EFC
$3FF921FB54442D18,0,4014FFFFFFFFFFFF,40338
4 28 196
4 29 328
4 30 504
4 31 510
4 32 0
4 33 0
3 22 ->
4 23 505
4 24 4
4 25 0
4 26 [2]
$1,-1
4 27 [27][4]
$400921FB54442D18,0,401BFFFFFFFFFFFF,4031C
$4008A94E2A108749,0,401BFCE3D3C9DEBD,4031DA61F84A3D9C
$40082D73E781DEF,0,401BF33DDFF7B183,4031F55D1C6FB994
$4007B199A4F33695,0,401BE3169F15CCB5,403210264E5073D6
$400735BF62648E3C,0,401BCC7D2F93E679,40322AA47BDB1BDE
$4006B9E51FD5E5E1,0,401BAF86B86350CB,403244BED934E427
$40063E0ADD473D89,0,401B8C4E552ACC7B,40325E5CF7EEDA81
$4005C2309AB8952E,0,401B62F4FCE74AD3,40327766DDE3D01A
$400546565829ECD6,0,401B33A163115D03,40328FC51BA96A29
$4004CA7C159B447B,0,401AFE7FD3643243,4032A760E27F5A27
$40044EA1D30C9C22,0,401AC3C208680BAB,4032BE2419A835D8
$4003D2C7907DF3CB,0,401A839EFCE6F3D3,4032D3F97317F45C
$400356ED4DEF4B71,0,401A3E52B8774A33,4032E8CC7F64B4D2
$4002DB130B60A319,0,4019F41E174C4C6D,4032FC89C0E724A1
$40025F38C8D1FABE,0,4019A5468D813391,40330F1EBDF89E9F
$4001E35E86435265,0,40195215E617B739,4033207A123DF004
$4001678443B4AA0B,0,4018FAD9FDE6CE2F,4033308B7EEE93E3
$4000EBAA012601B3,0,40189FE47ABA519D,40333F43FA0928BC
$40006FCFBE975957,0,4018418A7EE7B851,40334C95BC66E512
$3FFFE7EAF81161FB,0,4017E024599F70BD,403358744EA0DE35
$3FFEF03672F4114A,0,40177C0D34456DCD,403362D494BB0F7C
$3FFDF881EDD6C097,0,401715A2BD1E4323,40336BACD88A361D
$3FFD00CD68B96FE6,0,4016AD44CFA0ACD7,403372F4D2CAC64A
$3FFC0918E39C1F31,0,401643551ABD93A1,403378A5B2E077A
$3FFB11645E7ECE7C,0,4015D836C57286B5,40337CBA25372858
$3FFA19AFD9617DC8,0,40156C4E11FC3DDF,40337F2E583F1EFC
$3FF921FB54442D18,0,4014FFFFFFFFFFFF,40338
4 28 195
4 29 327
4 30 503
4 31 509
4 32 0
4 33 0
3 22 ->
4 23 508
4 24 4
4 25 0
4 26 [2]
$1,-1
4 27 [2][4]
$400921FB54442D18,407459333333332F,4014FFFFFFFFFFFE,4074593333333331
$400921FB54442D18,0,4014FFFFFFFFFFFE,0
4 28 196
4 29 200
4 30 506
4 31 202
4 32 0
4 33 0
3 22 ->
4 23 507
4 24 4
4 25 0
4 26 [2]
$1,-1
4 27 [2][4]
$400921FB54442D18,407459333333332F,4014FFFFFFFFFFFE,4074593333333331
$400921FB54442D18,0,4014FFFFFFFFFFFE,0
4 28 195
4 29 199
4 30 505
4 31 201
4 32 0
4 33 0
3 22 ->
4 23 202
4 24 4
4 25 0
4 26 [2]
$1,-1
4 27 [2][4]
$C024,4008000000000003,0,4074593333333333
$C023FFFFFFFFFFFF,40208,4014FFFFFFFFFFFE,4074593333333333
4 28 334
4 29 200
4 30 198
4 31 512
4 32 0
4 33 0
3 22 ->
4 23 201
4 24 4
4 25 0
4 26 [2]
$1,-1
4 27 [2][4]
$C024,4008000000000003,0,4074593333333333
$C023FFFFFFFFFFFF,40208,4014FFFFFFFFFFFE,4074593333333333
4 28 333
4 29 199
4 30 197
4 31 511
4 32 0
4 33 0
3 22 ->
4 23 510
4 24 4
4 25 0
4 26 [2]
$1,-1
4 27 [2][4]
$0,0,401BFFFFFFFFFFFF,4029000000000001
$4014FFFFFFFFFFFE,0,401BFFFFFFFFFFFD,4031C
4 28 200
4 29 328
4 30 508
4 31 514
4 32 0
4 33 0
3 22 ->
4 23 509
4 24 4
4 25 0
4 26 [2]
$1,-1
4 27 [2][4]
$0,0,401BFFFFFFFFFFFF,4029000000000001
$4014FFFFFFFFFFFE,0,401BFFFFFFFFFFFD,4031C
4 28 199
4 29 327
4 30 507
4 31 513
4 32 0
4 33 0
3 22 ->
4 23 512
4 24 4
4 25 0
4 26 [2]
$1,-1
4 27 [2][4]
$0,4074593333333331,400921FB54442D18,407459333333332F
$0,0,400921FB54442D18,0
4 28 200
4 29 204
4 30 510
4 31 206
4 32 0
4 33 0
3 22 ->
4 23 511
4 24 4
4 25 0
4 26 [2]
$1,-1
4 27 [2][4]
$0,4074593333333331,400921FB54442D18,407459333333332F
$0,0,400921FB54442D18,0
4 28 199
4 29 203
4 30 509
4 31 205
4 32 0
4 33 0
3 22 ->
4 23 206
4 24 4
4 25 0
4 26 [2]
$1,-1
4 27 [15][4]
$C023,4004000000000001,4012D97C7F3321D2,4074593333333331
$C023198C69B88FCC,4004051CB7A05177,4012731F38C32C06,4074593333333331
$C0233624A5D353D,4004172A08F8E1BC,4011FF44066802FD,4074593333333331
$C023520BA4C3763B,400436039CF1F99,40118B68D40CD9F4,4074593333333331
$C0236CE60FC3D,4004614476A1D4A7,4011178DA1B1B0EA,4074593333333331
$C023865BFF4173E4,4004985EFEC9F692,4010A3B26F5687DE,4074593333333331
$C0239E1A1A9DAD32,4004DA9ED3576639,40102FD73CFB5ED6,4074593333333331
$C023B3D2A903F118,4005272B15DFB97B,400F77F815406B9D,4074593333333331
$C023C73E8FD6A03E,40057D09318DF677,400E9041B08A198E,4074593333333331
$C023D81E3B71BAFD,4005DB200F6B5548,400DA88B4BD3C777,4074593333333331
$C023E63A6F4995A3,4006403BAE86A9E5,400CC0D4E71D7563,4074593333333331
$C023F164FABC43B3,4006AB111436509F,400BD91E8267235,4074593333333331
$C023F9795045D087,40071A4287900F1F,400AF1681DB0D13C,4074593333333331
$C023FE5CFD284D14,40078C640A3C2751,400A09B1B8FA7F2A,4074593333333331
$C024,4008000000000003,400921FB54442D18,4074593333333331
4 28 334
4 29 204
4 30 202
4 31 516
4 32 0
4 33 0
3 22 ->
4 23 205
4 24 4
4 25 0
4 26 [2]
$1,-1
4 27 [15][4]
$C023,4004000000000001,4012D97C7F3321D2,4074593333333331
$C023198C69B88FCC,4004051CB7A05177,4012731F38C32C06,4074593333333331
$C0233624A5D353D,4004172A08F8E1BC,4011FF44066802FD,4074593333333331
$C023520BA4C3763B,400436039CF1F99,40118B68D40CD9F4,4074593333333331
$C0236CE60FC3D,4004614476A1D4A7,4011178DA1B1B0EA,4074593333333331
$C023865BFF4173E4,4004985EFEC9F692,4010A3B26F5687DE,4074593333333331
$C0239E1A1A9DAD32,4004DA9ED3576639,40102FD73CFB5ED6,4074593333333331
$C023B3D2A903F118,4005272B15DFB97B,400F77F815406B9D,4074593333333331
$C023C73E8FD6A03E,40057D09318DF677,400E9041B08A198E,4074593333333331
$C023D81E3B71BAFD,4005DB200F6B5548,400DA88B4BD3C777,4074593333333331
$C023E63A6F4995A3,4006403BAE86A9E5,400CC0D4E71D7563,4074593333333331
$C023F164FABC43B3,4006AB111436509F,400BD91E8267235,4074593333333331
$C023F9795045D087,40071A4287900F1F,400AF1681DB0D13C,4074593333333331
$C023FE5CFD284D14,40078C640A3C2751,400A09B1B8FA7F2A,4074593333333331
$C024,4008000000000003,400921FB54442D18,4074593333333331
4 28 333
4 29 203
4 30 201
4 31 515
4 32 0
4 33 0
3 22 ->
4 23 514
4 24 4
4 25 0
4 26 [2]
$1,-1
4 27 [15][4]
$4012D97C7F3321D2,8,4019FFFFFFFFFFFF,4028
$4012731F38C32C06,8,401A3318D3711F97,402801472DE8145E
$4011FF44066802FD,8,401A6C494BA6A79F,402805CA823E386F
$40118B68D40CD9F4,8,401AA4174986EC75,40280D80E73C7E64
$4011178DA1B1B0EA,8,401AD9CC1F879FFF,402818511DA8752A
$4010A3B26F5687DE,8,401B0CB7FE82E7C7,40282617BFB27DA4
$40102FD73CFB5ED6,8,401B3C34353B5A63,402836A7B4D5D98E
$400F77F815406B9D,8,401B67A55207E22F,402849CAC577EE5F
$400E9041B08A198E,8,401B8E7D1FAD407B,40285F424C637D9E
$400DA88B4BD3C777,8,401BB03C76E375F9,402876C803DAD552
$400CC0D4E71D7563,8,401BCC74DE932B45,4028900EEBA1AA79
$400BD91E8267235,8,401BE2C9F5788765,4028AAC4450D9428
$400AF1681DB0D13C,8,401BF2F2A08BA10D,4028C690A1E403C8
$400A09B1B8FA7F2A,8,401BFCB9FA509A27,4028E319028F09D4
$400921FB54442D18,0,401BFFFFFFFFFFFF,4029000000000001
4 28 204
4 29 328
4 30 512
4 31 518
4 32 0
4 33 0
3 22 ->
4 23 513
4 24 4
4 25 0
4 26 [2]
$1,-1
4 27 [15][4]
$4012D97C7F3321D2,8,4019FFFFFFFFFFFF,4028
$4012731F38C32C06,8,401A3318D3711F97,402801472DE8145E
$4011FF44066802FD,8,401A6C494BA6A79F,402805CA823E386F
$40118B68D40CD9F4,8,401AA4174986EC75,40280D80E73C7E64
$4011178DA1B1B0EA,8,401AD9CC1F879FFF,402818511DA8752A
$4010A3B26F5687DE,8,401B0CB7FE82E7C7,40282617BFB27DA4
$40102FD73CFB5ED6,8,401B3C34353B5A63,402836A7B4D5D98E
$400F77F815406B9D,8,401B67A55207E22F,402849CAC577EE5F
$400E9041B08A198E,8,401B8E7D1FAD407B,40285F424C637D9E
$400DA88B4BD3C777,8,401BB03C76E375F9,402876C803DAD552
$400CC0D4E71D7563,8,401BCC74DE932B45,4028900EEBA1AA79
$400BD91E8267235,8,401BE2C9F5788765,4028AAC4450D9428
$400AF1681DB0D13C,8,401BF2F2A08BA10D,4028C690A1E403C8
$400A09B1B8FA7F2A,8,401BFCB9FA509A27,4028E319028F09D4
$400921FB54442D18,0,401BFFFFFFFFFFFF,4029000000000001
4 28 203
4 29 327
4 30 511
4 31 517
4 32 0
4 33 0
3 22 ->
4 23 516
4 24 4
4 25 0
4 26 [2]
$1,-1
4 27 [2][4]
$4012D97C7F3321D2,407459333333332F,4074593333333332,BFF134C065E40607
$4012D97C7F3321D2,8,0,BFF134C065E40607
4 28 204
4 29 208
4 30 514
4 31 210
4 32 0
4 33 0
3 22 ->
4 23 515
4 24 4
4 25 0
4 26 [2]
$1,-1
4 27 [2][4]
$4012D97C7F3321D2,407459333333332F,4074593333333332,BFF134C065E40607
$4012D97C7F3321D2,8,0,BFF134C065E40607
4 28 203
4 29 207
4 30 513
4 31 209
4 32 0
4 33 0
3 22 ->
4 23 210
4 24 4
4 25 0
4 26 [2]
$1,-1
4 27 [2][4]
$C020D967F3437F3F,4004,4074593333333334,0
$C023,4004,4074593333333334,BFF134C065E40607
4 28 334
4 29 208
4 30 206
4 31 520
4 32 0
4 33 0
3 22 ->
4 23 209
4 24 4
4 25 0
4 26 [2]
$1,-1
4 27 [2][4]
$C020D967F3437F3F,4004,4074593333333334,0
$C023,4004,4074593333333334,BFF134C065E40607
4 28 333
4 29 207
4 30 205
4 31 519
4 32 0
4 33 0
3 22 ->
4 23 518
4 24 4
4 25 0
4 26 [2]
$1,-1
4 27 [2][4]
$0,0,4015B2CFE686FE7D,4028
$0,BFF134C065E40607,4019FFFFFFFFFFFF,4028
4 28 208
4 29 328
4 30 516
4 31 522
4 32 0
4 33 0
3 22 ->
4 23 517
4 24 4
4 25 0
4 26 [2]
$1,-1
4 27 [2][4]
$0,0,4015B2CFE686FE7D,4028
$0,BFF134C065E40607,4019FFFFFFFFFFFF,4028
4 28 207
4 29 327
4 30 515
4 31 521
4 32 0
4 33 0
3 22 ->
4 23 520
4 24 4
4 25 0
4 26 [2]
$1,-1
4 27 [2][4]
$4074593333333332,0,4012D97C7F3321D2,407459333333332F
$0,0,4012D97C7F3321D2,8
4 28 208
4 29 212
4 30 518
4 31 214
4 32 0
4 33 0
3 22 ->
4 23 519
4 24 4
4 25 0
4 26 [2]
$1,-1
4 27 [2][4]
$4074593333333332,0,4012D97C7F3321D2,407459333333332F
$0,0,4012D97C7F3321D2,8
4 28 207
4 29 211
4 30 517
4 31 213
4 32 0
4 33 0
3 22 ->
4 23 214
4 24 4
4 25 0
4 26 [2]
$1,-1
4 27 [15][4]
$C01FB2CFE686FE7D,4008000000000003,401921FB54442D18,4074593333333331
$C01FB55E42572737,400799CE591DC0D3,4018BB9E0DD4374D,4074593333333331
$C01FBE64EB036F5A,4007276D68B2B0C2,401847C2DB790E43,4074593333333331
$C01FCDD1B4FFFB44,4006B7D16CF22716,4017D3E7A91DE539,4074593333333331
$C01FE37221D7E8D1,40064C67C0F0C003,4017600C76C2BC2F,4074593333333331
$C01FFEFF65EBF9C5,4005E69002FA3076,4016EC3144679329,4074593333333331
$C020100FA81958CC,4005879795894B3C,40167856120C6A1E,4074593333333331
$C0202332B8BB6D9D,400530B55BF03BA3,4016047ADFB14116,4074593333333331
$C02038AA3FA6FCDC,4004E305C0A57F09,4015909FAD56180C,4074593333333331
$C020502FF71E549,40049F871239141,40151CC47AFAEF04,4074593333333331
$C0206976DEE529B7,4004671642D9A979,4014A8E9489FC5FB,4074593333333331
$C020842C38511366,40043A6C150EF139,4014350E16449CEF,4074593333333331
$C0209FF895278306,40041A1ABEE8BDE7,4013C132E3E973E4,4074593333333331
$C020BC80F5D28912,4004068C0B5ECBB3,40134D57B18E4ADE,4074593333333331
$C020D967F3437F3F,4004000000000003,4012D97C7F3321D2,4074593333333331
4 28 334
4 29 212
4 30 210
4 31 524
4 32 0
4 33 0
3 22 ->
4 23 213
4 24 4
4 25 0
4 26 [2]
$1,-1
4 27 [15][4]
$C01FB2CFE686FE7D,4008000000000003,401921FB54442D18,4074593333333331
$C01FB55E42572737,400799CE591DC0D3,4018BB9E0DD4374D,4074593333333331
$C01FBE64EB036F5A,4007276D68B2B0C2,401847C2DB790E43,4074593333333331
$C01FCDD1B4FFFB44,4006B7D16CF22716,4017D3E7A91DE539,4074593333333331
$C01FE37221D7E8D1,40064C67C0F0C003,4017600C76C2BC2F,4074593333333331
$C01FFEFF65EBF9C5,4005E69002FA3076,4016EC3144679329,4074593333333331
$C020100FA81958CC,4005879795894B3C,40167856120C6A1E,4074593333333331
$C0202332B8BB6D9D,400530B55BF03BA3,4016047ADFB14116,4074593333333331
$C02038AA3FA6FCDC,4004E305C0A57F09,4015909FAD56180C,4074593333333331
$C020502FF71E549,40049F871239141,40151CC47AFAEF04,4074593333333331
$C0206976DEE529B7,4004671642D9A979,4014A8E9489FC5FB,4074593333333331
$C020842C38511366,40043A6C150EF139,4014350E16449CEF,4074593333333331
$C0209FF895278306,40041A1ABEE8BDE7,4013C132E3E973E4,4074593333333331
$C020BC80F5D28912,4004068C0B5ECBB3,40134D57B18E4ADE,4074593333333331
$C020D967F3437F3F,4004000000000003,4012D97C7F3321D2,4074593333333331
4 28 333
4 29 211
4 30 209
4 31 523
4 32 0
4 33 0
3 22 ->
4 23 522
4 24 4
4 25 0
4 26 [2]
$1,-1
4 27 [15][4]
$401921FB54442D18,0,4013B2CFE686FE7C,4029000000000001
$4018BB9E0DD4374D,0,4013B55E42572736,4028E67396477035
$401847C2DB790E43,0,4013BE64EB036F59,4028C9DB5A2CAC3
$4017D3E7A91DE539,0,4013CDD1B4FFFB43,4028ADF45B3C89C6
$4017600C76C2BC2F,0,4013E37221D7E8D,40289319F03C3001
$4016EC3144679329,0,4013FEFF65EBF9C4,402879A400BE8C1E
$40167856120C6A1E,0,4014201F5032B197,402861E5E56252CF
$4016047ADFB14116,0,401446657176DB39,40284C2D56FC0EE9
$4015909FAD56180C,0,401471547F4DF9B7,402838C170295FC2
$40151CC47AFAEF04,0,4014A05FEE3CA91F,402827E1C48E4504
$4014A8E9489FC5FB,0,4014D2EDBDCA536D,402819C590B66A5E
$4014350E16449CEF,0,4015085870A226CB,40280E9B0543BC4E
$4013C132E3E973E4,0,40153FF12A4F060B,40280686AFBA2F7A
$40134D57B18E4ADE,0,40157901EBA51223,402801A302D7B2ED
$4012D97C7F3321D2,8,4015B2CFE686FE7D,4028000000000001
4 28 212
4 29 328
4 30 520
4 31 526
4 32 0
4 33 0
3 22 ->
4 23 521
4 24 4
4 25 0
4 26 [2]
$1,-1
4 27 [15][4]
$401921FB54442D18,0,4013B2CFE686FE7C,4029000000000001
$4018BB9E0DD4374D,0,4013B55E42572736,4028E67396477035
$401847C2DB790E43,0,4013BE64EB036F59,4028C9DB5A2CAC3
$4017D3E7A91DE539,0,4013CDD1B4FFFB43,4028ADF45B3C89C6
$4017600C76C2BC2F,0,4013E37221D7E8D,40289319F03C3001
$4016EC3144679329,0,4013FEFF65EBF9C4,402879A400BE8C1E
$40167856120C6A1E,0,4014201F5032B197,402861E5E56252CF
$4016047ADFB14116,0,401446657176DB39,40284C2D56FC0EE9
$4015909FAD56180C,0,401471547F4DF9B7,402838C170295FC2
$40151CC47AFAEF04,0,4014A05FEE3CA91F,402827E1C48E4504
$4014A8E9489FC5FB,0,4014D2EDBDCA536D,402819C590B66A5E
$4014350E16449CEF,0,4015085870A226CB,40280E9B0543BC4E
$4013C132E3E973E4,0,40153FF12A4F060B,40280686AFBA2F7A
$40134D57B18E4ADE,0,40157901EBA51223,402801A302D7B2ED
$4012D97C7F3321D2,8,4015B2CFE686FE7D,4028000000000001
4 28 211
4 29 327
4 30 519
4 31 525
4 32 0
4 33 0
3 22 ->
4 23 524
4 24 4
4 25 0
4 26 [2]
$1,-1
4 27 [2][4]
$401921FB54442D18,407459333333332F,4001FFFFFFFFFFF3,4074593333333332
$401921FB54442D18,0,4001FFFFFFFFFFF3,0
4 28 212
4 29 216
4 30 522
4 31 218
4 32 0
4 33 0
3 22 ->
4 23 523
4 24 4
4 25 0
4 26 [2]
$1,-1
4 27 [2][4]
$401921FB54442D18,407459333333332F,4001FFFFFFFFFFF3,4074593333333332
$401921FB54442D18,0,4001FFFFFFFFFFF3,0
4 28 211
4 29 215
4 30 521
4 31 217
4 32 0
4 33 0
3 22 ->
4 23 218
4 24 4
4 25 0
4 26 [2]
$1,-1
4 27 [2][4]
$C01FB2CFE686FE7B,4014FFFFFFFFFFFB,0,4074593333333334
$C01FB2CFE686FE7F,4008000000000003,4001FFFFFFFFFFF3,4074593333333334
4 28 334
4 29 216
4 30 214
4 31 528
4 32 0
4 33 0
3 22 ->
4 23 217
4 24 4
4 25 0
4 26 [2]
$1,-1
4 27 [2][4]
$C01FB2CFE686FE7B,4014FFFFFFFFFFFB,0,4074593333333334
$C01FB2CFE686FE7F,4008000000000003,4001FFFFFFFFFFF3,4074593333333334
4 28 333
4 29 215
4 30 213
4 31 527
4 32 0
4 33 0
3 22 ->
4 23 526
4 24 4
4 25 0
4 26 [2]
$1,-1
4 27 [2][4]
$0,0,4013B2CFE686FE7A,402D7FFFFFFFFFFE
$4001FFFFFFFFFFF1,0,4013B2CFE686FE7E,4029000000000001
4 28 216
4 29 328
4 30 524
4 31 530
4 32 0
4 33 0
3 22 ->
4 23 525
4 24 4
4 25 0
4 26 [2]
$1,-1
4 27 [2][4]
$0,0,4013B2CFE686FE7A,402D7FFFFFFFFFFE
$4001FFFFFFFFFFF1,0,4013B2CFE686FE7E,4029000000000001
4 28 215
4 29 327
4 30 523
4 31 529
4 32 0
4 33 0
3 22 ->
4 23 528
4 24 4
4 25 0
4 26 [2]
$1,-1
4 27 [2][4]
$0,4074593333333332,400921FB54442D18,407459333333332F
$0,0,400921FB54442D18,0
4 28 216
4 29 220
4 30 526
4 31 222
4 32 0
4 33 0
3 22 ->
4 23 527
4 24 4
4 25 0
4 26 [2]
$1,-1
4 27 [2][4]
$0,4074593333333332,400921FB54442D18,407459333333332F
$0,0,400921FB54442D18,0
4 28 215
4 29 219
4 30 525
4 31 221
4 32 0
4 33 0
3 22 ->
4 23 222
4 24 4
4 25 0
4 26 [2]
$1,-1
4 27 [22][4]
$C01C48C6001F0ABF,40166A09E667F3B9,3FE921FB54442D2E,4074593333333331
$C01C6C1B96BD2FC3,40168A37F382FBBE,3FEC1EEDD8170E8E,4074593333333331
$C01C9AB426AACFE6,4016AC9537B8F1C4,3FEFBDC76AF056D5,4074593333333331
$C01CCCE1A7A6EFF1,4016C97781F5F1CB,3FF1AE507EE4CF91,4074593333333331
$C01D01FFD7A011FC,4016E08044D6C28,3FF37DBD485173AE,4074593333333331
$C01D3960D49730CE,4016F164192A8406,3FF54D2A11BE17D7,4074593333333331
$C01D724F55D56532,4016FBEBB4C82693,3FF71C96DB2ABC05,4074593333333331
$C01DAC10FD5BF35,4016FFF49F8C6739,3FF8EC03A4976026,4074593333333331
$C01DE5E8B9F81E13,4016FD71A42FD741,3FFABB706E040449,4074593333333331
$C01E1F19322DA61B,4016F46AFB838F1F,3FFC8ADD3770A86D,4074593333333331
$C01E56E7300DEAF1,4016E4FE31870335,3FFE5A4A00DD4C91,4074593333333331
$C01E8C9C060E9E7B,4016CF5DC4AF15A8,400014DB6524F85F,4074593333333331
$C01EBF87E509E642,4016B3D0809B04B3,4000FC91C9DB4A73,4074593333333331
$C01EEF041BC258DF,401692B096544CE,4001E4482E919C82,4074593333333331
$C01F1A75388EE0AB,40166C6A7510233E,4002CBFE9347EE96,4074593333333331
$C01F414D06343EF7,4016417B673904C1,4003B3B4F7FE40A3,4074593333333331
$C01F630C5D6A7476,4016126FF84A5558,40049B6B5CB492BE,4074593333333331
$C01F7F44C51A29C1,4015DFE228BCAB0A,40058321C16AE4CC,4074593333333331
$C01F9599DBFF85E,4015AA7775E4D7AD,40066AD8262136DE,4074593333333331
$C01FA5C287129F89,401572DEBC37F86E,4007528E8AD788F,4074593333333331
$C01FAF89E0D798A3,401539CDFAE1EC54,40083A44EF8DDB06,4074593333333331
$C01FB2CFE686FE7B,4014FFFFFFFFFFFB,400921FB54442D18,4074593333333331
4 28 334
4 29 220
4 30 218
4 31 532
4 32 0
4 33 0
3 22 ->
4 23 221
4 24 4
4 25 0
4 26 [2]
$1,-1
4 27 [22][4]
$C01C48C6001F0ABF,40166A09E667F3B9,3FE921FB54442D2E,4074593333333331
$C01C6C1B96BD2FC3,40168A37F382FBBE,3FEC1EEDD8170E8E,4074593333333331
$C01C9AB426AACFE6,4016AC9537B8F1C4,3FEFBDC76AF056D5,4074593333333331
$C01CCCE1A7A6EFF1,4016C97781F5F1CB,3FF1AE507EE4CF91,4074593333333331
$C01D01FFD7A011FC,4016E08044D6C28,3FF37DBD485173AE,4074593333333331
$C01D3960D49730CE,4016F164192A8406,3FF54D2A11BE17D7,4074593333333331
$C01D724F55D56532,4016FBEBB4C82693,3FF71C96DB2ABC05,4074593333333331
$C01DAC10FD5BF35,4016FFF49F8C6739,3FF8EC03A4976026,4074593333333331
$C01DE5E8B9F81E13,4016FD71A42FD741,3FFABB706E040449,4074593333333331
$C01E1F19322DA61B,4016F46AFB838F1F,3FFC8ADD3770A86D,4074593333333331
$C01E56E7300DEAF1,4016E4FE31870335,3FFE5A4A00DD4C91,4074593333333331
$C01E8C9C060E9E7B,4016CF5DC4AF15A8,400014DB6524F85F,4074593333333331
$C01EBF87E509E642,4016B3D0809B04B3,4000FC91C9DB4A73,4074593333333331
$C01EEF041BC258DF,401692B096544CE,4001E4482E919C82,4074593333333331
$C01F1A75388EE0AB,40166C6A7510233E,4002CBFE9347EE96,4074593333333331
$C01F414D06343EF7,4016417B673904C1,4003B3B4F7FE40A3,4074593333333331
$C01F630C5D6A7476,4016126FF84A5558,40049B6B5CB492BE,4074593333333331
$C01F7F44C51A29C1,4015DFE228BCAB0A,40058321C16AE4CC,4074593333333331
$C01F9599DBFF85E,4015AA7775E4D7AD,40066AD8262136DE,4074593333333331
$C01FA5C287129F89,401572DEBC37F86E,4007528E8AD788F,4074593333333331
$C01FAF89E0D798A3,401539CDFAE1EC54,40083A44EF8DDB06,4074593333333331
$C01FB2CFE686FE7B,4014FFFFFFFFFFFB,400921FB54442D18,4074593333333331
4 28 333
4 29 219
4 30 217
4 31 531
4 32 0
4 33 0
3 22 ->
4 23 530
4 24 4
4 25 0
4 26 [2]
$1,-1
4 27 [22][4]
$3FE921FB54442D2E,0,401048C6001F0ABE,402E3504F333F9DC
$3FEC1EEDD8170E8E,0,40106C1B96BD2FC2,402E451BF9C17DDF
$3FEFBDC76AF056D5,0,40109AB426AACFE5,402E564A9BDC78E2
$3FF1AE507EE4CF91,0,4010CCE1A7A6EFF,402E64BBC0FAF8E6
$3FF37DBD485173AE,0,401101FFD7A011FB,402E7040226B614
$3FF54D2A11BE17D7,0,40113960D49730CD,402E78B20C954203
$3FF71C96DB2ABBFD,0,4011724F55D5653,402E7DF5DA64134A
$3FF8EC03A497601E,0,4011AC10FD5BF34E,402E7FFA4FC6339C
$3FFABB706E040449,0,4011E5E8B9F81E12,402E7EB8D217EBA
$3FFC8ADD3770A86D,0,40121F19322DA61A,402E7A357DC1C79
$3FFE5A4A00DD4C91,0,401256E7300DEAF,402E727F18C3819A
$400014DB6524F85F,0,40128C9C060E9E7A,402E67AEE2578AD4
$4000FC91C9DB4A73,0,4012BF87E509E641,402E59E8404D825A
$4001E4482E919C82,0,4012EF041BC258DE,402E49584B2A267
$4002CBFE9347EE96,0,40131A75388EE0AA,402E36353A88119F
$4003B3B4F7FE40A3,0,4013414D06343EF6,402E20BDB39C826
$40049B6B5CB492BE,0,4013630C5D6A7475,402E0937FC252AAC
$40058321C16AE4CC,0,40137F44C51A29C,402DEFF1145E5585
$40066AD8262136DE,0,40139599DBFF85DF,402DD53BBAF26BD6
$4007528E8AD788F,0,4013A5C287129F88,402DB96F5E1BFC37
$40083A44EF8DDB06,0,4013AF89E0D798A2,402D9CE6FD70F62A
$400921FB54442D18,0,4013B2CFE686FE7A,402D7FFFFFFFFFFE
4 28 220
4 29 328
4 30 528
4 31 534
4 32 0
4 33 0
3 22 ->
4 23 529
4 24 4
4 25 0
4 26 [2]
$1,-1
4 27 [22][4]
$3FE921FB54442D2E,0,401048C6001F0ABE,402E3504F333F9DC
$3FEC1EEDD8170E8E,0,40106C1B96BD2FC2,402E451BF9C17DDF
$3FEFBDC76AF056D5,0,40109AB426AACFE5,402E564A9BDC78E2
$3FF1AE507EE4CF91,0,4010CCE1A7A6EFF,402E64BBC0FAF8E6
$3FF37DBD485173AE,0,401101FFD7A011FB,402E7040226B614
$3FF54D2A11BE17D7,0,40113960D49730CD,402E78B20C954203
$3FF71C96DB2ABBFD,0,4011724F55D5653,402E7DF5DA64134A
$3FF8EC03A497601E,0,4011AC10FD5BF34E,402E7FFA4FC6339C
$3FFABB706E040449,0,4011E5E8B9F81E12,402E7EB8D217EBA
$3FFC8ADD3770A86D,0,40121F19322DA61A,402E7A357DC1C79
$3FFE5A4A00DD4C91,0,401256E7300DEAF,402E727F18C3819A
$400014DB6524F85F,0,40128C9C060E9E7A,402E67AEE2578AD4
$4000FC91C9DB4A73,0,4012BF87E509E641,402E59E8404D825A
$4001E4482E919C82,0,4012EF041BC258DE,402E49584B2A267
$4002CBFE9347EE96,0,40131A75388EE0AA,402E36353A88119F
$4003B3B4F7FE40A3,0,4013414D06343EF6,402E20BDB39C826
$40049B6B5CB492BE,0,4013630C5D6A7475,402E0937FC252AAC
$40058321C16AE4CC,0,40137F44C51A29C,402DEFF1145E5585
$40066AD8262136DE,0,40139599DBFF85DF,402DD53BBAF26BD6
$4007528E8AD788F,0,4013A5C287129F88,402DB96F5E1BFC37
$40083A44EF8DDB06,0,4013AF89E0D798A2,402D9CE6FD70F62A
$400921FB54442D18,0,4013B2CFE686FE7A,402D7FFFFFFFFFFE
4 28 219
4 29 327
4 30 527
4 31 533
4 32 0
4 33 0
3 22 ->
4 23 532
4 24 4
4 25 0
4 26 [2]
$1,-1
4 27 [2][4]
$3FE921FB54442D23,407459333333332F,0,4074593333333332
$3FE921FB54442D23,0,0,0
4 28 220
4 29 224
4 30 530
4 31 226
4 32 0
4 33 0
3 22 ->
4 23 531
4 24 4
4 25 0
4 26 [2]
$1,-1
4 27 [2][4]
$3FE921FB54442D23,407459333333332F,0,4074593333333332
$3FE921FB54442D23,0,0,0
4 28 219
4 29 223
4 30 529
4 31 225
4 32 0
4 33 0
3 22 ->
4 23 226
4 24 4
4 25 0
4 26 [2]
$1,-1
4 27 [2][4]
$C011EA2AFFF6AFF6,400816DDCC7F31E1,C00D545BADC2877D,4074593333333334
$C01C48C6001F0ABE,40166A09E667F3B9,0,4074593333333334
4 28 334
4 29 224
4 30 222
4 31 536
4 32 0
4 33 0
3 22 ->
4 23 225
4 24 4
4 25 0
4 26 [2]
$1,-1
4 27 [2][4]
$C011EA2AFFF6AFF6,400816DDCC7F31E1,C00D545BADC2877D,4074593333333334
$C01C48C6001F0ABE,40166A09E667F3B9,0,4074593333333334
4 28 333
4 29 223
4 30 221
4 31 535
4 32 0
4 33 0
3 22 ->
4 23 534
4 24 4
4 25 0
4 26 [2]
$1,-1
4 27 [2][4]
$C00D545BADC2877E,8,3FF7A8ABFFDABFD4,402905B7731FCC78
$0,0,401048C6001F0ABD,402E3504F333F9DC
4 28 224
4 29 328
4 30 532
4 31 392
4 32 0
4 33 0
3 22 ->
4 23 533
4 24 4
4 25 0
4 26 [2]
$1,-1
4 27 [2][4]
$C00D545BADC2877E,8,3FF7A8ABFFDABFD4,402905B7731FCC78
$0,0,401048C6001F0ABD,402E3504F333F9DC
4 28 223
4 29 327
4 30 531
4 31 391
4 32 0
4 33 0
3 22 ->
4 23 536
4 24 4
4 25 0
4 26 [2]
$1,-1
4 27 [2][4]
$C00D545BADC2877D,4074593333333332,3FE921FB54442D17,407459333333332F
$C00D545BADC2877D,8,3FE921FB54442D17,0
4 28 224
4 29 228
4 30 534
4 31 230
4 32 0
4 33 0
3 22 ->
4 23 535
4 24 4
4 25 0
4 26 [2]
$1,-1
4 27 [2][4]
$C00D545BADC2877D,4074593333333332,3FE921FB54442D17,407459333333332F
$C00D545BADC2877D,8,3FE921FB54442D17,0
4 28 223
4 29 227
4 30 533
4 31 229
4 32 0
4 33 0
3 22 ->
4 23 230
4 24 4
4 25 0
4 26 [2]
$1,-1
4 27 [19][4]
$C00CCCCCCCCCCCC7,3FEC799BFE7F1421,0,4074593333333331
$C00CCE776B05231A,3FEEB5F8A8A144AD,3F97D9BF14281AE1,4074593333333331
$C00CDB9FBBE97603,3FF191E2E788DAAB,3FB1C96E7D1AF566,4074593333333331
$C00CF5DAD6E9190D,3FF3C6F7A92B601F,3FBD9C6D352BE419,4074593333333331
$C00D1D1A6948B8F9,3FF5F9060A53383E,3FC4B7B5F69E695E,4074593333333331
$C00D514904A21951,3FF826DB22F3195B,3FCAA13552A6E0B4,4074593333333331
$C00D924A2A97E2D,3FFA4F46596AE59E,3FD0455A5757AC05,4074593333333331
$C00DDFFA5C64AB8,3FFC711A08DAC066,3FD33A1A055BE7B1,4074593333333331
$C00E3A2F2E3CB9B2,3FFE8B2C25D8EBB4,3FD62ED9B360235C,4074593333333331
$C00EA0B75E77EC74,40004E2B70983EC,3FD9239961645F07,4074593333333331
$C00F135AF0772386,400151BCA42807A,3FDC18590F689AB4,4074593333333331
$C00F91DB4B36772E,40024FBBF18866A4,3FDF0D18BD6CD65E,4074593333333331
$C0100DF9ADBDC725,4003479EA73FDF7D,3FE100EC35B88906,4074593333333331
$C01058ABDCC6B465,400438DD6A2A612A,3FE27B4C0CBAA6D9,4074593333333331
$C010A8DB693082F5,400522F47F624347,3FE3F5ABE3BCC4B,4074593333333331
$C010FE5C8A123552,40060564142E66F8,3FE5700BBABEE288,4074593333333331
$C01159008F07DAE1,4006DFB083CE34C5,3FE6EA6B91C1005A,4074593333333331
$C011B895F9B112C4,4007B1629AFD5A9A,3FE864CB68C31E32,4074593333333331
$C011EA2AFFF6AFF6,400816DDCC7F31E2,3FE921FB54442D18,4074593333333331
4 28 334
4 29 228
4 30 226
4 31 390
4 32 0
4 33 0
3 22 ->
4 23 229
4 24 4
4 25 0
4 26 [2]
$1,-1
4 27 [19][4]
$C00CCCCCCCCCCCC7,3FEC799BFE7F1421,0,4074593333333331
$C00CCE776B05231A,3FEEB5F8A8A144AD,3F97D9BF14281AE1,4074593333333331
$C00CDB9FBBE97603,3FF191E2E788DAAB,3FB1C96E7D1AF566,4074593333333331
$C00CF5DAD6E9190D,3FF3C6F7A92B601F,3FBD9C6D352BE419,4074593333333331
$C00D1D1A6948B8F9,3FF5F9060A53383E,3FC4B7B5F69E695E,4074593333333331
$C00D514904A21951,3FF826DB22F3195B,3FCAA13552A6E0B4,4074593333333331
$C00D924A2A97E2D,3FFA4F46596AE59E,3FD0455A5757AC05,4074593333333331
$C00DDFFA5C64AB8,3FFC711A08DAC066,3FD33A1A055BE7B1,4074593333333331
$C00E3A2F2E3CB9B2,3FFE8B2C25D8EBB4,3FD62ED9B360235C,4074593333333331
$C00EA0B75E77EC74,40004E2B70983EC,3FD9239961645F07,4074593333333331
$C00F135AF0772386,400151BCA42807A,3FDC18590F689AB4,4074593333333331
$C00F91DB4B36772E,40024FBBF18866A4,3FDF0D18BD6CD65E,4074593333333331
$C0100DF9ADBDC725,4003479EA73FDF7D,3FE100EC35B88906,4074593333333331
$C01058ABDCC6B465,400438DD6A2A612A,3FE27B4C0CBAA6D9,4074593333333331
$C010A8DB693082F5,400522F47F624347,3FE3F5ABE3BCC4B,4074593333333331
$C010FE5C8A123552,40060564142E66F8,3FE5700BBABEE288,4074593333333331
$C01159008F07DAE1,4006DFB083CE34C5,3FE6EA6B91C1005A,4074593333333331
$C011B895F9B112C4,4007B1629AFD5A9A,3FE864CB68C31E32,4074593333333331
$C011EA2AFFF6AFF6,400816DDCC7F31E2,3FE921FB54442D18,4074593333333331
4 28 333
4 29 227
4 30 225
4 31 389
4 32 0
4 33 0
3 22 ->
4 23 392
4 24 4
4 25 0
4 26 [2]
$1,-1
4 27 [19][4]
$0,0,3FE3333333333314,4024C799BFE7F142
$3F97D9BF14281AE1,0,3FE339DDAC148C6,4024EB5F8A8A144B
$3FB1C96E7D1AF566,0,3FE36E7EEFA5D804,4025323C5CF11B55
$3FBD9C6D352BE419,0,3FE3D76B5BA4642C,402578DEF5256C04
$3FC4B7B5F69E695E,0,3FE47469A522E3DC,4025BF20C14A6708
$3FCAA13552A6E0B4,0,3FE545241288653C,402604DB645E632B
$3FD0455A5757AC05,0,3FE64928AA5F8B38,402649E8CB2D5CB4
$3FD33A1A055BE7B1,0,3FE77FE97192ADF8,40268E23411B580D
$3FD62ED9B360235C,0,3FE8E8BCB8F2E6C,4026D16584BB1D76
$3FD9239961645F07,0,3FEA82DD79DFB1C8,4027138ADC260FB
$3FDC18590F689AB4,0,3FEC4D6BC1DC8E1,4027546F290A01E8
$3FDF0D18BD6CD65E,0,3FEE476D2CD9DCB,402793EEFC6219A9
$3FE100EC35B88906,0,3FF037E6B6F71C9,4027D1E7A9CFF7DF
$3FE27B4C0CBAA6D9,0,3FF162AF731AD19,40280E375A8A984A
$3FE3F5ABE3BCC4B,0,3FF2A36DA4C20BD,402848BD1FD890D2
$3FE5700BBABEE288,0,3FF3F9722848D544,40288159050B99BE
$3FE6EA6B91C1005A,0,3FF564023C1F6B8,4028B7EC20F38D31
$3FE864CB68C31E32,0,3FF6E257E6C44B0C,4028EC58A6BF56A6
$3FE921FB54442D18,0,3FF7A8ABFFDABFD4,402905B7731FCC78
4 28 228
4 29 328
4 30 536
4 31 388
4 32 0
4 33 0
3 22 ->
4 23 391
4 24 4
4 25 0
4 26 [2]
$1,-1
4 27 [19][4]
$0,0,3FE3333333333314,4024C799BFE7F142
$3F97D9BF14281AE1,0,3FE339DDAC148C6,4024EB5F8A8A144B
$3FB1C96E7D1AF566,0,3FE36E7EEFA5D804,4025323C5CF11B55
$3FBD9C6D352BE419,0,3FE3D76B5BA4642C,402578DEF5256C04
$3FC4B7B5F69E695E,0,3FE47469A522E3DC,4025BF20C14A6708
$3FCAA13552A6E0B4,0,3FE545241288653C,402604DB645E632B
$3FD0455A5757AC05,0,3FE64928AA5F8B38,402649E8CB2D5CB4
$3FD33A1A055BE7B1,0,3FE77FE97192ADF8,40268E23411B580D
$3FD62ED9B360235C,0,3FE8E8BCB8F2E6C,4026D16584BB1D76
$3FD9239961645F07,0,3FEA82DD79DFB1C8,4027138ADC260FB
$3FDC18590F689AB4,0,3FEC4D6BC1DC8E1,4027546F290A01E8
$3FDF0D18BD6CD65E,0,3FEE476D2CD9DCB,402793EEFC6219A9
$3FE100EC35B88906,0,3FF037E6B6F71C9,4027D1E7A9CFF7DF
$3FE27B4C0CBAA6D9,0,3FF162AF731AD19,40280E375A8A984A
$3FE3F5ABE3BCC4B,0,3FF2A36DA4C20BD,402848BD1FD890D2
$3FE5700BBABEE288,0,3FF3F9722848D544,40288159050B99BE
$3FE6EA6B91C1005A,0,3FF564023C1F6B8,4028B7EC20F38D31
$3FE864CB68C31E32,0,3FF6E257E6C44B0C,4028EC58A6BF56A6
$3FE921FB54442D18,0,3FF7A8ABFFDABFD4,402905B7731FCC78
4 28 227
4 29 327
4 30 535
4 31 387
4 32 0
4 33 0
3 22 ->
4 23 234
4 24 4
4 25 0
4 26 [2]
$1,-1
4 27 [2][4]
$BFEC799BFE7F147F,400CCCCCCCCCCCCE,BFEC799BFE7F147F,4074593333333334
$3FEC799BFE7F147F,400CCCCCCCCCCCCC,3FEC799BFE7F147F,4074593333333334
4 28 334
4 29 232
4 30 306
4 31 538
4 32 0
4 33 0
3 22 ->
4 23 233
4 24 4
4 25 0
4 26 [2]
$1,-1
4 27 [2][4]
$BFEC799BFE7F147F,400CCCCCCCCCCCCE,BFEC799BFE7F147F,4074593333333334
$3FEC799BFE7F147F,400CCCCCCCCCCCCC,3FEC799BFE7F147F,4074593333333334
4 28 333
4 29 231
4 30 305
4 31 537
4 32 0
4 33 0
3 22 ->
4 23 540
4 24 4
4 25 0
4 26 [2]
$1,-1
4 27 [2][4]
$3FF921FB54442D18,407459333333332F,3FEC799BFE7F147F,4074593333333332
$3FF921FB54442D18,0,3FEC799BFE7F147F,0
4 28 304
4 29 232
4 30 542
4 31 234
4 32 0
4 33 0
3 22 ->
4 23 539
4 24 4
4 25 0
4 26 [2]
$1,-1
4 27 [2][4]
$3FF921FB54442D18,407459333333332F,3FEC799BFE7F147F,4074593333333332
$3FF921FB54442D18,0,3FEC799BFE7F147F,0
4 28 303
4 29 231
4 30 541
4 31 233
4 32 0
4 33 0
3 22 ->
4 23 544
4 24 4
4 25 0
4 26 [2]
$1,-1
4 27 [2][4]
$BFEC799BFE7F147D,0,C000E19900603AE3,402A333333333334
$3FEC799BFE7F147D,0,C00F1E66FF9FC521,402A333333333333
4 28 232
4 29 328
4 30 540
4 31 546
4 32 0
4 33 0
3 22 ->
4 23 543
4 24 4
4 25 0
4 26 [2]
$1,-1
4 27 [2][4]
$BFEC799BFE7F147D,0,C000E19900603AE3,402A333333333334
$3FEC799BFE7F147D,0,C00F1E66FF9FC521,402A333333333333
4 28 231
4 29 327
4 30 539
4 31 545
4 32 0
4 33 0
3 22 ->
4 23 538
4 24 4
4 25 0
4 26 [2]
$1,-1
4 27 [2][4]
$BFEC799BFE7F147F,4074593333333332,4012D97C7F3321D2,407459333333332F
$BFEC799BFE7F147F,0,4012D97C7F3321D2,8
4 28 232
4 29 236
4 30 544
4 31 238
4 32 0
4 33 0
3 22 ->
4 23 537
4 24 4
4 25 0
4 26 [2]
$1,-1
4 27 [2][4]
$BFEC799BFE7F147F,4074593333333332,4012D97C7F3321D2,407459333333332F
$BFEC799BFE7F147F,0,4012D97C7F3321D2,8
4 28 231
4 29 235
4 30 543
4 31 237
4 32 0
4 33 0
3 22 ->
4 23 238
4 24 4
4 25 0
4 26 [2]
$1,-1
4 27 [19][4]
$C00816DDCC7F31FB,4011EA2AFFF6AFFA,400F6A7A2955385D,4074593333333331
$C007B081FD025965,4011B82AC255DC68,400F9A2DA77D8892,4074593333333331
$C006DEC63C8F34B2,4011589AA46EECE7,400FF8C59D3E1008,4074593333333331
$C0060470A3986DBC,4010FDFC23E221B1,40102BAEC97F4BBE,4074593333333331
$C00521F86A62FE33,4010A880BC0C9F67,40105AFAC45F8F7A,4074593333333331
$C00437D93A678F88,401058571A325C42,40108A46BF3FD334,4074593333333331
$C0034692EACC293F,40100DAB04015221,4010B992BA2016EE,4074593333333331
$C0024EA93A95C884,400F914A7F55701D,4010E8DEB5005AAA,4074593333333331
$C00150A388B7FEE4,400F12D6FB3EA0D3,4011182AAFE09E64,4074593333333331
$C0004D0C8A29E073,400EA04087F5E7FA,40114776AAC0E21F,4074593333333331
$BFFE88E3FC513BF2,400E39C5B7552D7A,401176C2A5A125DA,4074593333333331
$BFFC6EC8C1A24D7D,400DDF9E7EAE22E3,4011A60EA0816994,4074593333333331
$BFFA4CED38762AC8,400D91FC183C086C,4011D55A9B61AD4F,4074593333333331
$BFF8247B707FF85D,400D5108E84252F3,401204A69641F10A,4074593333333331
$BFF5F6A11235BD8E,400D1CE865E6E06C,401233F2912234C4,4074593333333331
$BFF3C48EBA1891A4,400CF5B707D45E91,4012633E8C02787F,4074593333333331
$BFF18F77525FF421,400CDB8A34AF76CF,4012928A86E2BC3A,4074593333333331
$BFEEB11ED6C645FA,400CCE7037673C17,4012C1D681C2FFF4,4074593333333331
$BFEC799BFE7F1483,400CCCCCCCCCCCCE,4012D97C7F3321D2,4074593333333331
4 28 334
4 29 236
4 30 234
4 31 548
4 32 0
4 33 0
3 22 ->
4 23 237
4 24 4
4 25 0
4 26 [2]
$1,-1
4 27 [19][4]
$C00816DDCC7F31FB,4011EA2AFFF6AFFA,400F6A7A2955385D,4074593333333331
$C007B081FD025965,4011B82AC255DC68,400F9A2DA77D8892,4074593333333331
$C006DEC63C8F34B2,4011589AA46EECE7,400FF8C59D3E1008,4074593333333331
$C0060470A3986DBC,4010FDFC23E221B1,40102BAEC97F4BBE,4074593333333331
$C00521F86A62FE33,4010A880BC0C9F67,40105AFAC45F8F7A,4074593333333331
$C00437D93A678F88,401058571A325C42,40108A46BF3FD334,4074593333333331
$C0034692EACC293F,40100DAB04015221,4010B992BA2016EE,4074593333333331
$C0024EA93A95C884,400F914A7F55701D,4010E8DEB5005AAA,4074593333333331
$C00150A388B7FEE4,400F12D6FB3EA0D3,4011182AAFE09E64,4074593333333331
$C0004D0C8A29E073,400EA04087F5E7FA,40114776AAC0E21F,4074593333333331
$BFFE88E3FC513BF2,400E39C5B7552D7A,401176C2A5A125DA,4074593333333331
$BFFC6EC8C1A24D7D,400DDF9E7EAE22E3,4011A60EA0816994,4074593333333331
$BFFA4CED38762AC8,400D91FC183C086C,4011D55A9B61AD4F,4074593333333331
$BFF8247B707FF85D,400D5108E84252F3,401204A69641F10A,4074593333333331
$BFF5F6A11235BD8E,400D1CE865E6E06C,401233F2912234C4,4074593333333331
$BFF3C48EBA1891A4,400CF5B707D45E91,4012633E8C02787F,4074593333333331
$BFF18F77525FF421,400CDB8A34AF76CF,4012928A86E2BC3A,4074593333333331
$BFEEB11ED6C645FA,400CCE7037673C17,4012C1D681C2FFF4,4074593333333331
$BFEC799BFE7F1483,400CCCCCCCCCCCCE,4012D97C7F3321D2,4074593333333331
4 28 333
4 29 235
4 30 233
4 31 547
4 32 0
4 33 0
3 22 ->
4 23 546
4 24 4
4 25 0
4 26 [2]
$1,-1
4 27 [19][4]
$400F6A7A2955385D,8,3F86DDCC7F31F6,402BF5157FFB57FD
$400F9A2DA77D8894,8,BFA3DF80BF69A78,402BDC15612AEE33
$400FF8C59D3E1009,8,BFC2139C370CB51,402BAC4D52377672
$40102BAEC97F4BBF,8,BFCFB8F5C679248,402B7EFE11F110D8
$40105AFAC45F8F7A,8,BFD6F03CACE80E88,402B54405E064FB3
$40108A46BF3FD334,8,BFDE41362CC383D8,402B2C2B8D192E21
$4010B992BA2016EF,8,BFE2E5B454CF5B1,402B06D58200A91
$4010E8DEB5005AAA,8,BFE6C55B15A8DE,402AE4529FD55C06
$4011182AAFE09E64,8,BFEABD71DD20047C,402AC4B5BECFA834
$40114776AAC0E21F,8,BFEECBCDD7587E44,402AA81021FD79FE
$401176C2A5A125DA,8,BFF1771C03AEC416,402A8E716DD54B5E
$4011A60EA0816994,8,BFF391373E5DB289,402A77E79FAB88B8
$4011D55A9B61AD4F,8,BFF5B312C789D53E,402A647F060F021B
$401204A69641F10A,8,BFF7DB848F8007AA,402A54423A1094BD
$401233F2912234C4,8,BFFA095EEDCA4279,402A473A1979B81B
$4012633E8C02787F,8,BFFC3B7145E76E63,402A3D6DC1F517A4
$4012928A86E2BC3A,8,BFFE7088ADA00BE6,402A36E28D2BDDB4
$4012C1D681C2FFF4,8,C00053B84A4E6E85,402A339C0DD9CF06
$4012D97C7F3321D2,0,C000E19900603AE3,402A333333333334
4 28 236
4 29 328
4 30 538
4 31 550
4 32 0
4 33 0
3 22 ->
4 23 545
4 24 4
4 25 0
4 26 [2]
$1,-1
4 27 [19][4]
$400F6A7A2955385D,8,3F86DDCC7F31F6,402BF5157FFB57FD
$400F9A2DA77D8894,8,BFA3DF80BF69A78,402BDC15612AEE33
$400FF8C59D3E1009,8,BFC2139C370CB51,402BAC4D52377672
$40102BAEC97F4BBF,8,BFCFB8F5C679248,402B7EFE11F110D8
$40105AFAC45F8F7A,8,BFD6F03CACE80E88,402B54405E064FB3
$40108A46BF3FD334,8,BFDE41362CC383D8,402B2C2B8D192E21
$4010B992BA2016EF,8,BFE2E5B454CF5B1,402B06D58200A91
$4010E8DEB5005AAA,8,BFE6C55B15A8DE,402AE4529FD55C06
$4011182AAFE09E64,8,BFEABD71DD20047C,402AC4B5BECFA834
$40114776AAC0E21F,8,BFEECBCDD7587E44,402AA81021FD79FE
$401176C2A5A125DA,8,BFF1771C03AEC416,402A8E716DD54B5E
$4011A60EA0816994,8,BFF391373E5DB289,402A77E79FAB88B8
$4011D55A9B61AD4F,8,BFF5B312C789D53E,402A647F060F021B
$401204A69641F10A,8,BFF7DB848F8007AA,402A54423A1094BD
$401233F2912234C4,8,BFFA095EEDCA4279,402A473A1979B81B
$4012633E8C02787F,8,BFFC3B7145E76E63,402A3D6DC1F517A4
$4012928A86E2BC3A,8,BFFE7088ADA00BE6,402A36E28D2BDDB4
$4012C1D681C2FFF4,8,C00053B84A4E6E85,402A339C0DD9CF06
$4012D97C7F3321D2,0,C000E19900603AE3,402A333333333334
4 28 235
4 29 327
4 30 537
4 31 549
4 32 0
4 33 0
3 22 ->
4 23 548
4 24 4
4 25 0
4 26 [2]
$1,-1
4 27 [2][4]
$400F6A7A2955385D,407459333333332F,BCD0F876CCDF6CDC,4074593333333333
$400F6A7A2955385D,8,BCD0F876CCDF6CDC,0
4 28 236
4 29 240
4 30 546
4 31 242
4 32 0
4 33 0
3 22 ->
4 23 547
4 24 4
4 25 0
4 26 [2]
$1,-1
4 27 [2][4]
$400F6A7A2955385D,407459333333332F,BCD0F876CCDF6CDC,4074593333333333
$400F6A7A2955385D,8,BCD0F876CCDF6CDC,0
4 28 235
4 29 239
4 30 545
4 31 241
4 32 0
4 33 0
3 22 ->
4 23 242
4 24 4
4 25 0
4 26 [2]
$1,-1
4 27 [2][4]
$C0166A09E667F3BB,401C48C6001F0ABF,C00D545BADC2876D,4074593333333335
$C00816DDCC7F31F9,4011EA2AFFF6AFFA,BCD0F876CCDF6CDC,4074593333333335
4 28 334
4 29 240
4 30 238
4 31 552
4 32 0
4 33 0
3 22 ->
4 23 241
4 24 4
4 25 0
4 26 [2]
$1,-1
4 27 [2][4]
$C0166A09E667F3BB,401C48C6001F0ABF,C00D545BADC2876D,4074593333333335
$C00816DDCC7F31F9,4011EA2AFFF6AFFA,BCD0F876CCDF6CDC,4074593333333335
4 28 333
4 29 239
4 30 237
4 31 551
4 32 0
4 33 0
3 22 ->
4 23 550
4 24 4
4 25 0
4 26 [2]
$1,-1
4 27 [2][4]
$C00D545BADC2876C,0,4004D413CCCFE772,403092318007C2B
$BCD0F876CCDF6CDC,0,3F86DDCC7F31F7,402BF5157FFB57FD
4 28 240
4 29 328
4 30 548
4 31 554
4 32 0
4 33 0
3 22 ->
4 23 549
4 24 4
4 25 0
4 26 [2]
$1,-1
4 27 [2][4]
$C00D545BADC2876C,0,4004D413CCCFE772,403092318007C2B
$BCD0F876CCDF6CDC,0,3F86DDCC7F31F7,402BF5157FFB57FD
4 28 239
4 29 327
4 30 547
4 31 553
4 32 0
4 33 0
3 22 ->
4 23 552
4 24 4
4 25 0
4 26 [2]
$1,-1
4 27 [2][4]
$C00D545BADC2876E,4074593333333333,400F6A7A2955385B,407459333333332F
$C00D545BADC2876E,0,400F6A7A2955385B,8
4 28 240
4 29 244
4 30 550
4 31 246
4 32 0
4 33 0
3 22 ->
4 23 551
4 24 4
4 25 0
4 26 [2]
$1,-1
4 27 [2][4]
$C00D545BADC2876E,4074593333333333,400F6A7A2955385B,407459333333332F
$C00D545BADC2876E,0,400F6A7A2955385B,8
4 28 239
4 29 243
4 30 549
4 31 245
4 32 0
4 33 0
3 22 ->
4 23 246
4 24 4
4 25 0
4 26 [2]
$1,-1
4 27 [22][4]
$C014FFFFFFFFFFFD,401FB2CFE686FE7F,3FF921FB54442D18,4074593333333331
$C0152FBD60F42543,401FB094E2AFF975,3FFAA074962D9DD5,4074593333333331
$C01568FCC0B2675A,401FA7EEB99B2AB,3FFC6FE15F9A4202,4074593333333331
$C015A0E472BD0322,401F98E0227E7654,3FFE3F4E2906E626,4074593333333331
$C015D6BD756555C8,401F839A67721E42,4000075D7939C523,4074593333333331
$C01609D7831A8A7A,401F68632B315CAB,4000EF13DDF01732,4074593333333331
$C016398B53713CA7,401F47938526274A,4001D6CA42A66949,4074593333333331
$C016653CBEBE3E8B,401F2196DDC49011,4002BE80A75CBB5C,4074593333333331
$C0168C5CBD43EB4E,401EF6E98EF0768B,4003A6370C130D6D,4074593333333331
$C016AE6B3B68AAF7,401EC8174CEC8502,40048DED70C95F83,4074593333333331
$C016CAF8BCF9F34D,401E95B95D070405,400575A3D57FB193,4074593333333331
$C016E1A7CA1F4F1F,401E60749FDD94C6,40065D5A3A3603A7,4074593333333331
$C016F22E2152C02F,401E28F775A243CA,400745109EEC55B9,4074593333333331
$C016FC55AA74E1FF,401DEFF78348C5B2,40082CC703A2A7C9,4074593333333331
$C016FFFD27E11412,401DB62F5FE878CF,4009147D6858F9DC,4074593333333331
$C016FD18A33DFFDA,401D7C5C31EDA9DB,4009FC33CD0F4BEF,4074593333333331
$C016F3B194A6451C,401D433B43E99A1B,400AE3EA31C59E04,4074593333333331
$C016E3E6C3A91D01,401D0B8798EC33BF,400BCBA0967BF013,4074593333333331
$C016CDEBE2886C3D,401CD5F78853DC93,400CB356FB324229,4074593333333331
$C016B208E4FE1975,401CA33A68E76A64,400D9B0D5FE8943B,4074593333333331
$C016909914B2A1AC,401C73F652DC2F44,400E82C3C49EE64F,4074593333333331
$C0166A09E667F3BB,401C48C6001F0ABF,400F6A7A2955385E,4074593333333331
4 28 334
4 29 244
4 30 242
4 31 556
4 32 0
4 33 0
3 22 ->
4 23 245
4 24 4
4 25 0
4 26 [2]
$1,-1
4 27 [22][4]
$C014FFFFFFFFFFFD,401FB2CFE686FE7F,3FF921FB54442D18,4074593333333331
$C0152FBD60F42543,401FB094E2AFF975,3FFAA074962D9DD5,4074593333333331
$C01568FCC0B2675A,401FA7EEB99B2AB,3FFC6FE15F9A4202,4074593333333331
$C015A0E472BD0322,401F98E0227E7654,3FFE3F4E2906E626,4074593333333331
$C015D6BD756555C8,401F839A67721E42,4000075D7939C523,4074593333333331
$C01609D7831A8A7A,401F68632B315CAB,4000EF13DDF01732,4074593333333331
$C016398B53713CA7,401F47938526274A,4001D6CA42A66949,4074593333333331
$C016653CBEBE3E8B,401F2196DDC49011,4002BE80A75CBB5C,4074593333333331
$C0168C5CBD43EB4E,401EF6E98EF0768B,4003A6370C130D6D,4074593333333331
$C016AE6B3B68AAF7,401EC8174CEC8502,40048DED70C95F83,4074593333333331
$C016CAF8BCF9F34D,401E95B95D070405,400575A3D57FB193,4074593333333331
$C016E1A7CA1F4F1F,401E60749FDD94C6,40065D5A3A3603A7,4074593333333331
$C016F22E2152C02F,401E28F775A243CA,400745109EEC55B9,4074593333333331
$C016FC55AA74E1FF,401DEFF78348C5B2,40082CC703A2A7C9,4074593333333331
$C016FFFD27E11412,401DB62F5FE878CF,4009147D6858F9DC,4074593333333331
$C016FD18A33DFFDA,401D7C5C31EDA9DB,4009FC33CD0F4BEF,4074593333333331
$C016F3B194A6451C,401D433B43E99A1B,400AE3EA31C59E04,4074593333333331
$C016E3E6C3A91D01,401D0B8798EC33BF,400BCBA0967BF013,4074593333333331
$C016CDEBE2886C3D,401CD5F78853DC93,400CB356FB324229,4074593333333331
$C016B208E4FE1975,401CA33A68E76A64,400D9B0D5FE8943B,4074593333333331
$C016909914B2A1AC,401C73F652DC2F44,400E82C3C49EE64F,4074593333333331
$C0166A09E667F3BB,401C48C6001F0ABF,400F6A7A2955385E,4074593333333331
4 28 333
4 29 243
4 30 241
4 31 555
4 32 0
4 33 0
3 22 ->
4 23 554
4 24 4
4 25 0
4 26 [2]
$1,-1
4 27 [22][4]
$3FF921FB54442D18,0,4001FFFFFFFFFFF8,40316CB3F9A1BFA
$3FFAA074962D9DD5,0,40025F7AC1E84A84,40316C2538ABFE5E
$3FFC6FE15F9A41F1,0,4002D1F98164CEB,403169FBAE66CAAC
$3FFE3F4E2906E614,0,400341C8E57A064,40316638089F9D96
$4000075D7939C523,0,4003AD7AEACAAB8C,403160E699DC879
$4000EF13DDF01732,0,400413AF063514F2,40315A18CACC572B
$4001D6CA42A66949,0,40047316A6E2794A,403151E4E14989D2
$4002BE80A75CBB56,0,4004CA797D7C7D12,40314865B7712404
$4003A6370C130D6D,0,400518B97A87D69A,40313DBA63BC1DA3
$40048DED70C95F83,0,40055CD676D155EC,40313205D33B214
$400575A3D57FB18A,0,400595F179F3E696,4031256E5741C102
$40065D5A3A3603A7,0,4005C34F943E9E3C,4031181D27F76532
$400745109EEC55B5,0,4005E45C42A5805C,40310A3DDD6890F3
$40082CC703A2A7C5,0,4005F8AB54E9C3FC,4030FBFDE0D2316D
$4009147D6858F9D8,0,4005FFFA4FC22822,4030ED8BD7FA1E34
$4009FC33CD0F4BEF,8,4005FA31467BFFB2,4030DF170C7B6A77
$400AE3EA31C59E,8,4005E763294C8A36,4030D0CED0FA6687
$400BCBA0967BF013,8,4005C7CD87523A02,4030C2E1E63B0CF
$400CB356FB324224,8,40059BD7C510D878,4030B57DE214F725
$400D9B0D5FE89437,8,40056411C9FC32EA,4030A8CE9A39DA99
$400E82C3C49EE64C,8,4005213229654356,40309CFD94B70BD1
$400F6A7A2955385B,8,4004D413CCCFE774,403092318007C2B
4 28 244
4 29 328
4 30 552
4 31 558
4 32 0
4 33 0
3 22 ->
4 23 553
4 24 4
4 25 0
4 26 [2]
$1,-1
4 27 [22][4]
$3FF921FB54442D18,0,4001FFFFFFFFFFF8,40316CB3F9A1BFA
$3FFAA074962D9DD5,0,40025F7AC1E84A84,40316C2538ABFE5E
$3FFC6FE15F9A41F1,0,4002D1F98164CEB,403169FBAE66CAAC
$3FFE3F4E2906E614,0,400341C8E57A064,40316638089F9D96
$4000075D7939C523,0,4003AD7AEACAAB8C,403160E699DC879
$4000EF13DDF01732,0,400413AF063514F2,40315A18CACC572B
$4001D6CA42A66949,0,40047316A6E2794A,403151E4E14989D2
$4002BE80A75CBB56,0,4004CA797D7C7D12,40314865B7712404
$4003A6370C130D6D,0,400518B97A87D69A,40313DBA63BC1DA3
$40048DED70C95F83,0,40055CD676D155EC,40313205D33B214
$400575A3D57FB18A,0,400595F179F3E696,4031256E5741C102
$40065D5A3A3603A7,0,4005C34F943E9E3C,4031181D27F76532
$400745109EEC55B5,0,4005E45C42A5805C,40310A3DDD6890F3
$40082CC703A2A7C5,0,4005F8AB54E9C3FC,4030FBFDE0D2316D
$4009147D6858F9D8,0,4005FFFA4FC22822,4030ED8BD7FA1E34
$4009FC33CD0F4BEF,8,4005FA31467BFFB2,4030DF170C7B6A77
$400AE3EA31C59E,8,4005E763294C8A36,4030D0CED0FA6687
$400BCBA0967BF013,8,4005C7CD87523A02,4030C2E1E63B0CF
$400CB356FB324224,8,40059BD7C510D878,4030B57DE214F725
$400D9B0D5FE89437,8,40056411C9FC32EA,4030A8CE9A39DA99
$400E82C3C49EE64C,8,4005213229654356,40309CFD94B70BD1
$400F6A7A2955385B,8,4004D413CCCFE774,403092318007C2B
4 28 243
4 29 327
4 30 551
4 31 557
4 32 0
4 33 0
3 22 ->
4 23 556
4 24 4
4 25 0
4 26 [2]
$1,-1
4 27 [2][4]
$3FF921FB54442D18,407459333333332F,4074593333333332,C001FFFFFFFFFFF7
$3FF921FB54442D18,0,0,C001FFFFFFFFFFF7
4 28 244
4 29 248
4 30 554
4 31 250
4 32 0
4 33 0
3 22 ->
4 23 555
4 24 4
4 25 0
4 26 [2]
$1,-1
4 27 [2][4]
$3FF921FB54442D18,407459333333332F,4074593333333332,C001FFFFFFFFFFF7
$3FF921FB54442D18,0,0,C001FFFFFFFFFFF7
4 28 243
4 29 247
4 30 553
4 31 249
4 32 0
4 33 0
3 22 ->
4 23 250
4 24 4
4 25 0
4 26 [2]
$1,-1
4 27 [2][4]
$C008000000000002,401FB2CFE686FE7F,4074593333333334,0
$C014FFFFFFFFFFFD,401FB2CFE686FE7F,4074593333333334,C001FFFFFFFFFFF7
4 28 334
4 29 248
4 30 246
4 31 560
4 32 0
4 33 0
3 22 ->
4 23 249
4 24 4
4 25 0
4 26 [2]
$1,-1
4 27 [2][4]
$C008000000000002,401FB2CFE686FE7F,4074593333333334,0
$C014FFFFFFFFFFFD,401FB2CFE686FE7F,4074593333333334,C001FFFFFFFFFFF7
4 28 333
4 29 247
4 30 245
4 31 559
4 32 0
4 33 0
3 22 ->
4 23 558
4 24 4
4 25 0
4 26 [2]
$1,-1
4 27 [2][4]
$0,0,0,40316CB3F9A1BFA
$0,C001FFFFFFFFFFF7,4001FFFFFFFFFFF8,40316CB3F9A1BFA
4 28 248
4 29 328
4 30 556
4 31 562
4 32 0
4 33 0
3 22 ->
4 23 557
4 24 4
4 25 0
4 26 [2]
$1,-1
4 27 [2][4]
$0,0,0,40316CB3F9A1BFA
$0,C001FFFFFFFFFFF7,4001FFFFFFFFFFF8,40316CB3F9A1BFA
4 28 247
4 29 327
4 30 555
4 31 561
4 32 0
4 33 0
3 22 ->
4 23 560
4 24 4
4 25 0
4 26 [2]
$1,-1
4 27 [2][4]
$4074593333333332,0,4012D97C7F3321D2,407459333333332F
$0,0,4012D97C7F3321D2,8
4 28 248
4 29 252
4 30 558
4 31 254
4 32 0
4 33 0
3 22 ->
4 23 559
4 24 4
4 25 0
4 26 [2]
$1,-1
4 27 [2][4]
$4074593333333332,0,4012D97C7F3321D2,407459333333332F
$0,0,4012D97C7F3321D2,8
4 28 247
4 29 251
4 30 557
4 31 253
4 32 0
4 33 0
3 22 ->
4 23 254
4 24 4
4 25 0
4 26 [2]
$1,-1
4 27 [15][4]
$C004,4020D967F3437F4,401921FB54442D18,4074593333333331
$C004051CB7A05176,4020BFDB898AEF74,4018BB9E0DD4374C,4074593333333331
$C004172A08F8E1BB,4020A3434D702B7,401847C2DB790E43,4074593333333331
$C00436039CF1F98F,4020875C4E800904,4017D3E7A91DE536,4074593333333331
$C004614476A1D4A6,40206C81E37FAF3F,4017600C76C2BC2B,4074593333333331
$C004985EFEC9F691,4020530BF4020B5C,4016EC3144679324,4074593333333331
$C004DA9ED3576638,40203B4DD8A5D20D,40167856120C6A18,4074593333333331
$C005272B15DFB97A,402025954A3F8E27,4016047ADFB14111,4074593333333331
$C0057D09318DF676,40201229636CDF01,4015909FAD561809,4074593333333331
$C005DB200F6B5547,40200149B7D1C442,40151CC47AFAEF,4074593333333331
$C006403BAE86A9E4,401FE65B07F3D338,4014A8E9489FC5F6,4074593333333331
$C006AB111436509E,401FD005F10E7719,4014350E16449CED,4074593333333331
$C0071A4287900F1E,401FBFDD45FB5D7,4013C132E3E973E4,4074593333333331
$C0078C640A3C275,401FB615EC366457,40134D57B18E4ADB,4074593333333331
$C008000000000002,401FB2CFE686FE7F,4012D97C7F3321D2,4074593333333331
4 28 334
4 29 252
4 30 250
4 31 564
4 32 0
4 33 0
3 22 ->
4 23 253
4 24 4
4 25 0
4 26 [2]
$1,-1
4 27 [15][4]
$C004,4020D967F3437F4,401921FB54442D18,4074593333333331
$C004051CB7A05176,4020BFDB898AEF74,4018BB9E0DD4374C,4074593333333331
$C004172A08F8E1BB,4020A3434D702B7,401847C2DB790E43,4074593333333331
$C00436039CF1F98F,4020875C4E800904,4017D3E7A91DE536,4074593333333331
$C004614476A1D4A6,40206C81E37FAF3F,4017600C76C2BC2B,4074593333333331
$C004985EFEC9F691,4020530BF4020B5C,4016EC3144679324,4074593333333331
$C004DA9ED3576638,40203B4DD8A5D20D,40167856120C6A18,4074593333333331
$C005272B15DFB97A,402025954A3F8E27,4016047ADFB14111,4074593333333331
$C0057D09318DF676,40201229636CDF01,4015909FAD561809,4074593333333331
$C005DB200F6B5547,40200149B7D1C442,40151CC47AFAEF,4074593333333331
$C006403BAE86A9E4,401FE65B07F3D338,4014A8E9489FC5F6,4074593333333331
$C006AB111436509E,401FD005F10E7719,4014350E16449CED,4074593333333331
$C0071A4287900F1E,401FBFDD45FB5D7,4013C132E3E973E4,4074593333333331
$C0078C640A3C275,401FB615EC366457,40134D57B18E4ADB,4074593333333331
$C008000000000002,401FB2CFE686FE7F,4012D97C7F3321D2,4074593333333331
4 28 333
4 29 251
4 30 249
4 31 563
4 32 0
4 33 0
3 22 ->
4 23 562
4 24 4
4 25 0
4 26 [2]
$1,-1
4 27 [15][4]
$401921FB54442D18,0,BFE0000000000008,4031ECB3F9A1BFA
$4018BB9E0DD4374C,0,BFDFD71A42FD746,4031DFEDC4C577BA
$401847C2DB790E43,0,BFDF46AFB838F238,4031D1A1A6B815B8
$4017D3E7A91DE536,0,BFDE4FE318703398,4031C3AE27400482
$4017600C76C2BC2B,0,BFDCF5DC4AF15AE,4031B640F1BFD7A
$4016EC3144679324,0,BFDB3D0809B04B88,4031A985FA0105AE
$40167856120C6A18,0,BFD92B096544CE5,40319DA6EC52E906
$4016047ADFB14111,0,BFD6C6A75102344,403192CAA51FC714
$4015909FAD561809,0,BFD417B673904C6,40318914B1B66F8
$40151CC47AFAEF,0,BFD126FF84A555D8,403180A4DBE8E221
$4014A8E9489FC5F6,0,BFCBFC45179561E,40317996C1FCF4CE
$4014350E16449CED,0,BFC54EEEBC9AF64,403174017C439DC6
$4013C132E3E973E4,0,BFBCB7AF0DFE1C8,40316FF7517ED75C
$40134D57B18E4ADB,0,BFACE6FD70F62C8,40316D857B0D9916
$4012D97C7F3321D2,8,0,40316CB3F9A1BFA
4 28 252
4 29 328
4 30 560
4 31 498
4 32 0
4 33 0
3 22 ->
4 23 561
4 24 4
4 25 0
4 26 [2]
$1,-1
4 27 [15][4]
$401921FB54442D18,0,BFE0000000000008,4031ECB3F9A1BFA
$4018BB9E0DD4374C,0,BFDFD71A42FD746,4031DFEDC4C577BA
$401847C2DB790E43,0,BFDF46AFB838F238,4031D1A1A6B815B8
$4017D3E7A91DE536,0,BFDE4FE318703398,4031C3AE27400482
$4017600C76C2BC2B,0,BFDCF5DC4AF15AE,4031B640F1BFD7A
$4016EC3144679324,0,BFDB3D0809B04B88,4031A985FA0105AE
$40167856120C6A18,0,BFD92B096544CE5,40319DA6EC52E906
$4016047ADFB14111,0,BFD6C6A75102344,403192CAA51FC714
$4015909FAD561809,0,BFD417B673904C6,40318914B1B66F8
$40151CC47AFAEF,0,BFD126FF84A555D8,403180A4DBE8E221
$4014A8E9489FC5F6,0,BFCBFC45179561E,40317996C1FCF4CE
$4014350E16449CED,0,BFC54EEEBC9AF64,403174017C439DC6
$4013C132E3E973E4,0,BFBCB7AF0DFE1C8,40316FF7517ED75C
$40134D57B18E4ADB,0,BFACE6FD70F62C8,40316D857B0D9916
$4012D97C7F3321D2,8,0,40316CB3F9A1BFA
4 28 251
4 29 327
4 30 559
4 31 497
4 32 0
4 33 0
3 22 ->
4 23 564
4 24 4
4 25 0
4 26 [2]
$1,-1
4 27 [2][4]
$401921FB54442D18,407459333333332F,8,4074593333333331
$401921FB54442D18,0,0,0
4 28 252
4 29 256
4 30 562
4 31 258
4 32 0
4 33 0
3 22 ->
4 23 563
4 24 4
4 25 0
4 26 [2]
$1,-1
4 27 [2][4]
$401921FB54442D18,407459333333332F,8,4074593333333331
$401921FB54442D18,0,0,0
4 28 251
4 29 255
4 30 561
4 31 257
4 32 0
4 33 0
3 22 ->
4 23 258
4 24 4
4 25 0
4 26 [2]
$1,-1
4 27 [2][4]
$C004000000000001,4023,BFF134C065E406,4074593333333333
$C003FFFFFFFFFFFF,4020D967F3437F4,8,4074593333333333
4 28 334
4 29 256
4 30 254
4 31 496
4 32 0
4 33 0
3 22 ->
4 23 257
4 24 4
4 25 0
4 26 [2]
$1,-1
4 27 [2][4]
$C004000000000001,4023,BFF134C065E406,4074593333333333
$C003FFFFFFFFFFFF,4020D967F3437F4,8,4074593333333333
4 28 333
4 29 255
4 30 253
4 31 495
4 32 0
4 33 0
3 22 ->
4 23 498
4 24 4
4 25 0
4 26 [2]
$1,-1
4 27 [2][4]
$BFF134C065E406,0,BFE0000000000004,4033
$0,0,BFE000000000000C,4031ECB3F9A1BFA
4 28 256
4 29 328
4 30 564
4 31 500
4 32 0
4 33 0
3 22 ->
4 23 497
4 24 4
4 25 0
4 26 [2]
$1,-1
4 27 [2][4]
$BFF134C065E406,0,BFE0000000000004,4033
$0,0,BFE000000000000C,4031ECB3F9A1BFA
4 28 255
4 29 327
4 30 563
4 31 499
4 32 0
4 33 0
3 22 ->
4 23 262
4 24 4
4 25 0
4 26 [2]
$1,-1
4 27 [15][4]
$4004000000000001,4023,401921FB54442D18,4074593333333331
$4004051CB7A05177,4023198C69B88FCC,4018BB9E0DD4374C,4074593333333331
$4004172A08F8E1BC,40233624A5D353D,401847C2DB790E43,4074593333333331
$400436039CF1F99,4023520BA4C3763B,4017D3E7A91DE53A,4074593333333331
$4004614476A1D4A7,40236CE60FC3CFFF,4017600C76C2BC33,4074593333333331
$4004985EFEC9F692,4023865BFF4173E4,4016EC3144679323,4074593333333331
$4004DA9ED3576639,40239E1A1A9DAD32,40167856120C6A1C,4074593333333331
$4005272B15DFB97A,4023B3D2A903F118,4016047ADFB14115,4074593333333331
$40057D09318DF677,4023C73E8FD6A03E,4015909FAD56180C,4074593333333331
$4005DB200F6B5548,4023D81E3B71BAFD,40151CC47AFAEF01,4074593333333331
$4006403BAE86A9E4,4023E63A6F4995A2,4014A8E9489FC5F8,4074593333333331
$4006AB111436509E,4023F164FABC43B3,4014350E16449CEE,4074593333333331
$40071A4287900F1E,4023F9795045D087,4013C132E3E973E4,4074593333333331
$40078C640A3C275,4023FE5CFD284D14,40134D57B18E4ADB,4074593333333331
$4008000000000002,4024,4012D97C7F3321D2,4074593333333331
4 28 334
4 29 260
4 30 266
4 31 566
4 32 0
4 33 0
3 22 ->
4 23 261
4 24 4
4 25 0
4 26 [2]
$1,-1
4 27 [15][4]
$4004000000000001,4023,401921FB54442D18,4074593333333331
$4004051CB7A05177,4023198C69B88FCC,4018BB9E0DD4374C,4074593333333331
$4004172A08F8E1BC,40233624A5D353D,401847C2DB790E43,4074593333333331
$400436039CF1F99,4023520BA4C3763B,4017D3E7A91DE53A,4074593333333331
$4004614476A1D4A7,40236CE60FC3CFFF,4017600C76C2BC33,4074593333333331
$4004985EFEC9F692,4023865BFF4173E4,4016EC3144679323,4074593333333331
$4004DA9ED3576639,40239E1A1A9DAD32,40167856120C6A1C,4074593333333331
$4005272B15DFB97A,4023B3D2A903F118,4016047ADFB14115,4074593333333331
$40057D09318DF677,4023C73E8FD6A03E,4015909FAD56180C,4074593333333331
$4005DB200F6B5548,4023D81E3B71BAFD,40151CC47AFAEF01,4074593333333331
$4006403BAE86A9E4,4023E63A6F4995A2,4014A8E9489FC5F8,4074593333333331
$4006AB111436509E,4023F164FABC43B3,4014350E16449CEE,4074593333333331
$40071A4287900F1E,4023F9795045D087,4013C132E3E973E4,4074593333333331
$40078C640A3C275,4023FE5CFD284D14,40134D57B18E4ADB,4074593333333331
$4008000000000002,4024,4012D97C7F3321D2,4074593333333331
4 28 333
4 29 259
4 30 265
4 31 565
4 32 0
4 33 0
3 22 ->
4 23 568
4 24 4
4 25 0
4 26 [2]
$1,-1
4 27 [2][4]
$0,C074593333333331,4012D97C7F3321D2,407459333333332F
$0,0,4012D97C7F3321D2,0
4 28 264
4 29 260
4 30 570
4 31 262
4 32 0
4 33 0
3 22 ->
4 23 567
4 24 4
4 25 0
4 26 [2]
$1,-1
4 27 [2][4]
$0,C074593333333331,4012D97C7F3321D2,407459333333332F
$0,0,4012D97C7F3321D2,0
4 28 263
4 29 259
4 30 569
4 31 261
4 32 0
4 33 0
3 22 ->
4 23 572
4 24 4
4 25 0
4 26 [2]
$1,-1
4 27 [15][4]
$C018000000000002,40338,4012D97C7F3321D2,0
$C017CCE72C8EE06A,40337F5C690BF5D2,40133FD9C5A3179E,0
$C01793B6B4595862,40337D1ABEE0E3C8,4013B3B4F7FE40A8,0
$C0175BE8B679138C,4033793F8C61C0CE,401427902A5969B2,0
$C0172633E0786002,403373D7712BC56C,40149B6B5CB492BA,0
$C016F348017D183C,40336CF42026C12E,40150F468F0FBBC3,0
$C016C3CBCAC4A59E,403364AC25951339,40158321C16AE4CE,0
$C016985AADF81DD2,40335B1A9D4408D,4015F6FCF3C60DDA,0
$C0167182E052BF85,4033505ED9CE4132,40166AD8262136DF,0
$C0164FC3891C8A08,4033449BFE129557,4016DEB3587C5FEC,0
$C016338B216CD4BC,403337F88A2F2AC4,4017528E8AD788F4,0
$C0161D360A87789C,40332A9DDD7935EC,4017C669BD32B1FB,0
$C0160D0D5F745EF4,40331CB7AF0DFE1C,40183A44EF8DDB06,0
$C016034605AF65DA,40330E737EB87B16,4018AE2021E9040D,0
$C016000000000002,4033,401921FB54442D18,0
4 28 328
4 29 260
4 30 574
4 31 568
4 32 0
4 33 0
3 22 ->
4 23 571
4 24 4
4 25 0
4 26 [2]
$1,-1
4 27 [15][4]
$C018000000000002,40338,4012D97C7F3321D2,0
$C017CCE72C8EE06A,40337F5C690BF5D2,40133FD9C5A3179E,0
$C01793B6B4595862,40337D1ABEE0E3C8,4013B3B4F7FE40A8,0
$C0175BE8B679138C,4033793F8C61C0CE,401427902A5969B2,0
$C0172633E0786002,403373D7712BC56C,40149B6B5CB492BA,0
$C016F348017D183C,40336CF42026C12E,40150F468F0FBBC3,0
$C016C3CBCAC4A59E,403364AC25951339,40158321C16AE4CE,0
$C016985AADF81DD2,40335B1A9D4408D,4015F6FCF3C60DDA,0
$C0167182E052BF85,4033505ED9CE4132,40166AD8262136DF,0
$C0164FC3891C8A08,4033449BFE129557,4016DEB3587C5FEC,0
$C016338B216CD4BC,403337F88A2F2AC4,4017528E8AD788F4,0
$C0161D360A87789C,40332A9DDD7935EC,4017C669BD32B1FB,0
$C0160D0D5F745EF4,40331CB7AF0DFE1C,40183A44EF8DDB06,0
$C016034605AF65DA,40330E737EB87B16,4018AE2021E9040D,0
$C016000000000002,4033,401921FB54442D18,0
4 28 327
4 29 259
4 30 573
4 31 567
4 32 0
4 33 0
3 22 ->
4 23 566
4 24 4
4 25 0
4 26 [2]
$1,-1
4 27 [2][4]
$401921FB54442D18,407459333333332D,BFF134C065E406,C07459333333332F
$401921FB54442D18,0,BFF134C065E406,0
4 28 260
4 29 324
4 30 572
4 31 326
4 32 0
4 33 0
3 22 ->
4 23 565
4 24 4
4 25 0
4 26 [2]
$1,-1
4 27 [2][4]
$401921FB54442D18,407459333333332D,BFF134C065E406,C07459333333332F
$401921FB54442D18,0,BFF134C065E406,0
4 28 259
4 29 323
4 30 571
4 31 325
4 32 0
4 33 0
3 22 ->
4 23 266
4 24 4
4 25 0
4 26 [2]
$1,-1
4 27 [2][4]
$4008000000000002,4024,0,C074593333333333
$40208,4024000000000001,C014FFFFFFFFFFFF,C074593333333333
4 28 334
4 29 264
4 30 270
4 31 568
4 32 0
4 33 0
3 22 ->
4 23 265
4 24 4
4 25 0
4 26 [2]
$1,-1
4 27 [2][4]
$4008000000000002,4024,0,C074593333333333
$40208,4024000000000001,C014FFFFFFFFFFFF,C074593333333333
4 28 333
4 29 263
4 30 269
4 31 567
4 32 0
4 33 0
3 22 ->
4 23 576
4 24 4
4 25 0
4 26 [2]
$1,-1
4 27 [2][4]
$4012D97C7F3321D2,407459333333332F,C014FFFFFFFFFFFF,C074593333333331
$4012D97C7F3321D2,0,C014FFFFFFFFFFFF,0
4 28 268
4 29 264
4 30 578
4 31 266
4 32 0
4 33 0
3 22 ->
4 23 575
4 24 4
4 25 0
4 26 [2]
$1,-1
4 27 [2][4]
$4012D97C7F3321D2,407459333333332F,C014FFFFFFFFFFFF,C074593333333331
$4012D97C7F3321D2,0,C014FFFFFFFFFFFF,0
4 28 267
4 29 263
4 30 577
4 31 265
4 32 0
4 33 0
3 22 ->
4 23 570
4 24 4
4 25 0
4 26 [2]
$1,-1
4 27 [2][4]
$C0268,40338,C014FFFFFFFFFFFF,0
$C018000000000002,40338,0,0
4 28 328
4 29 264
4 30 572
4 31 576
4 32 0
4 33 0
3 22 ->
4 23 569
4 24 4
4 25 0
4 26 [2]
$1,-1
4 27 [2][4]
$C0268,40338,C014FFFFFFFFFFFF,0
$C018000000000002,40338,0,0
4 28 327
4 29 263
4 30 571
4 31 575
4 32 0
4 33 0
3 22 ->
4 23 270
4 24 4
4 25 0
4 26 [2]
$1,-1
4 27 [27][4]
$40208,4024,4012D97C7F3321D2,4074593333333331
$4020B4C3F0947B36,4023FE71E9E4EF5F,40129D25EA194EEC,4074593333333331
$4020EABA38DF7329,4023F99EEFFBD8C2,40125F38C8D1FABE,4074593333333331
$4021204C9CA0E7AC,4023F18B4F8AE65B,4012214BA78AA692,4074593333333331
$40215548F7B637BC,4023E63E97C9F33D,4011E35E86435264,4074593333333331
$4021897DB269C84D,4023D7C35C31A866,4011A57164FBFE38,4074593333333331
$4021BCB9EFDDB502,4023C6272A95663E,4011678443B4AA0A,4074593333333331
$4021EECDBBC7A032,4023B17A7E73A56A,40112997226D55DE,4074593333333331
$40221F8A3752D451,402399D0B188AE82,4010EBAA012601B2,4074593333333331
$40224EC1C4FEB44E,40237F3FE9B21922,4010ADBCDFDEAD84,4074593333333331
$40227C4833506BAE,402361E1043405D6,40106FCFBE975958,4074593333333331
$4022A7F2E62FE8B7,402341CF7E7379E9,401031E29D50052B,4074593333333331
$4022D198FEC969A5,40231F295C3BA51A,400FE7EAF81161FD,4074593333333331
$4022F91381CE4942,4022FA0F0BA62637,400F6C10B582B9A4,4074593333333331
$40231E3D7BF13D3E,4022D2A346C099C9,400EF03672F4114A,4074593333333331
$402340F4247BE009,4022A90AF30BDB9D,400E745C306568F1,4074593333333331
$40236116FDDD27C5,40227D6CFEF36718,400DF881EDD6C096,4074593333333331
$40237E87F4125178,40224FF23D5D28CF,400D7CA7AB48183E,4074593333333331
$4023992B78CDCA23,402220C53F73DC2A,400D00CD68B96FE7,4074593333333331
$4023B0E89D41BC69,4021F0122CCFB86,400C84F3262AC78C,4074593333333331
$4023C5A929761EF8,4021BE069A22B6E8,400C0918E39C1F33,4074593333333331
$4023D759B1146C3A,40218AD15E8F2192,400B8D3EA10D76D7,4074593333333331
$4023E5E9A5958C95,402156A267D0566C,400B11645E7ECE7F,4074593333333331
$4023F14B65C0EF3F,402121AA8D5EC9D1,400A958A1BF02624,4074593333333331
$4023F9744A6E50B,4020EC1B62B9435C,400A19AFD9617DCC,4074593333333331
$4023FE5CB07E3DF7,4020B62708FE1EF,40099DD596D2D57,4074593333333331
$4024,40208,400921FB54442D18,4074593333333331
4 28 334
4 29 268
4 30 274
4 31 576
4 32 0
4 33 0
3 22 ->
4 23 269
4 24 4
4 25 0
4 26 [2]
$1,-1
4 27 [27][4]
$40208,4024,4012D97C7F3321D2,4074593333333331
$4020B4C3F0947B36,4023FE71E9E4EF5F,40129D25EA194EEC,4074593333333331
$4020EABA38DF7329,4023F99EEFFBD8C2,40125F38C8D1FABE,4074593333333331
$4021204C9CA0E7AC,4023F18B4F8AE65B,4012214BA78AA692,4074593333333331
$40215548F7B637BC,4023E63E97C9F33D,4011E35E86435264,4074593333333331
$4021897DB269C84D,4023D7C35C31A866,4011A57164FBFE38,4074593333333331
$4021BCB9EFDDB502,4023C6272A95663E,4011678443B4AA0A,4074593333333331
$4021EECDBBC7A032,4023B17A7E73A56A,40112997226D55DE,4074593333333331
$40221F8A3752D451,402399D0B188AE82,4010EBAA012601B2,4074593333333331
$40224EC1C4FEB44E,40237F3FE9B21922,4010ADBCDFDEAD84,4074593333333331
$40227C4833506BAE,402361E1043405D6,40106FCFBE975958,4074593333333331
$4022A7F2E62FE8B7,402341CF7E7379E9,401031E29D50052B,4074593333333331
$4022D198FEC969A5,40231F295C3BA51A,400FE7EAF81161FD,4074593333333331
$4022F91381CE4942,4022FA0F0BA62637,400F6C10B582B9A4,4074593333333331
$40231E3D7BF13D3E,4022D2A346C099C9,400EF03672F4114A,4074593333333331
$402340F4247BE009,4022A90AF30BDB9D,400E745C306568F1,4074593333333331
$40236116FDDD27C5,40227D6CFEF36718,400DF881EDD6C096,4074593333333331
$40237E87F4125178,40224FF23D5D28CF,400D7CA7AB48183E,4074593333333331
$4023992B78CDCA23,402220C53F73DC2A,400D00CD68B96FE7,4074593333333331
$4023B0E89D41BC69,4021F0122CCFB86,400C84F3262AC78C,4074593333333331
$4023C5A929761EF8,4021BE069A22B6E8,400C0918E39C1F33,4074593333333331
$4023D759B1146C3A,40218AD15E8F2192,400B8D3EA10D76D7,4074593333333331
$4023E5E9A5958C95,402156A267D0566C,400B11645E7ECE7F,4074593333333331
$4023F14B65C0EF3F,402121AA8D5EC9D1,400A958A1BF02624,4074593333333331
$4023F9744A6E50B,4020EC1B62B9435C,400A19AFD9617DCC,4074593333333331
$4023FE5CB07E3DF7,4020B62708FE1EF,40099DD596D2D57,4074593333333331
$4024,40208,400921FB54442D18,4074593333333331
4 28 333
4 29 267
4 30 273
4 31 575
4 32 0
4 33 0
3 22 ->
4 23 580
4 24 4
4 25 0
4 26 [2]
$1,-1
4 27 [2][4]
$4014FFFFFFFFFFFE,C074593333333331,400921FB54442D18,407459333333332F
$4014FFFFFFFFFFFE,0,400921FB54442D18,0
4 28 272
4 29 268
4 30 582
4 31 270
4 32 0
4 33 0
3 22 ->
4 23 579
4 24 4
4 25 0
4 26 [2]
$1,-1
4 27 [2][4]
$4014FFFFFFFFFFFE,C074593333333331,400921FB54442D18,407459333333332F
$4014FFFFFFFFFFFE,0,400921FB54442D18,0
4 28 271
4 29 267
4 30 581
4 31 269
4 32 0
4 33 0
3 22 ->
4 23 578
4 24 4
4 25 0
4 26 [2]
$1,-1
4 27 [27][4]
$C02A,4031C,400921FB54442D18,0
$C029FE71E9E4EF6,4031DA61F84A3D9C,40099AA87E77D2E7,0
$C029F99EEFFBD8C2,4031F55D1C6FB994,400A1682C1067B4,0
$C029F18B4F8AE65C,403210264E5073D6,400A925D0395239B,0
$C029E63E97C9F33E,40322AA47BDB1BDE,400B0E374623CBF4,0
$C029D7C35C31A866,403244BED934E427,400B8A1188B2744F,0
$C029C6272A95663E,40325E5CF7EEDA81,400C05EBCB411CA7,0
$C029B17A7E73A56A,40327766DDE3D01A,400C81C60DCFC502,0
$C02999D0B188AE82,40328FC51BA96A29,400CFDA0505E6D5A,0
$C0297F3FE9B21922,4032A760E27F5A27,400D797A92ED15B5,0
$C02961E1043405D6,4032BE2419A835D8,400DF554D57BBE0E,0
$C02941CF7E7379EA,4032D3F97317F45C,400E712F180A6665,0
$C0291F295C3BA51A,4032E8CC7F64B4D2,400EED095A990EBF,0
$C028FA0F0BA62638,4032FC89C0E724A1,400F68E39D27B717,0
$C028D2A346C099CA,40330F1EBDF89E9F,400FE4BDDFB65F72,0
$C028A90AF30BDB9E,4033207A123DF004,4010304C112283E6,0
$C0287D6CFEF36718,4033308B7EEE93E3,40106E393269D812,0
$C0284FF23D5D28D,40333F43FA0928BC,4010AC2653B12C3E,0
$C02820C53F73DC2A,40334C95BC66E512,4010EA1374F8806C,0
$C027F0122CCFB86,403358744EA0DE35,40112800963FD499,0
$C027BE069A22B6E8,403362D494BB0F7C,401165EDB78728C6,0
$C0278AD15E8F2192,40336BACD88A361D,4011A3DAD8CE7CF2,0
$C02756A267D0566C,403372F4D2CAC64A,4011E1C7FA15D11E,0
$C02721AA8D5EC9D2,403378A5B2E077A,40121FB51B5D254C,0
$C026EC1B62B9435C,40337CBA25372858,40125DA23CA47979,0
$C026B62708FE1EF,40337F2E583F1EFC,40129B8F5DEBCDA6,0
$C0268,40338,4012D97C7F3321D2,0
4 28 328
4 29 268
4 30 570
4 31 580
4 32 0
4 33 0
3 22 ->
4 23 577
4 24 4
4 25 0
4 26 [2]
$1,-1
4 27 [27][4]
$C02A,4031C,400921FB54442D18,0
$C029FE71E9E4EF6,4031DA61F84A3D9C,40099AA87E77D2E7,0
$C029F99EEFFBD8C2,4031F55D1C6FB994,400A1682C1067B4,0
$C029F18B4F8AE65C,403210264E5073D6,400A925D0395239B,0
$C029E63E97C9F33E,40322AA47BDB1BDE,400B0E374623CBF4,0
$C029D7C35C31A866,403244BED934E427,400B8A1188B2744F,0
$C029C6272A95663E,40325E5CF7EEDA81,400C05EBCB411CA7,0
$C029B17A7E73A56A,40327766DDE3D01A,400C81C60DCFC502,0
$C02999D0B188AE82,40328FC51BA96A29,400CFDA0505E6D5A,0
$C0297F3FE9B21922,4032A760E27F5A27,400D797A92ED15B5,0
$C02961E1043405D6,4032BE2419A835D8,400DF554D57BBE0E,0
$C02941CF7E7379EA,4032D3F97317F45C,400E712F180A6665,0
$C0291F295C3BA51A,4032E8CC7F64B4D2,400EED095A990EBF,0
$C028FA0F0BA62638,4032FC89C0E724A1,400F68E39D27B717,0
$C028D2A346C099CA,40330F1EBDF89E9F,400FE4BDDFB65F72,0
$C028A90AF30BDB9E,4033207A123DF004,4010304C112283E6,0
$C0287D6CFEF36718,4033308B7EEE93E3,40106E393269D812,0
$C0284FF23D5D28D,40333F43FA0928BC,4010AC2653B12C3E,0
$C02820C53F73DC2A,40334C95BC66E512,4010EA1374F8806C,0
$C027F0122CCFB86,403358744EA0DE35,40112800963FD499,0
$C027BE069A22B6E8,403362D494BB0F7C,401165EDB78728C6,0
$C0278AD15E8F2192,40336BACD88A361D,4011A3DAD8CE7CF2,0
$C02756A267D0566C,403372F4D2CAC64A,4011E1C7FA15D11E,0
$C02721AA8D5EC9D2,403378A5B2E077A,40121FB51B5D254C,0
$C026EC1B62B9435C,40337CBA25372858,40125DA23CA47979,0
$C026B62708FE1EF,40337F2E583F1EFC,40129B8F5DEBCDA6,0
$C0268,40338,4012D97C7F3321D2,0
4 28 327
4 29 267
4 30 569
4 31 579
4 32 0
4 33 0
3 22 ->
4 23 274
4 24 4
4 25 0
4 26 [2]
$1,-1
4 27 [2][4]
$4023FFFFFFFFFFFF,40208,4014FFFFFFFFFFFE,C074593333333333
$4024,4008000000000003,0,C074593333333333
4 28 334
4 29 272
4 30 278
4 31 580
4 32 0
4 33 0
3 22 ->
4 23 273
4 24 4
4 25 0
4 26 [2]
$1,-1
4 27 [2][4]
$4023FFFFFFFFFFFF,40208,4014FFFFFFFFFFFE,C074593333333333
$4024,4008000000000003,0,C074593333333333
4 28 333
4 29 271
4 30 277
4 31 579
4 32 0
4 33 0
3 22 ->
4 23 584
4 24 4
4 25 0
4 26 [2]
$1,-1
4 27 [2][4]
$400921FB54442D18,407459333333332F,0,C074593333333331
$400921FB54442D18,0,0,0
4 28 276
4 29 272
4 30 586
4 31 274
4 32 0
4 33 0
3 22 ->
4 23 583
4 24 4
4 25 0
4 26 [2]
$1,-1
4 27 [2][4]
$400921FB54442D18,407459333333332F,0,C074593333333331
$400921FB54442D18,0,0,0
4 28 275
4 29 271
4 30 585
4 31 273
4 32 0
4 33 0
3 22 ->
4 23 582
4 24 4
4 25 0
4 26 [2]
$1,-1
4 27 [2][4]
$C02A,4029000000000001,0,0
$C02A,4031C,4014FFFFFFFFFFFE,0
4 28 328
4 29 272
4 30 578
4 31 584
4 32 0
4 33 0
3 22 ->
4 23 581
4 24 4
4 25 0
4 26 [2]
$1,-1
4 27 [2][4]
$C02A,4029000000000001,0,0
$C02A,4031C,4014FFFFFFFFFFFE,0
4 28 327
4 29 271
4 30 577
4 31 583
4 32 0
4 33 0
3 22 ->
4 23 278
4 24 4
4 25 0
4 26 [2]
$1,-1
4 27 [15][4]
$4024,4008000000000003,400921FB54442D18,4074593333333331
$4023FEB8D217EBA3,400799CE591DC0D3,40085540C764418,4074593333333331
$4023FA357DC1C791,4007276D68B2B0C2,40076D8A62ADEF6C,4074593333333331
$4023F27F18C3819C,4006B7D16CF22716,400685D3FDF79D5A,4074593333333331
$4023E7AEE2578AD7,40064C67C0F0C002,40059E1D99414B49,4074593333333331
$4023D9E8404D825C,4005E69002FA3075,4004B667348AF934,4074593333333331
$4023C9584B2A2672,4005879795894B3A,4003CEB0CFD4A71E,4074593333333331
$4023B6353A8811A2,400530B55BF03BA1,4002E6FA6B1E5511,4074593333333331
$4023A0BDB39C8263,4004E305C0A57F08,4001FF44066802FE,4074593333333331
$40238937FC252AAE,40049F871239140E,4001178DA1B1B0E4,4074593333333331
$40236FF1145E5587,4004671642D9A977,40002FD73CFB5ED3,4074593333333331
$4023553BBAF26BD9,40043A6C150EF137,3FFE9041B08A198A,4074593333333331
$4023396F5E1BFC39,40041A1ABEE8BDE5,3FFCC0D4E71D755F,4074593333333331
$40231CE6FD70F62D,4004068C0B5ECBB1,3FFAF1681DB0D145,4074593333333331
$4023,4004000000000001,3FF921FB54442D18,4074593333333331
4 28 334
4 29 276
4 30 282
4 31 584
4 32 0
4 33 0
3 22 ->
4 23 277
4 24 4
4 25 0
4 26 [2]
$1,-1
4 27 [15][4]
$4024,4008000000000003,400921FB54442D18,4074593333333331
$4023FEB8D217EBA3,400799CE591DC0D3,40085540C764418,4074593333333331
$4023FA357DC1C791,4007276D68B2B0C2,40076D8A62ADEF6C,4074593333333331
$4023F27F18C3819C,4006B7D16CF22716,400685D3FDF79D5A,4074593333333331
$4023E7AEE2578AD7,40064C67C0F0C002,40059E1D99414B49,4074593333333331
$4023D9E8404D825C,4005E69002FA3075,4004B667348AF934,4074593333333331
$4023C9584B2A2672,4005879795894B3A,4003CEB0CFD4A71E,4074593333333331
$4023B6353A8811A2,400530B55BF03BA1,4002E6FA6B1E5511,4074593333333331
$4023A0BDB39C8263,4004E305C0A57F08,4001FF44066802FE,4074593333333331
$40238937FC252AAE,40049F871239140E,4001178DA1B1B0E4,4074593333333331
$40236FF1145E5587,4004671642D9A977,40002FD73CFB5ED3,4074593333333331
$4023553BBAF26BD9,40043A6C150EF137,3FFE9041B08A198A,4074593333333331
$4023396F5E1BFC39,40041A1ABEE8BDE5,3FFCC0D4E71D755F,4074593333333331
$40231CE6FD70F62D,4004068C0B5ECBB1,3FFAF1681DB0D145,4074593333333331
$4023,4004000000000001,3FF921FB54442D18,4074593333333331
4 28 333
4 29 275
4 30 281
4 31 583
4 32 0
4 33 0
3 22 ->
4 23 588
4 24 4
4 25 0
4 26 [2]
$1,-1
4 27 [2][4]
$4074593333333332,3FF134C065E40607,3FF921FB54442D18,407459333333332F
$8,3FF134C065E40607,3FF921FB54442D18,0
4 28 280
4 29 276
4 30 590
4 31 278
4 32 0
4 33 0
3 22 ->
4 23 587
4 24 4
4 25 0
4 26 [2]
$1,-1
4 27 [2][4]
$4074593333333332,3FF134C065E40607,3FF921FB54442D18,407459333333332F
$8,3FF134C065E40607,3FF921FB54442D18,0
4 28 279
4 29 275
4 30 589
4 31 277
4 32 0
4 33 0
3 22 ->
4 23 586
4 24 4
4 25 0
4 26 [2]
$1,-1
4 27 [15][4]
$C029,4028,3FF921FB54442D18,0
$C029198C69B88FCC,402801472DE8145E,3FFABB706E040448,8
$C0293624A5D353D,402805CA823E386F,3FFC8ADD3770A86C,8
$C029520BA4C3763C,40280D80E73C7E64,3FFE5A4A00DD4C8F,8
$C0296CE60FC3D,402818511DA8752A,400014DB6524F85D,8
$C029865BFF4173E4,40282617BFB27DA4,4000FC91C9DB4A75,8
$C0299E1A1A9DAD32,402836A7B4D5D98E,4001E4482E919C83,8
$C029B3D2A903F118,402849CAC577EE5F,4002CBFE9347EE93,8
$C029C73E8FD6A03E,40285F424C637D9E,4003B3B4F7FE40A2,8
$C029D81E3B71BAFE,402876C803DAD552,40049B6B5CB492B9,8
$C029E63A6F4995A4,4028900EEBA1AA79,40058321C16AE4CD,8
$C029F164FABC43B4,4028AAC4450D9428,40066AD8262136E,8
$C029F9795045D088,4028C690A1E403C8,4007528E8AD788F4,8
$C029FE5CFD284D14,4028E319028F09D4,40083A44EF8DDB06,8
$C02A,4029000000000001,400921FB54442D18,0
4 28 328
4 29 276
4 30 582
4 31 588
4 32 0
4 33 0
3 22 ->
4 23 585
4 24 4
4 25 0
4 26 [2]
$1,-1
4 27 [15][4]
$C029,4028,3FF921FB54442D18,0
$C029198C69B88FCC,402801472DE8145E,3FFABB706E040448,8
$C0293624A5D353D,402805CA823E386F,3FFC8ADD3770A86C,8
$C029520BA4C3763C,40280D80E73C7E64,3FFE5A4A00DD4C8F,8
$C0296CE60FC3D,402818511DA8752A,400014DB6524F85D,8
$C029865BFF4173E4,40282617BFB27DA4,4000FC91C9DB4A75,8
$C0299E1A1A9DAD32,402836A7B4D5D98E,4001E4482E919C83,8
$C029B3D2A903F118,402849CAC577EE5F,4002CBFE9347EE93,8
$C029C73E8FD6A03E,40285F424C637D9E,4003B3B4F7FE40A2,8
$C029D81E3B71BAFE,402876C803DAD552,40049B6B5CB492B9,8
$C029E63A6F4995A4,4028900EEBA1AA79,40058321C16AE4CD,8
$C029F164FABC43B4,4028AAC4450D9428,40066AD8262136E,8
$C029F9795045D088,4028C690A1E403C8,4007528E8AD788F4,8
$C029FE5CFD284D14,4028E319028F09D4,40083A44EF8DDB06,8
$C02A,4029000000000001,400921FB54442D18,0
4 28 327
4 29 275
4 30 581
4 31 587
4 32 0
4 33 0
3 22 ->
4 23 282
4 24 4
4 25 0
4 26 [2]
$1,-1
4 27 [2][4]
$4023,4004,4074593333333334,3FF134C065E40607
$4020D967F3437F3F,4004,4074593333333334,0
4 28 334
4 29 280
4 30 286
4 31 588
4 32 0
4 33 0
3 22 ->
4 23 281
4 24 4
4 25 0
4 26 [2]
$1,-1
4 27 [2][4]
$4023,4004,4074593333333334,3FF134C065E40607
$4020D967F3437F3F,4004,4074593333333334,0
4 28 333
4 29 279
4 30 285
4 31 587
4 32 0
4 33 0
3 22 ->
4 23 592
4 24 4
4 25 0
4 26 [2]
$1,-1
4 27 [2][4]
$3FF921FB54442D18,407459333333332F,4074593333333332,0
$3FF921FB54442D18,0,0,0
4 28 284
4 29 280
4 30 594
4 31 282
4 32 0
4 33 0
3 22 ->
4 23 591
4 24 4
4 25 0
4 26 [2]
$1,-1
4 27 [2][4]
$3FF921FB54442D18,407459333333332F,4074593333333332,0
$3FF921FB54442D18,0,0,0
4 28 283
4 29 279
4 30 593
4 31 281
4 32 0
4 33 0
3 22 ->
4 23 590
4 24 4
4 25 0
4 26 [2]
$1,-1
4 27 [2][4]
$C026D967F3437F4,4028,0,0
$C029,4028,8,3FF134C065E40607
4 28 328
4 29 280
4 30 586
4 31 592
4 32 0
4 33 0
3 22 ->
4 23 589
4 24 4
4 25 0
4 26 [2]
$1,-1
4 27 [2][4]
$C026D967F3437F4,4028,0,0
$C029,4028,8,3FF134C065E40607
4 28 327
4 29 279
4 30 585
4 31 591
4 32 0
4 33 0
3 22 ->
4 23 286
4 24 4
4 25 0
4 26 [2]
$1,-1
4 27 [15][4]
$4020D967F3437F3F,4004000000000003,3FF921FB54442D18,4074593333333331
$4020BFDB898AEF73,4004051CB7A05179,3FF788863A8455E7,4074593333333331
$4020A3434D702B6F,4004172A08F8E1BE,3FF5B9197117B1C3,4074593333333331
$4020875C4E800903,400436039CF1F992,3FF3E9ACA7AB0D8D,4074593333333331
$40206C81E37FAF3F,4004614476A1D4A9,3FF21A3FDE3E6974,4074593333333331
$4020530BF4020B5C,4004985EFEC9F694,3FF04AD314D1C554,4074593333333331
$40203B4DD8A5D20C,4004DA9ED357663B,3FECF6CC96CA4224,4074593333333331
$402025954A3F8E26,4005272B15DFB97C,3FE957F303F0F9FF,4074593333333331
$40201229636CDF,40057D09318DF678,3FE5B9197117B1AC,4074593333333331
$40200149B7D1C442,4005DB200F6B5549,3FE21A3FDE3E696F,4074593333333331
$401FE65B07F3D338,4006403BAE86A9E6,3FDCF6CC96CA4249,4074593333333331
$401FD005F10E7717,4006AB11143650A,3FD5B9197117B1B,4074593333333331
$401FBFDD45FB5D7,40071A4287900F1F,3FCCF6CC96CA4246,4074593333333331
$401FB615EC366455,40078C640A3C2751,3FBCF6CC96CA4257,4074593333333331
$401FB2CFE686FE7D,4008000000000003,0,4074593333333331
4 28 334
4 29 284
4 30 290
4 31 592
4 32 0
4 33 0
3 22 ->
4 23 285
4 24 4
4 25 0
4 26 [2]
$1,-1
4 27 [15][4]
$4020D967F3437F3F,4004000000000003,3FF921FB54442D18,4074593333333331
$4020BFDB898AEF73,4004051CB7A05179,3FF788863A8455E7,4074593333333331
$4020A3434D702B6F,4004172A08F8E1BE,3FF5B9197117B1C3,4074593333333331
$4020875C4E800903,400436039CF1F992,3FF3E9ACA7AB0D8D,4074593333333331
$40206C81E37FAF3F,4004614476A1D4A9,3FF21A3FDE3E6974,4074593333333331
$4020530BF4020B5C,4004985EFEC9F694,3FF04AD314D1C554,4074593333333331
$40203B4DD8A5D20C,4004DA9ED357663B,3FECF6CC96CA4224,4074593333333331
$402025954A3F8E26,4005272B15DFB97C,3FE957F303F0F9FF,4074593333333331
$40201229636CDF,40057D09318DF678,3FE5B9197117B1AC,4074593333333331
$40200149B7D1C442,4005DB200F6B5549,3FE21A3FDE3E696F,4074593333333331
$401FE65B07F3D338,4006403BAE86A9E6,3FDCF6CC96CA4249,4074593333333331
$401FD005F10E7717,4006AB11143650A,3FD5B9197117B1B,4074593333333331
$401FBFDD45FB5D7,40071A4287900F1F,3FCCF6CC96CA4246,4074593333333331
$401FB615EC366455,40078C640A3C2751,3FBCF6CC96CA4257,4074593333333331
$401FB2CFE686FE7D,4008000000000003,0,4074593333333331
4 28 333
4 29 283
4 30 289
4 31 591
4 32 0
4 33 0
3 22 ->
4 23 596
4 24 4
4 25 0
4 26 [2]
$1,-1
4 27 [2][4]
$4001FFFFFFFFFFF3,C074593333333332,0,407459333333332F
$4001FFFFFFFFFFF3,0,0,0
4 28 288
4 29 284
4 30 598
4 31 286
4 32 0
4 33 0
3 22 ->
4 23 595
4 24 4
4 25 0
4 26 [2]
$1,-1
4 27 [2][4]
$4001FFFFFFFFFFF3,C074593333333332,0,407459333333332F
$4001FFFFFFFFFFF3,0,0,0
4 28 287
4 29 283
4 30 597
4 31 285
4 32 0
4 33 0
3 22 ->
4 23 594
4 24 4
4 25 0
4 26 [2]
$1,-1
4 27 [15][4]
$C025D967F3437F3F,4029000000000001,0,0
$C025DAAF212B939C,4028E67396477035,3FB997519BFD72D4,0
$C025DF327581B7AE,4028C9DB5A2CAC3,3FCB470F1963DAA7,0
$C025E6E8DA7FFDA2,4028ADF45B3C89C6,3FD4E13AB2647DEA,0
$C025F1B910EBF469,40289319F03C3001,3FDC1EEDD8170E89,0
$C025FF7FB2F5FCE3,402879A400BE8C1E,3FE1AE507EE4CF7B,0
$C026100FA81958CC,402861E5E56252CF,3FE54D2A11BE17D,0
$C0262332B8BB6D9E,40284C2D56FC0EE9,3FE8EC03A4976014,0
$C02638AA3FA6FCDC,402838C170295FC2,3FEC8ADD3770A861,0
$C026502FF71E549,402827E1C48E4504,3FF014DB6524F852,0
$C0266976DEE529B8,402819C590B66A5E,3FF1E4482E919C75,0
$C026842C38511366,40280E9B0543BC4E,3FF3B3B4F7FE40A4,0
$C0269FF895278306,40280686AFBA2F7A,3FF58321C16AE4CF,0
$C026BC80F5D28912,402801A302D7B2ED,3FF7528E8AD788EA,0
$C026D967F3437F4,4028000000000001,3FF921FB54442D18,0
4 28 328
4 29 284
4 30 590
4 31 596
4 32 0
4 33 0
3 22 ->
4 23 593
4 24 4
4 25 0
4 26 [2]
$1,-1
4 27 [15][4]
$C025D967F3437F3F,4029000000000001,0,0
$C025DAAF212B939C,4028E67396477035,3FB997519BFD72D4,0
$C025DF327581B7AE,4028C9DB5A2CAC3,3FCB470F1963DAA7,0
$C025E6E8DA7FFDA2,4028ADF45B3C89C6,3FD4E13AB2647DEA,0
$C025F1B910EBF469,40289319F03C3001,3FDC1EEDD8170E89,0
$C025FF7FB2F5FCE3,402879A400BE8C1E,3FE1AE507EE4CF7B,0
$C026100FA81958CC,402861E5E56252CF,3FE54D2A11BE17D,0
$C0262332B8BB6D9E,40284C2D56FC0EE9,3FE8EC03A4976014,0
$C02638AA3FA6FCDC,402838C170295FC2,3FEC8ADD3770A861,0
$C026502FF71E549,402827E1C48E4504,3FF014DB6524F852,0
$C0266976DEE529B8,402819C590B66A5E,3FF1E4482E919C75,0
$C026842C38511366,40280E9B0543BC4E,3FF3B3B4F7FE40A4,0
$C0269FF895278306,40280686AFBA2F7A,3FF58321C16AE4CF,0
$C026BC80F5D28912,402801A302D7B2ED,3FF7528E8AD788EA,0
$C026D967F3437F4,4028000000000001,3FF921FB54442D18,0
4 28 327
4 29 283
4 30 589
4 31 595
4 32 0
4 33 0
3 22 ->
4 23 290
4 24 4
4 25 0
4 26 [2]
$1,-1
4 27 [2][4]
$401FB2CFE686FE7F,4008000000000003,4001FFFFFFFFFFF3,C074593333333334
$401FB2CFE686FE7B,4014FFFFFFFFFFFB,8,C074593333333334
4 28 334
4 29 288
4 30 294
4 31 596
4 32 0
4 33 0
3 22 ->
4 23 289
4 24 4
4 25 0
4 26 [2]
$1,-1
4 27 [2][4]
$401FB2CFE686FE7F,4008000000000003,4001FFFFFFFFFFF3,C074593333333334
$401FB2CFE686FE7B,4014FFFFFFFFFFFB,8,C074593333333334
4 28 333
4 29 287
4 30 293
4 31 595
4 32 0
4 33 0
3 22 ->
4 23 600
4 24 4
4 25 0
4 26 [2]
$1,-1
4 27 [2][4]
$400921FB54442D18,407459333333332F,8,C074593333333332
$400921FB54442D18,0,0,0
4 28 292
4 29 288
4 30 602
4 31 290
4 32 0
4 33 0
3 22 ->
4 23 599
4 24 4
4 25 0
4 26 [2]
$1,-1
4 27 [2][4]
$400921FB54442D18,407459333333332F,8,C074593333333332
$400921FB54442D18,0,0,0
4 28 291
4 29 287
4 30 601
4 31 289
4 32 0
4 33 0
3 22 ->
4 23 598
4 24 4
4 25 0
4 26 [2]
$1,-1
4 27 [2][4]
$C025D967F3437F3E,402D7FFFFFFFFFFE,0,0
$C025D967F3437F4,4029000000000001,4001FFFFFFFFFFF1,0
4 28 328
4 29 288
4 30 594
4 31 600
4 32 0
4 33 0
3 22 ->
4 23 597
4 24 4
4 25 0
4 26 [2]
$1,-1
4 27 [2][4]
$C025D967F3437F3E,402D7FFFFFFFFFFE,0,0
$C025D967F3437F4,4029000000000001,4001FFFFFFFFFFF1,0
4 28 327
4 29 287
4 30 593
4 31 599
4 32 0
4 33 0
3 22 ->
4 23 294
4 24 4
4 25 0
4 26 [2]
$1,-1
4 27 [22][4]
$401FB2CFE686FE7B,4014FFFFFFFFFFFB,400921FB54442D18,4074593333333331
$401FB094E2AFF973,40152FBD60F4254,4009E137F538E573,4074593333333331
$401FA7EEB99B2AAE,401568FCC0B26756,400AC8EE59EF3785,4074593333333331
$401F98E0227E7652,4015A0E472BD031E,400BB0A4BEA58997,4074593333333331
$401F839A67721E4,4015D6BD756555C4,400C985B235BDBA7,4074593333333331
$401F68632B315CA9,401609D7831A8A76,400D801188122DB7,4074593333333331
$401F479385262748,4016398B53713CA3,400E67C7ECC87FCE,4074593333333331
$401F2196DDC4900F,4016653CBEBE3E87,400F4F7E517ED1E1,4074593333333331
$401EF6E98EF07689,40168C5CBD43EB4A,40101B9A5B1A91FA,4074593333333331
$401EC8174CEC85,4016AE6B3B68AAF3,40108F758D75BB03,4074593333333331
$401E95B95D070404,4016CAF8BCF9F349,40110350BFD0E40A,4074593333333331
$401E60749FDD94C5,4016E1A7CA1F4F1B,4011772BF22C0D16,4074593333333331
$401E28F775A243CA,4016F22E2152C02C,4011EB072487361E,4074593333333331
$401DEFF78348C5B1,4016FC55AA74E1FB,40125EE256E25F28,4074593333333331
$401DB62F5FE878CE,4016FFFD27E1140F,4012D2BD893D8832,4074593333333331
$401D7C5C31EDA9DA,4016FD18A33DFFD7,40134698BB98B13C,4074593333333331
$401D433B43E99A1B,4016F3B194A64519,4013BA73EDF3DA44,4074593333333331
$401D0B8798EC33BE,4016E3E6C3A91CFF,40142E4F204F034E,4074593333333331
$401CD5F78853DC93,4016CDEBE2886C3A,4014A22A52AA2C57,4074593333333331
$401CA33A68E76A64,4016B208E4FE1973,401516058505556,4074593333333331
$401C73F652DC2F44,4016909914B2A1AA,401589E0B7607E6B,4074593333333331
$401C48C6001F0ABF,40166A09E667F3B9,4015FDBBE9BBA772,4074593333333331
4 28 334
4 29 292
4 30 298
4 31 600
4 32 0
4 33 0
3 22 ->
4 23 293
4 24 4
4 25 0
4 26 [2]
$1,-1
4 27 [22][4]
$401FB2CFE686FE7B,4014FFFFFFFFFFFB,400921FB54442D18,4074593333333331
$401FB094E2AFF973,40152FBD60F4254,4009E137F538E573,4074593333333331
$401FA7EEB99B2AAE,401568FCC0B26756,400AC8EE59EF3785,4074593333333331
$401F98E0227E7652,4015A0E472BD031E,400BB0A4BEA58997,4074593333333331
$401F839A67721E4,4015D6BD756555C4,400C985B235BDBA7,4074593333333331
$401F68632B315CA9,401609D7831A8A76,400D801188122DB7,4074593333333331
$401F479385262748,4016398B53713CA3,400E67C7ECC87FCE,4074593333333331
$401F2196DDC4900F,4016653CBEBE3E87,400F4F7E517ED1E1,4074593333333331
$401EF6E98EF07689,40168C5CBD43EB4A,40101B9A5B1A91FA,4074593333333331
$401EC8174CEC85,4016AE6B3B68AAF3,40108F758D75BB03,4074593333333331
$401E95B95D070404,4016CAF8BCF9F349,40110350BFD0E40A,4074593333333331
$401E60749FDD94C5,4016E1A7CA1F4F1B,4011772BF22C0D16,4074593333333331
$401E28F775A243CA,4016F22E2152C02C,4011EB072487361E,4074593333333331
$401DEFF78348C5B1,4016FC55AA74E1FB,40125EE256E25F28,4074593333333331
$401DB62F5FE878CE,4016FFFD27E1140F,4012D2BD893D8832,4074593333333331
$401D7C5C31EDA9DA,4016FD18A33DFFD7,40134698BB98B13C,4074593333333331
$401D433B43E99A1B,4016F3B194A64519,4013BA73EDF3DA44,4074593333333331
$401D0B8798EC33BE,4016E3E6C3A91CFF,40142E4F204F034E,4074593333333331
$401CD5F78853DC93,4016CDEBE2886C3A,4014A22A52AA2C57,4074593333333331
$401CA33A68E76A64,4016B208E4FE1973,401516058505556,4074593333333331
$401C73F652DC2F44,4016909914B2A1AA,401589E0B7607E6B,4074593333333331
$401C48C6001F0ABF,40166A09E667F3B9,4015FDBBE9BBA772,4074593333333331
4 28 333
4 29 291
4 30 297
4 31 599
4 32 0
4 33 0
3 22 ->
4 23 604
4 24 4
4 25 0
4 26 [2]
$1,-1
4 27 [2][4]
$0,C074593333333332,4015FDBBE9BBA774,407459333333332F
$0,0,4015FDBBE9BBA774,0
4 28 296
4 29 292
4 30 606
4 31 294
4 32 0
4 33 0
3 22 ->
4 23 603
4 24 4
4 25 0
4 26 [2]
$1,-1
4 27 [2][4]
$0,C074593333333332,4015FDBBE9BBA774,407459333333332F
$0,0,4015FDBBE9BBA774,0
4 28 295
4 29 291
4 30 605
4 31 293
4 32 0
4 33 0
3 22 ->
4 23 602
4 24 4
4 25 0
4 26 [2]
$1,-1
4 27 [22][4]
$C0242463000F856,402E3504F333F9DC,4015FDBBE9BBA772,0
$C024360DCB5E97E2,402E451BF9C17DDF,40159E1D99414B46,0
$C0244D5A135567F4,402E564A9BDC78E2,40152A4266E6223D,0
$C0246670D3D377F9,402E64BBC0FAF8E6,4014B667348AF934,0
$C02480FFEBD008FE,402E7040226B614,4014428C022FD02C,0
$C0249CB06A4B9868,402E78B20C954203,4013CEB0CFD4A722,0
$C024B927AAEAB299,402E7DF5DA64134A,40135AD59D797E19,0
$C024D6087EADF9A8,402E7FFA4FC6339C,4012E6FA6B1E551,0
$C024F2F45CFC0F0A,402E7EB8D217EBA,4012731F38C32C06,0
$C0250F8C9916D30E,402E7A357DC1C79,4011FF44066802FD,0
$C0252B739806F579,402E727F18C3819A,40118B68D40CD9F4,0
$C025464E03074F3E,402E67AEE2578AD4,4011178DA1B1B0E8,0
$C0255FC3F284F322,402E59E8404D825A,4010A3B26F5687DE,0
$C02577820DE12C7,402E49584B2A267,40102FD73CFB5ED7,0
$C0258D3A9C477056,402E36353A88119F,400F77F815406B9A,0
$C025A0A6831A1F7C,402E20BDB39C826,400E9041B08A198D,0
$C025B1862EB53A3C,402E0937FC252AAC,400DA88B4BD3C772,0
$C025BFA2628D14E1,402DEFF1145E5585,400CC0D4E71D7564,0
$C025CACCEDFFC2F,402DD53BBAF26BD6,400BD91E82672352,0
$C025D2E143894FC5,402DB96F5E1BFC37,400AF1681DB0D14,0
$C025D7C4F06BCC52,402D9CE6FD70F62A,400A09B1B8FA7F2A,0
$C025D967F3437F3E,402D7FFFFFFFFFFE,400921FB54442D18,0
4 28 328
4 29 292
4 30 598
4 31 604
4 32 0
4 33 0
3 22 ->
4 23 601
4 24 4
4 25 0
4 26 [2]
$1,-1
4 27 [22][4]
$C0242463000F856,402E3504F333F9DC,4015FDBBE9BBA772,0
$C024360DCB5E97E2,402E451BF9C17DDF,40159E1D99414B46,0
$C0244D5A135567F4,402E564A9BDC78E2,40152A4266E6223D,0
$C0246670D3D377F9,402E64BBC0FAF8E6,4014B667348AF934,0
$C02480FFEBD008FE,402E7040226B614,4014428C022FD02C,0
$C0249CB06A4B9868,402E78B20C954203,4013CEB0CFD4A722,0
$C024B927AAEAB299,402E7DF5DA64134A,40135AD59D797E19,0
$C024D6087EADF9A8,402E7FFA4FC6339C,4012E6FA6B1E551,0
$C024F2F45CFC0F0A,402E7EB8D217EBA,4012731F38C32C06,0
$C0250F8C9916D30E,402E7A357DC1C79,4011FF44066802FD,0
$C0252B739806F579,402E727F18C3819A,40118B68D40CD9F4,0
$C025464E03074F3E,402E67AEE2578AD4,4011178DA1B1B0E8,0
$C0255FC3F284F322,402E59E8404D825A,4010A3B26F5687DE,0
$C02577820DE12C7,402E49584B2A267,40102FD73CFB5ED7,0
$C0258D3A9C477056,402E36353A88119F,400F77F815406B9A,0
$C025A0A6831A1F7C,402E20BDB39C826,400E9041B08A198D,0
$C025B1862EB53A3C,402E0937FC252AAC,400DA88B4BD3C772,0
$C025BFA2628D14E1,402DEFF1145E5585,400CC0D4E71D7564,0
$C025CACCEDFFC2F,402DD53BBAF26BD6,400BD91E82672352,0
$C025D2E143894FC5,402DB96F5E1BFC37,400AF1681DB0D14,0
$C025D7C4F06BCC52,402D9CE6FD70F62A,400A09B1B8FA7F2A,0
$C025D967F3437F3E,402D7FFFFFFFFFFE,400921FB54442D18,0
4 28 327
4 29 291
4 30 597
4 31 603
4 32 0
4 33 0
3 22 ->
4 23 298
4 24 4
4 25 0
4 26 [2]
$1,-1
4 27 [2][4]
$401C48C6001F0ABE,40166A09E667F3B9,0,C074593333333334
$4011EA2AFFF6AFF6,400816DDCC7F31E1,C00D545BADC2877D,C074593333333334
4 28 334
4 29 296
4 30 302
4 31 604
4 32 0
4 33 0
3 22 ->
4 23 297
4 24 4
4 25 0
4 26 [2]
$1,-1
4 27 [2][4]
$401C48C6001F0ABE,40166A09E667F3B9,0,C074593333333334
$4011EA2AFFF6AFF6,400816DDCC7F31E1,C00D545BADC2877D,C074593333333334
4 28 333
4 29 295
4 30 301
4 31 603
4 32 0
4 33 0
3 22 ->
4 23 608
4 24 4
4 25 0
4 26 [2]
$1,-1
4 27 [2][4]
$4015FDBBE9BBA775,407459333333332F,C00D545BADC2877D,C074593333333332
$4015FDBBE9BBA775,0,C00D545BADC2877D,0
4 28 300
4 29 296
4 30 474
4 31 298
4 32 0
4 33 0
3 22 ->
4 23 607
4 24 4
4 25 0
4 26 [2]
$1,-1
4 27 [2][4]
$4015FDBBE9BBA775,407459333333332F,C00D545BADC2877D,C074593333333332
$4015FDBBE9BBA775,0,C00D545BADC2877D,0
4 28 299
4 29 295
4 30 473
4 31 297
4 32 0
4 33 0
3 22 ->
4 23 606
4 24 4
4 25 0
4 26 [2]
$1,-1
4 27 [2][4]
$C01DEA2AFFF6AFF7,402905B7731FCC78,C00D545BADC2877E,0
$C0242463000F856,402E3504F333F9DC,0,0
4 28 328
4 29 296
4 30 602
4 31 608
4 32 0
4 33 0
3 22 ->
4 23 605
4 24 4
4 25 0
4 26 [2]
$1,-1
4 27 [2][4]
$C01DEA2AFFF6AFF7,402905B7731FCC78,C00D545BADC2877E,0
$C0242463000F856,402E3504F333F9DC,0,0
4 28 327
4 29 295
4 30 601
4 31 607
4 32 0
4 33 0
3 22 ->
4 23 302
4 24 4
4 25 0
4 26 [2]
$1,-1
4 27 [19][4]
$4011EA2AFFF6AFF6,400816DDCC7F31E1,4015FDBBE9BBA775,4074593333333331
$4011B82AC255DC62,4007B081FD02594C,40161595A8CFCF9,4074593333333331
$4011589AA46EECE1,4006DEC63C8F3499,401644E1A3B0134A,4074593333333331
$4010FDFC23E221AC,40060470A3986DA3,4016742D9E905705,4074593333333331
$4010A880BC0C9F62,400521F86A62FE19,4016A37999709AC,4074593333333331
$401058571A325C3D,400437D93A678F6E,4016D2C59450DE7B,4074593333333331
$40100DAB0401521C,40034692EACC2926,401702118F312235,4074593333333331
$400F914A7F557011,40024EA93A95C86A,4017315D8A1165F,4074593333333331
$400F12D6FB3EA0CA,400150A388B7FECB,401760A984F1A9AB,4074593333333331
$400EA04087F5E7F2,40004D0C8A29E05A,40178FF57FD1ED65,4074593333333331
$400E39C5B7552D73,3FFE88E3FC513BBD,4017BF417AB2312,4074593333333331
$400DDF9E7EAE22DB,3FFC6EC8C1A24D4A,4017EE8D759274DB,4074593333333331
$400D91FC183C0864,3FFA4CED38762A96,40181DD97072B895,4074593333333331
$400D5108E84252EC,3FF8247B707FF829,40184D256B52FC5,4074593333333331
$400D1CE865E6E065,3FF5F6A11235BD5C,40187C716633400B,4074593333333331
$400CF5B707D45E8A,3FF3C48EBA189171,4018ABBD611383C5,4074593333333331
$400CDB8A34AF76C9,3FF18F77525FF3EE,4018DB095BF3C78,4074593333333331
$400CCE7037673C1,3FEEB11ED6C64594,40190A5556D40B3B,4074593333333331
$400CCCCCCCCCCCC7,3FEC799BFE7F141E,401921FB54442D18,4074593333333331
4 28 334
4 29 300
4 30 162
4 31 608
4 32 0
4 33 0
3 22 ->
4 23 301
4 24 4
4 25 0
4 26 [2]
$1,-1
4 27 [19][4]
$4011EA2AFFF6AFF6,400816DDCC7F31E1,4015FDBBE9BBA775,4074593333333331
$4011B82AC255DC62,4007B081FD02594C,40161595A8CFCF9,4074593333333331
$4011589AA46EECE1,4006DEC63C8F3499,401644E1A3B0134A,4074593333333331
$4010FDFC23E221AC,40060470A3986DA3,4016742D9E905705,4074593333333331
$4010A880BC0C9F62,400521F86A62FE19,4016A37999709AC,4074593333333331
$401058571A325C3D,400437D93A678F6E,4016D2C59450DE7B,4074593333333331
$40100DAB0401521C,40034692EACC2926,401702118F312235,4074593333333331
$400F914A7F557011,40024EA93A95C86A,4017315D8A1165F,4074593333333331
$400F12D6FB3EA0CA,400150A388B7FECB,401760A984F1A9AB,4074593333333331
$400EA04087F5E7F2,40004D0C8A29E05A,40178FF57FD1ED65,4074593333333331
$400E39C5B7552D73,3FFE88E3FC513BBD,4017BF417AB2312,4074593333333331
$400DDF9E7EAE22DB,3FFC6EC8C1A24D4A,4017EE8D759274DB,4074593333333331
$400D91FC183C0864,3FFA4CED38762A96,40181DD97072B895,4074593333333331
$400D5108E84252EC,3FF8247B707FF829,40184D256B52FC5,4074593333333331
$400D1CE865E6E065,3FF5F6A11235BD5C,40187C716633400B,4074593333333331
$400CF5B707D45E8A,3FF3C48EBA189171,4018ABBD611383C5,4074593333333331
$400CDB8A34AF76C9,3FF18F77525FF3EE,4018DB095BF3C78,4074593333333331
$400CCE7037673C1,3FEEB11ED6C64594,40190A5556D40B3B,4074593333333331
$400CCCCCCCCCCCC7,3FEC799BFE7F141E,401921FB54442D18,4074593333333331
4 28 333
4 29 299
4 30 161
4 31 607
4 32 0
4 33 0
3 22 ->
4 23 474
4 24 4
4 25 0
4 26 [2]
$1,-1
4 27 [19][4]
$C01A666666666664,4024C799BFE7F142,401921FB54442D18,0
$C01A673BB582918E,4024EB5F8A8A144B,40190A21953004FD,0
$C01A6DCFDDF4BB02,4025323C5CF11B55,4018DAD59A4FC142,0
$C01A7AED6B748C88,402578DEF5256C04,4018AB899F6F7D88,0
$C01A8E8D34A45C7E,4025BF20C14A6708,40187C3DA48F39CD,0
$C01AA8A482510CAA,402604DB645E632B,40184CF1A9AEF612,0
$C01AC925154BF169,402649E8CB2D5CB4,40181DA5AECEB258,0
$C01AEFFD2E3255C1,40268E23411B580D,4017EE59B3EE6E9D,0
$C01B1D17971E5CDA,4026D16584BB1D76,4017BF0DB90E2AE2,0
$C01B505BAF3BF63B,4027138ADC260FB,40178FC1BE2DE728,0
$C01B89AD783B91C4,4027546F290A01E8,40176075C34DA36D,0
$C01BC8EDA59B3B98,402793EEFC6219A9,40173129C86D5FB2,0
$C01C0DF9ADBDC726,4027D1E7A9CFF7DF,401701DDCD8D1BF7,0
$C01C58ABDCC6B466,40280E375A8A984A,4016D291D2ACD83D,0
$C01CA8DB693082F6,402848BD1FD890D2,4016A345D7CC9482,0
$C01CFE5C8A123553,40288159050B99BE,401673F9DCEC50C7,0
$C01D59008F07DAE2,4028B7EC20F38D31,401644ADE20C0D0D,0
$C01DB895F9B112C5,4028EC58A6BF56A6,40161561E72BC952,0
$C01DEA2AFFF6AFF7,402905B7731FCC78,4015FDBBE9BBA775,0
4 28 328
4 29 300
4 30 606
4 31 472
4 32 0
4 33 0
3 22 ->
4 23 473
4 24 4
4 25 0
4 26 [2]
$1,-1
4 27 [19][4]
$C01A666666666664,4024C799BFE7F142,401921FB54442D18,0
$C01A673BB582918E,4024EB5F8A8A144B,40190A21953004FD,0
$C01A6DCFDDF4BB02,4025323C5CF11B55,4018DAD59A4FC142,0
$C01A7AED6B748C88,402578DEF5256C04,4018AB899F6F7D88,0
$C01A8E8D34A45C7E,4025BF20C14A6708,40187C3DA48F39CD,0
$C01AA8A482510CAA,402604DB645E632B,40184CF1A9AEF612,0
$C01AC925154BF169,402649E8CB2D5CB4,40181DA5AECEB258,0
$C01AEFFD2E3255C1,40268E23411B580D,4017EE59B3EE6E9D,0
$C01B1D17971E5CDA,4026D16584BB1D76,4017BF0DB90E2AE2,0
$C01B505BAF3BF63B,4027138ADC260FB,40178FC1BE2DE728,0
$C01B89AD783B91C4,4027546F290A01E8,40176075C34DA36D,0
$C01BC8EDA59B3B98,402793EEFC6219A9,40173129C86D5FB2,0
$C01C0DF9ADBDC726,4027D1E7A9CFF7DF,401701DDCD8D1BF7,0
$C01C58ABDCC6B466,40280E375A8A984A,4016D291D2ACD83D,0
$C01CA8DB693082F6,402848BD1FD890D2,4016A345D7CC9482,0
$C01CFE5C8A123553,40288159050B99BE,401673F9DCEC50C7,0
$C01D59008F07DAE2,4028B7EC20F38D31,401644ADE20C0D0D,0
$C01DB895F9B112C5,4028EC58A6BF56A6,40161561E72BC952,0
$C01DEA2AFFF6AFF7,402905B7731FCC78,4015FDBBE9BBA775,0
4 28 327
4 29 299
4 30 605
4 31 471
4 32 0
4 33 0
3 22 ->
4 23 306
4 24 4
4 25 0
4 26 [2]
$1,-1
4 27 [19][4]
$3FEC799BFE7F147B,400CCCCCCCCCCCCE,3FF921FB54442D18,4074593333333331
$3FEEB5F8A8A144FD,400CCE776B05231F,3FF981625094CD81,4074593333333331
$3FF191E2E788DAD3,400CDB9FBBE97608,3FFA3E923C15DC6C,4074593333333331
$3FF3C6F7A92B6046,400CF5DAD6E91912,3FFAFBC22796EB57,4074593333333331
$3FF5F9060A533867,400D1D1A6948B8FE,3FFBB8F21317FA42,4074593333333331
$3FF826DB22F31984,400D514904A21956,3FFC7621FE99092D,4074593333333331
$3FFA4F46596AE5C7,400D924A2A97E2D5,3FFD3351EA1A1818,4074593333333331
$3FFC711A08DAC08F,400DDFFA5C64AB85,3FFDF081D59B2702,4074593333333331
$3FFE8B2C25D8EBDF,400E3A2F2E3CB9B8,3FFEADB1C11C35EE,4074593333333331
$40004E2B70983ED6,400EA0B75E77EC78,3FFF6AE1AC9D44D8,4074593333333331
$400151BCA42807B4,400F135AF077238B,40001408CC0F29E1,4074593333333331
$40024FBBF18866B9,400F91DB4B367732,400072A0C1CFB157,4074593333333331
$4003479EA73FDF91,40100DF9ADBDC727,4000D138B79038CC,4074593333333331
$400438DD6A2A614,401058ABDCC6B467,40012FD0AD50C041,4074593333333331
$400522F47F62435D,4010A8DB693082F7,40018E68A31147B7,4074593333333331
$40060564142E670E,4010FE5C8A123553,4001ED0098D1CF2C,4074593333333331
$4006DFB083CE34DA,401159008F07DAE4,40024B988E9256A2,4074593333333331
$4007B1629AFD5AAF,4011B895F9B112C6,4002AA308452DE17,4074593333333331
$400816DDCC7F31F8,4011EA2AFFF6AFF9,4002D97C7F3321D2,4074593333333331
4 28 334
4 29 304
4 30 310
4 31 540
4 32 0
4 33 0
3 22 ->
4 23 305
4 24 4
4 25 0
4 26 [2]
$1,-1
4 27 [19][4]
$3FEC799BFE7F147B,400CCCCCCCCCCCCE,3FF921FB54442D18,4074593333333331
$3FEEB5F8A8A144FD,400CCE776B05231F,3FF981625094CD81,4074593333333331
$3FF191E2E788DAD3,400CDB9FBBE97608,3FFA3E923C15DC6C,4074593333333331
$3FF3C6F7A92B6046,400CF5DAD6E91912,3FFAFBC22796EB57,4074593333333331
$3FF5F9060A533867,400D1D1A6948B8FE,3FFBB8F21317FA42,4074593333333331
$3FF826DB22F31984,400D514904A21956,3FFC7621FE99092D,4074593333333331
$3FFA4F46596AE5C7,400D924A2A97E2D5,3FFD3351EA1A1818,4074593333333331
$3FFC711A08DAC08F,400DDFFA5C64AB85,3FFDF081D59B2702,4074593333333331
$3FFE8B2C25D8EBDF,400E3A2F2E3CB9B8,3FFEADB1C11C35EE,4074593333333331
$40004E2B70983ED6,400EA0B75E77EC78,3FFF6AE1AC9D44D8,4074593333333331
$400151BCA42807B4,400F135AF077238B,40001408CC0F29E1,4074593333333331
$40024FBBF18866B9,400F91DB4B367732,400072A0C1CFB157,4074593333333331
$4003479EA73FDF91,40100DF9ADBDC727,4000D138B79038CC,4074593333333331
$400438DD6A2A614,401058ABDCC6B467,40012FD0AD50C041,4074593333333331
$400522F47F62435D,4010A8DB693082F7,40018E68A31147B7,4074593333333331
$40060564142E670E,4010FE5C8A123553,4001ED0098D1CF2C,4074593333333331
$4006DFB083CE34DA,401159008F07DAE4,40024B988E9256A2,4074593333333331
$4007B1629AFD5AAF,4011B895F9B112C6,4002AA308452DE17,4074593333333331
$400816DDCC7F31F8,4011EA2AFFF6AFF9,4002D97C7F3321D2,4074593333333331
4 28 333
4 29 303
4 30 309
4 31 539
4 32 0
4 33 0
3 22 ->
4 23 610
4 24 4
4 25 0
4 26 [2]
$1,-1
4 27 [2][4]
$BCD0F876CCDF6CDC,C074593333333333,4002D97C7F3321D3,407459333333332F
$BCD0F876CCDF6CDC,0,4002D97C7F3321D3,8
4 28 308
4 29 304
4 30 612
4 31 306
4 32 0
4 33 0
3 22 ->
4 23 609
4 24 4
4 25 0
4 26 [2]
$1,-1
4 27 [2][4]
$BCD0F876CCDF6CDC,C074593333333333,4002D97C7F3321D3,407459333333332F
$BCD0F876CCDF6CDC,0,4002D97C7F3321D3,8
4 28 307
4 29 303
4 30 611
4 31 305
4 32 0
4 33 0
3 22 ->
4 23 542
4 24 4
4 25 0
4 26 [2]
$1,-1
4 27 [19][4]
$C0180B6EE63F98FD,402BF5157FFB57FD,4002D97C7F3321D3,8
$C017D840FE812CB3,402BDC15612AEE33,4002A9C9010AD19C,8
$C0176F631E479A5A,402BAC4D52377672,40024B310B4A4A27,8
$C017023851CC36DE,402B7EFE11F110D8,4001EC991589C2B2,8
$C01690FC35317F1A,402B54405E064FB3,40018E011FC93B3C,8
$C0161BEC9D33C7C4,402B2C2B8D192E21,40012F692A08B3C8,8
$C015A349756614A,402B06D58200A91,4000D0D134482C52,8
$C01527549D4AE442,402AE4529FD55C06,400072393E87A4DC,8
$C014A851C45BFF72,402AC4B5BECFA834,400013A148C71D67,8
$C01426864514F03A,402AA81021FD79FE,3FFF6A12A60D2BE3,8
$C013A238FF144EFC,402A8E716DD54B5E,3FFEACE2BA8C1CF9,8
$C0131BB23068936,402A77E79FAB88B8,3FFDEFB2CF0B0E0E,8
$C012933B4E1D8AB2,402A647F060F021B,3FFD3282E389FF24,8
$C012091EDC1FFE18,402A54423A1094BD,3FFC7552F808F039,8
$C0117DA8448D6F64,402A473A1979B81B,3FFBB8230C87E14E,8
$C010F123AE862469,402A3D6DC1F517A4,3FFAFAF32106D263,8
$C01063DDD497FD08,402A36E28D2BDDB4,3FFA3DC33585C378,8
$C00FAC47B5B1917F,402A339C0DD9CF06,3FF980934A04B48E,8
$C00F1E66FF9FC521,402A333333333334,3FF921FB54442D18,0
4 28 328
4 29 304
4 30 544
4 31 610
4 32 0
4 33 0
3 22 ->
4 23 541
4 24 4
4 25 0
4 26 [2]
$1,-1
4 27 [19][4]
$C0180B6EE63F98FD,402BF5157FFB57FD,4002D97C7F3321D3,8
$C017D840FE812CB3,402BDC15612AEE33,4002A9C9010AD19C,8
$C0176F631E479A5A,402BAC4D52377672,40024B310B4A4A27,8
$C017023851CC36DE,402B7EFE11F110D8,4001EC991589C2B2,8
$C01690FC35317F1A,402B54405E064FB3,40018E011FC93B3C,8
$C0161BEC9D33C7C4,402B2C2B8D192E21,40012F692A08B3C8,8
$C015A349756614A,402B06D58200A91,4000D0D134482C52,8
$C01527549D4AE442,402AE4529FD55C06,400072393E87A4DC,8
$C014A851C45BFF72,402AC4B5BECFA834,400013A148C71D67,8
$C01426864514F03A,402AA81021FD79FE,3FFF6A12A60D2BE3,8
$C013A238FF144EFC,402A8E716DD54B5E,3FFEACE2BA8C1CF9,8
$C0131BB23068936,402A77E79FAB88B8,3FFDEFB2CF0B0E0E,8
$C012933B4E1D8AB2,402A647F060F021B,3FFD3282E389FF24,8
$C012091EDC1FFE18,402A54423A1094BD,3FFC7552F808F039,8
$C0117DA8448D6F64,402A473A1979B81B,3FFBB8230C87E14E,8
$C010F123AE862469,402A3D6DC1F517A4,3FFAFAF32106D263,8
$C01063DDD497FD08,402A36E28D2BDDB4,3FFA3DC33585C378,8
$C00FAC47B5B1917F,402A339C0DD9CF06,3FF980934A04B48E,8
$C00F1E66FF9FC521,402A333333333334,3FF921FB54442D18,0
4 28 327
4 29 303
4 30 543
4 31 609
4 32 0
4 33 0
3 22 ->
4 23 310
4 24 4
4 25 0
4 26 [2]
$1,-1
4 27 [2][4]
$400816DDCC7F31FB,4011EA2AFFF6AFFA,BCD6A09E667F3BCD,C074593333333335
$40166A09E667F3BB,401C48C6001F0AC,C00D545BADC2876E,C074593333333335
4 28 334
4 29 308
4 30 314
4 31 610
4 32 0
4 33 0
3 22 ->
4 23 309
4 24 4
4 25 0
4 26 [2]
$1,-1
4 27 [2][4]
$400816DDCC7F31FB,4011EA2AFFF6AFFA,BCD6A09E667F3BCD,C074593333333335
$40166A09E667F3BB,401C48C6001F0AC,C00D545BADC2876E,C074593333333335
4 28 333
4 29 307
4 30 313
4 31 609
4 32 0
4 33 0
3 22 ->
4 23 614
4 24 4
4 25 0
4 26 [2]
$1,-1
4 27 [2][4]
$4002D97C7F3321D5,407459333333332F,C00D545BADC2876E,C074593333333333
$4002D97C7F3321D5,8,C00D545BADC2876E,0
4 28 312
4 29 308
4 30 616
4 31 310
4 32 0
4 33 0
3 22 ->
4 23 613
4 24 4
4 25 0
4 26 [2]
$1,-1
4 27 [2][4]
$4002D97C7F3321D5,407459333333332F,C00D545BADC2876E,C074593333333333
$4002D97C7F3321D5,8,C00D545BADC2876E,0
4 28 311
4 29 307
4 30 615
4 31 309
4 32 0
4 33 0
3 22 ->
4 23 612
4 24 4
4 25 0
4 26 [2]
$1,-1
4 27 [2][4]
$C0213504F333F9DE,403092318007C2B,C00D545BADC2876C,0
$C0180B6EE63F98FE,402BF5157FFB57FD,BCD0F876CCDF6CDC,0
4 28 328
4 29 308
4 30 542
4 31 614
4 32 0
4 33 0
3 22 ->
4 23 611
4 24 4
4 25 0
4 26 [2]
$1,-1
4 27 [2][4]
$C0213504F333F9DE,403092318007C2B,C00D545BADC2876C,0
$C0180B6EE63F98FE,402BF5157FFB57FD,BCD0F876CCDF6CDC,0
4 28 327
4 29 307
4 30 541
4 31 613
4 32 0
4 33 0
3 22 ->
4 23 314
4 24 4
4 25 0
4 26 [2]
$1,-1
4 27 [22][4]
$40166A09E667F3BB,401C48C6001F0AC,4002D97C7F3321D5,4074593333333331
$40168A37F382FBC1,401C6C1B96BD2FC4,400398B92027DA2F,4074593333333331
$4016AC9537B8F1C7,401C9AB426AACFE7,4004806F84DE2C41,4074593333333331
$4016C97781F5F1CD,401CCCE1A7A6EFF3,40056825E9947E53,4074593333333331
$4016E08044D6C283,401D01FFD7A011FE,40064FDC4E4AD065,4074593333333331
$4016F164192A8409,401D3960D49730D,40073792B301227A,4074593333333331
$4016FBEBB4C82696,401D724F55D56534,40081F4917B7748F,4074593333333331
$4016FFF49F8C673C,401DAC10FD5BF352,400906FF7C6DC69F,4074593333333331
$4016FD71A42FD744,401DE5E8B9F81E15,4009EEB5E12418B,4074593333333331
$4016F46AFB838F21,401E1F19322DA61E,400AD66C45DA6AC5,4074593333333331
$4016E4FE31870338,401E56E7300DEAF4,400BBE22AA90BCD4,4074593333333331
$4016CF5DC4AF15AB,401E8C9C060E9E7D,400CA5D90F470EE9,4074593333333331
$4016B3D0809B04B6,401EBF87E509E645,400D8D8F73FD60FC,4074593333333331
$401692B096544CE3,401EEF041BC258E1,400E7545D8B3B30B,4074593333333331
$40166C6A75102341,401F1A75388EE0AE,400F5CFC3D6A0521,4074593333333331
$4016417B673904C4,401F414D06343EFB,4010225951102B98,4074593333333331
$4016126FF84A555B,401F630C5D6A7478,40109634836B54A3,4074593333333331
$4015DFE228BCAB0C,401F7F44C51A29C3,40110A0FB5C67DAC,4074593333333331
$4015AA7775E4D7AF,401F9599DBFF85E4,40117DEAE821A6B6,4074593333333331
$401572DEBC37F87,401FA5C287129F8D,4011F1C61A7CCFBE,4074593333333331
$401539CDFAE1EC56,401FAF89E0D798A7,401265A14CD7F8C9,4074593333333331
$4014FFFFFFFFFFFD,401FB2CFE686FE7F,4012D97C7F3321D2,4074593333333331
4 28 334
4 29 312
4 30 318
4 31 614
4 32 0
4 33 0
3 22 ->
4 23 313
4 24 4
4 25 0
4 26 [2]
$1,-1
4 27 [22][4]
$40166A09E667F3BB,401C48C6001F0AC,4002D97C7F3321D5,4074593333333331
$40168A37F382FBC1,401C6C1B96BD2FC4,400398B92027DA2F,4074593333333331
$4016AC9537B8F1C7,401C9AB426AACFE7,4004806F84DE2C41,4074593333333331
$4016C97781F5F1CD,401CCCE1A7A6EFF3,40056825E9947E53,4074593333333331
$4016E08044D6C283,401D01FFD7A011FE,40064FDC4E4AD065,4074593333333331
$4016F164192A8409,401D3960D49730D,40073792B301227A,4074593333333331
$4016FBEBB4C82696,401D724F55D56534,40081F4917B7748F,4074593333333331
$4016FFF49F8C673C,401DAC10FD5BF352,400906FF7C6DC69F,4074593333333331
$4016FD71A42FD744,401DE5E8B9F81E15,4009EEB5E12418B,4074593333333331
$4016F46AFB838F21,401E1F19322DA61E,400AD66C45DA6AC5,4074593333333331
$4016E4FE31870338,401E56E7300DEAF4,400BBE22AA90BCD4,4074593333333331
$4016CF5DC4AF15AB,401E8C9C060E9E7D,400CA5D90F470EE9,4074593333333331
$4016B3D0809B04B6,401EBF87E509E645,400D8D8F73FD60FC,4074593333333331
$401692B096544CE3,401EEF041BC258E1,400E7545D8B3B30B,4074593333333331
$40166C6A75102341,401F1A75388EE0AE,400F5CFC3D6A0521,4074593333333331
$4016417B673904C4,401F414D06343EFB,4010225951102B98,4074593333333331
$4016126FF84A555B,401F630C5D6A7478,40109634836B54A3,4074593333333331
$4015DFE228BCAB0C,401F7F44C51A29C3,40110A0FB5C67DAC,4074593333333331
$4015AA7775E4D7AF,401F9599DBFF85E4,40117DEAE821A6B6,4074593333333331
$401572DEBC37F87,401FA5C287129F8D,4011F1C61A7CCFBE,4074593333333331
$401539CDFAE1EC56,401FAF89E0D798A7,401265A14CD7F8C9,4074593333333331
$4014FFFFFFFFFFFD,401FB2CFE686FE7F,4012D97C7F3321D2,4074593333333331
4 28 333
4 29 311
4 30 317
4 31 613
4 32 0
4 33 0
3 22 ->
4 23 618
4 24 4
4 25 0
4 26 [2]
$1,-1
4 27 [2][4]
$4074593333333332,4001FFFFFFFFFFF7,4012D97C7F3321D2,407459333333332F
$8,4001FFFFFFFFFFF7,4012D97C7F3321D2,0
4 28 316
4 29 312
4 30 620
4 31 314
4 32 0
4 33 0
3 22 ->
4 23 617
4 24 4
4 25 0
4 26 [2]
$1,-1
4 27 [2][4]
$4074593333333332,4001FFFFFFFFFFF7,4012D97C7F3321D2,407459333333332F
$8,4001FFFFFFFFFFF7,4012D97C7F3321D2,0
4 28 315
4 29 311
4 30 619
4 31 313
4 32 0
4 33 0
3 22 ->
4 23 616
4 24 4
4 25 0
4 26 [2]
$1,-1
4 27 [22][4]
$C0207FFFFFFFFFFF,40316CB3F9A1BFA,4012D97C7F3321D2,0
$C02097DEB07A12A2,40316C2538ABFE5E,401279DE2EB8C5A3,0
$C020B47E605933AD,403169FBAE66CAAC,40120602FC5D9C9C,0
$C020D072395E8191,40316638089F9D96,40119227CA027393,0
$C020EB5EBAB2AAE4,403160E699DC879,40111E4C97A74A86,0
$C02104EBC18D453E,40315A18CACC572B,4010AA71654C217F,0
$C0211CC5A9B89E54,403151E4E14989D2,4010369632F0F874,0
$C021329E5F5F1F46,40314865B7712404,400F8576012B9EDA,0
$C021462E5EA1F5A8,40313DBA63BC1DA3,400E9DBF9C754CC3,0
$C02157359DB4557C,40313205D33B214,400DB60937BEFAAD,0
$C021657C5E7CF9A6,4031256E5741C102,400CCE52D308A8A6,0
$C02170D3E50FA79,4031181D27F76532,400BE69C6E525689,0
$C021791710A96018,40310A3DDD6890F3,400AFEE6099C047B,0
$C0217E2AD53A71,4030FBFDE0D2316D,400A172FA4E5B26B,0
$C0217FFE93F08A0A,4030ED8BD7FA1E34,40092F79402F6058,0
$C0217E8C519EFFEE,4030DF170C7B6A77,400847C2DB790E41,8
$C02179D8CA53228E,4030D0CED0FA6687,4007600C76C2BC3,8
$C02171F361D48E82,4030C2E1E63B0CF,40067856120C6A1D,8
$C02166F5F144361F,4030B57DE214F725,4005909FAD56180C,8
$C0215904727F0CBC,4030A8CE9A39DA99,4004A8E9489FC5F9,8
$C021484C8A5950D6,40309CFD94B70BD1,4003C132E3E973E4,8
$C0213504F333F9DE,403092318007C2B,4002D97C7F3321D5,8
4 28 328
4 29 312
4 30 612
4 31 618
4 32 0
4 33 0
3 22 ->
4 23 615
4 24 4
4 25 0
4 26 [2]
$1,-1
4 27 [22][4]
$C0207FFFFFFFFFFF,40316CB3F9A1BFA,4012D97C7F3321D2,0
$C02097DEB07A12A2,40316C2538ABFE5E,401279DE2EB8C5A3,0
$C020B47E605933AD,403169FBAE66CAAC,40120602FC5D9C9C,0
$C020D072395E8191,40316638089F9D96,40119227CA027393,0
$C020EB5EBAB2AAE4,403160E699DC879,40111E4C97A74A86,0
$C02104EBC18D453E,40315A18CACC572B,4010AA71654C217F,0
$C0211CC5A9B89E54,403151E4E14989D2,4010369632F0F874,0
$C021329E5F5F1F46,40314865B7712404,400F8576012B9EDA,0
$C021462E5EA1F5A8,40313DBA63BC1DA3,400E9DBF9C754CC3,0
$C02157359DB4557C,40313205D33B214,400DB60937BEFAAD,0
$C021657C5E7CF9A6,4031256E5741C102,400CCE52D308A8A6,0
$C02170D3E50FA79,4031181D27F76532,400BE69C6E525689,0
$C021791710A96018,40310A3DDD6890F3,400AFEE6099C047B,0
$C0217E2AD53A71,4030FBFDE0D2316D,400A172FA4E5B26B,0
$C0217FFE93F08A0A,4030ED8BD7FA1E34,40092F79402F6058,0
$C0217E8C519EFFEE,4030DF170C7B6A77,400847C2DB790E41,8
$C02179D8CA53228E,4030D0CED0FA6687,4007600C76C2BC3,8
$C02171F361D48E82,4030C2E1E63B0CF,40067856120C6A1D,8
$C02166F5F144361F,4030B57DE214F725,4005909FAD56180C,8
$C0215904727F0CBC,4030A8CE9A39DA99,4004A8E9489FC5F9,8
$C021484C8A5950D6,40309CFD94B70BD1,4003C132E3E973E4,8
$C0213504F333F9DE,403092318007C2B,4002D97C7F3321D5,8
4 28 327
4 29 311
4 30 611
4 31 617
4 32 0
4 33 0
3 22 ->
4 23 318
4 24 4
4 25 0
4 26 [2]
$1,-1
4 27 [2][4]
$4014FFFFFFFFFFFD,401FB2CFE686FE7F,4074593333333334,4001FFFFFFFFFFF7
$4008000000000002,401FB2CFE686FE7F,4074593333333334,0
4 28 334
4 29 316
4 30 322
4 31 618
4 32 0
4 33 0
3 22 ->
4 23 317
4 24 4
4 25 0
4 26 [2]
$1,-1
4 27 [2][4]
$4014FFFFFFFFFFFD,401FB2CFE686FE7F,4074593333333334,4001FFFFFFFFFFF7
$4008000000000002,401FB2CFE686FE7F,4074593333333334,0
4 28 333
4 29 315
4 30 321
4 31 617
4 32 0
4 33 0
3 22 ->
4 23 622
4 24 4
4 25 0
4 26 [2]
$1,-1
4 27 [2][4]
$3FF921FB54442D18,407459333333332F,4074593333333332,0
$3FF921FB54442D18,0,0,0
4 28 320
4 29 316
4 30 624
4 31 318
4 32 0
4 33 0
3 22 ->
4 23 621
4 24 4
4 25 0
4 26 [2]
$1,-1
4 27 [2][4]
$3FF921FB54442D18,407459333333332F,4074593333333332,0
$3FF921FB54442D18,0,0,0
4 28 319
4 29 315
4 30 623
4 31 317
4 32 0
4 33 0
3 22 ->
4 23 620
4 24 4
4 25 0
4 26 [2]
$1,-1
4 27 [2][4]
$C018000000000002,40316CB3F9A1BFA,0,0
$C0207FFFFFFFFFFF,40316CB3F9A1BFA,8,4001FFFFFFFFFFF7
4 28 328
4 29 316
4 30 616
4 31 622
4 32 0
4 33 0
3 22 ->
4 23 619
4 24 4
4 25 0
4 26 [2]
$1,-1
4 27 [2][4]
$C018000000000002,40316CB3F9A1BFA,0,0
$C0207FFFFFFFFFFF,40316CB3F9A1BFA,8,4001FFFFFFFFFFF7
4 28 327
4 29 315
4 30 615
4 31 621
4 32 0
4 33 0
3 22 ->
4 23 322
4 24 4
4 25 0
4 26 [2]
$1,-1
4 27 [15][4]
$4008000000000002,401FB2CFE686FE7F,3FF921FB54442D18,4074593333333331
$400799CE591DC0D2,401FB55E42572739,3FF788863A8455E8,4074593333333331
$4007276D68B2B0C1,401FBE64EB036F5C,3FF5B9197117B1C1,4074593333333331
$4006B7D16CF22715,401FCDD1B4FFFB46,3FF3E9ACA7AB0DA,4074593333333331
$40064C67C0F0C002,401FE37221D7E8D1,3FF21A3FDE3E697C,4074593333333331
$4005E69002FA3074,401FFEFF65EBF9C7,3FF04AD314D1C553,4074593333333331
$4005879795894B39,4020100FA81958CD,3FECF6CC96CA4252,4074593333333331
$400530B55BF03BA,40202332B8BB6D9D,3FE957F303F0FA1C,4074593333333331
$4004E305C0A57F07,402038AA3FA6FCDD,3FE5B9197117B1C4,4074593333333331
$40049F871239140D,4020502FF71E5491,3FE21A3FDE3E6983,4074593333333331
$4004671642D9A976,40206976DEE529B8,3FDCF6CC96CA427B,4074593333333331
$40043A6C150EF136,4020842C38511367,3FD5B9197117B1C4,4074593333333331
$40041A1ABEE8BDE4,40209FF895278306,3FCCF6CC96CA42BB,4074593333333331
$4004068C0B5ECBB1,4020BC80F5D28913,3FBCF6CC96CA42CF,4074593333333331
$4004,4020D967F3437F4,0,4074593333333331
4 28 334
4 29 320
4 30 326
4 31 622
4 32 0
4 33 0
3 22 ->
4 23 321
4 24 4
4 25 0
4 26 [2]
$1,-1
4 27 [15][4]
$4008000000000002,401FB2CFE686FE7F,3FF921FB54442D18,4074593333333331
$400799CE591DC0D2,401FB55E42572739,3FF788863A8455E8,4074593333333331
$4007276D68B2B0C1,401FBE64EB036F5C,3FF5B9197117B1C1,4074593333333331
$4006B7D16CF22715,401FCDD1B4FFFB46,3FF3E9ACA7AB0DA,4074593333333331
$40064C67C0F0C002,401FE37221D7E8D1,3FF21A3FDE3E697C,4074593333333331
$4005E69002FA3074,401FFEFF65EBF9C7,3FF04AD314D1C553,4074593333333331
$4005879795894B39,4020100FA81958CD,3FECF6CC96CA4252,4074593333333331
$400530B55BF03BA,40202332B8BB6D9D,3FE957F303F0FA1C,4074593333333331
$4004E305C0A57F07,402038AA3FA6FCDD,3FE5B9197117B1C4,4074593333333331
$40049F871239140D,4020502FF71E5491,3FE21A3FDE3E6983,4074593333333331
$4004671642D9A976,40206976DEE529B8,3FDCF6CC96CA427B,4074593333333331
$40043A6C150EF136,4020842C38511367,3FD5B9197117B1C4,4074593333333331
$40041A1ABEE8BDE4,40209FF895278306,3FCCF6CC96CA42BB,4074593333333331
$4004068C0B5ECBB1,4020BC80F5D28913,3FBCF6CC96CA42CF,4074593333333331
$4004,4020D967F3437F4,0,4074593333333331
4 28 333
4 29 319
4 30 325
4 31 621
4 32 0
4 33 0
3 22 ->
4 23 626
4 24 4
4 25 0
4 26 [2]
$1,-1
4 27 [2][4]
$0,C074593333333331,0,407459333333332F
$0,0,0,0
4 28 324
4 29 320
4 30 574
4 31 322
4 32 0
4 33 0
3 22 ->
4 23 625
4 24 4
4 25 0
4 26 [2]
$1,-1
4 27 [2][4]
$0,C074593333333331,0,407459333333332F
$0,0,0,0
4 28 323
4 29 319
4 30 573
4 31 321
4 32 0
4 33 0
3 22 ->
4 23 624
4 24 4
4 25 0
4 26 [2]
$1,-1
4 27 [15][4]
$C016000000000001,4031ECB3F9A1BFA,0,0
$C016028E5BD028BC,4031DFEDC4C577BA,3FB997519BFD7301,0
$C0160B95047C70DE,4031D1A1A6B815B8,3FCB470F1963DA99,0
$C0161B01CE78FCC8,4031C3AE27400482,3FD4E13AB2647E1C,0
$C01630A23B50EA54,4031B640F1BFD7A,3FDC1EEDD8170ECB,0
$C0164C2F7F64FB4A,4031A985FA0105AE,3FE1AE507EE4CFA2,0
$C0166D4F69ABB31D,40319DA6EC52E906,3FE54D2A11BE17FD,0
$C01693958AEFDCBE,403192CAA51FC714,3FE8EC03A497603B,0
$C016BE8498C6FB3C,40318914B1B66F8,3FEC8ADD3770A876,0
$C016ED9007B5AAA4,403180A4DBE8E221,3FF014DB6524F86,0
$C017201DD74354F3,40317996C1FCF4CE,3FF1E4482E919C89,0
$C01755888A1B285,403174017C439DC6,3FF3B3B4F7FE40AB,0
$C0178D2143C8079,40316FF7517ED75C,3FF58321C16AE4D1,0
$C017C632051E13A9,40316D857B0D9916,3FF7528E8AD788F4,0
$C018000000000002,40316CB3F9A1BFA,3FF921FB54442D18,0
4 28 328
4 29 320
4 30 620
4 31 626
4 32 0
4 33 0
3 22 ->
4 23 623
4 24 4
4 25 0
4 26 [2]
$1,-1
4 27 [15][4]
$C016000000000001,4031ECB3F9A1BFA,0,0
$C016028E5BD028BC,4031DFEDC4C577BA,3FB997519BFD7301,0
$C0160B95047C70DE,4031D1A1A6B815B8,3FCB470F1963DA99,0
$C0161B01CE78FCC8,4031C3AE27400482,3FD4E13AB2647E1C,0
$C01630A23B50EA54,4031B640F1BFD7A,3FDC1EEDD8170ECB,0
$C0164C2F7F64FB4A,4031A985FA0105AE,3FE1AE507EE4CFA2,0
$C0166D4F69ABB31D,40319DA6EC52E906,3FE54D2A11BE17FD,0
$C01693958AEFDCBE,403192CAA51FC714,3FE8EC03A497603B,0
$C016BE8498C6FB3C,40318914B1B66F8,3FEC8ADD3770A876,0
$C016ED9007B5AAA4,403180A4DBE8E221,3FF014DB6524F86,0
$C017201DD74354F3,40317996C1FCF4CE,3FF1E4482E919C89,0
$C01755888A1B285,403174017C439DC6,3FF3B3B4F7FE40AB,0
$C0178D2143C8079,40316FF7517ED75C,3FF58321C16AE4D1,0
$C017C632051E13A9,40316D857B0D9916,3FF7528E8AD788F4,0
$C018000000000002,40316CB3F9A1BFA,3FF921FB54442D18,0
4 28 327
4 29 319
4 30 619
4 31 625
4 32 0
4 33 0
3 22 ->
4 23 326
4 24 4
4 25 0
4 26 [2]
$1,-1
4 27 [2][4]
$4003FFFFFFFFFFFF,4020D967F3437F4,0,C074593333333333
$4004000000000001,4023,BFF134C065E406,C074593333333333
4 28 334
4 29 324
4 30 262
4 31 626
4 32 0
4 33 0
3 22 ->
4 23 325
4 24 4
4 25 0
4 26 [2]
$1,-1
4 27 [2][4]
$4003FFFFFFFFFFFF,4020D967F3437F4,0,C074593333333333
$4004000000000001,4023,BFF134C065E406,C074593333333333
4 28 333
4 29 323
4 30 261
4 31 625
4 32 0
4 33 0
3 22 ->
4 23 574
4 24 4
4 25 0
4 26 [2]
$1,-1
4 27 [2][4]
$C016000000000002,4033,BFF134C065E406,0
$C016,4031ECB3F9A1BFA,0,0
4 28 328
4 29 324
4 30 624
4 31 566
4 32 0
4 33 0
3 22 ->
4 23 573
4 24 4
4 25 0
4 26 [2]
$1,-1
4 27 [2][4]
$C016000000000002,4033,BFF134C065E406,0
$C016,4031ECB3F9A1BFA,0,0
4 28 327
4 29 323
4 30 623
4 31 565
4 32 0
4 33 0
@qlt_array 34 0
2 34 [1]
3 34 ->
@quilt_id 35 1
4 35 30
@data_type 36 1
4 36 57
@attr 37 1
4 37 1
@feat_id 38 1
4 38 4
@first_geom_ptr 39 1
4 39 31
@used_by_feat_id 40 1
4 40 4
@next_quilt_ptr 41 1
4 41 0
#NovisGeom
@Sld_NonVisGeom 1 0
0 1 ->
@inactive_geom 2 0
1 2 
#ActEntity
@Sld_Entities 1 0
0 1 ->
@act_feat_ents 2 0
1 2 [1]
2 2 
@feat_id 3 1
3 3 2
@datum_id 4 1
3 4 -1
@entity_ptr(coord_sys) 5 0
3 5 ->
@type 6 1
4 6 18
@id 7 1
4 7 3
@gen_info 8 0
4 8 
@color 9 1
5 9 1
@sys_type 10 1
4 10 -1
@pnt_type 11 1
4 11 -1
@radius 12 2
4 12 0
@local_sys 13 2
4 13 [4][3]
$3FF,0,0
$0,3FF,0
$0,0,3FF
$0,0,0
@feat_id 14 1
4 14 2
@entity(text) 15 0
3 15 ->
@text_type 16 1
4 16 34
@text_value 17 10
4 17 AL325_5755537T104
@txt_attrib 18 1
4 18 1
@coord 19 2
4 19 [3]
$0,0,0
@owner_id 20 1
4 20 3
@height 21 2
4 21 BFF
@width_factor 22 2
4 22 BFF
@format_info 23 0
4 23 
@thickness 24 2
4 24 BFF
#AllFeatur
@Sld_Features 1 0
0 1 ->
@first_feat_ptr 2 0
1 2 ->
@id 3 1
2 3 2
@indep_attributes 4 1
2 4 4097
@feat_type_ptr 5 0
2 5 ->
@table_id 6 1
3 6 -1
@type 7 1
3 7 979
@feattype_key 8 10
3 8 NULL
@form 9 1
3 9 0
@attributes 10 1
3 10 [3]
$0,0,0
@placement 11 1
3 11 0
@intersection 12 1
3 12 -1
@internal_udf_type 13 1
3 13 -1
@param_choice_ptr 14 0
3 14 ->
@blend_choice 15 1
4 15 0
@depth_choice 16 1
4 16 0
@angle_choice 17 1
4 17 0
@pat_choice 18 1
4 18 -1
@round_choice 19 1
4 19 -1
@subsec_choice 20 1
4 20 -1
@sweep_choice 21 1
4 21 0
@dome_choice 22 1
4 22 0
@draft_choice 23 1
4 23 0
@misc_choice 24 1
4 24 [2]
$384,0
@assoc_type 25 1
3 25 0
@symbol_key 26 1
2 26 -1
@sect_name 27 10
2 27 no_name
@model_type 28 1
2 28 2
@idtab_ptr 29 0
2 29 ->
@misc_id_tab 30 0
3 30 [1]
4 30 
@misc_hist 31 1
5 31 [5]
$3,534,0,-1,500
@save_geoms 32 0
3 32 NULL
@cr_flags_xar 33 1
3 33 NULL
@cvt_feat_dat 34 0
3 34 NULL
@feat_dates_ptr 35 0
3 35 ->
@creat_date 36 1
4 36 200057
@regen_date 37 1
4 37 200057
@group_info_ptr 38 0
2 38 NULL
@intrs_pairs_ptr 39 0
2 39 ->
@place_rec_ptr 40 0
2 40 ->
@local_sys 41 2
3 41 [4][3]
$3FF,0,0
$0,3FF,0
$0,0,3FF
$0,0,0
@own_ref_id 42 1
3 42 -1
@orient 43 1
3 43 0
@trf_arr 44 0
3 44 [1]
4 44 
@type 45 1
5 45 10
@idx 46 1
5 46 0
@transf 47 2
5 47 [4][3]
$3FF,0,0
$0,3FF,0
$0,0,3FF
$0,0,0
@next_prop 48 0
2 48 NULL
@first_geom_id 49 1
2 49 -1
@cond_tbl_idx 50 1
2 50 -1
@comment 51 10
2 51 NULL
@merge_info_ptr 52 0
2 52 NULL
@topology_increment 53 0
2 53 ->
@first_geom 54 1
3 54 0
@first_quilt 55 1
3 55 0
@outline 56 2
3 56 [2][3]
$0,0,0
$0,0,0
@max_part_size 57 2
3 57 0
@xform_increment 58 0
3 58 NULL
@roll_back_id 59 1
3 59 -1
@time_stamp 60 0
3 60 ->
@time 61 1
4 61 985690330
@random_num 62 1
4 62 2051749027
@hostid 63 1
4 63 680431796
@state_ind 64 1
2 64 -1
@alumni_info 65 0
2 65 NULL
@revnum 66 1
2 66 0
@rev_rec 67 0
2 67 ->
@num_plins 68 1
3 68 0
@expl_state_ref 69 0
2 69 NULL
@feat_outl_info 70 0
2 70 ->
@ent_outl 71 2
2 71 [2][3]
$0,0,0
$0,0,0
@next_feat_ptr 72 0
1 72 ->
2 3 4
2 4 2049
2 5 ->
3 6 -1
3 7 932
3 8 NULL
3 9 0
3 10 [3]
$0,0,0
3 11 0
3 12 991
3 13 -1
3 14 ->
4 15 0
4 16 0
4 17 0
4 18 -1
4 19 -1
4 20 -1
4 21 0
4 22 0
4 23 0
4 24 [2]
$4136,0
3 25 0
2 26 -1
2 27 no_name
2 28 2
2 29 ->
@srf_id_arr 73 1
3 73 [152][4]
$32,212,33,0
$36,212,37,0
$40,212,41,0
$44,212,45,0
$48,212,49,0
$52,212,53,0
$56,212,57,0
$60,212,61,0
$64,212,65,0
$68,212,69,0
$72,212,73,0
$76,212,77,0
$80,212,81,0
$84,212,85,0
$88,212,89,0
$92,212,93,0
$96,212,97,0
$100,212,101,0
$104,212,105,0
$108,212,109,0
$112,212,113,0
$116,212,117,0
$120,212,121,0
$124,212,125,0
$128,212,129,0
$132,212,133,0
$136,212,137,0
$140,212,141,0
$144,212,145,0
$148,212,149,0
$152,212,153,0
$156,212,157,0
$160,212,161,0
$164,212,165,0
$168,212,169,0
$172,212,173,0
$176,212,177,0
$180,212,181,0
$184,212,185,0
$188,212,189,0
$192,212,193,0
$196,212,197,0
$200,212,201,0
$204,212,205,0
$208,212,209,0
$212,212,213,0
$216,212,217,0
$220,212,221,0
$224,212,225,0
$228,212,229,0
$232,212,233,0
$236,212,237,0
$240,212,241,0
$244,212,245,0
$248,212,249,0
$252,212,253,0
$256,212,257,0
$260,212,261,0
$264,212,265,0
$268,212,269,0
$272,212,273,0
$276,212,277,0
$280,212,281,0
$284,212,285,0
$288,212,289,0
$292,212,293,0
$296,212,297,0
$300,212,301,0
$304,212,305,0
$308,212,309,0
$312,212,313,0
$316,212,317,0
$320,212,321,0
$324,212,325,0
$328,212,331,0
$334,212,113,0
$31,214,32,0
$35,214,36,0
$39,214,40,0
$43,214,44,0
$47,214,48,0
$51,214,52,0
$55,214,56,0
$59,214,60,0
$63,214,64,0
$67,214,68,0
$71,214,72,0
$75,214,76,0
$79,214,80,0
$83,214,84,0
$87,214,88,0
$91,214,92,0
$95,214,96,0
$99,214,100,0
$103,214,104,0
$107,214,108,0
$111,214,112,0
$115,214,116,0
$119,214,120,0
$123,214,124,0
$127,214,128,0
$131,214,132,0
$135,214,136,0
$139,214,140,0
$143,214,144,0
$147,214,148,0
$151,214,152,0
$155,214,156,0
$159,214,160,0
$163,214,164,0
$167,214,168,0
$171,214,172,0
$175,214,176,0
$179,214,180,0
$183,214,184,0
$187,214,188,0
$191,214,192,0
$195,214,196,0
$199,214,200,0
$203,214,204,0
$207,214,208,0
$211,214,212,0
$215,214,216,0
$219,214,220,0
$223,214,224,0
$227,214,228,0
$231,214,232,0
$235,214,236,0
$239,214,240,0
$243,214,244,0
$247,214,248,0
$251,214,252,0
$255,214,256,0
$259,214,260,0
$263,214,264,0
$267,214,268,0
$271,214,272,0
$275,214,276,0
$279,214,280,0
$283,214,284,0
$287,214,288,0
$291,214,292,0
$295,214,296,0
$299,214,300,0
$303,214,304,0
$307,214,308,0
$311,214,312,0
$315,214,316,0
$319,214,320,0
$323,214,324,0
$327,214,328,0
$333,214,334,0
@edg_id_arr 74 1
3 74 [444][6]
$34,232,0,0,0,328
$86,232,0,0,0,32
$336,232,0,0,0,334
$338,232,0,0,0,84
$38,232,0,0,0,334
$344,232,0,0,0,40
$330,232,0,0,0,328
$342,232,0,0,0,36
$42,232,0,0,0,334
$350,232,0,0,0,44
$346,232,0,0,0,328
$46,232,0,0,0,334
$354,232,0,0,0,48
$352,232,0,0,0,328
$50,232,0,0,0,334
$358,232,0,0,0,52
$356,232,0,0,0,328
$54,232,0,0,0,334
$362,232,0,0,0,56
$360,232,0,0,0,328
$58,232,0,0,0,334
$366,232,0,0,0,60
$364,232,0,0,0,328
$62,232,0,0,0,334
$370,232,0,0,0,64
$368,232,0,0,0,328
$66,232,0,0,0,334
$374,232,0,0,0,68
$372,232,0,0,0,328
$70,232,0,0,0,334
$378,232,0,0,0,72
$376,232,0,0,0,328
$74,232,0,0,0,334
$382,232,0,0,0,76
$380,232,0,0,0,328
$78,232,0,0,0,334
$386,232,0,0,0,80
$384,232,0,0,0,328
$82,232,0,0,0,334
$390,232,0,0,0,228
$388,232,0,0,0,328
$332,232,0,0,0,328
$340,232,0,0,0,334
$90,232,0,0,0,334
$396,232,0,0,0,92
$400,232,0,0,0,328
$394,232,0,0,0,88
$94,232,0,0,0,334
$404,232,0,0,0,96
$398,232,0,0,0,328
$98,232,0,0,0,334
$408,232,0,0,0,100
$406,232,0,0,0,328
$102,232,0,0,0,334
$412,232,0,0,0,104
$410,232,0,0,0,328
$106,232,0,0,0,334
$416,232,0,0,0,108
$414,232,0,0,0,328
$110,232,0,0,0,334
$420,232,0,0,0,112
$418,232,0,0,0,328
$114,232,0,0,0,334
$348,232,0,0,0,328
$118,232,0,0,0,334
$424,232,0,0,0,184
$428,232,0,0,0,116
$422,232,0,0,0,116
$122,232,0,0,0,334
$430,232,0,0,0,120
$432,232,0,0,0,120
$126,232,0,0,0,334
$434,232,0,0,0,124
$436,232,0,0,0,124
$130,232,0,0,0,334
$438,232,0,0,0,128
$440,232,0,0,0,128
$134,232,0,0,0,334
$442,232,0,0,0,132
$444,232,0,0,0,132
$138,232,0,0,0,334
$446,232,0,0,0,136
$448,232,0,0,0,136
$142,232,0,0,0,334
$450,232,0,0,0,140
$452,232,0,0,0,140
$146,232,0,0,0,334
$454,232,0,0,0,144
$456,232,0,0,0,144
$150,232,0,0,0,334
$458,232,0,0,0,148
$460,232,0,0,0,148
$154,232,0,0,0,334
$462,232,0,0,0,152
$464,232,0,0,0,152
$158,232,0,0,0,334
$466,232,0,0,0,156
$468,232,0,0,0,156
$162,232,0,0,0,334
$470,232,0,0,0,160
$472,232,0,0,0,160
$166,232,0,0,0,334
$402,232,0,0,0,164
$476,232,0,0,0,164
$170,232,0,0,0,334
$478,232,0,0,0,168
$480,232,0,0,0,168
$174,232,0,0,0,334
$482,232,0,0,0,172
$484,232,0,0,0,172
$178,232,0,0,0,334
$486,232,0,0,0,176
$488,232,0,0,0,176
$182,232,0,0,0,334
$490,232,0,0,0,180
$492,232,0,0,0,180
$186,232,0,0,0,334
$426,232,0,0,0,184
$190,232,0,0,0,334
$496,232,0,0,0,256
$500,232,0,0,0,188
$494,232,0,0,0,188
$194,232,0,0,0,334
$502,232,0,0,0,192
$504,232,0,0,0,192
$198,232,0,0,0,334
$506,232,0,0,0,196
$508,232,0,0,0,196
$202,232,0,0,0,334
$510,232,0,0,0,200
$512,232,0,0,0,200
$206,232,0,0,0,334
$514,232,0,0,0,204
$516,232,0,0,0,204
$210,232,0,0,0,334
$518,232,0,0,0,208
$520,232,0,0,0,208
$214,232,0,0,0,334
$522,232,0,0,0,212
$524,232,0,0,0,212
$218,232,0,0,0,334
$526,232,0,0,0,216
$528,232,0,0,0,216
$222,232,0,0,0,334
$530,232,0,0,0,220
$532,232,0,0,0,220
$226,232,0,0,0,334
$534,232,0,0,0,224
$536,232,0,0,0,224
$230,232,0,0,0,334
$392,232,0,0,0,228
$234,232,0,0,0,334
$540,232,0,0,0,304
$544,232,0,0,0,232
$538,232,0,0,0,232
$238,232,0,0,0,334
$546,232,0,0,0,236
$548,232,0,0,0,236
$242,232,0,0,0,334
$550,232,0,0,0,240
$552,232,0,0,0,240
$246,232,0,0,0,334
$554,232,0,0,0,244
$556,232,0,0,0,244
$250,232,0,0,0,334
$558,232,0,0,0,248
$560,232,0,0,0,248
$254,232,0,0,0,334
$562,232,0,0,0,252
$564,232,0,0,0,252
$258,232,0,0,0,334
$498,232,0,0,0,256
$262,232,0,0,0,334
$568,232,0,0,0,264
$572,232,0,0,0,328
$566,232,0,0,0,260
$266,232,0,0,0,334
$576,232,0,0,0,268
$570,232,0,0,0,328
$270,232,0,0,0,334
$580,232,0,0,0,272
$578,232,0,0,0,328
$274,232,0,0,0,334
$584,232,0,0,0,276
$582,232,0,0,0,328
$278,232,0,0,0,334
$588,232,0,0,0,280
$586,232,0,0,0,328
$282,232,0,0,0,334
$592,232,0,0,0,284
$590,232,0,0,0,328
$286,232,0,0,0,334
$596,232,0,0,0,288
$594,232,0,0,0,328
$290,232,0,0,0,334
$600,232,0,0,0,292
$598,232,0,0,0,328
$294,232,0,0,0,334
$604,232,0,0,0,296
$602,232,0,0,0,328
$298,232,0,0,0,334
$608,232,0,0,0,300
$606,232,0,0,0,328
$302,232,0,0,0,334
$474,232,0,0,0,328
$306,232,0,0,0,334
$610,232,0,0,0,308
$542,232,0,0,0,328
$310,232,0,0,0,334
$614,232,0,0,0,312
$612,232,0,0,0,328
$314,232,0,0,0,334
$618,232,0,0,0,316
$616,232,0,0,0,328
$318,232,0,0,0,334
$622,232,0,0,0,320
$620,232,0,0,0,328
$322,232,0,0,0,334
$626,232,0,0,0,324
$624,232,0,0,0,328
$326,232,0,0,0,334
$574,232,0,0,0,328
$33,286,34,0,0,327
$85,286,86,0,0,31
$335,286,336,0,0,333
$337,286,338,0,0,83
$37,286,38,0,0,333
$343,286,344,0,0,39
$329,286,330,0,0,327
$341,286,342,0,0,35
$41,286,42,0,0,333
$349,286,350,0,0,43
$345,286,346,0,0,327
$45,286,46,0,0,333
$353,286,354,0,0,47
$351,286,352,0,0,327
$49,286,50,0,0,333
$357,286,358,0,0,51
$355,286,356,0,0,327
$53,286,54,0,0,333
$361,286,362,0,0,55
$359,286,360,0,0,327
$57,286,58,0,0,333
$365,286,366,0,0,59
$363,286,364,0,0,327
$61,286,62,0,0,333
$369,286,370,0,0,63
$367,286,368,0,0,327
$65,286,66,0,0,333
$373,286,374,0,0,67
$371,286,372,0,0,327
$69,286,70,0,0,333
$377,286,378,0,0,71
$375,286,376,0,0,327
$73,286,74,0,0,333
$381,286,382,0,0,75
$379,286,380,0,0,327
$77,286,78,0,0,333
$385,286,386,0,0,79
$383,286,384,0,0,327
$81,286,82,0,0,333
$389,286,390,0,0,227
$387,286,388,0,0,327
$331,286,332,0,0,327
$339,286,340,0,0,333
$89,286,90,0,0,333
$395,286,396,0,0,91
$399,286,400,0,0,327
$393,286,394,0,0,87
$93,286,94,0,0,333
$403,286,404,0,0,95
$397,286,398,0,0,327
$97,286,98,0,0,333
$407,286,408,0,0,99
$405,286,406,0,0,327
$101,286,102,0,0,333
$411,286,412,0,0,103
$409,286,410,0,0,327
$105,286,106,0,0,333
$415,286,416,0,0,107
$413,286,414,0,0,327
$109,286,110,0,0,333
$419,286,420,0,0,111
$417,286,418,0,0,327
$113,286,114,0,0,333
$347,286,348,0,0,327
$117,286,118,0,0,333
$423,286,424,0,0,183
$427,286,428,0,0,115
$421,286,422,0,0,115
$121,286,122,0,0,333
$429,286,430,0,0,119
$431,286,432,0,0,119
$125,286,126,0,0,333
$433,286,434,0,0,123
$435,286,436,0,0,123
$129,286,130,0,0,333
$437,286,438,0,0,127
$439,286,440,0,0,127
$133,286,134,0,0,333
$441,286,442,0,0,131
$443,286,444,0,0,131
$137,286,138,0,0,333
$445,286,446,0,0,135
$447,286,448,0,0,135
$141,286,142,0,0,333
$449,286,450,0,0,139
$451,286,452,0,0,139
$145,286,146,0,0,333
$453,286,454,0,0,143
$455,286,456,0,0,143
$149,286,150,0,0,333
$457,286,458,0,0,147
$459,286,460,0,0,147
$153,286,154,0,0,333
$461,286,462,0,0,151
$463,286,464,0,0,151
$157,286,158,0,0,333
$465,286,466,0,0,155
$467,286,468,0,0,155
$161,286,162,0,0,333
$469,286,470,0,0,159
$471,286,472,0,0,159
$165,286,166,0,0,333
$401,286,402,0,0,163
$475,286,476,0,0,163
$169,286,170,0,0,333
$477,286,478,0,0,167
$479,286,480,0,0,167
$173,286,174,0,0,333
$481,286,482,0,0,171
$483,286,484,0,0,171
$177,286,178,0,0,333
$485,286,486,0,0,175
$487,286,488,0,0,175
$181,286,182,0,0,333
$489,286,490,0,0,179
$491,286,492,0,0,179
$185,286,186,0,0,333
$425,286,426,0,0,183
$189,286,190,0,0,333
$495,286,496,0,0,255
$499,286,500,0,0,187
$493,286,494,0,0,187
$193,286,194,0,0,333
$501,286,502,0,0,191
$503,286,504,0,0,191
$197,286,198,0,0,333
$505,286,506,0,0,195
$507,286,508,0,0,195
$201,286,202,0,0,333
$509,286,510,0,0,199
$511,286,512,0,0,199
$205,286,206,0,0,333
$513,286,514,0,0,203
$515,286,516,0,0,203
$209,286,210,0,0,333
$517,286,518,0,0,207
$519,286,520,0,0,207
$213,286,214,0,0,333
$521,286,522,0,0,211
$523,286,524,0,0,211
$217,286,218,0,0,333
$525,286,526,0,0,215
$527,286,528,0,0,215
$221,286,222,0,0,333
$529,286,530,0,0,219
$531,286,532,0,0,219
$225,286,226,0,0,333
$533,286,534,0,0,223
$535,286,536,0,0,223
$229,286,230,0,0,333
$391,286,392,0,0,227
$233,286,234,0,0,333
$539,286,540,0,0,303
$543,286,544,0,0,231
$537,286,538,0,0,231
$237,286,238,0,0,333
$545,286,546,0,0,235
$547,286,548,0,0,235
$241,286,242,0,0,333
$549,286,550,0,0,239
$551,286,552,0,0,239
$245,286,246,0,0,333
$553,286,554,0,0,243
$555,286,556,0,0,243
$249,286,250,0,0,333
$557,286,558,0,0,247
$559,286,560,0,0,247
$253,286,254,0,0,333
$561,286,562,0,0,251
$563,286,564,0,0,251
$257,286,258,0,0,333
$497,286,498,0,0,255
$261,286,262,0,0,333
$567,286,568,0,0,263
$571,286,572,0,0,327
$565,286,566,0,0,259
$265,286,266,0,0,333
$575,286,576,0,0,267
$569,286,570,0,0,327
$269,286,270,0,0,333
$579,286,580,0,0,271
$577,286,578,0,0,327
$273,286,274,0,0,333
$583,286,584,0,0,275
$581,286,582,0,0,327
$277,286,278,0,0,333
$587,286,588,0,0,279
$585,286,586,0,0,327
$281,286,282,0,0,333
$591,286,592,0,0,283
$589,286,590,0,0,327
$285,286,286,0,0,333
$595,286,596,0,0,287
$593,286,594,0,0,327
$289,286,290,0,0,333
$599,286,600,0,0,291
$597,286,598,0,0,327
$293,286,294,0,0,333
$603,286,604,0,0,295
$601,286,602,0,0,327
$297,286,298,0,0,333
$607,286,608,0,0,299
$605,286,606,0,0,327
$301,286,302,0,0,333
$473,286,474,0,0,327
$305,286,306,0,0,333
$609,286,610,0,0,307
$541,286,542,0,0,327
$309,286,310,0,0,333
$613,286,614,0,0,311
$611,286,612,0,0,327
$313,286,314,0,0,333
$617,286,618,0,0,315
$615,286,616,0,0,327
$317,286,318,0,0,333
$621,286,622,0,0,319
$619,286,620,0,0,327
$321,286,322,0,0,333
$625,286,626,0,0,323
$623,286,624,0,0,327
$325,286,326,0,0,333
$573,286,574,0,0,327
3 30 [1]
4 30 
5 31 [5]
$30,207,31,-1,501
3 32 NULL
3 33 NULL
3 34 NULL
3 35 ->
4 36 200057
4 37 200057
2 38 NULL
2 39 ->
2 40 ->
3 41 [4][3]
$3FF,0,0
$0,3FF,0
$0,0,3FF
$0,0,0
@place_instruction_ptrs 75 0
3 75 [1]
4 75 ->
@type 76 1
5 76 82
@offset 77 2
5 77 0
@dim_id 78 1
5 78 -1
@ref_id 79 1
5 79 -1
@geometry1_id 80 1
5 80 3
@geometry2_id 81 1
5 81 -1
@memb_num1 82 1
5 82 0
@memb_num2 83 1
5 83 0
@attr 84 1
5 84 0
3 42 -1
3 43 0
2 48 NULL
2 49 -1
2 50 -1
2 51 NULL
2 52 NULL
@dat_ptr(intf_data) 85 0
2 85 ->
@type 86 1
3 86 342
@filename 87 10
3 87 d:\temp\whoopie.sldprt
@model_size 88 2
3 88 4059
@model_eps 89 2
3 89 0
@make_solid_feature 90 1
3 90 1
@op_type 91 1
3 91 1
@time_stamp 92 0
3 92 
@tm_sec 93 1
4 93 57
@tm_min 94 1
4 94 52
@tm_hour 95 1
4 95 12
@tm_mday 96 1
4 96 10
@tm_mon 97 1
4 97 9
@tm_year 98 1
4 98 2025
@potentially_modified 99 1
3 99 0
@reread 100 1
3 100 0
@parent_table 101 1
2 101 [1]
$2
2 53 ->
3 54 0
3 55 0
3 56 [2][3]
$0,0,0
$0,0,0
3 57 0
3 58 NULL
3 59 -1
3 60 ->
4 61 985690330
4 62 2051749027
4 63 680431796
2 64 -1
2 65 NULL
2 66 1
2 67 ->
3 68 1
2 69 NULL
2 70 NULL
1 72 NULL
@layer_list 102 0
1 102 [2]
2 102 
@feat_id 103 1
3 103 2
@layer_id 104 1
3 104 0
@back_layer_id 105 1
3 105 0
2 102 
3 103 4
3 104 0
3 105 0
#FullMData
@Sld_FullData 1 0
0 1 ->
@first_member_ptr 2 0
1 2 NULL
@alumni_members 3 0
1 3 NULL
@first_xsec_ptr 4 0
1 4 NULL
@lang_ptr 5 0
1 5 NULL
@first_csys_ptr 6 0
1 6 NULL
@ipar_num 7 1
1 7 0
@smt_info_ptr 8 0
1 8 NULL
@cable_info_ptr 9 0
1 9 NULL
@comp_info_ptr 10 0
1 10 NULL
@prt_misc_ptr 11 0
1 11 ->
@shrink_data_ptr 12 0
2 12 NULL
@expld_mv_info 13 0
1 13 NULL
@state_info_ptr 14 0
1 14 NULL
@alumni_feats 15 0
1 15 NULL
@p_mdl_grid 16 0
1 16 NULL
@mdl_status_ptr 17 0
1 17 NULL
@appl_info_arr 18 0
1 18 [1]
2 18 
@id 19 1
3 19 -1
@type 20 1
3 20 13
@ribbon_info_ptr 21 0
1 21 NULL
@p_xref_data 22 0
1 22 ->
@first_analysis_feat 23 0
1 23 NULL
#ModelView#0
@View 1 0
0 1 ->
@id 2 1
1 2 0
@viewattr 3 0
1 3 
@attr_arr 4 1
2 4 [4]
$1,0,0,0
@mpoint 5 0
1 5 
@id 6 1
2 6 0
@coord 7 2
2 7 [3]
$0,0,0
@first_instr_ptr 8 0
2 8 NULL
@attach_ptr 9 0
2 9 NULL
@vpoint 10 0
1 10 
2 6 0
2 7 [3]
$407F4,407A5E,0
2 8 NULL
2 9 NULL
@orient 11 2
1 11 [4][4]
$3FF,0,0,0
$0,3FF,0,0
$0,0,3FF,0
$0,0,0,3FF
@local_sys 12 2
1 12 [4][4]
$3FF,0,0,0
$0,3FF,0,0
$0,0,3FF,0
$0,0,0,3FF
@world_matrix_ptr 13 0
1 13 NULL
@first_instr_ptr 14 0
1 14 ->
@type 15 1
2 15 100
@geom_id 16 1
2 16 -1
@view_id 17 1
2 17 -1
@memb_num 18 1
2 18 0
@offset 19 2
2 19 0
@matrix 20 0
2 20 NULL
@next_instr_ptr 21 0
1 21 ->
2 15 301
2 16 -1
2 17 -1
2 18 0
2 19 3FF
2 20 NULL
1 21 NULL
@outer_xsec_index 22 1
1 22 -1
@next_view_id 23 1
1 23 -2
@simp_rep_id 24 1
1 24 0
@name 25 10
1 25 no name
@fit_outline 26 2
1 26 [2][3]
$4059,405518,0
$408C2,4087BB,0
@det_info_ptr 27 0
1 27 NULL
@named_view_pzmatr 28 0
1 28 NULL
@page_id 29 1
1 29 0
@model_name 30 10
1 30 NULL
@unrep_model_name 31 10
1 31 NULL
@saved_pro_dls 32 0
1 32 ->
@eye 33 0
2 33 
@matrix 34 2
3 34 [4][4]
$3FF,0,0,0
$0,3FF,0,0
$0,0,3FF,0
$0,0,0,3FF
@position 35 2
3 35 [3]
$0,0,0
@view_angle 36 2
3 36 0
@explode_state 37 0
1 37 NULL
#DispDataColor
@ref_color_table 1 0
0 1 
#DispDataTable
@disp_data_table 1 0
0 1 
@disp_data_arr 2 0
1 2 [1]
2 2 
@disp_data 3 0
3 3 ->
@part_color 4 1
4 4 0
@color_prop_ptr 5 0
4 5 ->
@color_refs 6 0
5 6 [1]
6 6 
@ref_color 7 0
7 7 ->
@maximum 8 2
8 8 [3]
$3FE8181818181818,3FE8181818181818,3FE8181818181818
@ambient 9 2
8 9 3FF
@diffuse 10 2
8 10 3FF
@specular 11 2
8 11 3FD3333333333333
@spec_coef 12 2
8 12 3FF
@transmission 13 2
8 13 0
@threshold 14 1
8 14 90
@gl_ind 15 1
8 15 2
@highlight 16 2
8 16 [3]
$3FF,3FF,3FF
@reflection 17 2
8 17 3FF
@bump_height 18 2
8 18 3FF
@bump 19 3
8 19 NULL
@decal_intensity 20 2
8 20 3FF
@decal 21 3
8 21 NULL
@texture 22 3
8 22 NULL
@surf_ind_tab 23 0
5 23 [1]
6 23 
@surf_id 24 1
7 24 -1
@surf_color_inds 25 1
7 25 [2]
$0,-1
@surf_pl 26 0
7 26 [2]
8 26 
@placement_ptr 27 0
9 27 NULL
8 26 
9 27 NULL
@model_type 28 1
4 28 2
@flags 29 1
4 29 0
@generic_name 30 10
4 30 NULL
@label 31 10
4 31 NULL
@components 32 0
4 32 
#AssMrgPrt
@assem_merge_parts 1 0
0 1 ->
#END_OF_UGC
